author,title,subtitle,year,author_gender,pseudonym,genre,general_genre,genre1,genre2,genre3,genre4,genre5,canon,narration,characters,city,source,separate_edition,has_text,file_name,characters_clean,char_nan,char_дворяне,char_аристократы,char_разночинцы,char_легендарные_исторические_фигуры,char_военные,char_крестьяне,char_купцы,char_чиновники,char_народности_и_этнические_группы,char_криминальный_мир,char_революционеры,char_духовенство,char_творческие_люди,char_рабочие,char_женщины,char_помещики,char_другое,char_горожане,char_сектанты,char_мещане,char_казаки,char_бояре,char_студенты,char_мифическое,char_князья,char_учителя,char_моряки,char_эмигранты,char_придворная_знать,char_семейная_пара,char_рыцари,char_графы,char_слуги,char_врачи,char_ученые,char_types_count,has_char_info
"Эмин, Федор Александрович","Награждённая постоянность, или Приключения Лизарка и Сарманды",Сочинения Федора Эмина,1763,мужской,0,любовный,любовный,,,,,,0,3 лицо,['дворяне'],Санкт-Петербург,Отд. изд.,1,0,,['дворяне'],0,1,0,0,0,0,0,0,0,0,0,0,0,0,0,0,0,0,0,0,0,0,0,0,0,0,0,0,0,0,0,0,0,0,0,0,1,True
"Эмин, Федор Александрович","Непостоянная фортуна, или Похождения Мирамонда",,1763,мужской,0,авантюрный,приключенческий,,,,,,0,3 лицо,['дворяне'],Санкт-Петербург,Отд. изд.,1,0,,['дворяне'],0,1,0,0,0,0,0,0,0,0,0,0,0,0,0,0,0,0,0,0,0,0,0,0,0,0,0,0,0,0,0,0,0,0,0,0,1,True
"Эмин, Федор Александрович","Приключения Фемистокла и разные политические, гражданские, философические, физические и военные его с сыном своим разговоры, постоянная жизнь и жестокость фортуны, его гонящей",,1763,мужской,0,исторический,исторический,,,,,,0,3 лицо,['легендарные исторические фигуры'],Санкт-Петербург,Отд. изд.,1,0,,['легендарные исторические фигуры'],0,0,0,0,1,0,0,0,0,0,0,0,0,0,0,0,0,0,0,0,0,0,0,0,0,0,0,0,0,0,0,0,0,0,0,0,1,True
"Чулков, Михаил Дмитриевич","Пересмешник, или Славенские сказки",,1766,мужской,0,,,авантюрный,сатирический,плутовской,фольклорный,,0,3 лицо,['духовенство'],Санкт-Петербург,Отд. изд.,1,1,chulkov_m_peresmeshnik_ili_slavenskie_skazki_1766.txt,['духовенство'],0,0,0,0,0,0,0,0,0,0,0,0,1,0,0,0,0,0,0,0,0,0,0,0,0,0,0,0,0,0,0,0,0,0,0,0,1,True
"Эмин, Федор Александрович",Письма Эрнеста и Доравры,,1766,мужской,0,"философский, любовный",философский,,,,,,0,в письмах,['дворяне'],Санкт-Петербург,Отд. изд.,1,0,,['дворяне'],0,1,0,0,0,0,0,0,0,0,0,0,0,0,0,0,0,0,0,0,0,0,0,0,0,0,0,0,0,0,0,0,0,0,0,0,1,True
"Херасков, Михаил Матвеевич","Нума, или процветающий Рим",,1768,мужской,0,философский,философский,,,,,,0,3 лицо,"['легендарные исторические фигуры', 'аристократия прошлого']",Москва,Отд. изд.,1,0,,"['легендарные исторические фигуры', 'аристократы']",0,0,1,0,1,0,0,0,0,0,0,0,0,0,0,0,0,0,0,0,0,0,0,0,0,0,0,0,0,0,0,0,0,0,0,0,2,True
"Попов, Михаил Иванович","Славянские древности, или Приключения славянских князей",,1770,мужской,0,"псевдоисторический, волшебная сказка, галантный роман, рыцарский роман",исторический,,,,,,0,3 лицо,['князья'],Санкт-Петербург,Отд. изд.,1,0,,['князья'],0,0,0,0,0,0,0,0,0,0,0,0,0,0,0,0,0,0,0,0,0,0,0,0,0,1,0,0,0,0,0,0,0,0,0,0,1,True
"Чулков, Михаил Дмитриевич","Пригожая повариха, или Похождение развратной женщины",,1770,мужской,0,"любовный, авантюрный",любовный,любовный,авантюрный,плутовской,бытовой,,0,1 лицо,"['дворяне', 'помещики']",Санкт-Петербург,Отд. изд.,1,1,chulkov_m_prigozhaya_povarikha_ili_pokhozhdenie_razvratnoj_zhenshiny_1770.txt,"['дворяне', 'помещики']",0,1,0,0,0,0,0,0,0,0,0,0,0,0,0,0,1,0,0,0,0,0,0,0,0,0,0,0,0,0,0,0,0,0,0,0,2,True
"Игнатьев, Семен Егорович",Похождение новомодной красавицы Гуланданы и храброго принца Барама,"Сочиненное Диларгетом, секретарем тифлисским, а переведено с грузинского языка московского университета информатором Семеном Игнатьевым",1773,мужской,0,"фантастический, авантюрный, любовный",фантастический,,,,,,0,3 лицо,"['принцы', 'принцессы', 'короли', 'королевы и другие представители придворной знати']",Санкт-Петербург,Отд. изд.,1,0,,['придворная знать'],0,0,0,0,0,0,0,0,0,0,0,0,0,0,0,0,0,0,0,0,0,0,0,0,0,0,0,0,0,1,0,0,0,0,0,0,1,True
"Назарьев, Александр Петрович","Несчастный Никанор, или Приключение жизни российского дворянина Н********",,1775,мужской,0,,,авантюрный,сентиментальный,нравоучительный,,,0,3 лицо,['дворяне'],Санкт-Петербург,Отд. изд.,1,1,nazarev_a_neschastnyj_nikanor_ili_priklyuchenie_zhizni_rossijskogo_dvoryanina_n_1775.txt,['дворяне'],0,1,0,0,0,0,0,0,0,0,0,0,0,0,0,0,0,0,0,0,0,0,0,0,0,0,0,0,0,0,0,0,0,0,0,0,1,True
"Веревкин, Михаил Иванович",Небылица,,1778,мужской,0,любовный,любовный,,,,,,0,3 лицо,['крестьяне'],Санкт-Петербург,Отд. изд.,1,0,,['крестьяне'],0,0,0,0,0,0,1,0,0,0,0,0,0,0,0,0,0,0,0,0,0,0,0,0,0,0,0,0,0,0,0,0,0,0,0,0,1,True
Иермонах Аполлос,"Лишенный зрения Ураний, несчастный государь",Священная повесть,1779,мужской,1,"философский, нравоучительный",философский,,,,,,0,3 лицо,['аристократия прошлого'],Москва,Отд. изд.,1,0,,['аристократы'],0,0,1,0,0,0,0,0,0,0,0,0,0,0,0,0,0,0,0,0,0,0,0,0,0,0,0,0,0,0,0,0,0,0,0,0,1,True
"Аполлос, епископ Архангельский и Холмогорский",Неразрывный союз двух братьев,Повесть из любомудрия почерпнутая,1780,мужской,1,"философский, нравоучительный",философский,,,,,,0,3 лицо,['nan'],Москва,Отд. изд.,1,0,,['nan'],1,0,0,0,0,0,0,0,0,0,0,0,0,0,0,0,0,0,0,0,0,0,0,0,0,0,0,0,0,0,0,0,0,0,0,0,1,True
"Богданович, Петр Иванович","Дикий человек, смеющийся учености и нравам нынешнего света",,1781,мужской,0,критика,,сатирический,философский,нравоучительный,просветительский,,0,3 лицо,['nan'],Санкт-Петербург,Отд. изд.,1,1,bogdanovich_p_dikij_chelovek_smeyushijsya_uchenosti_i_nravam_nyneshnego_sveta_1781.txt,['nan'],1,0,0,0,0,0,0,0,0,0,0,0,0,0,0,0,0,0,0,0,0,0,0,0,0,0,0,0,0,0,0,0,0,0,0,0,1,True
"Комаров, Матвей",Повесть о приключении английского милорда Георга и бранденбургской маркграфини Фредерики Луизы,изданная М.К.,1782,мужской,0,"авантюрный, любовный",приключенческий,авантюрный,любовный,приключенческий,,,0,1 лицо,['nan'],Санкт-Петербург,Отд. изд.,1,1,komarov_m_povest_o_priklyuchenii_aglinskogo_milorda_georga_i_o_brandeburgskoj_markgrafine_friderike-luize_1782.txt,['nan'],1,0,0,0,0,0,0,0,0,0,0,0,0,0,0,0,0,0,0,0,0,0,0,0,0,0,0,0,0,0,0,0,0,0,0,0,1,True
"Лазаревич, Василий Васильевич",Добродетельная Розана,сочиненная В.Л.,1782,мужской,0,,,,,,,,0,3 лицо,['nan'],Санкт-Петербург,Отд. изд.,1,0,,['nan'],1,0,0,0,0,0,0,0,0,0,0,0,0,0,0,0,0,0,0,0,0,0,0,0,0,0,0,0,0,0,0,0,0,0,0,0,1,True
"Аполлос, епископ Архангельский и Холмогорский",Кто есть истинный друг,иносказательное с нравоучением повествование,1783,мужской,1,"философский, нравоучительный, аллегорический",философский,философский,нравоучительный,религиозный,,,0,3 лицо,['nan'],Москва,Отд. изд.,1,1,bajbakov_a_kto_est_istinnyj_drug_1783.txt,['nan'],1,0,0,0,0,0,0,0,0,0,0,0,0,0,0,0,0,0,0,0,0,0,0,0,0,0,0,0,0,0,0,0,0,0,0,0,1,True
"Левшин, Василий Алексеевич",Досадное пробуждение,,1783,мужской,0,"сатирический, бытовой",юмористический,,,,,,0,3 лицо,['чиновники'],Москва,Отд. изд.,1,0,,['чиновники'],0,0,0,0,0,0,0,0,1,0,0,0,0,0,0,0,0,0,0,0,0,0,0,0,0,0,0,0,0,0,0,0,0,0,0,0,1,True
"Левшин, Василий Алексеевич",Повесть о новомодном дворянине,,1783,мужской,0,сатирический,юмористический,,,,,,0,3 лицо,['дворяне'],Москва,Отд. изд.,1,0,,['дворяне'],0,1,0,0,0,0,0,0,0,0,0,0,0,0,0,0,0,0,0,0,0,0,0,0,0,0,0,0,0,0,0,0,0,0,0,0,1,True
"Левшин, Василий Алексеевич",Новейшее путешествие,фрагменты,1784,мужской,0,утопический,утопический,утопический,философский,сатирический,просветительский,,0,3 лицо,['nan'],Санкт-Петербург,Собеседник [журнал],1,1,levshin_v_novejshee_puteshestvie_sochinennoe_v_gorode_beleve_1784.txt,['nan'],1,0,0,0,0,0,0,0,0,0,0,0,0,0,0,0,0,0,0,0,0,0,0,0,0,0,0,0,0,0,0,0,0,0,0,0,1,True
"Неелова, Наталья Алексеевна","Лейнард и Термилия, или Злосчастная судьба даух любовников",Сочинение девицы Н. Н.; Иждивением Н. Новикова и Компании,1784,женский,0,сентиментальная повесть,любовный,сентиментальный,любовный,нравоучительный,,,0,3 лицо,[],Москва,Отд. изд.,1,1,neelova_n_lejnard_i_termiliya_ili_zloschastnaya_sudba_daukh_lyubovnikov_1784.txt,[],0,0,0,0,0,0,0,0,0,0,0,0,0,0,0,0,0,0,0,0,0,0,0,0,0,0,0,0,0,0,0,0,0,0,0,0,0,False
"Щербатов, Михаил Михайлович","Путешествие в землю Офирскую господина С..., шведского дворянина",,1784,мужской,0,социально-психологический,социальный,,,,,,0,1 лицо,['дворяне'],Санкт-Петербург,Отд. изд. (СС),1,0,,['дворяне'],0,1,0,0,0,0,0,0,0,0,0,0,0,0,0,0,0,0,0,0,0,0,0,0,0,0,0,0,0,0,0,0,0,0,0,0,1,True
"Новиков, Иван Алексеевич","Похождение Ивана гостиного сына, и другие повести и сказки",,1785,мужской,0,авантюрно-плутовской,приключенческий,,,,,,0,,[],Санкт-Петербург,Отд. изд.,1,0,,[],0,0,0,0,0,0,0,0,0,0,0,0,0,0,0,0,0,0,0,0,0,0,0,0,0,0,0,0,0,0,0,0,0,0,0,0,0,False
"Лазинский, Федор","Повесть дворянина T.L. Орлеанской провинции, писанная им самим о жизни деда, отца и своей.",переведенная с немецкого языка Ф. Лазинским,1786,мужской,0,,,,,,,,0,1 лицо,['дворяне'],Москва,Отд. изд.,1,0,,['дворяне'],0,1,0,0,0,0,0,0,0,0,0,0,0,0,0,0,0,0,0,0,0,0,0,0,0,0,0,0,0,0,0,0,0,0,0,0,1,True
"Протопопов, Василий Михайлович","Лабиринт волшебства, или Удивительные приключения востояных принцев",Сочинение В. П.,1786,мужской,0,"авантюрный, мотивы волшебно-рыцарского романа, фр. волшебных сказок",приключенческий,,,,,,0,3 лицо,"['волшебник', 'фея']",Москва,Отд. изд.,1,0,,['мифическое'],0,0,0,0,0,0,0,0,0,0,0,0,0,0,0,0,0,0,0,0,0,0,0,0,1,0,0,0,0,0,0,0,0,0,0,0,1,True
"Эмин, Николай Федорович",Роза,полусправедливая повесть,1786,мужской,0,социально-психологический,социальный,,,,,,0,в письмах,['аристократия прошлого'],Санкт-Петербург,Отд. изд.,1,0,,['аристократы'],0,0,1,0,0,0,0,0,0,0,0,0,0,0,0,0,0,0,0,0,0,0,0,0,0,0,0,0,0,0,0,0,0,0,0,0,1,True
"Протопопов, Василий Михайлович","Любовь Периандра и Финомены, исполненная чувствительных для нежных сердец приключений",сочинил В.П.,1787,мужской,0,псевдоисторический галантно-героический роман,исторический,,,,,,0,3 лицо,['аристократия прошлого'],Москва,Отд. изд.,1,0,,['аристократы'],0,0,1,0,0,0,0,0,0,0,0,0,0,0,0,0,0,0,0,0,0,0,0,0,0,0,0,0,0,0,0,0,0,0,0,0,1,True
"Филиппов, Андрей",История о храбром рыцаре Францыле Венциане и о прекрасной королевне Ренцывене,,1787,мужской,0,,,,,,,,0,,"['рыцари', 'королевы']",Москва,Отд. изд.,1,0,,"['рыцари', 'придворная знать']",0,0,0,0,0,0,0,0,0,0,0,0,0,0,0,0,0,0,0,0,0,0,0,0,0,0,0,0,0,1,0,1,0,0,0,0,2,True
"Богданович, Петр Иванович","Кривонос-домосед, страдалец модный",,1789,мужской,0,сатира,юмористический,сатирический,нравоописательный,бытовой,просветительский,,0,1 лицо,['nan'],Санкт-Петербург,Отд. изд.,1,1,bogdanovich_p_krivonos-domosed_stradalez_modnyj_1789.txt,['nan'],1,0,0,0,0,0,0,0,0,0,0,0,0,0,0,0,0,0,0,0,0,0,0,0,0,0,0,0,0,0,0,0,0,0,0,0,1,True
"Зиновьев, Дмитрий Николаевич","Торжествующая добродетель, или Жизнь и приключения гонимого фортуною Селима","Истинная повесть, в восточных странах происходившая и по свидетельству самовидца на российском языке сочинённая Д. Зиновьевым",1789,мужской,0,авантюрный,приключенческий,авантюрный,нравоучительный,сентиментальный,,,0,3 лицо,"['принцы', 'принцессы', 'короли', 'королевы и другие представители придворной знати']",Москва,Отд. изд.,1,1,zinovev_d_torzhestvuyushaya_dobrodetel_ili_zhizn_i_priklyucheniya_gonimogo_fortunoyu_selima_1789.txt,['придворная знать'],0,0,0,0,0,0,0,0,0,0,0,0,0,0,0,0,0,0,0,0,0,0,0,0,0,0,0,0,0,1,0,0,0,0,0,0,1,True
"Львов, Павел Юрьевич","Российская Памела, или История Марии, добродетельной поселянки",Сочинение Павла Львова,1789,мужской,0,любовный,любовный,,,,,,0,3 лицо,"['дворяне', 'крестьяне']",Санкт-Петербург,Отд. изд.,1,0,,"['дворяне', 'крестьяне']",0,1,0,0,0,0,1,0,0,0,0,0,0,0,0,0,0,0,0,0,0,0,0,0,0,0,0,0,0,0,0,0,0,0,0,0,2,True
"Херасков, Михаил Матвеевич",Кадм и Гармония,Древнее повествование,1789,мужской,0,социально-психологический; нравоучительный,социальный,,,,,,0,3 лицо,['аристократия прошлого'],Москва,Отд. изд.,1,0,,['аристократы'],0,0,1,0,0,0,0,0,0,0,0,0,0,0,0,0,0,0,0,0,0,0,0,0,0,0,0,0,0,0,0,0,0,0,0,0,1,True
"Эмин, Николай Федорович",Игра судьбы,,1789,мужской,0,"любовный, авантюрный",любовный,,,,,,0,в письмах,"['дворяне', 'помещики']",Санкт-Петербург,Отд. изд.,1,0,,"['дворяне', 'помещики']",0,1,0,0,0,0,0,0,0,0,0,0,0,0,0,0,1,0,0,0,0,0,0,0,0,0,0,0,0,0,0,0,0,0,0,0,2,True
"Дмитриев, Александр Иванович",Слава русских и горе шведов,,1790,мужской,0,исторический,исторический,,,,,,0,1 лицо,"['военные', 'дворяне']",Санкт-Петербург,Отд. изд.,1,0,,"['военные', 'дворяне']",0,1,0,0,0,1,0,0,0,0,0,0,0,0,0,0,0,0,0,0,0,0,0,0,0,0,0,0,0,0,0,0,0,0,0,0,2,True
"Львов, Павел Юрьевич","Храм истины, или Видение Сезостриса, царя египетского",Сочинение Павла Львова,1790,мужской,0,фантастический,фантастический,,,,,,0,1 лицо,['легендарные исторические фигуры'],Санкт-Петербург,Отд. изд.,1,0,,['легендарные исторические фигуры'],0,0,0,0,1,0,0,0,0,0,0,0,0,0,0,0,0,0,0,0,0,0,0,0,0,0,0,0,0,0,0,0,0,0,0,0,1,True
"Радищев, Александр Николаевич",Путешествие из Петербурга в Москву,,1790,мужской,0,путешествие,,политический,сентиментальный,просветительский,философский,,1,1 лицо,['крестьяне'],Санкт-Петербург,Отд. изд.,1,1,radishev_a_puteshestvie_iz_peterburga_v_moskvu_1790.txt,['крестьяне'],0,0,0,0,0,0,1,0,0,0,0,0,0,0,0,0,0,0,0,0,0,0,0,0,0,0,0,0,0,0,0,0,0,0,0,0,1,True
"Хомяков, Петр Захарович",Похождение некотораго россиянина,"Истинная повесть им самим писанная; Содержащая в себе историю его службы и походов, с приключениями и слышанными им повестями",1790,мужской,0,авантюрный,приключенческий,,,,,,0,1 лицо,['военные'],Москва,Отд. изд.,1,0,,['военные'],0,0,0,0,0,1,0,0,0,0,0,0,0,0,0,0,0,0,0,0,0,0,0,0,0,0,0,0,0,0,0,0,0,0,0,0,1,True
"Городчанинов, Григорий Николаевич",Добродетельный богач,na,1791,мужской,0,нравоучительный,воспитания,,,,,,0,,['nan'],Москва,Отд. изд.,1,0,,['nan'],1,0,0,0,0,0,0,0,0,0,0,0,0,0,0,0,0,0,0,0,0,0,0,0,0,0,0,0,0,0,0,0,0,0,0,0,1,True
"Писарев, Александр Иевлевич","Переписка двух адских вельмож, Алгабека и Алгамека, находящихся по различным должностям в старом и новом свете",Переведена с арапоевропейского языка грекояпонским переводчиком в 1791 000 году,1792,мужской,0,"эпистолярный, сатирический",эпистолярный,,,,,,0,1 лицо,"['ч. 1-2', 'петиметры', 'кокетки', 'учителя-иностранцы. ч. 3', 'дворянство', 'масоны', 'якобинцы']",Москва,Отд. изд.,1,0,,"['другое', 'женщины', 'учителя', 'дворяне', 'сектанты', 'народности и этнические группы']",0,1,0,0,0,0,0,0,0,1,0,0,0,0,0,1,0,1,0,1,0,0,0,0,0,0,1,0,0,0,0,0,0,0,0,0,6,True
"Захарьин, Петр Михайлович",Арфаксад,"Халдейская повесть, содержащая в себе: образ жизни и нравов древних восточных народов, новыя возстановления чиноначалия, низпровержения вредной независимости, соединения обществ, царств, воздвижение городов, первоначальныя причины военных действий и проч. с помещением в различных местах нравственных разсуждений к различным предметам относящихся.",1793,мужской,0,"нравоучительный, социально-психологический, философский, авантюрный",воспитания,,,,,,0,3 лицо,['народности и этнические группы'],Москва,Отд. изд.,1,0,,['народности и этнические группы'],0,0,0,0,0,0,0,0,0,1,0,0,0,0,0,0,0,0,0,0,0,0,0,0,0,0,0,0,0,0,0,0,0,0,0,0,1,True
"Черневский, Р.",Повесть о непреоборимой любви Адаманта к Дафнисе,,1793,мужской,0,,,,,,,,0,,['nan'],Санкт-Петербург,Отд. изд.,1,0,,['nan'],1,0,0,0,0,0,0,0,0,0,0,0,0,0,0,0,0,0,0,0,0,0,0,0,0,0,0,0,0,0,0,0,0,0,0,0,1,True
"Иноградский, Василий Александрович","Низверженный Зелул, образец злобы, или Жизнь и редкие приключения восточного принца Клеоранда и принцессы Зефизы",Сочинение У... Вас... Иног...,1794,мужской,0,"аллегорический, нравоучительный, авантюрный, социально-психологический, философский, фантастический",воспитания,,,,,,0,3 лицо,"['принцы', 'принцессы', 'короли', 'королевы и другие представители придворной знати египта']",Москва,Отд. изд.,1,0,,['придворная знать'],0,0,0,0,0,0,0,0,0,0,0,0,0,0,0,0,0,0,0,0,0,0,0,0,0,0,0,0,0,1,0,0,0,0,0,0,1,True
"Херасков, Михаил Матвеевич","Полидор, сын Кадма и Гармонии",,1794,мужской,0,"социально-психологический, нравоучительный",социальный,,,,,,0,3 лицо,['аристократия прошлого'],Москва,Отд. изд.,1,0,,['аристократы'],0,0,1,0,0,0,0,0,0,0,0,0,0,0,0,0,0,0,0,0,0,0,0,0,0,0,0,0,0,0,0,0,0,0,0,0,1,True
"Богородский, Василий","Странные приключения Димитрия Магушкина, российского дворянина, описанные им на испанском языке, с которого переведены на немецкий, а с сего на российский язык",,1796,мужской,0,"приключение, похождения",приключенческий,,,,,,0,1 лицо,"['сын русского вельможи', 'крестьяне', 'татары']",Москва,Отд. изд.,1,0,,"['дворяне', 'крестьяне', 'народности и этнические группы']",0,1,0,0,0,0,1,0,0,1,0,0,0,0,0,0,0,0,0,0,0,0,0,0,0,0,0,0,0,0,0,0,0,0,0,0,3,True
"Горчаков, Дмитрий Петрович",Пламир и Раида,Российская повесть,1796,мужской,0,любовный,любовный,,,,,,0,3 лицо,"['дворяне', 'помещики']",Москва,Отд. изд.,1,0,,"['дворяне', 'помещики']",0,1,0,0,0,0,0,0,0,0,0,0,0,0,0,0,1,0,0,0,0,0,0,0,0,0,0,0,0,0,0,0,0,0,0,0,2,True
"Березайский, Василий Семенович",Анекдоты древних пошехонцев,,1798,мужской,0,авантюрно-сатирический,приключенческий,сатирический,авантюрный,бытовой,фольклорный,,0,1 лицо,['nan'],Санкт-Петербург,Отд. изд.,1,1,berezajskij_v_anekdoty_drevnikh_poshekhonzev_1798.txt,['nan'],1,0,0,0,0,0,0,0,0,0,0,0,0,0,0,0,0,0,0,0,0,0,0,0,0,0,0,0,0,0,0,0,0,0,0,0,1,True
"Захарьин, Петр Михайлович","Приключения Клеандра, храброго царевича Лакедемонского, и Ниотильды, королевны Фракийской",российское сочинение,1798,мужской,0,,,,,,,,0,3 лицо,['nan'],Николаев,Отд. изд.,1,0,,['nan'],1,0,0,0,0,0,0,0,0,0,0,0,0,0,0,0,0,0,0,0,0,0,0,0,0,0,0,0,0,0,0,0,0,0,0,0,1,True
"Галинковский, Яков Андреевич",Часы задумчивости,,1799,мужской,0,,,сентиментальный,философский,нравоучительный,,,0,1 лицо,['nan'],Москва,Отд. изд.,1,1,galinkovskij_ya_chasy_zadumchivosti_1799.txt,['nan'],1,0,0,0,0,0,0,0,0,0,0,0,0,0,0,0,0,0,0,0,0,0,0,0,0,0,0,0,0,0,0,0,0,0,0,0,1,True
"Запольский, Иван Ипатович",Желанная встреча,,1799,мужской,0,"философский, аллегорический, нравоучительный",философский,,,,,,0,3 лицо,['nan'],Москва,"Иппокрена, или Утехи любословия",1,0,,['nan'],1,0,0,0,0,0,0,0,0,0,0,0,0,0,0,0,0,0,0,0,0,0,0,0,0,0,0,0,0,0,0,0,0,0,0,0,1,True
"Измайлов, Александр Ефимович","Евгений, или Пагубные следствия дурного воспитания и сообщества",Повесть написанная А. Измайловым,1799,мужской,0,роман воспитания,воспитания,,,,,,0,3 лицо,['nan'],Санкт-Петербург,Отд. изд.,1,0,,['nan'],1,0,0,0,0,0,0,0,0,0,0,0,0,0,0,0,0,0,0,0,0,0,0,0,0,0,0,0,0,0,0,0,0,0,0,0,1,True
"Гнедич, Николай Иванович","Мориц, или Жертва мщения",,1802,мужской,0,любовный,любовный,любовный,сентиментальный,психологический,готический,,0,3 лицо,['дворяне'],Москва,Отд. изд.,1,1,gnedich_n_moriz_ili_zhertva_msheniya_1802.txt,['дворяне'],0,1,0,0,0,0,0,0,0,0,0,0,0,0,0,0,0,0,0,0,0,0,0,0,0,0,0,0,0,0,0,0,0,0,0,0,1,True
"Башурлов, Максим Петрович","Дикая европеанка, или Исправленное преступление одного добродетелью другого",Писана. в Г.....,1804,мужской,0,авантюрный,приключенческий,авантюрный,нравоучительный,сентиментальный,любовный,,0,1 лицо,['дворяне'],Санкт-Петербург,Отд. изд.,1,1,basharulov_m_dikaya_evropeyanka_ili_ispravlenie_prestupleniya_odnogo_dobrodetelyu_drugogo_1804.txt,['дворяне'],0,1,0,0,0,0,0,0,0,0,0,0,0,0,0,0,0,0,0,0,0,0,0,0,0,0,0,0,0,0,0,0,0,0,0,0,1,True
"Галинковский, Яков Андреевич",Глафира или Прекрасная Валдайка,народный русский роман,1807,мужской,0,,,,,,,,0,в письмах,['nan'],Санкт-Петербург,Утренник прекрасного пола; Русский вестник,1,0,,['nan'],1,0,0,0,0,0,0,0,0,0,0,0,0,0,0,0,0,0,0,0,0,0,0,0,0,0,0,0,0,0,0,0,0,0,0,0,1,True
"Муравьев, Николай Назарьевич",Всеволод и Велеслава,"Произшествие, сохранившееся в письмах",1807,мужской,0,социально-психологический,социальный,,,,,,0,в письмах,['nan'],Санкт-Петербург,Отд. изд.,1,0,,['nan'],1,0,0,0,0,0,0,0,0,0,0,0,0,0,0,0,0,0,0,0,0,0,0,0,0,0,0,0,0,0,0,0,0,0,0,0,1,True
"Бранкевич, Михаил Степанович (Стефанович)","Храбрый философ Лев Андреевич Громин, сослуживец Силы Андреевича Богатырева",Отрывок,1809,мужской,0,нравоучительный,воспитания,,,,,,0,1 лицо,['крестьянин-солдат'],Москва,Отд. изд.,1,0,,['казаки'],0,0,0,0,0,0,0,0,0,0,0,0,0,0,0,0,0,0,0,0,0,1,0,0,0,0,0,0,0,0,0,0,0,0,0,0,1,True
"Извекова, Мария Евграфовна","Милена, или Редкий пример великодушия",сочинение девицы Марии Извековой,1809,женский,0,соционально-психологический,социальный,,,,,,0,3 лицо,['дворяне провинциальные'],Санкт-Петербург,Отд. изд.,1,0,,['дворяне'],0,1,0,0,0,0,0,0,0,0,0,0,0,0,0,0,0,0,0,0,0,0,0,0,0,0,0,0,0,0,0,0,0,0,0,0,1,True
"Извекова, Мария Евграфовна",Торжествующая добродетель над коварством и злобою,Сочинение девицы Марьи Извековой,1809,женский,0,"социально-психологический, любовный",социальный,,,,,,0,3 лицо,['дворяне'],Санкт-Петербург,Отд. изд.,1,0,,['дворяне'],0,1,0,0,0,0,0,0,0,0,0,0,0,0,0,0,0,0,0,0,0,0,0,0,0,0,0,0,0,0,0,0,0,0,0,0,1,True
"Извекова, Мария Евграфовна","Эмилия, или Печальные следствия безрассудной любви",Сочинение девицы Марьи Извековой,1809,женский,0,любовный,любовный,,,,,,0,3 лицо,['дворяне'],Санкт-Петербург,Отд. изд.,1,0,,['дворяне'],0,1,0,0,0,0,0,0,0,0,0,0,0,0,0,0,0,0,0,0,0,0,0,0,0,0,0,0,0,0,0,0,0,0,0,0,1,True
"Львов, Федор Петрович",Письма Скимнина,,1813,мужской,0,сентиментальный,любовный,сентиментальный,эпистолярный,нравоучительный,философский,,0,в письмах,['дворяне'],Санкт-Петербург,Отд. изд.,1,1,lvov_f_pisma_skimnina_1813.txt,['дворяне'],0,1,0,0,0,0,0,0,0,0,0,0,0,0,0,0,0,0,0,0,0,0,0,0,0,0,0,0,0,0,0,0,0,0,0,0,1,True
"Нарежный, Василий Трофимович","Российский Жилблаз, или Похождения графа Гаврилы Семеновича Чистякова",сочинение В. Нарежного,1814,мужской,0,авантюрный,приключенческий,плутовской,авантюрный,сатирический,бытовой,,0,3 лицо,"['дворяне', 'крестьяне']",,Отд. изд.,0,1,narezhnyj_v_rossijskij_zhilblaz_ili_pokhozhdeniya_knyazya_gavrily_simonovicha_chistyakova_1814.txt,"['дворяне', 'крестьяне']",0,1,0,0,0,0,1,0,0,0,0,0,0,0,0,0,0,0,0,0,0,0,0,0,0,0,0,0,0,0,0,0,0,0,0,0,2,True
"Георгиевский, Иван Сергеевич","Евгения, или письма к другу",собранныя Иваном Георгиевским,1818,мужской,0,любовный,любовный,любовный,сентиментальный,эпистолярный,,,0,в письмах,['дворяне'],Санкт-Петербург,Отд. изд.,1,1,georgievskij_i_evgeniya_ili_pisma_k_drugu_1818.txt,['дворяне'],0,1,0,0,0,0,0,0,0,0,0,0,0,0,0,0,0,0,0,0,0,0,0,0,0,0,0,0,0,0,0,0,0,0,0,0,1,True
"Свиньин, Павел Петрович","Торжество воспитания, или Исправленный супруг",быль [следующие части названы нравственный роман],1821,мужской,0,,,,,,,,0,в письмах,['дворяне'],,Отечественные записки,0,0,,['дворяне'],0,1,0,0,0,0,0,0,0,0,0,0,0,0,0,0,0,0,0,0,0,0,0,0,0,0,0,0,0,0,0,0,0,0,0,0,1,True
"Нарежный, Василий Трофимович","Аристион, или Перевоспитание",Справедливая повесть,1822,мужской,0,роман воспитания,воспитания,,,,,,0,3 лицо,['дворяне'],Санкт-Петербург,Отд. изд.,1,0,,['дворяне'],0,1,0,0,0,0,0,0,0,0,0,0,0,0,0,0,0,0,0,0,0,0,0,0,0,0,0,0,0,0,0,0,0,0,0,0,1,True
"Нарежный, Василий Трофимович",Бурсак,Малоросская повесть,1824,мужской,0,авантюрный,приключенческий,плутовской,исторический,сатирический,бытовой,нравоописательный,1,1 лицо,"['духовенство', 'дворяне']",Москва,Отд. изд.,1,1,narezhnyj_v_bursak_1824.txt,"['духовенство', 'дворяне']",0,1,0,0,0,0,0,0,0,0,0,0,1,0,0,0,0,0,0,0,0,0,0,0,0,0,0,0,0,0,0,0,0,0,0,0,2,True
"Литвинов, Василий Иванович","Любовь и вера, или Победа над страстями",сочинил Литвинов,1825,мужской,0,любовно-авантюрный,любовный,,,,,,0,3 лицо,['египитеские пастухи'],Москва,Отд. изд.,1,0,,['народности и этнические группы'],0,0,0,0,0,0,0,0,0,1,0,0,0,0,0,0,0,0,0,0,0,0,0,0,0,0,0,0,0,0,0,0,0,0,0,0,1,True
"Санглен, Яков Иванович, де",Жизнь и мнения нового Тристрама,Misce stultitiam consiliis brevem,1825,мужской,0,,,,,,,,0,1 лицо,['дворяне'],Москва,Отд. изд.,1,0,,['дворяне'],0,1,0,0,0,0,0,0,0,0,0,0,0,0,0,0,0,0,0,0,0,0,0,0,0,0,0,0,0,0,0,0,0,0,0,0,1,True
"Сомов, Орест Михайлович",Гайдамак,Малороссийская быль,1827,мужской,0,,,исторический,авантюрный,этнографический,,,0,3 лицо,['nan'],,Невский альманах,0,1,somov_o_gajdamak_1827.txt,['nan'],1,0,0,0,0,0,0,0,0,0,0,0,0,0,0,0,0,0,0,0,0,0,0,0,0,0,0,0,0,0,0,0,0,0,0,0,1,True
"Зряхов, Николай Ильич","Амалия, или Хижина среди гор",роман в 4-х частях,1828,мужской,0,,,,,,,,0,,['nan'],Москва,Отд. изд.,1,0,,['nan'],1,0,0,0,0,0,0,0,0,0,0,0,0,0,0,0,0,0,0,0,0,0,0,0,0,0,0,0,0,0,0,0,0,0,0,0,1,True
"Булгарин, Фаддей Венедиктович",Иван Выжигин,нравственно-сатирический роман,1829,мужской,0,авантюрный,приключенческий,плутовской,нравоописательный,авантюрный,сатирический,,0,1 лицо,['дворяне'],Санкт-Петербург,Отд. изд.,1,1,bulgarin_f_ivan_vyzhigin_1829.txt,['дворяне'],0,1,0,0,0,0,0,0,0,0,0,0,0,0,0,0,0,0,0,0,0,0,0,0,0,0,0,0,0,0,0,0,0,0,0,0,1,True
"Загоскин, Михаил Васильевич","Юрий Милославский, или Русские в 1612 году",Исторический роман в 3 частях,1829,мужской,0,исторический,исторический,исторический,авантюрный,любовный,,,0,3 лицо,"['легендарные исторические фигуры', 'аристократия прошлого', 'военные']",Москва,Отд. изд.,1,1,zagoskin_m_yurij_miloslavskij_ili_russkie_v__godu_1829.txt,"['легендарные исторические фигуры', 'аристократы', 'военные']",0,0,1,0,1,1,0,0,0,0,0,0,0,0,0,0,0,0,0,0,0,0,0,0,0,0,0,0,0,0,0,0,0,0,0,0,3,True
"Нарежный, Василий Трофимович","Черный год, или Горские князья",Сочинение Василия Нарежного,1829,мужской,0,"плутовской роман, авантюрный, сатира, осетины, кавказцы",приключенческий,,,,,,0,,['nan'],Москва,Отд. изд.,1,0,,['nan'],1,0,0,0,0,0,0,0,0,0,0,0,0,0,0,0,0,0,0,0,0,0,0,0,0,0,0,0,0,0,0,0,0,0,0,0,1,True
"Булгарин, Фаддей Венедиктович",Димитрий Самозванец,исторический роман,1830,мужской,0,исторический,исторический,исторический,авантюрный,политический,,,0,3 лицо,"['легендарные исторические фигуры', 'аристократия прошлого', 'военные']",Санкт-Петербург,Отд. изд.,1,1,bulgarin_f_dimitrij_samozvanez_1830.txt,"['легендарные исторические фигуры', 'аристократы', 'военные']",0,0,1,0,1,1,0,0,0,0,0,0,0,0,0,0,0,0,0,0,0,0,0,0,0,0,0,0,0,0,0,0,0,0,0,0,3,True
"Погорельский, Антоний",Магнетизер,роман,1830,мужской,1,,,фантастический,психологический,философский,,,0,3 лицо,['купцы'],,Литературная газета,0,1,perovskij_a_magnetizer_1830.txt,['купцы'],0,0,0,0,0,0,0,1,0,0,0,0,0,0,0,0,0,0,0,0,0,0,0,0,0,0,0,0,0,0,0,0,0,0,0,0,1,True
"Погорельский, Антоний",Монастырка,сочинение А. Перовского,1830,мужской,1,семейная хроника,семейный,семейный,бытовой,нравоописательный,сентиментальный,готический,1,1 лицо,"['дворяне', 'институтка']",,Отд. изд.,0,1,perovskij_a_monastyrka_1830.txt,"['дворяне', 'женщины']",0,1,0,0,0,0,0,0,0,0,0,0,0,0,0,1,0,0,0,0,0,0,0,0,0,0,0,0,0,0,0,0,0,0,0,0,2,True
"Свиньин, Павел Петрович, Бошняк, А.К.","Ягуб Скупалов, или Исправленный муж",нравственно-сатирический роман современных нравов,1830,мужской,0,социально-психологический,социальный,,,,,,0,в письмах,['дворяне'],Москва,Отд. изд.,1,0,,['дворяне'],0,1,0,0,0,0,0,0,0,0,0,0,0,0,0,0,0,0,0,0,0,0,0,0,0,0,0,0,0,0,0,0,0,0,0,0,1,True
"Ушаков, Василий Аполлонович",Киргиз-Кайсак,повесть,1830,мужской,0,социально-психологический,социальный,,,,,,0,3 лицо,['дворяне'],Москва,Отд. изд.,1,0,,['дворяне'],0,1,0,0,0,0,0,0,0,0,0,0,0,0,0,0,0,0,0,0,0,0,0,0,0,0,0,0,0,0,0,0,0,0,0,0,1,True
"Булгарин, Фаддей Венедиктович",Петр Иванович Выжигин,Нравоописательный-исторический роман XIX века,1831,мужской,0,"социально-психологический, исторический",социальный,,,,,,0,3 лицо,['дворяне'],Санкт-Петербург,Отд. изд.,1,0,,['дворяне'],0,1,0,0,0,0,0,0,0,0,0,0,0,0,0,0,0,0,0,0,0,0,0,0,0,0,0,0,0,0,0,0,0,0,0,0,1,True
"Вельтман, Александр Фомич",Странник,,1831,мужской,0,авантюрный,приключенческий,философский,приключенческий,авантюрный,,,0,1 лицо,['офицер'],Москва,Отд. изд.,1,1,veltman_a_strannik_1831.txt,['военные'],0,0,0,0,0,1,0,0,0,0,0,0,0,0,0,0,0,0,0,0,0,0,0,0,0,0,0,0,0,0,0,0,0,0,0,0,1,True
"Глухарев, Иван Никитич",Ольга Милославская,Исторический роман XIX столетия,1831,мужской,0,исторический,исторический,исторический,любовный,,,,0,3 лицо,['легендарные исторические фигуры'],Москва,Отд. изд.,1,1,glukharev_i_olga_miloslavskaya_1831.txt,['легендарные исторические фигуры'],0,0,0,0,1,0,0,0,0,0,0,0,0,0,0,0,0,0,0,0,0,0,0,0,0,0,0,0,0,0,0,0,0,0,0,0,1,True
"Греч, Николай Иванович",Поездка в Германию,Роман в письмах,1831,мужской,0,социально-психологический,социальный,,,,,,0,1 лицо,['дворяне'],Санкт-Петербург,Отд. изд.,1,0,,['дворяне'],0,1,0,0,0,0,0,0,0,0,0,0,0,0,0,0,0,0,0,0,0,0,0,0,0,0,0,0,0,0,0,0,0,0,0,0,1,True
"Гурьянов, Иван Гавриилович","Илья Пройдохин. Открытая тайна на некоторых, или горе от ума или горе без ума","Нравстенно сатирический роман, сочиненный Иваном Гурьяновым",1831,мужской,0,"нравоописательный, сатирический",описательный,,,,,,0,1 лицо,"['дворяне', '[отсылки к горе от ума]']",Москва,Отд. изд.,1,0,,"['дворяне', 'другое']",0,1,0,0,0,0,0,0,0,0,0,0,0,0,0,0,0,1,0,0,0,0,0,0,0,0,0,0,0,0,0,0,0,0,0,0,2,True
"Гурьянов, Иван Гавриилович","Марина Мнишех, Княжна Сандомирская","Исторический роман, относящийся ко временам царя Бориса Годунова, Лжедмитрия, царя Василия Шуйского и междуцарствия, служащий дополнением романа: Дмитрий Самозванец.",1831,мужской,0,исторический,исторический,исторический,авантюрный,любовный,биографический,,0,3 лицо,['дворяне'],Москва,Отд. изд.,1,1,guryanov_i_marina_mnishekh_knyazhna_sandomirskaya_1831.txt,['дворяне'],0,1,0,0,0,0,0,0,0,0,0,0,0,0,0,0,0,0,0,0,0,0,0,0,0,0,0,0,0,0,0,0,0,0,0,0,1,True
"Гурьянов, Иван Гавриилович",Новый Выжигин на Макарьевской ярмарке,Нравоописательный роман XIX века,1831,мужской,0,"сатирический, бытовой",юмористический,,,,,,0,3 лицо,['купцы'],Москва,Отд. изд.,1,0,,['купцы'],0,0,0,0,0,0,0,1,0,0,0,0,0,0,0,0,0,0,0,0,0,0,0,0,0,0,0,0,0,0,0,0,0,0,0,0,1,True
"Загоскин, Михаил Васильевич","Рославлев, или Русские в 1812 году",,1831,мужской,0,"исторический, любовный",исторический,исторический,любовный,военный,,,0,3 лицо,['военные'],Москва,Отд. изд.,1,1,zagoskin_m_roslavlev_ili_russkie_v__godu_1831.txt,['военные'],0,0,0,0,0,1,0,0,0,0,0,0,0,0,0,0,0,0,0,0,0,0,0,0,0,0,0,0,0,0,0,0,0,0,0,0,1,True
"Калашников, Иван Тимофеевич",Дочь купца Жолобова,"Роман, извлеченный из иркутских преданий",1831,мужской,0,"авантюрный, социально-психологический",приключенческий,,,,,,0,3 лицо,['купцы'],Санкт-Петербург,Северная пчела,1,0,,['купцы'],0,0,0,0,0,0,0,1,0,0,0,0,0,0,0,0,0,0,0,0,0,0,0,0,0,0,0,0,0,0,0,0,0,0,0,0,1,True
"Лажечников, Иван Иванович","Последний Новик, или Завоевание Лифляндии в царствование Петра Великого",Исторический роман,1831,мужской,0,исторический роман,исторический,исторический,авантюрный,,,,0,3 лицо,['легендарные исторические фигуры'],Москва,Отд. изд.,1,1,lazhechnikov_i_poslednij_novik_1831.txt,['легендарные исторические фигуры'],0,0,0,0,1,0,0,0,0,0,0,0,0,0,0,0,0,0,0,0,0,0,0,0,0,0,0,0,0,0,0,0,0,0,0,0,1,True
"Миклашевич, Варвара Семеновна","Село Михайловское, или Помещик XVIII столетия",роман в 4 частях,1831,женский,0,исторический; роман тайн,исторический,,,,,,0,3 лицо,"['помещики', 'администрация', 'духовенство']",,Сын отечества,0,0,,"['помещики', 'горожане', 'духовенство']",0,0,0,0,0,0,0,0,0,0,0,0,1,0,0,0,1,0,1,0,0,0,0,0,0,0,0,0,0,0,0,0,0,0,0,0,3,True
"Олин, Валериан Николаевич","Эшафот, или Утро вечера мудренее",роман из эпохи Анны Иоанновны,1831,мужской,0,исторический,исторический,,,,,,0,,['nan'],,Колокольчик,0,0,,['nan'],1,0,0,0,0,0,0,0,0,0,0,0,0,0,0,0,0,0,0,0,0,0,0,0,0,0,0,0,0,0,0,0,0,0,0,0,1,True
"Яковлев, Павел Лукьянович",Удивительный человек!,,1831,мужской,0,исторический,исторический,,,,,,0,,['nan'],Москва,Отд. изд.,1,0,,['nan'],1,0,0,0,0,0,0,0,0,0,0,0,0,0,0,0,0,0,0,0,0,0,0,0,0,0,0,0,0,0,0,0,0,0,0,0,1,True
"Бегичев, Дмитрий Никитич",Семейство Холмских,"Некоторые черты нравов и образа жизни, семейных и одиноких, русских дворян",1832,мужской,0,социально-психологический,социальный,,,,,,0,3 лицо,['дворяне'],Москва,Отд. изд.,1,0,,['дворяне'],0,1,0,0,0,0,0,0,0,0,0,0,0,0,0,0,0,0,0,0,0,0,0,0,0,0,0,0,0,0,0,0,0,0,0,0,1,True
"Глухарев, Иван Никитич","Графиня Рославлева, или Супруга-героиня, отличившаяся в знаменитую войну 1812",Историко-описательная повесть XIX столетия,1832,мужской,0,"исторический, любовный",исторический,,,,,,0,3 лицо,['аристократия прошлого'],Москва,Отд. изд.,1,0,,['аристократы'],0,0,1,0,0,0,0,0,0,0,0,0,0,0,0,0,0,0,0,0,0,0,0,0,0,0,0,0,0,0,0,0,0,0,0,0,1,True
"Голота, Петр Иванович",Иван Мазепа,"исторический роман, взятый из народных преданий",1832,мужской,0,исторический,исторический,,,,,,0,3 лицо,['легендарные исторические фигуры'],Москва,Отд. изд.,1,0,,['легендарные исторические фигуры'],0,0,0,0,1,0,0,0,0,0,0,0,0,0,0,0,0,0,0,0,0,0,0,0,0,0,0,0,0,0,0,0,0,0,0,0,1,True
"Санглен, Яков Иванович, де","Рыцарская клятва на гробе, или Два портрета",русский роман из времен меченосцев,1832,мужской,0,"исторический, авантюрный",исторический,,,,,,0,3 лицо,['аристократия прошлого'],Москва,Отд. изд.,1,0,,['аристократы'],0,0,1,0,0,0,0,0,0,0,0,0,0,0,0,0,0,0,0,0,0,0,0,0,0,0,0,0,0,0,0,0,0,0,0,0,1,True
"Зотов, Рафаил Михайлович","Леонид, или Некоторые черты из жизни Наполеона",,1832,мужской,0,"исторический, авантюрный",исторический,,,,,,0,3 лицо,"['дворяне', 'военные']",Санкт-Петербург,Отд. изд.,1,0,,"['дворяне', 'военные']",0,1,0,0,0,1,0,0,0,0,0,0,0,0,0,0,0,0,0,0,0,0,0,0,0,0,0,0,0,0,0,0,0,0,0,0,2,True
"Корнилович, Александр Осипович",Андрей Безыменный,старинная повесть,1832,мужской,0,исторический,исторический,исторический,авантюрный,,,,0,3 лицо,['аристократия прошлого'],Санкт-Петербург,Отд. изд.,1,1,kornilovich_a_andrej_bezymennyj_1832.txt,['аристократы'],0,0,1,0,0,0,0,0,0,0,0,0,0,0,0,0,0,0,0,0,0,0,0,0,0,0,0,0,0,0,0,0,0,0,0,0,1,True
"Любецкий, Сергей Михайлович","Сокольники, или Поколебание владычества татар над Россией",Исторический роман XIV века. Эпизод из княжения Дмитрия Донского,1832,мужской,0,исторический,исторический,,,,,,0,3 лицо,['легендарные исторические фигуры'],Москва,Отд. изд.,1,0,,['легендарные исторические фигуры'],0,0,0,0,1,0,0,0,0,0,0,0,0,0,0,0,0,0,0,0,0,0,0,0,0,0,0,0,0,0,0,0,0,0,0,0,1,True
М.В.,"Аннушка Водорацкая, сирота, дочь боярская",Роман о начале семнадцатого столетия: С иезуитского предания,1832,женский,1,исторический,исторический,,,,,,0,,['nan'],Москва,Отд. изд.,1,0,,['nan'],1,0,0,0,0,0,0,0,0,0,0,0,0,0,0,0,0,0,0,0,0,0,0,0,0,0,0,0,0,0,0,0,0,0,0,0,1,True
"Масальский, Константин Петрович",Стрельцы,сочинение Константина Масальского в 4 частях,1832,мужской,0,исторический,исторический,исторический,авантюрный,,,,1,3 лицо,"['военные', 'аристократия прошлого']",Санкт-Петербург,Отд. изд.,1,1,masalskij_k_strelzy_1832.txt,"['военные', 'аристократы']",0,0,1,0,0,1,0,0,0,0,0,0,0,0,0,0,0,0,0,0,0,0,0,0,0,0,0,0,0,0,0,0,0,0,0,0,2,True
"Полевой, Николай Алексеевич",Клятва при гробе Господнем,Русская быль XV века,1832,мужской,0,исторический,исторический,исторический,религиозный,,,,0,3 лицо,"['легендарные исторические фигуры', 'крестьяне']",Москва,Отд. изд.,1,1,polevoj_n_klyatva_pri_grobe_gospodnem_1832.txt,"['легендарные исторические фигуры', 'крестьяне']",0,0,0,0,1,0,1,0,0,0,0,0,0,0,0,0,0,0,0,0,0,0,0,0,0,0,0,0,0,0,0,0,0,0,0,0,2,True
"Свиньин, Павел Петрович","Шемякин суд, или Последнее междоусобие князей русских",исторический роман XV столетия,1832,мужской,0,исторический,исторический,,,,,,0,3 лицо,['аристократия прошлого'],Москва,Отд. изд.,1,0,,['аристократы'],0,0,1,0,0,0,0,0,0,0,0,0,0,0,0,0,0,0,0,0,0,0,0,0,0,0,0,0,0,0,0,0,0,0,0,0,1,True
"Ушаков, Василий Аполлонович",Иона Фаддеевича,правописательный и нравоучительный роман,1832,мужской,0,,,,,,,,0,,['nan'],,Сын отечества,0,0,,['nan'],1,0,0,0,0,0,0,0,0,0,0,0,0,0,0,0,0,0,0,0,0,0,0,0,0,0,0,0,0,0,0,0,0,0,0,0,1,True
аноним,"Малюта Скуратов, или Тринадцать лет царствования Царя Иоанна Васильевича Грозного",Историчский роман XVI столетия,1833,unknown,1,исторический,исторический,,,,,,0,3 лицо,"['аристократия прошлого', 'фольклорные герои']",Москва,Отд. изд.,1,0,,"['аристократы', 'мифическое']",0,0,1,0,0,0,0,0,0,0,0,0,0,0,0,0,0,0,0,0,0,0,0,0,1,0,0,0,0,0,0,0,0,0,0,0,2,True
"Бантыш-Каменский, Дмитрий Николаевич",Княжна Меншикова,исторический роман,1833,мужской,0,исторический,исторический,,,,,,0,3 лицо,['петровская знать'],Москва,Отд. изд.,1,0,,['дворяне'],0,1,0,0,0,0,0,0,0,0,0,0,0,0,0,0,0,0,0,0,0,0,0,0,0,0,0,0,0,0,0,0,0,0,0,0,1,True
"Булгарин, Фаддей Венедиктович",Мазепа,,1833,мужской,0,исторический,исторический,исторический,авантюрный,биографический,,,0,3 лицо,['легендарные исторические фигуры'],Санкт-Петербург,Отд. изд.,1,1,bulgarin_f_mazepa_1833.txt,['легендарные исторические фигуры'],0,0,0,0,1,0,0,0,0,0,0,0,0,0,0,0,0,0,0,0,0,0,0,0,0,0,0,0,0,0,0,0,0,0,0,0,1,True
"Вельтман, Александр Фомич",Кощей бессмертный,былина старого времени,1833,мужской,0,фантастический,фантастический,фантастический,исторический,фольклорный,,,1,3 лицо,"['аристократия прошлого', 'фольклорные герои']",Москва,Отд. изд.,1,1,veltman_a_koshej_bessmertnyj_1833.txt,"['аристократы', 'мифическое']",0,0,1,0,0,0,0,0,0,0,0,0,0,0,0,0,0,0,0,0,0,0,0,0,1,0,0,0,0,0,0,0,0,0,0,0,2,True
"Вельтман, Александр Фомич",MMMCDXLVIII год. Рукопись Мартена-Задека,,1833,мужской,0,фантастический,фантастический,,,,,,0,3 лицо,['духовенство'],Москва,Отд. изд.,1,0,,['духовенство'],0,0,0,0,0,0,0,0,0,0,0,0,1,0,0,0,0,0,0,0,0,0,0,0,0,0,0,0,0,0,0,0,0,0,0,0,1,True
"Герасимов, А.","Добромирский и президент Шукайло, или Французские войска в Белоруссии в 1812 году",Соч. А...... Г.....,1833,мужской,0,исторический,исторический,,,,,,0,3 лицо,['nan'],Москва,Отд. изд.,1,0,,['nan'],1,0,0,0,0,0,0,0,0,0,0,0,0,0,0,0,0,0,0,0,0,0,0,0,0,0,0,0,0,0,0,0,0,0,0,0,1,True
"Глухарев, Иван Никитич","Братоубийца, или Святополк-Окаянный",,1833,мужской,0,исторический,исторический,исторический,религиозный,нравоучительный,,,0,3 лицо,['nan'],Москва,Дамский журнал,1,1,glukharev_i_bratoubijza_ili_svyatopolk-okayannyj_1833.txt,['nan'],1,0,0,0,0,0,0,0,0,0,0,0,0,0,0,0,0,0,0,0,0,0,0,0,0,0,0,0,0,0,0,0,0,0,0,0,1,True
"Глухарев, Иван Никитич",Проклятый,"Историко-военно описательный роман XIX столетия, заимствованый из истинного происшествия, случившегося во время войны Русских с Турками.",1833,мужской,0,исторический,исторический,исторический,готический,религиозный,,,0,1 и 3 лицо,['nan'],Москва,Отд. изд.,1,1,glukharev_i_proklyatyj_1833.txt,['nan'],1,0,0,0,0,0,0,0,0,0,0,0,0,0,0,0,0,0,0,0,0,0,0,0,0,0,0,0,0,0,0,0,0,0,0,0,1,True
"Голота, Петр Иванович","Наливайко, или Времена бедствий Малороссии",Исторический роман XVI века,1833,мужской,0,исторический,исторический,,,,,,0,3 лицо,['военные'],Москва,Отд. изд.,1,0,,['военные'],0,0,0,0,0,1,0,0,0,0,0,0,0,0,0,0,0,0,0,0,0,0,0,0,0,0,0,0,0,0,0,0,0,0,0,0,1,True
"Загоскин, Михаил Васильевич",Аскольдова могила,Повесть из времен Владимира I,1833,мужской,0,исторический,исторический,исторический,фольклорный,,,,0,3 лицо,"['дворяне', 'крестьяне']",Москва,Отд. изд.,1,1,zagoskin_m_askoldova_mogila_1833.txt,"['дворяне', 'крестьяне']",0,1,0,0,0,0,1,0,0,0,0,0,0,0,0,0,0,0,0,0,0,0,0,0,0,0,0,0,0,0,0,0,0,0,0,0,2,True
"Зражевская, Александра Васильевна",Картины дружеских связей,Сочинение Александры Зражевской,1833,женский,0,эпистолярный,эпистолярный,,,,,,0,3 лицо,['дворяне'],Санкт-Петербург,Отд. изд.,1,0,,['дворяне'],0,1,0,0,0,0,0,0,0,0,0,0,0,0,0,0,0,0,0,0,0,0,0,0,0,0,0,0,0,0,0,0,0,0,0,0,1,True
"Калашников, Иван Тимофеевич",Камчадалка,Сочинение И. Калашникова,1833,мужской,0,социально-психологический,социальный,этнографический,приключенческий,экзотический,бытовой,,0,3 лицо,"['чиновники', 'купцы']",Санкт-Петербург,Северная пчела; Отд. изд.,1,1,kalashnikov_i_kamchadalka_1833.txt,"['чиновники', 'купцы']",0,0,0,0,0,0,0,1,1,0,0,0,0,0,0,0,0,0,0,0,0,0,0,0,0,0,0,0,0,0,0,0,0,0,0,0,2,True
"Кулжинский, Иван Григорьевич",Федюша Мотовильский,Украинский роман,1833,мужской,0,социально-психологический,социальный,,,,,,0,1 лицо,['дворяне'],Москва,Отд. изд.,1,0,,['дворяне'],0,1,0,0,0,0,0,0,0,0,0,0,0,0,0,0,0,0,0,0,0,0,0,0,0,0,0,0,0,0,0,0,0,0,0,0,1,True
"Курбатов, А. Д.",Последний год власти герцога Бирона,"Повесть, взятая из старинной архивы моего дедушки",1833,мужской,0,исторический роман,исторический,,,,,,0,3 лицо,['офицеры'],Москва,Отд. изд.,1,0,,['военные'],0,0,0,0,0,1,0,0,0,0,0,0,0,0,0,0,0,0,0,0,0,0,0,0,0,0,0,0,0,0,0,0,0,0,0,0,1,True
"Любецкий, Сергей Михайлович",Падение Великого Новгорода,"Исторический роман XV в., из княжения Иоанна Васильевича III Великого",1833,мужской,0,исторический,исторический,,,,,,0,,['nan'],Москва,Отд. изд.,1,0,,['nan'],1,0,0,0,0,0,0,0,0,0,0,0,0,0,0,0,0,0,0,0,0,0,0,0,0,0,0,0,0,0,0,0,0,0,0,0,1,True
С.Ш.,"Василий Делинский, или Новгородцы в XIV столетии",исторический роман,1833,unknown,1,исторический,исторический,,,,,,0,,['nan'],Москва,Отд. изд.,1,0,,['nan'],1,0,0,0,0,0,0,0,0,0,0,0,0,0,0,0,0,0,0,0,0,0,0,0,0,0,0,0,0,0,0,0,0,0,0,0,1,True
"Тонкачеев, Александр Дмитриевич","Эль Тровадор, или Месть за месть",Испанская быль 1826 года. Сочинение русского,1833,мужской,0,,,,,,,,0,1 лицо,['nan'],Москва,Отд. изд.,1,0,,['nan'],1,0,0,0,0,0,0,0,0,0,0,0,0,0,0,0,0,0,0,0,0,0,0,0,0,0,0,0,0,0,0,0,0,0,0,0,1,True
"Андреев, А.",Иоанн Грозный и Стефан Баторий,исторический роман,1834,мужской,1,исторический,исторический,,,,,,0,3 лицо,['nan'],Москва,Отд. изд.,1,0,,['nan'],1,0,0,0,0,0,0,0,0,0,0,0,0,0,0,0,0,0,0,0,0,0,0,0,0,0,0,0,0,0,0,0,0,0,0,0,1,True
"Баранов, Кузьма Николаевич",Ночь на Рождество Христово,Роман,1834,мужской,0,социальный роман,социальный,,,,,,0,3 лицо,['крестьяне'],Москва,Отд. изд.,1,0,,['крестьяне'],0,0,0,0,0,0,1,0,0,0,0,0,0,0,0,0,0,0,0,0,0,0,0,0,0,0,0,0,0,0,0,0,0,0,0,0,1,True
"Вельтман, Александр Фомич",Лунатик,случай,1834,мужской,0,"фантастический, соц.-психологический",фантастический,,,,,,0,3 лицо,['луна'],Москва,Отд. изд.,1,0,,[],0,0,0,0,0,0,0,0,0,0,0,0,0,0,0,0,0,0,0,0,0,0,0,0,0,0,0,0,0,0,0,0,0,0,0,0,0,False
"Глухарев, Иван Никитич",Клятвопреступница,Русский современный роман,1834,мужской,0,"социально-бытовой, мелодрама",социальный,,,,,,0,3 лицо,['купцы'],Москва,Отд. изд.,1,0,,['купцы'],0,0,0,0,0,0,0,1,0,0,0,0,0,0,0,0,0,0,0,0,0,0,0,0,0,0,0,0,0,0,0,0,0,0,0,0,1,True
"Голота, Петр Иванович","Хмельницкие, или Присоединение Малороссии",Исторический роман XVII века,1834,мужской,0,исторический,исторический,исторический,авантюрный,политический,,,0,3 лицо,['легендарные исторические фигуры'],Москва,Отд. изд.,1,1,golota_p_khmelnizkie_ili_prisoedinenie_malorossii_1834.txt,['легендарные исторические фигуры'],0,0,0,0,1,0,0,0,0,0,0,0,0,0,0,0,0,0,0,0,0,0,0,0,0,0,0,0,0,0,0,0,0,0,0,0,1,True
"Греч, Николай Иванович",Черная женщина,роман,1834,мужской,0,социально-психологический,социальный,готический,социально-психологический,мистический,авантюрный,,0,3 лицо,['дворяне'],Санкт-Петербург; Москва,Отд. изд.,1,1,grech_a_chernaya_zhenshina_1834.txt,['дворяне'],0,1,0,0,0,0,0,0,0,0,0,0,0,0,0,0,0,0,0,0,0,0,0,0,0,0,0,0,0,0,0,0,0,0,0,0,1,True
"Дубровский, Петр Павлович",Мальвина или предчувствие сердца,"Сочинение Изабеллы Чарторыской, нынешней герцогини Виртенбергской",1834,мужской,0,роман,,,,,,,0,3 лицо,['nan'],Москва,Отд. изд.,1,0,,['nan'],1,0,0,0,0,0,0,0,0,0,0,0,0,0,0,0,0,0,0,0,0,0,0,0,0,0,0,0,0,0,0,0,0,0,0,0,1,True
"Зотов, Рафаил Михайлович","Таинственный монах, или Некоторые черты из жизни Петра I",Исторический роман,1834,мужской,0,"приключенческий, исторический",приключенческий,исторический,приключенческий,авантюрный,мистический,,0,3 лицо,['nan'],Санкт-Петербург,Отд. изд.,1,1,zotov_r_tainstvennyj_monakh_1834.txt,['nan'],1,0,0,0,0,0,0,0,0,0,0,0,0,0,0,0,0,0,0,0,0,0,0,0,0,0,0,0,0,0,0,0,0,0,0,0,1,True
"Зубов, Платон Павлович","Карабахский астролог, или Основание крепости Шуши в 1752 году",Исторический закавказский роман,1834,мужской,0,"исторический, ориентальный",исторический,,,,,,0,3 лицо,['военные'],Москва,Отд. изд.,1,0,,['военные'],0,0,0,0,0,1,0,0,0,0,0,0,0,0,0,0,0,0,0,0,0,0,0,0,0,0,0,0,0,0,0,0,0,0,0,0,1,True
"Зубов, Платон Павлович","Прекрасная грузинка, или Нашествие Аги магмет Хана на Тифлис в 1796 году",Исторический грузинский роман,1834,мужской,0,"любовный, кавказский, исторический",любовный,,,,,,0,3 лицо,['аристократы местные'],Москва,Отд. изд.,1,0,,['аристократы'],0,0,1,0,0,0,0,0,0,0,0,0,0,0,0,0,0,0,0,0,0,0,0,0,0,0,0,0,0,0,0,0,0,0,0,0,1,True
"Коншин, Николай Михайлович","Граф Обоянский, или Смоленск в 1812 г. Рассказ инвалида",рассказ инвалида,1834,мужской,0,"исторический, светский",исторический,исторический,военный,,,,0,3 лицо,['дворяне'],Санкт-Петербург,Отд. изд.,1,1,konshin_n_graf_oboyanskij_ili_smolensk_v__godu_1834.txt,['дворяне'],0,1,0,0,0,0,0,0,0,0,0,0,0,0,0,0,0,0,0,0,0,0,0,0,0,0,0,0,0,0,0,0,0,0,0,0,1,True
"Лажечников, Иван Иванович",Ледяной дом,сочинение Лажечникова,1834,мужской,0,"исторический, любовный",исторический,исторический,любовный,авантюрный,политический,готический,1,3 лицо,"['чиновники', 'аристократия прошлого']",,Денница; Телескоп,0,1,lazhechnikov_i_ledyanoj_dom_1834.txt,"['чиновники', 'аристократы']",0,0,1,0,0,0,0,0,1,0,0,0,0,0,0,0,0,0,0,0,0,0,0,0,0,0,0,0,0,0,0,0,0,0,0,0,2,True
"Лутковский, Николай Петрович",Любовь моего соседа,Роман,1834,мужской,0,"любовный роман, роман воспитания",любовный,,,,,,0,3 лицо,['nan'],Санкт-Петербург,Отд. изд.,1,0,,['nan'],1,0,0,0,0,0,0,0,0,0,0,0,0,0,0,0,0,0,0,0,0,0,0,0,0,0,0,0,0,0,0,0,0,0,0,0,1,True
"Любецкий, Сергей Михайлович","Танька, разбойница Ростокинская, или Царские терема","Историческая повесть XVIII столетия. С песнями, обрядами и празднествами тогдашнего быта. Из преданий русской старины",1834,мужской,0,исторический роман,исторический,,,,,,0,3 лицо,"['разбойники', 'крестьяне']",Москва,Отд. изд.,1,0,,"['криминальный мир', 'крестьяне']",0,0,0,0,0,0,1,0,0,0,1,0,0,0,0,0,0,0,0,0,0,0,0,0,0,0,0,0,0,0,0,0,0,0,0,0,2,True
"Любецкий, Сергей Михайлович",Рождение благословенного дома Романовых на Российском престоле,Романические картины исторических событий: в 4-х частях,1834,мужской,0,исторический,исторический,,,,,,0,,['nan'],Москва,Отд. изд.,1,0,,['nan'],1,0,0,0,0,0,0,0,0,0,0,0,0,0,0,0,0,0,0,0,0,0,0,0,0,0,0,0,0,0,0,0,0,0,0,0,1,True
"Масальский, Константин Петрович",Регенство Бирона,Русская историческая повесть первой половины XIX века,1834,мужской,0,исторический,исторический,исторический,политический,авантюрный,,,0,3 лицо,['легендарные исторические фигуры'],Санкт-Петербург,Отд. изд.,1,1,masalskij_k_regentstvo_birona_1834.txt,['легендарные исторические фигуры'],0,0,0,0,1,0,0,0,0,0,0,0,0,0,0,0,0,0,0,0,0,0,0,0,0,0,0,0,0,0,0,0,0,0,0,0,1,True
"Машков, Петр Алексеевич",Виктор Полинский,Роман,1834,мужской,0,любовный,любовный,,,,,,0,3 лицо,['nan'],Санкт-Петербург,Отд. изд.,1,0,,['nan'],1,0,0,0,0,0,0,0,0,0,0,0,0,0,0,0,0,0,0,0,0,0,0,0,0,0,0,0,0,0,0,0,0,0,0,0,1,True
"Павлов, Алексей Андреевич","Япанча. Татарский наездник, или Завоевание Казани царем Иоанном Грозным",Роман XVI столетия,1834,мужской,0,исторический,исторический,,,,,,0,3 лицо,['легендарные исторические фигуры'],Москва,Отд. изд.,1,0,,['легендарные исторические фигуры'],0,0,0,0,1,0,0,0,0,0,0,0,0,0,0,0,0,0,0,0,0,0,0,0,0,0,0,0,0,0,0,0,0,0,0,0,1,True
"Полевой, Николай Алексеевич",Аббаддонна,Сочинение Николая Полевого,1834,мужской,0,любовный,любовный,,,,,,0,3 лицо,['поэт'],Москва,Отд. изд.,1,0,,['творческие люди'],0,0,0,0,0,0,0,0,0,0,0,0,0,1,0,0,0,0,0,0,0,0,0,0,0,0,0,0,0,0,0,0,0,0,0,0,1,True
Рудневский,"Давид Игоревич, Князь Владимирский, или 1097 год",Исторический роман XI века,1834,мужской,0,исторический,исторический,,,,,,0,1 лицо,['легендарные исторические фигуры'],Москва,Отд. изд.,1,0,,['легендарные исторические фигуры'],0,0,0,0,1,0,0,0,0,0,0,0,0,0,0,0,0,0,0,0,0,0,0,0,0,0,0,0,0,0,0,0,0,0,0,0,1,True
"Свиньин, Павел Петрович","Ермак, или Покорение Сибири",Исторический роман XVI столетия,1834,мужской,0,исторический,исторический,,,,,,0,3 лицо,['казаки'],Санкт-Петербург,Отд. изд.,1,0,,['казаки'],0,0,0,0,0,0,0,0,0,0,0,0,0,0,0,0,0,0,0,0,0,1,0,0,0,0,0,0,0,0,0,0,0,0,0,0,1,True
"Соколовский, Владимир Игнатьевич","Одна и две, или Любовь поэта",Роман из частной жизни,1834,мужской,0,"социально-психологический, автобиографический",социальный,социально-психологический,любовный,,,,0,1 лицо,['дворяне'],Москва,Отд. изд.,1,1,sokolovskij_v_odna_i_dve_ili_lyubov_poeta_1834.txt,['дворяне'],0,1,0,0,0,0,0,0,0,0,0,0,0,0,0,0,0,0,0,0,0,0,0,0,0,0,0,0,0,0,0,0,0,0,0,0,1,True
"Чуровский, Александр Иванович","Ведьма, или Страшные ночи за Днепром","Русский роман, взятый из народного предания",1834,мужской,0,"фантастический, времена екатерины 2",фантастический,,,,,,0,3 лицо,['дворяне'],Москва,Отд. изд.,1,0,,['дворяне'],0,1,0,0,0,0,0,0,0,0,0,0,0,0,0,0,0,0,0,0,0,0,0,0,0,0,0,0,0,0,0,0,0,0,0,0,1,True
"Чуровский, Александр Иванович","Черный кощей, или Заднепровский хутор у лунной горы",Русский роман из времен Петра Великого,1834,мужской,0,исторический роман,исторический,,,,,,0,3 лицо,['дворяне'],Москва,Отд. изд.,1,0,,['дворяне'],0,1,0,0,0,0,0,0,0,0,0,0,0,0,0,0,0,0,0,0,0,0,0,0,0,0,0,0,0,0,0,0,0,0,0,0,1,True
"Яблочкова, Елизавета Никитична",Шигоны,"Русская повесть XVI столетия. С точным описанием житья-бытья русских бояр, их прибытия в отчины, покорность жен, пиры вельможей и наконец царская вечеринка. Мимоходом замечены монахи того времени, их поклонницы, не забыты и истинно святые мужи, как-то старцы: Симеон Курбский, Вассиан Патрикеев и Максим Грек в достоверную эпоху вторичного брака Царя Василия Иоанновича",1834,женский,0,исторический роман,исторический,,,,,,0,3 лицо,"['бояре', 'монахи', 'симеон']",Москва,Отд. изд.,1,0,,"['бояре', 'духовенство', 'легендарные исторические фигуры']",0,0,0,0,1,0,0,0,0,0,0,0,1,0,0,0,0,0,0,0,0,0,1,0,0,0,0,0,0,0,0,0,0,0,0,0,3,True
"Андреев, А.","Довмонт, князь псковский",Русский исторический роман XVIII века в 2 частях,1835,мужской,1,исторический роман,исторический,,,,,,0,3 лицо,['легендарные исторические фигуры'],Москва,Отд. изд.,1,0,,['легендарные исторические фигуры'],0,0,0,0,1,0,0,0,0,0,0,0,0,0,0,0,0,0,0,0,0,0,0,0,0,0,0,0,0,0,0,0,0,0,0,0,1,True
аноним,"Барановский, или Характеристические очерки частной жизни Малороссиян",Малороссийская быль XVIII столетия,1835,unknown,1,исторический роман,исторический,,,,,,0,3 лицо,['nan'],Москва,Отд. изд.,1,0,,['nan'],1,0,0,0,0,0,0,0,0,0,0,0,0,0,0,0,0,0,0,0,0,0,0,0,0,0,0,0,0,0,0,0,0,0,0,0,1,True
аноним,"Могила Марии, или Притон под Москвою",Русский роман с картинами нравов в конце XVI века,1835,unknown,1,"исторический, социально-психологический",исторический,,,,,,0,3 лицо,['nan'],Москва,Отд. изд.,1,0,,['nan'],1,0,0,0,0,0,0,0,0,0,0,0,0,0,0,0,0,0,0,0,0,0,0,0,0,0,0,0,0,0,0,0,0,0,0,0,1,True
"Булгарин, Фаддей Венедиктович","Памятные записки титулярного советника Чухина, или Простая история обыкновенной жизни",,1835,мужской,0,социально-психологический,социальный,,,,,,0,1 лицо,"['дворяне', 'чиновник']",Санкт-Петербург,Отд. изд.,1,0,,"['дворяне', 'чиновники']",0,1,0,0,0,0,0,0,1,0,0,0,0,0,0,0,0,0,0,0,0,0,0,0,0,0,0,0,0,0,0,0,0,0,0,0,2,True
"Ваненко, Иван","Чудак, или человек каких мало","Роман, почти-исторический",1835,мужской,1,светский,светский,,,,,,0,3 лицо,"['разночинцы', 'дворяне', 'помещики']",Москва,Отд. изд.,1,0,,"['разночинцы', 'дворяне', 'помещики']",0,1,0,1,0,0,0,0,0,0,0,0,0,0,0,0,1,0,0,0,0,0,0,0,0,0,0,0,0,0,0,0,0,0,0,0,3,True
"Вельтман, Александр Фомич","Светославич, вражий питомец",Диво времен красного солнца Владимира,1835,мужской,0,"исторический, фантастический",исторический,исторический,фантастический,фольклорный,,,0,3 лицо,"['аристократия прошлого', 'легендарные исторические фигуры']",Москва,Отд. изд.,1,1,veltman_a_svetoslavich_vrazhij_pitomez_1835.txt,"['аристократы', 'легендарные исторические фигуры']",0,0,1,0,1,0,0,0,0,0,0,0,0,0,0,0,0,0,0,0,0,0,0,0,0,0,0,0,0,0,0,0,0,0,0,0,2,True
"Долинский, Александр",Три сердца,Сочинение Александра Долинского,1835,мужской,0,любовный,любовный,,,,,,0,1 лицо,['дворяне'],Москва,Отд. изд.,1,0,,['дворяне'],0,1,0,0,0,0,0,0,0,0,0,0,0,0,0,0,0,0,0,0,0,0,0,0,0,0,0,0,0,0,0,0,0,0,0,0,1,True
"Крылов, Алексей Иванович",Осужденный,повесть в 4 частях,1835,мужской,0,"натуралистический, средний класс, низший класс",социальный,,,,,,0,,['nan'],Москва,Отд. изд.,1,0,,['nan'],1,0,0,0,0,0,0,0,0,0,0,0,0,0,0,0,0,0,0,0,0,0,0,0,0,0,0,0,0,0,0,0,0,0,0,0,1,True
"Курышев, И.","Основание Москвы, или Смерть боярина Степана Ивановича Кучки","Исторический роман, взятый из времен княжения Изяслава Мстиславича",1835,мужской,0,"исторический роман, москва",исторический,,,,,,0,,['nan'],Санкт-Петербург,Отд. изд.,1,0,,['nan'],1,0,0,0,0,0,0,0,0,0,0,0,0,0,0,0,0,0,0,0,0,0,0,0,0,0,0,0,0,0,0,0,0,0,0,0,1,True
"Машков, Петр Алексеевич",Ужасный брак,"Событие 17 века, почерпнутое из записок одного англ. путешественника",1835,мужской,0,исторический,исторический,,,,,,0,,['nan'],Санкт-Петербург,Отд. изд.,1,0,,['nan'],1,0,0,0,0,0,0,0,0,0,0,0,0,0,0,0,0,0,0,0,0,0,0,0,0,0,0,0,0,0,0,0,0,0,0,0,1,True
"Протопопов, Александр Павлович","Незаконнорожденный, или Жизнь и смерть","Нравственно-фантастический роман, переделанный с польского",1835,мужской,0,"исторический, фольклорный, фантастический",исторический,,,,,,0,,['nan'],Москва,Отд. изд.,1,0,,['nan'],1,0,0,0,0,0,0,0,0,0,0,0,0,0,0,0,0,0,0,0,0,0,0,0,0,0,0,0,0,0,0,0,0,0,0,0,1,True
"Протопопов, Александр Павлович","Черный гроб, или Кровавая Звезда",Поверье XVII века,1835,мужской,0,"исторический, фольклорный, фантастический",исторический,,,,,,0,3 лицо,"['купцы', 'разбойники']",Москва,Отд. изд.,1,0,,"['купцы', 'криминальный мир']",0,0,0,0,0,0,0,1,0,0,1,0,0,0,0,0,0,0,0,0,0,0,0,0,0,0,0,0,0,0,0,0,0,0,0,0,2,True
"Степанов, Александр Петрович",Постоялый двор,"Записки покойного Горянова, изданные его другом Н.П. Маловым",1835,мужской,0,,,,,,,,0,,['nan'],Санкт-Петербург,Отд. изд.,1,0,,['nan'],1,0,0,0,0,0,0,0,0,0,0,0,0,0,0,0,0,0,0,0,0,0,0,0,0,0,0,0,0,0,0,0,0,0,0,0,1,True
"Сумароков, Павел Иванович","Виктор, или Следствия худого воспитания",Сочинение П... С...ва,1835,мужской,0,,,,,,,,0,,['nan'],Санкт-Петербург,Отд. изд.,1,0,,['nan'],1,0,0,0,0,0,0,0,0,0,0,0,0,0,0,0,0,0,0,0,0,0,0,0,0,0,0,0,0,0,0,0,0,0,0,0,1,True
"Сумароков, Петр Панкратьевич",Наследница,"Быль вместо романа, или Роман вместо были",1835,мужской,0,нравоописательный,описательный,,,,,,0,3 лицо,['дворяне'],Москва,Отд. изд.,1,0,,['дворяне'],0,1,0,0,0,0,0,0,0,0,0,0,0,0,0,0,0,0,0,0,0,0,0,0,0,0,0,0,0,0,0,0,0,0,0,0,1,True
"Чуровский, Александр Иванович","Атаман Буря, или Вольница заволжская",Русский роман из предания старины,1835,мужской,0,исторический роман,исторический,,,,,,0,3 лицо,"['купцы', 'разбойники']",Москва,Отд. изд.,1,0,,"['купцы', 'криминальный мир']",0,0,0,0,0,0,0,1,0,0,1,0,0,0,0,0,0,0,0,0,0,0,0,0,0,0,0,0,0,0,0,0,0,0,0,0,2,True
"Шишкина, Олимпиада Петровна","Князь Скопин-Шуйский, или Россия в начале XVII столетия",Сочинение О. Шишкиной. В четырех частях,1835,женский,0,исторический роман; россия начала xvii в.,исторический,,,,,,0,3 лицо,['nan'],Санкт-Петербург,Отд. изд.,1,0,,['nan'],1,0,0,0,0,0,0,0,0,0,0,0,0,0,0,0,0,0,0,0,0,0,0,0,0,0,0,0,0,0,0,0,0,0,0,0,1,True
"С-ая, Александра","Земной ангел, или Своенравие",Род романа,1836,женский,1,любовный,любовный,,,,,,0,3 лицо,['дворяне'],,Библиотека для чтения,0,0,,['дворяне'],0,1,0,0,0,0,0,0,0,0,0,0,0,0,0,0,0,0,0,0,0,0,0,0,0,0,0,0,0,0,0,0,0,0,0,0,1,True
аноним,"Россиянка 1812 года, или Любовь молодого офицера на дороге в армию",роман,1836,unknown,1,исторический,исторический,,,,,,0,3 лицо,['nan'],Москва,Отд. изд.,1,0,,['nan'],1,0,0,0,0,0,0,0,0,0,0,0,0,0,0,0,0,0,0,0,0,0,0,0,0,0,0,0,0,0,0,0,0,0,0,0,1,True
Чичероне дель К.....О,Неправдоподобные рассказы,,1836,мужской,1,,,,,,,,0,,['nan'],Санкт-Петербург,Отд. изд.,1,0,,['nan'],1,0,0,0,0,0,0,0,0,0,0,0,0,0,0,0,0,0,0,0,0,0,0,0,0,0,0,0,0,0,0,0,0,0,0,0,1,True
"Вельтман, Александр Фомич",Предки Калимероса,Александр Филиппович Македонский,1836,мужской,0,"исторический, фантастический",исторический,,,,,,0,1 лицо,['легендарные исторические персонажи'],Москва,Отд. изд.,1,0,,['легендарные исторические фигуры'],0,0,0,0,1,0,0,0,0,0,0,0,0,0,0,0,0,0,0,0,0,0,0,0,0,0,0,0,0,0,0,0,0,0,0,0,1,True
"Воскресенский, Михаил Ильич",Он и она,роман,1836,мужской,0,любовно-бытовой,любовный,,,,,,0,3 лицо,['дворяне'],Москва,Отд. изд.,1,0,,['дворяне'],0,1,0,0,0,0,0,0,0,0,0,0,0,0,0,0,0,0,0,0,0,0,0,0,0,0,0,0,0,0,0,0,0,0,0,0,1,True
"Грибоедов, И.","София Кучко, или Любовь и мщение",Исторический роман XII столетия,1836,мужской,0,исторический роман,исторический,,,,,,0,3 лицо,"['бояре', 'аристократия а. боголюбского']",Москва,Отд. изд.,1,0,,"['бояре', 'аристократы']",0,0,1,0,0,0,0,0,0,0,0,0,0,0,0,0,0,0,0,0,0,0,1,0,0,0,0,0,0,0,0,0,0,0,0,0,2,True
"Долинский, Александр",Страсть и мщение,роман,1836,мужской,0,светский,светский,,,,,,0,3 лицо,['дворяне'],Москва,Отд. изд.,1,0,,['дворяне'],0,1,0,0,0,0,0,0,0,0,0,0,0,0,0,0,0,0,0,0,0,0,0,0,0,0,0,0,0,0,0,0,0,0,0,0,1,True
"Зряхов, Николай Ильич","Дева закубанская, или Любовь до могилы","Роман, сочиненный жителем Кавказа",1836,мужской,0,"авантюрный, любовный",приключенческий,,,,,,0,3 лицо,['аристократия кавказа'],Москва,Отд. изд.,1,0,,['аристократы'],0,0,1,0,0,0,0,0,0,0,0,0,0,0,0,0,0,0,0,0,0,0,0,0,0,0,0,0,0,0,0,0,0,0,0,0,1,True
"Зряхов, Николай Ильич","Прекрасная астраханка, или Хижина на берегу реки Оки","Роман, взятый из истинного происшествия. Российское сочинение в двух частях.",1836,мужской,0,"авантюрный, любовный",приключенческий,авантюрный,любовный,сентиментальный,,,0,1 лицо,['аристократия прошлого'],Москва,Отд. изд.,1,1,zryakhov_n_prekrasnaya_astrakhanka_ili_khizhina_na_beregu_reki_oki_1836.txt,['аристократы'],0,0,1,0,0,0,0,0,0,0,0,0,0,0,0,0,0,0,0,0,0,0,0,0,0,0,0,0,0,0,0,0,0,0,0,0,1,True
"Каменский, Павел Павлович",Сплавщики по Куре,отрывок из романа,1836,мужской,0,,,,,,,,0,3 лицо,['nan'],,Телескоп,0,0,,['nan'],1,0,0,0,0,0,0,0,0,0,0,0,0,0,0,0,0,0,0,0,0,0,0,0,0,0,0,0,0,0,0,0,0,0,0,0,1,True
"Кислов, Александр Степанович","Падение Шуйских, или Времена бедствий России",Исторический роман XVII в.,1836,мужской,0,исторический,исторический,,,,,,0,3 лицо,['аристократия прошлого'],Санкт-Петербург,Отд. изд.,1,0,,['аристократы'],0,0,1,0,0,0,0,0,0,0,0,0,0,0,0,0,0,0,0,0,0,0,0,0,0,0,0,0,0,0,0,0,0,0,0,0,1,True
"Никитин, Александр Павлович",Игра любви или Русский помещик в конце XVIII столетия,Роман,1836,мужской,0,любовный,любовный,,,,,,0,,['дворяне'],Москва,Отд. изд.,1,0,,['дворяне'],0,1,0,0,0,0,0,0,0,0,0,0,0,0,0,0,0,0,0,0,0,0,0,0,0,0,0,0,0,0,0,0,0,0,0,0,1,True
"Павлов, Алексей Андреевич",Елена Волхова,Древняя русская повесть,1836,мужской,0,исторический роман,исторический,,,,,,0,3 лицо,['nan'],Москва,Отд. изд.,1,0,,['nan'],1,0,0,0,0,0,0,0,0,0,0,0,0,0,0,0,0,0,0,0,0,0,0,0,0,0,0,0,0,0,0,0,0,0,0,0,1,True
"Павлов, Алексей Андреевич","Брат Вячеслав, или Подземелье близ Касимова",Повесть XVI столетия,1836,мужской,0,исторический,исторический,,,,,,0,3 лицо,['разбойники'],Москва,Отд. изд.,1,0,,['криминальный мир'],0,0,0,0,0,0,0,0,0,0,1,0,0,0,0,0,0,0,0,0,0,0,0,0,0,0,0,0,0,0,0,0,0,0,0,0,1,True
"Полевой, Ксенофонт Алексеевич",Михаил Васильевич Ломоносов,Сочинение Ксенофонта Полевого,1836,мужской,0,"исторический, жизнеописание",исторический,,,,,,0,,"['легендарные исторические фигуры', 'ломоносов']",Москва,Отд. изд.,1,0,,['легендарные исторические фигуры'],0,0,0,0,1,0,0,0,0,0,0,0,0,0,0,0,0,0,0,0,0,0,0,0,0,0,0,0,0,0,0,0,0,0,0,0,1,True
"Протопопов, Александр Павлович","Пан Ягожинский, отступник и мститель","Роман, взятый из древних польских преданий",1836,мужской,0,"исторический, фантастический",исторический,,,,,,0,,['nan'],Москва,Отд. изд.,1,0,,['nan'],1,0,0,0,0,0,0,0,0,0,0,0,0,0,0,0,0,0,0,0,0,0,0,0,0,0,0,0,0,0,0,0,0,0,0,0,1,True
"Протопопов, Александр Павлович","Смерть Наполеона, или Расстрелянный шпион",исторический роман в драматических картинках,1836,мужской,0,исторический,исторический,,,,,,0,,['nan'],Москва,Отд. изд.,1,0,,['nan'],1,0,0,0,0,0,0,0,0,0,0,0,0,0,0,0,0,0,0,0,0,0,0,0,0,0,0,0,0,0,0,0,0,0,0,0,1,True
"Протопопов, Александр Павлович","Сумасшедший, или Желтый дом",Нравственно-сатирический роман,1836,мужской,0,"исторический, фантастический",исторический,,,,,,0,1 лицо,['дворяне'],Москва,Отд. изд.,1,0,,['дворяне'],0,1,0,0,0,0,0,0,0,0,0,0,0,0,0,0,0,0,0,0,0,0,0,0,0,0,0,0,0,0,0,0,0,0,0,0,1,True
"Пушкин, Александр Сергеевич",Капитанская дочка,,1836,мужской,0,исторический,исторический,исторический,приключенческий,любовный,философский,,1,1 лицо,"['дворяне', 'лендарные исторические фигуры']",,Современник,0,1,pushkin_a_kapitanskaya_dochka_1836.txt,"['дворяне', 'легендарные исторические фигуры']",0,1,0,0,1,0,0,0,0,0,0,0,0,0,0,0,0,0,0,0,0,0,0,0,0,0,0,0,0,0,0,0,0,0,0,0,2,True
"Пушкин, Александр Сергеевич",Рославлев,,1836,мужской,0,"исторический, социально-психологический",исторический,исторический,социально-психологический,,,,1,1 лицо,['дворяне'],,Современник,0,1,pushkin_a_roslavlev_1836.txt,['дворяне'],0,1,0,0,0,0,0,0,0,0,0,0,0,0,0,0,0,0,0,0,0,0,0,0,0,0,0,0,0,0,0,0,0,0,0,0,1,True
А.В.,Эпизод из владычества Биронова,историческая повесть,1837,мужской,1,исторический роман,исторический,,,,,,0,3 лицо,['легендарная историческая фигура'],Санкт-Петербург,Отд. изд.,1,0,,['легендарные исторические фигуры'],0,0,0,0,1,0,0,0,0,0,0,0,0,0,0,0,0,0,0,0,0,0,0,0,0,0,0,0,0,0,0,0,0,0,0,0,1,True
аноним,"Зарайск, или Начало владычества татар над Россиею",Историческая повесть XIII столетия,1837,unknown,1,исторический роман,исторический,,,,,,0,,['nan'],Москва,Отд. изд.,1,0,,['nan'],1,0,0,0,0,0,0,0,0,0,0,0,0,0,0,0,0,0,0,0,0,0,0,0,0,0,0,0,0,0,0,0,0,0,0,0,1,True
аноним,"Невеста смерти, или Любовь и гордость",роман из происшествий 1812 и 1813 годов,1837,unknown,1,исторический роман,исторический,,,,,,0,,['nan'],Москва,Отд. изд.,1,0,,['nan'],1,0,0,0,0,0,0,0,0,0,0,0,0,0,0,0,0,0,0,0,0,0,0,0,0,0,0,0,0,0,0,0,0,0,0,0,1,True
"Вельтман, Александр Фомич","Виргиния, или поездка в Россию",роман,1837,мужской,0,"сатирический, иностранцы в россии",юмористический,,,,,,0,3 лицо,['народности и этнические группы'],Москва,Отд. изд.,1,0,,['народности и этнические группы'],0,0,0,0,0,0,0,0,0,1,0,0,0,0,0,0,0,0,0,0,0,0,0,0,0,0,0,0,0,0,0,0,0,0,0,0,1,True
"Зарницын, Михаил",Стенька Разин,исторический роман,1837,мужской,0,исторический роман,исторический,,,,,,0,,['легендарная историческая фигура'],Санкт-Петербург,Отд. изд.,1,0,,['легендарные исторические фигуры'],0,0,0,0,1,0,0,0,0,0,0,0,0,0,0,0,0,0,0,0,0,0,0,0,0,0,0,0,0,0,0,0,0,0,0,0,1,True
"Зотов, Рафаил Михайлович","Никлас, Медвежья лапа, атаман контрабандистов, или Некоторые черты из жизни Фридриха II",исторический роман,1837,мужской,0,исторический,исторический,,,,,,0,3 лицо,['аристократы'],Санкт-Петербург,Отд. изд.,1,0,,['аристократы'],0,0,1,0,0,0,0,0,0,0,0,0,0,0,0,0,0,0,0,0,0,0,0,0,0,0,0,0,0,0,0,0,0,0,0,0,1,True
"Зряхов, Николай Ильич","Михаил Новгородский, или Нарушенная клятва",российско-исторический роман в 3 частях,1837,мужской,0,исторический,исторический,,,,,,0,3 лицо,"['бояре', 'купцы']",Москва,Отд. изд.,1,0,,"['бояре', 'купцы']",0,0,0,0,0,0,0,1,0,0,0,0,0,0,0,0,0,0,0,0,0,0,1,0,0,0,0,0,0,0,0,0,0,0,0,0,2,True
"Карпенко, Степан Данилович","Могила двух, или Чувствительное сердце только раз любит",исторический роман в 3 частях,1837,мужской,0,исторический роман,исторический,,,,,,0,,['nan'],Москва,Отд. изд.,1,0,,['nan'],1,0,0,0,0,0,0,0,0,0,0,0,0,0,0,0,0,0,0,0,0,0,0,0,0,0,0,0,0,0,0,0,0,0,0,0,1,True
"Кричевская, Любовь Яковлевна",Граф Горский,Сочинение Любови Кричевской,1837,женский,0,исторический роман,исторический,,,,,,0,3 лицо,['nan'],Харьков,Современник,1,0,,['nan'],1,0,0,0,0,0,0,0,0,0,0,0,0,0,0,0,0,0,0,0,0,0,0,0,0,0,0,0,0,0,0,0,0,0,0,0,1,True
М.Д.,Дмитрий Донской,исторический роман,1837,unknown,1,"исторический роман, князь, дмитрий донской",исторический,,,,,,0,,['nan'],Москва,Отд. изд.,1,0,,['nan'],1,0,0,0,0,0,0,0,0,0,0,0,0,0,0,0,0,0,0,0,0,0,0,0,0,0,0,0,0,0,0,0,0,0,0,0,1,True
"Масальский, Константин Петрович",Бородолюбие,Исторические сцены из времен Петра Великого,1837,мужской,0,исторический,исторический,,,,,,0,1 лицо,['купцы'],Санкт-Петербург,Отд. изд.,1,0,,['купцы'],0,0,0,0,0,0,0,1,0,0,0,0,0,0,0,0,0,0,0,0,0,0,0,0,0,0,0,0,0,0,0,0,0,0,0,0,1,True
"Меркли, Михаил Маркович",Борис Годунов и Россия в XVII столетии,Роман полуисторический,1837,мужской,0,исторический роман,исторический,,,,,,0,3 лицо,['бояре'],Москва,Отд. изд.,1,0,,['бояре'],0,0,0,0,0,0,0,0,0,0,0,0,0,0,0,0,0,0,0,0,0,0,1,0,0,0,0,0,0,0,0,0,0,0,0,0,1,True
"Никитин, Александр Павлович",Жертва случая,,1837,мужской,0,,,,,,,,0,,['nan'],Москва,Отд. изд.,1,0,,['nan'],1,0,0,0,0,0,0,0,0,0,0,0,0,0,0,0,0,0,0,0,0,0,0,0,0,0,0,0,0,0,0,0,0,0,0,0,1,True
"Павлов, Алексей Андреевич",Русский богатырь,Повесть времен давно минувших,1837,мужской,0,исторический,исторический,,,,,,0,3 лицо,"['крестьяне', 'рыбки']",Москва,Отд. изд.,1,0,,['крестьяне'],0,0,0,0,0,0,1,0,0,0,0,0,0,0,0,0,0,0,0,0,0,0,0,0,0,0,0,0,0,0,0,0,0,0,0,0,1,True
"Пушкин, Александр Сергеевич",Арап Петра Великого,роман,1837,мужской,0,"исторический, семейная хроника",исторический,исторический,социально-психологический,,,,1,3 лицо,"['легендарные исторические фигуры', 'аристократия прошлого']",,Современник,0,1,pushkin_a_arap_petra_velikogo_1837.txt,"['легендарные исторические фигуры', 'аристократы']",0,0,1,0,1,0,0,0,0,0,0,0,0,0,0,0,0,0,0,0,0,0,0,0,0,0,0,0,0,0,0,0,0,0,0,0,2,True
"Сумароков, Павел Иванович","Эмигрант, с кратким описанием американской войны, Луизианы и французской революции",П... С...ва,1837,мужской,0,,,,,,,,0,,['nan'],Санкт-Петербург,Отд. изд.,1,0,,['nan'],1,0,0,0,0,0,0,0,0,0,0,0,0,0,0,0,0,0,0,0,0,0,0,0,0,0,0,0,0,0,0,0,0,0,0,0,1,True
"Ушаков, Василий Аполлонович",Последний из князей Корсунских,,1837,мужской,0,социально-психологический,социальный,социально-психологический,исторический,нравоописательный,,,0,1 лицо,['дворяне'],Москва,Отд. изд.,1,1,ushakov_v_poslednij_iz_knyazej_korsunskikh_1837.txt,['дворяне'],0,1,0,0,0,0,0,0,0,0,0,0,0,0,0,0,0,0,0,0,0,0,0,0,0,0,0,0,0,0,0,0,0,0,0,0,1,True
"Чуровский, Александр Иванович",Запорожские наезды,Украинская быль времен гетманщины,1837,мужской,0,исторический роман,исторический,,,,,,0,,['nan'],Москва,Отд. изд.,1,0,,['nan'],1,0,0,0,0,0,0,0,0,0,0,0,0,0,0,0,0,0,0,0,0,0,0,0,0,0,0,0,0,0,0,0,0,0,0,0,1,True
"Штевен, Иван Петрович","Провидение, или Событие XVIII века",Сочинение И. Штевена,1837,мужской,0,исторический роман,исторический,,,,,,0,3 лицо,['nan'],Санкт-Петербург,Отд. изд.,1,0,,['nan'],1,0,0,0,0,0,0,0,0,0,0,0,0,0,0,0,0,0,0,0,0,0,0,0,0,0,0,0,0,0,0,0,0,0,0,0,1,True
"Вельтман, Александр Фомич",Сердце и думка,приключение,1838,мужской,0,"фантастический, соц.-психологический, сатирический, чиновники, представители потустороннего мира",фантастический,,,,,,0,3 лицо,['nan'],Москва,Отд. изд.,1,0,,['nan'],1,0,0,0,0,0,0,0,0,0,0,0,0,0,0,0,0,0,0,0,0,0,0,0,0,0,0,0,0,0,0,0,0,0,0,0,1,True
"Войт, Владимир Карлович",Битва с пиратами,Отрывок из морского романа,1838,мужской,0,приключенческий,приключенческий,приключенческий,авантюрный,,,,0,3 лицо,"['пираты', 'моряки']",,Северный архив,0,1,vojt_v_bitva_s_piratami_1838.txt,"['криминальный мир', 'моряки']",0,0,0,0,0,0,0,0,0,0,1,0,0,0,0,0,0,0,0,0,0,0,0,0,0,0,0,1,0,0,0,0,0,0,0,0,2,True
"Воскресенский, Михаил Ильич",Проклятое место,роман,1838,мужской,0,светский роман,светский,,,,,,0,,"['мистика', 'запутанность присшествий', 'московская жизнь']",Москва,Отд. изд.,1,0,,[],0,0,0,0,0,0,0,0,0,0,0,0,0,0,0,0,0,0,0,0,0,0,0,0,0,0,0,0,0,0,0,0,0,0,0,0,0,False
"Загоскин, Михаил Николаевич",Искуситель,сочинение,1838,мужской,0,исторический,исторический,исторический,религиозный,нравоучительный,,,0,1 лицо,['дворяне'],Москва,Отд. изд.,1,1,zagoskin_m_iskusitel_1838.txt,['дворяне'],0,1,0,0,0,0,0,0,0,0,0,0,0,0,0,0,0,0,0,0,0,0,0,0,0,0,0,0,0,0,0,0,0,0,0,0,1,True
"Зотов, Рафаил Михайлович","Студент и княжна, или Возвращение Наполеона с острова Эльбы",историческая повесть,1838,мужской,0,исторический роман,исторический,,,,,,0,1 лицо,['легендарная историческая фигура - наполеон'],Санкт-Петербург,Отд. изд.,1,0,,['легендарные исторические фигуры'],0,0,0,0,1,0,0,0,0,0,0,0,0,0,0,0,0,0,0,0,0,0,0,0,0,0,0,0,0,0,0,0,0,0,0,0,1,True
"Лажечников, Иван Иванович",Басурман,,1838,мужской,0,исторический роман,исторический,исторический,авантюрный,любовный,,,1,3 лицо,['nan'],Москва,Отд. изд.,1,1,lazhechnikov_i_basurman_1838.txt,['nan'],1,0,0,0,0,0,0,0,0,0,0,0,0,0,0,0,0,0,0,0,0,0,0,0,0,0,0,0,0,0,0,0,0,0,0,0,1,True
"Лукин, Павел Фортунатович",Сын актрисы,роман в 3 частях,1838,мужской,0,социально-психологический,социальный,,,,,,0,3 лицо,['разночинец'],Санкт-Петербург,Отд. изд.,1,0,,['разночинцы'],0,0,0,1,0,0,0,0,0,0,0,0,0,0,0,0,0,0,0,0,0,0,0,0,0,0,0,0,0,0,0,0,0,0,0,0,1,True
"Никитин, Александр Павлович",Теодор Станиславский,А. Никитина,1838,мужской,0,"семейный (?), бытовой",семейный,,,,,,0,3 лицо,['дворяне'],Москва,Отд. изд.,1,0,,['дворяне'],0,1,0,0,0,0,0,0,0,0,0,0,0,0,0,0,0,0,0,0,0,0,0,0,0,0,0,0,0,0,0,0,0,0,0,0,1,True
"Павлов, Алексей Андреевич",Крамольники,исторический роман из времен Петра Великого,1838,мужской,0,исторический,исторический,,,,,,0,3 лицо,"['дворяне', 'военные', 'легендарная историческая фигура']",Москва,Отд. изд.,1,0,,"['дворяне', 'военные', 'легендарные исторические фигуры']",0,1,0,0,1,1,0,0,0,0,0,0,0,0,0,0,0,0,0,0,0,0,0,0,0,0,0,0,0,0,0,0,0,0,0,0,3,True
"Степанов, Александр Петрович",Тайна,Роман в 4 частях,1838,мужской,0,социально-бытовой,социальный,,,,,,0,3 лицо,['дворяне'],Санкт-Петербург,Отд. изд.,1,0,,['дворяне'],0,1,0,0,0,0,0,0,0,0,0,0,0,0,0,0,0,0,0,0,0,0,0,0,0,0,0,0,0,0,0,0,0,0,0,0,1,True
"Штевен, Иван Петрович","Цыган, или Ужасная месть",Происшествие минувшего столетия: в 2 частях,1838,мужской,0,исторический роман,исторический,,,,,,0,3 лицо,"['цыгане', 'рыбаки', 'дворяне']",Санкт-Петербург,Отд. изд.,1,0,,"['народности и этнические группы', 'моряки', 'дворяне']",0,1,0,0,0,0,0,0,0,1,0,0,0,0,0,0,0,0,0,0,0,0,0,0,0,0,0,1,0,0,0,0,0,0,0,0,3,True
аноним,Вечевой колокол,Русский роман XV столетия,1839,unknown,1,исторический роман,исторический,,,,,,0,,['nan'],Москва,Отд. изд.,1,0,,['nan'],1,0,0,0,0,0,0,0,0,0,0,0,0,0,0,0,0,0,0,0,0,0,0,0,0,0,0,0,0,0,0,0,0,0,0,0,1,True
аноним,"Ермак, покоритель Сибири",Исторический роман,1839,unknown,1,"исторический роман, ермак",исторический,,,,,,0,,['nan'],Москва,Отд. изд.,1,0,,['nan'],1,0,0,0,0,0,0,0,0,0,0,0,0,0,0,0,0,0,0,0,0,0,0,0,0,0,0,0,0,0,0,0,0,0,0,0,1,True
аноним,"Бородинское поле, или Смерть за честь",Исторический роман,1839,unknown,1,"исторический роман, война 1812 года",исторический,,,,,,0,3 лицо,['дворяне'],Москва,Отд. изд.,1,0,,['дворяне'],0,1,0,0,0,0,0,0,0,0,0,0,0,0,0,0,0,0,0,0,0,0,0,0,0,0,0,0,0,0,0,0,0,0,0,0,1,True
аноним,Несчастная,Роман в начале царствования Императрицы Екатерины Алексеевны II XVIII века,1839,unknown,1,исторический роман,исторический,,,,,,0,3 лицо,['легендарная историческая фигура -екатерна ii'],Москва,Отд. изд.,1,0,,['легендарные исторические фигуры'],0,0,0,0,1,0,0,0,0,0,0,0,0,0,0,0,0,0,0,0,0,0,0,0,0,0,0,0,0,0,0,0,0,0,0,0,1,True
"Бороградский, Никифор","Путешествие в Смоленск, или Воспоминание 1812 года",Сочинение Никифора Бороградского,1839,мужской,0,исторический роман,исторический,исторический,,,,,0,1 лицо,"['война 1812 года', 'военные']",Москва,Отд. изд.,1,1,borogradskij_n_puteshestvie_v_smolensk_ili_vospominanie__goda_1839.txt,"['другое', 'военные']",0,0,0,0,0,1,0,0,0,0,0,0,0,0,0,0,0,1,0,0,0,0,0,0,0,0,0,0,0,0,0,0,0,0,0,0,2,True
"Воскресенский, Михаил Ильич",Черкес,роман,1839,мужской,0,"аристократы, общественные тенденции, осуждение крепостничества",социальный,,,,,,0,3 лицо,['аристократы'],Москва,Отд. изд.,1,0,,['аристократы'],0,0,1,0,0,0,0,0,0,0,0,0,0,0,0,0,0,0,0,0,0,0,0,0,0,0,0,0,0,0,0,0,0,0,0,0,1,True
"Дмитревский, Михаил Иванович","Иван Сусанин, или Смерть за царя",исторический роман,1839,мужской,0,исторический,исторический,,,,,,0,3 лицо,"['крестьяне', 'сусанин']",Москва,Отд. изд.,1,0,,"['крестьяне', 'легендарные исторические фигуры']",0,0,0,0,1,0,1,0,0,0,0,0,0,0,0,0,0,0,0,0,0,0,0,0,0,0,0,0,0,0,0,0,0,0,0,0,2,True
"Долинский, Александр","Жизнь сердца, или как любят женщины?",,1839,мужской,0,любовный,любовный,,,,,,0,1 лицо,['дворяне'],Москва,Отд. изд.,1,0,,['дворяне'],0,1,0,0,0,0,0,0,0,0,0,0,0,0,0,0,0,0,0,0,0,0,0,0,0,0,0,0,0,0,0,0,0,0,0,0,1,True
"Дурова, Надежда Андреевна",Гудишки,Роман,1839,женский,0,роман,,социально-психологический,бытовой,,,,0,1 лицо,['гусарский полк'],Санкт-Петербург,Отд. изд.,1,1,durova_n_gudishki_1839.txt,['военные'],0,0,0,0,0,1,0,0,0,0,0,0,0,0,0,0,0,0,0,0,0,0,0,0,0,0,0,0,0,0,0,0,0,0,0,0,1,True
"Загоскин, Михаил Николаевич",Тоска по родине,Повесть,1839,мужской,0,,,,,,,,0,3 лицо,['nan'],Москва,Отд. изд.,1,0,,['nan'],1,0,0,0,0,0,0,0,0,0,0,0,0,0,0,0,0,0,0,0,0,0,0,0,0,0,0,0,0,0,0,0,0,0,0,0,1,True
Закамский,Женщина XIX столетия,роман,1839,мужской,1,социально-психологический,социальный,,,,,,0,1 и 3 лицо,['дворяне'],Москва,Отд. изд.,1,0,,['дворяне'],0,1,0,0,0,0,0,0,0,0,0,0,0,0,0,0,0,0,0,0,0,0,0,0,0,0,0,0,0,0,0,0,0,0,0,0,1,True
"Зотов, Рафаил Михайлович","Фра-Диаволо, или Последние годы Венеции",Исторический роман,1839,мужской,0,исторический,исторический,,,,,,0,3 лицо,['аристократы'],Санкт-Петербург,Отд. изд.,1,0,,['аристократы'],0,0,1,0,0,0,0,0,0,0,0,0,0,0,0,0,0,0,0,0,0,0,0,0,0,0,0,0,0,0,0,0,0,0,0,0,1,True
"Зотов, Рафаил Михайлович","Шапка юродивого, или Трилиственник",Исторический роман из времен Елисаветы и Екатерины,1839,мужской,0,исторический,исторический,,,,,,0,3 лицо,"['военные', 'дворяне']",Москва,Отд. изд.,1,0,,"['военные', 'дворяне']",0,1,0,0,0,1,0,0,0,0,0,0,0,0,0,0,0,0,0,0,0,0,0,0,0,0,0,0,0,0,0,0,0,0,0,0,2,True
"Каменский, Павел Павлович",Искатель сильных ощущений,сочинение,1839,мужской,0,автобиографический,биографический,,,,,,0,3 лицо,"['дворяне', 'военные']",Санкт-Петербург,Отд. изд.,1,0,,"['дворяне', 'военные']",0,1,0,0,0,1,0,0,0,0,0,0,0,0,0,0,0,0,0,0,0,0,0,0,0,0,0,0,0,0,0,0,0,0,0,0,2,True
"Квитка-Основьяненко, Григорий Федорович",Пан Халявский,Роман,1839,мужской,0,соц.-психологический,социальный,социально-психологический,сатирический,бытовой,,,0,1 лицо,['панство'],,Отечественные записки,0,1,kvitka-osnovyanenko_g_pan_khalyavskij_1839.txt,['дворяне'],0,1,0,0,0,0,0,0,0,0,0,0,0,0,0,0,0,0,0,0,0,0,0,0,0,0,0,0,0,0,0,0,0,0,0,0,1,True
"Крылов, Алексей Иванович",Женщина-изверг,"Быль, рассказанная другу: в 3 частях",1839,мужской,0,любовный,любовный,,,,,,0,в письмах,['дворяне'],Москва,Отд. изд.,1,0,,['дворяне'],0,1,0,0,0,0,0,0,0,0,0,0,0,0,0,0,0,0,0,0,0,0,0,0,0,0,0,0,0,0,0,0,0,0,0,0,1,True
"Лукин, Павел Фортунатович","Талисман, или Заклинатель духов",Фантастический роман,1839,мужской,0,фантастический роман,фантастический,,,,,,0,3 лицо,"['немцы', 'саксония']",Москва,Отд. изд.,1,0,,"['народности и этнические группы', 'другое']",0,0,0,0,0,0,0,0,0,1,0,0,0,0,0,0,0,1,0,0,0,0,0,0,0,0,0,0,0,0,0,0,0,0,0,0,2,True
"Любецкий, Сергей Михайлович",Рыцарство XIX века,Современный рассказ с летописью нравов (в роде были),1839,мужской,0,"нравописательный роман, автобиографический роман",описательный,,,,,,0,3 лицо,['дворяне'],Москва,Отд. изд.,1,0,,['дворяне'],0,1,0,0,0,0,0,0,0,0,0,0,0,0,0,0,0,0,0,0,0,0,0,0,0,0,0,0,0,0,0,0,0,0,0,0,1,True
"Миллер, Федор Богданович",Цыганка,Роман,1839,мужской,0,любовный,любовный,,,,,,0,1 лицо,['цыгане'],Москва,Отд. изд.,1,0,,['народности и этнические группы'],0,0,0,0,0,0,0,0,0,1,0,0,0,0,0,0,0,0,0,0,0,0,0,0,0,0,0,0,0,0,0,0,0,0,0,0,1,True
"Мирошевский, Василий Иванович","Девица Всеволожская, или Картины русского быта в XVII веке",сочинение В. Мирошевского,1839,мужской,0,исторический роман,исторический,,,,,,0,3 лицо,['дворяне'],Санкт-Петербург,Отд. изд.,1,0,,['дворяне'],0,1,0,0,0,0,0,0,0,0,0,0,0,0,0,0,0,0,0,0,0,0,0,0,0,0,0,0,0,0,0,0,0,0,0,0,1,True
"Салманов, Петр Алексеевич","Черное время, или Некоторые сцены из жизни Емельки Пугачева",Исторический роман XVIII века,1839,мужской,0,исторический,исторический,,,,,,0,3 лицо,"['исторические лица', 'военные']",Москва,Отд. изд.,1,0,,"['легендарные исторические фигуры', 'военные']",0,0,0,0,1,1,0,0,0,0,0,0,0,0,0,0,0,0,0,0,0,0,0,0,0,0,0,0,0,0,0,0,0,0,0,0,2,True
"Чуровский, Александр Иванович","Ротмистр-чернокнижник, или Москва в 1812 году",роман из походных записок артиллерийского полковника,1839,мужской,0,"исторический роман, война 1812 года",исторический,,,,,,0,3 лицо,['военные'],Москва,Отд. изд.,1,0,,['военные'],0,0,0,0,0,1,0,0,0,0,0,0,0,0,0,0,0,0,0,0,0,0,0,0,0,0,0,0,0,0,0,0,0,0,0,0,1,True
"Башуцкий, Александр Павлович",Мещанин,Очерки из портфеля ученика натурного класса,1840,мужской,0,социально-психологический,социальный,,,,,,0,1 лицо,['разночинцы'],Санкт-Петербург,Отд. изд.,1,0,,['разночинцы'],0,0,0,1,0,0,0,0,0,0,0,0,0,0,0,0,0,0,0,0,0,0,0,0,0,0,0,0,0,0,0,0,0,0,0,0,1,True
"Бегичев, Дмитрий Никитич",Ольга,"Быт русских дворян в начале нынешнего столетия. Сочинение автора: ""семейство Холмских""",1840,мужской,0,исторический,исторический,,,,,,0,3 лицо,['дворяне'],Санкт-Петербург,Отд. изд.,1,0,,['дворяне'],0,1,0,0,0,0,0,0,0,0,0,0,0,0,0,0,0,0,0,0,0,0,0,0,0,0,0,0,0,0,0,0,0,0,0,0,1,True
"Вельтман, Александр Фомич",Генерал Каломерос,роман,1840,мужской,0,исторический,исторический,исторический,авантюрный,биографический,,,0,3 лицо,"['истоические лица', 'военные', 'дворяне']",Москва,Отд. изд.,1,1,veltman_a_general_kalomeros_1840.txt,"['легендарные исторические фигуры', 'военные', 'дворяне']",0,1,0,0,1,1,0,0,0,0,0,0,0,0,0,0,0,0,0,0,0,0,0,0,0,0,0,0,0,0,0,0,0,0,0,0,3,True
"Зотов, Рафаил Михайлович","Цын-Киу-Тонг, или Три добрые дела духа тьмы",фантастический роман в 4 частях,1840,мужской,0,фантастический,фантастический,,,,,,0,,['китайские духи'],Санкт-Петербург,Отд. изд.,1,0,,['мифическое'],0,0,0,0,0,0,0,0,0,0,0,0,0,0,0,0,0,0,0,0,0,0,0,0,1,0,0,0,0,0,0,0,0,0,0,0,1,True
"Корф, Федор Федорович",Перерождение,Сочинение барона Фёдора Корфа,1840,мужской,0,"морально-психологический; исповедь, изменение веры.",психологический,,,,,,0,1 лицо,['купцы'],Санкт-Петербург,Отд. изд.,1,0,,['купцы'],0,0,0,0,0,0,0,1,0,0,0,0,0,0,0,0,0,0,0,0,0,0,0,0,0,0,0,0,0,0,0,0,0,0,0,0,1,True
"Лажечников, Иван Иванович",Колдун на Сухаревской башне,роман,1840,мужской,0,"исторический роман, чернокнижник",исторический,исторический,фантастический,готический,мистический,,0,в письмах,['дворяне'],,Отечественные записки,0,1,lazhechnikov_i_koldun_na_sukharevskoj_bashne_1840.txt,['дворяне'],0,1,0,0,0,0,0,0,0,0,0,0,0,0,0,0,0,0,0,0,0,0,0,0,0,0,0,0,0,0,0,0,0,0,0,0,1,True
"Лермонтов, Михаил Юрьевич",Герой нашего времени,,1840,мужской,0,психологический,психологический,социально-психологический,философский,,,,1,1 лицо,"['дворяне', 'военные', 'криминальный мир']",Санкт-Петербург,Отд. изд.,1,1,lermontov_m_geroj_nashego_vremeni_1840.txt,"['дворяне', 'военные', 'криминальный мир']",0,1,0,0,0,1,0,0,0,0,1,0,0,0,0,0,0,0,0,0,0,0,0,0,0,0,0,0,0,0,0,0,0,0,0,0,3,True
"Мышицкий, Нил Алексеевич","Сицкий, капитан фрегата",сочинение князя Н. Мышицкого,1840,мужской,0,любовный,любовный,,,,,,0,3 лицо,['моряки'],Санкт-Петербург,Маяк; Северная пчела,1,0,,['моряки'],0,0,0,0,0,0,0,0,0,0,0,0,0,0,0,0,0,0,0,0,0,0,0,0,0,0,0,1,0,0,0,0,0,0,0,0,1,True
"Одоевский, Владимир Федорович",4338 год,Петербургские письма,1840,мужской,0,фантастический,фантастический,фантастический,утопический,философский,,,0,в письмах,['nan'],Москва,Утренняя заря,1,1,odoevskij_v_4338_god_1835.txt,['nan'],1,0,0,0,0,0,0,0,0,0,0,0,0,0,0,0,0,0,0,0,0,0,0,0,0,0,0,0,0,0,0,0,0,0,0,0,1,True
"Павлов, Алексей Андреевич",Рыцарь креста. Некоторые черты из достопамятного года,Исторический роман,1840,мужской,0,исторический,исторический,,,,,,0,3 лицо,"['исторические лица', 'офицеры', 'дворяне']",Москва,Отд. изд.,1,0,,"['легендарные исторические фигуры', 'военные', 'дворяне']",0,1,0,0,1,1,0,0,0,0,0,0,0,0,0,0,0,0,0,0,0,0,0,0,0,0,0,0,0,0,0,0,0,0,0,0,3,True
"Башуцкий, Александр Павлович",Две главы из романа,,1841,мужской,0,социально-психологический,социальный,,,,,,0,3 лицо,['nan'],,Русская беседа,0,0,,['nan'],1,0,0,0,0,0,0,0,0,0,0,0,0,0,0,0,0,0,0,0,0,0,0,0,0,0,0,0,0,0,0,0,0,0,0,0,1,True
"Воскресенский, Михаил Ильич",Мечтатель,роман,1841,мужской,0,социальный,социальный,,,,,,0,3 лицо,['аристократы +'],Москва,Отд. изд.,1,0,,['аристократы'],0,0,1,0,0,0,0,0,0,0,0,0,0,0,0,0,0,0,0,0,0,0,0,0,0,0,0,0,0,0,0,0,0,0,0,0,1,True
"Закревская, Софья Алексеевна",Институтка,роман в письмах,1841,женский,0,социально-психологический,социальный,,,,,,1,в письмах,"['институтки', 'военные']",,Отечественные записки,0,0,,"['женщины', 'военные']",0,0,0,0,0,1,0,0,0,0,0,0,0,0,0,1,0,0,0,0,0,0,0,0,0,0,0,0,0,0,0,0,0,0,0,0,2,True
"Калашников, Иван Тимофеевич",Автомат,Сочинение И. Калашникова,1841,мужской,0,социально-психологический,социальный,,,,,,0,3 лицо,['чиновник'],Санкт-Петербург,Отд. изд.,1,0,,['чиновники'],0,0,0,0,0,0,0,0,1,0,0,0,0,0,0,0,0,0,0,0,0,0,0,0,0,0,0,0,0,0,0,0,0,0,0,0,1,True
"Квитка-Основьяненко, Григорий Федорович","Жизнь и похождения Петра Степанова сына Столбикова, помещика в трех наместничествах",Рукопись XVIII века,1841,мужской,0,просветительский роман,воспитания,,,,,,0,1 лицо,"['дворяне', 'помещики']",Санкт-Петербург,Отд. изд.,1,0,,"['дворяне', 'помещики']",0,1,0,0,0,0,0,0,0,0,0,0,0,0,0,0,1,0,0,0,0,0,0,0,0,0,0,0,0,0,0,0,0,0,0,0,2,True
"Корф, Федор Федорович",Суд в Ревельском магистрате,роман из истории Эстляндии XVI века,1841,мужской,0,исторический,исторический,,,,,,0,3 лицо,"['рыцари', 'купечество']",Санкт-Петербург,Отд. изд.,1,0,,"['рыцари', 'купцы']",0,0,0,0,0,0,0,1,0,0,0,0,0,0,0,0,0,0,0,0,0,0,0,0,0,0,0,0,0,0,0,1,0,0,0,0,2,True
"Кукольник, Нестор Васильевич",Эвелина де Вальероль,роман,1841,мужской,0,исторический,исторический,,,,,,0,3 лицо,['разночинцы'],Санкт-Петербург,Отд. изд.,1,0,,['разночинцы'],0,0,0,1,0,0,0,0,0,0,0,0,0,0,0,0,0,0,0,0,0,0,0,0,0,0,0,0,0,0,0,0,0,0,0,0,1,True
"Протопопов, Александр Павлович","Человек, женщина и демон","Роман, взятый из древнего сказания о пане Твардовском",1841,мужской,0,"исторический, фольклорный, фантастический, любовный",исторический,,,,,,0,3 лицо,"['военные', 'дворяне']",Москва,Отд. изд.,1,0,,"['военные', 'дворяне']",0,1,0,0,0,1,0,0,0,0,0,0,0,0,0,0,0,0,0,0,0,0,0,0,0,0,0,0,0,0,0,0,0,0,0,0,2,True
"Пушкин, Александр Сергеевич",Дубровский,,1841,мужской,0,роман основан на истинной истории о помещике-разбойнике,исторический,авантюрный,любовный,социально-психологический,,,1,3 лицо,['дворяне'],Санкт-Петербург,Отд. изд. (СС),1,1,pushkin_a_dubrovskij_1841.txt,['дворяне'],0,1,0,0,0,0,0,0,0,0,0,0,0,0,0,0,0,0,0,0,0,0,0,0,0,0,0,0,0,0,0,0,0,0,0,0,1,True
"Пушкин, Александр Сергеевич",Русский пелам,роман,1841,мужской,0,авантюрно-психологический роман,приключенческий,авантюрный,социально-психологический,светский,,,1,1 лицо,['nan'],,Отд. изд.,0,1,pushkin_a_russkij_pelam_1841.txt,['nan'],1,0,0,0,0,0,0,0,0,0,0,0,0,0,0,0,0,0,0,0,0,0,0,0,0,0,0,0,0,0,0,0,0,0,0,0,1,True
"Сенковский, Осип Иванович","Идеальная красавица, или Дева чудная",,1841,мужской,0,высмеивает традиц. романтич. сюжеты,юмористический,,,,,,0,1 лицо,['nan'],,Библиотека для чтения,0,0,,['nan'],1,0,0,0,0,0,0,0,0,0,0,0,0,0,0,0,0,0,0,0,0,0,0,0,0,0,0,0,0,0,0,0,0,0,0,0,1,True
"Фан-Дим, Федор",Александрина,"Небольшой роман, взятый из записок Юрия З.",1841,женский,1,светский,светский,,,,,,0,1 лицо,['дворяне'],,Рус.беседа. Собрание сочинений русских литераторов,0,0,,['дворяне'],0,1,0,0,0,0,0,0,0,0,0,0,0,0,0,0,0,0,0,0,0,0,0,0,0,0,0,0,0,0,0,0,0,0,0,0,1,True
"Фан-Дим, Федор",Голос за родное,повесть,1841,женский,1,светский,светский,,,,,,0,3 лицо,['дворяне'],,Маяк,0,0,,['дворяне'],0,1,0,0,0,0,0,0,0,0,0,0,0,0,0,0,0,0,0,0,0,0,0,0,0,0,0,0,0,0,0,0,0,0,0,0,1,True
"Филимонов, Владимир Сергеевич",Непостижимая,,1841,мужской,0,нравоописательный,описательный,,,,,,0,3 лицо,['дворяне'],Санкт-Петербург,Отд. изд.,1,0,,['дворяне'],0,1,0,0,0,0,0,0,0,0,0,0,0,0,0,0,0,0,0,0,0,0,0,0,0,0,0,0,0,0,0,0,0,0,0,0,1,True
"Штевен, Иван Петрович",Солнечный луч. Происшествие из времени Екатерины II,роман в 5 частях,1841,мужской,0,"исторический роман, уголовный",исторический,исторический,уголовный,авантюрный,,,0,3 лицо,"['военные', 'дворяне']",Санкт-Петербург,Отд. изд.,1,1,shteven_i_solnechnyj_luch_proisshestvie_iz_vremeni_ekateriny__1841.txt,"['военные', 'дворяне']",0,1,0,0,0,1,0,0,0,0,0,0,0,0,0,0,0,0,0,0,0,0,0,0,0,0,0,0,0,0,0,0,0,0,0,0,2,True
"Бакунина, Прасковья Михайловна",Одна из женщин XIX века,Эпизод из романа: Студенческая жизнь,1842,женский,0,социальный,социальный,социально-психологический,феминистский,,,,0,1 лицо,['падшая женщина'],,Москвитянин,0,1,bakunina_p_odna_iz_zhenshin__veka_1842.txt,['женщины'],0,0,0,0,0,0,0,0,0,0,0,0,0,0,0,1,0,0,0,0,0,0,0,0,0,0,0,0,0,0,0,0,0,0,0,0,1,True
"Бегичев, Дмитрий Никитич","Последствия услуги, оказанной кстати и вовремя",,1842,мужской,0,социально-психологический,социальный,,,,,,0,3 лицо,['дворяне'],Санкт-Петербург,Отд. изд.,1,0,,['дворяне'],0,1,0,0,0,0,0,0,0,0,0,0,0,0,0,0,0,0,0,0,0,0,0,0,0,0,0,0,0,0,0,0,0,0,0,0,1,True
"Воскресенский, Михаил Ильич",Сердце женщины,роман,1842,мужской,0,социально-любовный,социальный,,,,,,0,3 лицо,['дворяне'],Москва,Отд. изд.,1,0,,['дворяне'],0,1,0,0,0,0,0,0,0,0,0,0,0,0,0,0,0,0,0,0,0,0,0,0,0,0,0,0,0,0,0,0,0,0,0,0,1,True
"Гоголь, Николай Васильевич","Похождения Чичикова, или Мертвые души",поэма,1842,мужской,0,социальный,социальный,сатирический,плутовской,философский,авантюрный,,1,3 лицо,['дворяне'],Москва,Отд. изд.,1,1,gogol_n_mertvye_dushi_1842.txt,['дворяне'],0,1,0,0,0,0,0,0,0,0,0,0,0,0,0,0,0,0,0,0,0,0,0,0,0,0,0,0,0,0,0,0,0,0,0,0,1,True
"Загоскин, Михаил Николаевич",Кузьма Петрович Мирошев,Русская быль времен Екатерины II,1842,мужской,0,исторический,исторический,,,,,,0,3 лицо,['дворяне'],Москва,Отд. изд.,1,0,,['дворяне'],0,1,0,0,0,0,0,0,0,0,0,0,0,0,0,0,0,0,0,0,0,0,0,0,0,0,0,0,0,0,0,0,0,0,0,0,1,True
"Зражевская, Александра Васильевна",Женщина - поэт и автор,Отрывок из романа,1842,женский,0,"эпистолярный,",эпистолярный,эпистолярный,социально-психологический,,,,0,в письмах,['дворяне'],,Москвитянин,0,1,zrazhevskaya_a_zhenshina_-_poet_i_avtor_1842.txt,['дворяне'],0,1,0,0,0,0,0,0,0,0,0,0,0,0,0,0,0,0,0,0,0,0,0,0,0,0,0,0,0,0,0,0,0,0,0,0,1,True
"Кукольник, Нестор Васильевич",Альф и Альдона,исторический роман,1842,мужской,0,исторический,исторический,,,,,,0,3 лицо,['дворяне'],Санкт-Петербург,Отд. изд.,1,0,,['дворяне'],0,1,0,0,0,0,0,0,0,0,0,0,0,0,0,0,0,0,0,0,0,0,0,0,0,0,0,0,0,0,0,0,0,0,0,0,1,True
"Кукольник, Нестор Васильевич",Дурочка Луиза,Роман,1842,мужской,0,любовный,любовный,,,,,,0,,['дворяне'],,Библиотека для чтения,0,0,,['дворяне'],0,1,0,0,0,0,0,0,0,0,0,0,0,0,0,0,0,0,0,0,0,0,0,0,0,0,0,0,0,0,0,0,0,0,0,0,1,True
"Соловьев, Федор Николаевич",Неведомая,роман в 2 частях,1842,мужской,0,светский,светский,светский,психологический,любовный,,,0,3 лицо,"['дворяне', 'разночинцы', 'литераторы', 'литературные критики']",Москва,Отд. изд.,1,1,solovev_f_nevedomaya_1842.txt,"['дворяне', 'разночинцы', 'творческие люди']",0,1,0,1,0,0,0,0,0,0,0,0,0,1,0,0,0,0,0,0,0,0,0,0,0,0,0,0,0,0,0,0,0,0,0,0,3,True
"Соловьев, Федор Николаевич",Фамилия Кастальских,роман в трех частях,1842,мужской,0,"семейный, дворяне",семейный,,,,,,0,,['nan'],Москва,Отд. изд.,1,0,,['nan'],1,0,0,0,0,0,0,0,0,0,0,0,0,0,0,0,0,0,0,0,0,0,0,0,0,0,0,0,0,0,0,0,0,0,0,0,1,True
"Фан-Дим, Федор",Два призрака,роман,1842,женский,1,светский,светский,,,,,,0,1 и 3 лицо,['дворяне'],Санкт-Петербург,Отд. изд.,1,0,,['дворяне'],0,1,0,0,0,0,0,0,0,0,0,0,0,0,0,0,0,0,0,0,0,0,0,0,0,0,0,0,0,0,0,0,0,0,0,0,1,True
"Брант (Брандт), Леопольд Васильевич",Жизнь как она есть,"Записки неизвестного, изданные Л. Брантом",1843,мужской,0,светский,светский,светский,нравоописательный,бытовой,,,0,1 лицо,['дворяне'],Санкт-Петербург,Отд. изд.,1,1,brant_l_zhizn_kak_ona_est_1843.txt,['дворяне'],0,1,0,0,0,0,0,0,0,0,0,0,0,0,0,0,0,0,0,0,0,0,0,0,0,0,0,0,0,0,0,0,0,0,0,0,1,True
"Вельтман, Александр Фомич","Райна, королевна болгарская",,1843,мужской,0,исторический,исторический,исторический,авантюрный,,,,0,3 лицо,"['исторические лица', 'военные', 'дворяне']",,Библиотека для чтения,0,1,veltman_a_rajna_korolevna_bolgarskaya_1843.txt,"['легендарные исторические фигуры', 'военные', 'дворяне']",0,1,0,0,1,1,0,0,0,0,0,0,0,0,0,0,0,0,0,0,0,0,0,0,0,0,0,0,0,0,0,0,0,0,0,0,3,True
"Гребёнка, Евгений Павлович",Чайковский,Роман,1843,мужской,0,исторический,исторический,исторический,авантюрный,,,,0,1 лицо,['военные'],,Отечественные записки,0,1,grebenka_e_chajkovskij_1843.txt,['военные'],0,0,0,0,0,1,0,0,0,0,0,0,0,0,0,0,0,0,0,0,0,0,0,0,0,0,0,0,0,0,0,0,0,0,0,0,1,True
"Зотов, Владимир Рафаилович",Черный таракан,Фантастический роман из жизни одного чиновника,1843,мужской,0,фантастический,фантастический,фантастический,мистический,готический,,,0,1 лицо,"['чиновники', 'разночинцы']",,Пантеон,0,1,zotov_v_chernyj_tarakan_1843.txt,"['чиновники', 'разночинцы']",0,0,0,1,0,0,0,0,1,0,0,0,0,0,0,0,0,0,0,0,0,0,0,0,0,0,0,0,0,0,0,0,0,0,0,0,2,True
"Классен, Егор Иванович",Провинциальная жизнь,Описательный роман XIX века,1843,мужской,0,описательный роман,описательный,,,,,,0,3 лицо,"['дворяне', 'военные', 'чиновники']",Москва,Отд. изд.,1,0,,"['дворяне', 'военные', 'чиновники']",0,1,0,0,0,1,0,0,1,0,0,0,0,0,0,0,0,0,0,0,0,0,0,0,0,0,0,0,0,0,0,0,0,0,0,0,3,True
"Кукольник, Нестор Васильевич",Историческая красавица,Роман,1843,мужской,0,исторический,исторический,,,,,,0,,['дворяне'],,Библиотека для чтения,0,0,,['дворяне'],0,1,0,0,0,0,0,0,0,0,0,0,0,0,0,0,0,0,0,0,0,0,0,0,0,0,0,0,0,0,0,0,0,0,0,0,1,True
"Кулиш, Пантелеймон Александрович","Михайло Чарнышенко, или Малороссия восемьдесят лет назад",Соч. П. Кулеша,1843,мужской,0,"исторический, семейный",исторический,,,,,,0,3 лицо,['nan'],Киев,Отд. изд.,1,0,,['nan'],1,0,0,0,0,0,0,0,0,0,0,0,0,0,0,0,0,0,0,0,0,0,0,0,0,0,0,0,0,0,0,0,0,0,0,0,1,True
"Некрасов, Николай Алексеевич",Жизнь и похождения Тихона Тростникова,"Эпизод из жизни сотрудника газеты, знаменитой замысловатостью эпиграфа, — рассказанный коротким его приятелем",1843,мужской,0,"социально-психологический, разночинцы",социальный,социально-психологический,,,,,0,1 лицо,['nan'],,Отечественные записки,0,1,nekrasov_n_zhizn_i_pokhozhdeniya_tikhona_trostnikova_1843.txt,['nan'],1,0,0,0,0,0,0,0,0,0,0,0,0,0,0,0,0,0,0,0,0,0,0,0,0,0,0,0,0,0,0,0,0,0,0,0,1,True
"Протопопов, Александр Павлович",Отшельник,роман XIX века,1843,мужской,0,нравоописательный,описательный,,,,,,0,1 лицо,"['военные', 'монахи']",Москва,Отд. изд.,1,0,,"['военные', 'духовенство']",0,0,0,0,0,1,0,0,0,0,0,0,1,0,0,0,0,0,0,0,0,0,0,0,0,0,0,0,0,0,0,0,0,0,0,0,2,True
"Протопопов, Александр Павлович",Осада Троицко-Сергиевской лавры или русские в 1608 г.,Исторический ромам XVII века,1843,мужской,0,исторический роман; россия xvii в.,исторический,,,,,,0,3 лицо,"['исторические лица', 'дворяне', 'военные']",Санкт-Петербург,Отд. изд.,1,0,,"['легендарные исторические фигуры', 'дворяне', 'военные']",0,1,0,0,1,1,0,0,0,0,0,0,0,0,0,0,0,0,0,0,0,0,0,0,0,0,0,0,0,0,0,0,0,0,0,0,3,True
"Федоров, Борис Михайлович",Князь Курбский,исторический роман из событий XVI века,1843,мужской,0,исторический роман,исторический,,,,,,0,3 лицо,"['дворяне', 'исторические лица', 'военные']",Санкт-Петербург,Отд. изд.,1,0,,"['дворяне', 'легендарные исторические фигуры', 'военные']",0,1,0,0,1,1,0,0,0,0,0,0,0,0,0,0,0,0,0,0,0,0,0,0,0,0,0,0,0,0,0,0,0,0,0,0,3,True
"Воскресенский, Михаил Ильич",Самопожертвование,роман,1844,мужской,0,социально-психологический,социальный,,,,,,0,3 лицо,['дворяне'],Москва,Отд. изд.,1,0,,['дворяне'],0,1,0,0,0,0,0,0,0,0,0,0,0,0,0,0,0,0,0,0,0,0,0,0,0,0,0,0,0,0,0,0,0,0,0,0,1,True
"Гребёнка, Евгений Павлович",Доктор,повесть,1844,мужской,0,социально-психологический,социальный,,,,,,0,3 лицо,['дворяне'],,Отечественные записки,0,0,,['дворяне'],0,1,0,0,0,0,0,0,0,0,0,0,0,0,0,0,0,0,0,0,0,0,0,0,0,0,0,0,0,0,0,0,0,0,0,0,1,True
"Зотов, Рафаил Михайлович",Бородинское ядро и Березинская переправа,Исторический роман,1844,мужской,0,исторический,исторический,исторический,военный,авантюрный,,,0,3 лицо,['военные'],,Пантеон,0,1,zotov_r_borodinskoe_yadro_i_berezinskaya_pereprava_1844.txt,['военные'],0,0,0,0,0,1,0,0,0,0,0,0,0,0,0,0,0,0,0,0,0,0,0,0,0,0,0,0,0,0,0,0,0,0,0,0,1,True
"Кукольник, Нестор Васильевич","Два Ивана, два Степаныча, два Костылькова",Роман,1844,мужской,0,исторический,исторический,,,,,,0,3 лицо,"['крестьяне', 'помещики']",,Библиотека для чтения,0,0,,"['крестьяне', 'помещики']",0,0,0,0,0,0,1,0,0,0,0,0,0,0,0,0,1,0,0,0,0,0,0,0,0,0,0,0,0,0,0,0,0,0,0,0,2,True
"Одоевский, Владимир Федорович",Русские ночи,,1844,мужской,0,"философский, социально-психологический",философский,философский,социально-психологический,,,,0,3 лицо,"['дворяне', 'разночинцы']",Санкт-Петербург,Отд. изд.,1,1,odoevskij_v_russkie_nochi_1844.txt,"['дворяне', 'разночинцы']",0,1,0,1,0,0,0,0,0,0,0,0,0,0,0,0,0,0,0,0,0,0,0,0,0,0,0,0,0,0,0,0,0,0,0,0,2,True
"Бегичев, Дмитрий Никитич",Записки губернского чиновника,,1845,мужской,0,социально-психологический,социальный,,,,,,0,1 лицо,['чиновник'],Санкт-Петербург,Сто русских литераторов,1,0,,['чиновники'],0,0,0,0,0,0,0,0,1,0,0,0,0,0,0,0,0,0,0,0,0,0,0,0,0,0,0,0,0,0,0,0,0,0,0,0,1,True
"Булгарин, Фаддей Венедиктович (совместно с Полевым Николаем Алексеевичем)",Счастье лучше богатырства,"рукопись, найденная и изданная",1845,мужской,0,социально-психологический,социальный,,,,,,0,1 лицо,['разночинцы'],,Библиотека для чтения,0,0,,['разночинцы'],0,0,0,1,0,0,0,0,0,0,0,0,0,0,0,0,0,0,0,0,0,0,0,0,0,0,0,0,0,0,0,0,0,0,0,0,1,True
"Вельтман, Александр Фомич","Новый Емеля, или превращения",роман,1845,мужской,0,"фантастический, сатирический",фантастический,,,,,,0,3 лицо,['дворяне'],Москва,Отд. изд.,1,0,,['дворяне'],0,1,0,0,0,0,0,0,0,0,0,0,0,0,0,0,0,0,0,0,0,0,0,0,0,0,0,0,0,0,0,0,0,0,0,0,1,True
"Зряхов, Николай Ильич","Геройство и любовь, или Замок на берегах Дона",российско-исторический роман,1845,мужской,0,"исторический, приключенческий, иван грозный",исторический,,,,,,0,3 лицо,"['бояре', 'казаки']",Москва,Отд. изд.,1,0,,"['бояре', 'казаки']",0,0,0,0,0,0,0,0,0,0,0,0,0,0,0,0,0,0,0,0,0,1,1,0,0,0,0,0,0,0,0,0,0,0,0,0,2,True
"Ковалевский, Егор Петрович",Петербург днем и ночью,,1845,мужской,0,социально-авантюрный роман-фельетон,социальный,авантюрный,бытовой,,,,0,3 лицо,['nan'],,Библиотека для чтения,0,1,kovalevskij_e_peterburg_dnem_i_nochyu_1845.txt,['nan'],1,0,0,0,0,0,0,0,0,0,0,0,0,0,0,0,0,0,0,0,0,0,0,0,0,0,0,0,0,0,0,0,0,0,0,0,1,True
"Кукольник, Нестор Васильевич",Три периода,Сочинение Н.В. Кукольника,1845,мужской,0,"исторический, помещики, чиновники",исторический,,,,,,0,3 лицо,['nan'],,Библиотека для чтения,0,0,,['nan'],1,0,0,0,0,0,0,0,0,0,0,0,0,0,0,0,0,0,0,0,0,0,0,0,0,0,0,0,0,0,0,0,0,0,0,0,1,True
"Машков, Петр Алексеевич",Тайна жизни,Сочинение П. Машкова,1845,мужской,0,,,,,,,,0,,['nan'],Санкт-Петербург,Отд. изд.,1,0,,['nan'],1,0,0,0,0,0,0,0,0,0,0,0,0,0,0,0,0,0,0,0,0,0,0,0,0,0,0,0,0,0,0,0,0,0,0,0,1,True
"Павлова, Каролина Карловна",Двойная жизнь,очерк,1845,женский,0,автобиографический,биографический,социально-психологический,,,,,0,3 лицо,['дворяне'],,Москвитянин; Московский сборник на 1847 год,0,1,pavlova_k_dvojnaya_zhizn_1845.txt,['дворяне'],0,1,0,0,0,0,0,0,0,0,0,0,0,0,0,0,0,0,0,0,0,0,0,0,0,0,0,0,0,0,0,0,0,0,0,0,1,True
"Панаев, Иван Иванович",Маменькин сынок,Роман в двух частях,1845,мужской,0,социально-психологический,социальный,,,,,,0,3 лицо,['nan'],,Отечественные записки,0,0,,['nan'],1,0,0,0,0,0,0,0,0,0,0,0,0,0,0,0,0,0,0,0,0,0,0,0,0,0,0,0,0,0,0,0,0,0,0,0,1,True
"Потапов, Василий Федорович","Марфа Васильевна, третья супруга Иоанна Грозного",Исторический роман XVI века в 2 частях,1845,мужской,0,исторический,исторический,,,,,,0,3 лицо,['бояре'],Москва,Отд. изд.,1,0,,['бояре'],0,0,0,0,0,0,0,0,0,0,0,0,0,0,0,0,0,0,0,0,0,0,1,0,0,0,0,0,0,0,0,0,0,0,0,0,1,True
"Шишкина, Олимпиада Петровна","Прокопий Ляпунов, или междуцарствие в России","Продолжение ""Князя Скопина-Шуйского"", сочинение того же автора",1845,женский,0,исторический роман; россия времен смуты,исторический,исторический,авантюрный,,,,0,3 лицо,['nan'],Санкт-Петербург,Отд. изд.,1,1,shishkina_o_prokopij_lyapunov_ili_mezhduzarstvie_v_rossii_1845.txt,['nan'],1,0,0,0,0,0,0,0,0,0,0,0,0,0,0,0,0,0,0,0,0,0,0,0,0,0,0,0,0,0,0,0,0,0,0,0,1,True
"Вельтман, Александр Фомич",Саломея,"приключения, почерпнутые из моря житейского",1846,мужской,0,соц.-психологический,социальный,социально-психологический,любовный,светский,,,0,3 лицо,"['персонажи разных сословий', 'дворяне', 'разночинцы', 'военные']",,Библиотека для чтения,0,1,veltman_a_salomeya_1846.txt,"['разночинцы', 'дворяне', 'военные']",0,1,0,1,0,1,0,0,0,0,0,0,0,0,0,0,0,0,0,0,0,0,0,0,0,0,0,0,0,0,0,0,0,0,0,0,3,True
"Достоевский, Федор Михайлович",Бедные люди,Роман,1846,мужской,0,социально-психологический,социальный,социально-психологический,сентиментальный,эпистолярный,,,1,в письмах,"['чиновники', 'разночинцы']",Санкт-Петербург,Петербургский сборник,1,1,dostoevskij_f_bednye_lyudi_1846.txt,"['чиновники', 'разночинцы']",0,0,0,1,0,0,0,0,1,0,0,0,0,0,0,0,0,0,0,0,0,0,0,0,0,0,0,0,0,0,0,0,0,0,0,0,2,True
"Загоскин, Михаил Николаевич",Брынский лес,Эпизод из первых годов царствования Петра Великого,1846,мужской,0,исторический,исторический,исторический,приключенческий,бытовой,авантюрный,,1,3 лицо,['аристократия'],Москва,Отд. изд.,1,1,zagoskin_m_brynskij_les_1846.txt,['аристократы'],0,0,1,0,0,0,0,0,0,0,0,0,0,0,0,0,0,0,0,0,0,0,0,0,0,0,0,0,0,0,0,0,0,0,0,0,1,True
"Корсини, Мария Антоновна",Институтка,Повесть,1846,женский,0,автобиографический роман,биографический,,,,,,0,1 лицо,['институтка'],Санкт-Петербург,"Мысли и повести, посвященные юношеству",1,0,,['женщины'],0,0,0,0,0,0,0,0,0,0,0,0,0,0,0,1,0,0,0,0,0,0,0,0,0,0,0,0,0,0,0,0,0,0,0,0,1,True
"Кузьмич, Александр Петрович",Зиновий-Богдан Хмельницкий,сочинение Александра Кузьмича,1846,мужской,0,"исторический, авантюрный",исторический,,,,,,0,3 лицо,['казаки'],Санкт-Петербург,Отд. изд.,1,0,,['казаки'],0,0,0,0,0,0,0,0,0,0,0,0,0,0,0,0,0,0,0,0,0,1,0,0,0,0,0,0,0,0,0,0,0,0,0,0,1,True
"Машков, Петр Алексеевич","Юмористические рассказы нашего времени, издаваемые Абракадаброю. Вот тебе и Марья Петровна! или Занимательные похождения помощника столоначальника Феклиста Парамоновича Вертихвостова",Вот тебе и Марья Петровна! или Занимательные похождения помощника столоначальника Феклиста Парамоновича Вертихвостова,1846,мужской,0,"авантюрно-сентиментальный, пикареска",приключенческий,,,,,,0,3 лицо,['чииновник'],Санкт-Петербург,Отд. изд.,1,0,,['чиновники'],0,0,0,0,0,0,0,0,1,0,0,0,0,0,0,0,0,0,0,0,0,0,0,0,0,0,0,0,0,0,0,0,0,0,0,0,1,True
"Потапов, Василий Федорович","Иван Великий, или Таинственная юродивая","исторический роман времен Бориса Годунова, Лжедмитрия и царя Василия Иоанновича Шуйского",1846,мужской,0,исторический,исторический,исторический,мистический,религиозный,,,0,3 лицо,['аристократия'],Москва,Отд. изд.,1,1,potapov_v_ivan_velikij_ili_tainstvennaya_yurodivaya_1846.txt,['аристократы'],0,0,1,0,0,0,0,0,0,0,0,0,0,0,0,0,0,0,0,0,0,0,0,0,0,0,0,0,0,0,0,0,0,0,0,0,1,True
"Потапов, Василий Федорович",Раскольники,исторический роман,1846,мужской,0,исторический,исторический,,,,,,0,3 лицо,['купцы'],Москва,Отд. изд.,1,0,,['купцы'],0,0,0,0,0,0,0,1,0,0,0,0,0,0,0,0,0,0,0,0,0,0,0,0,0,0,0,0,0,0,0,0,0,0,0,0,1,True
"Хамар-Дабанов, Е.",Проделки на Кавказе,Сочинение Е. Хамар-Дабанова,1846,женский,1,соц.-психологический роман,социальный,социально-психологический,этнографический,сатирический,,,0,3 лицо,"['военные', 'дворяне']",Санкт-Петербург; Лейпциг,Отд. изд.,1,1,lachinova_e_prodelki_na_kavkaze_1846.txt,"['военные', 'дворяне']",0,1,0,0,0,1,0,0,0,0,0,0,0,0,0,0,0,0,0,0,0,0,0,0,0,0,0,0,0,0,0,0,0,0,0,0,2,True
"Герцен, Александр Иванович",Кто виноват?,роман,1847,мужской,0,"социально-психологический, философский",социальный,социально-психологический,философский,идеологический,,,1,3 лицо,"['дворяне', 'разночинцы']",,Современник,0,1,gerzen_a_kto_vinovat_1847.txt,"['дворяне', 'разночинцы']",0,1,0,1,0,0,0,0,0,0,0,0,0,0,0,0,0,0,0,0,0,0,0,0,0,0,0,0,0,0,0,0,0,0,0,0,2,True
"Гончаров, Иван Александрович",Обыкновенная история,роман,1847,мужской,0,"роман воспитания, социально-психологический",воспитания,роман воспитания,социально-психологический,семейный,,,1,3 лицо,['двояне'],,Современник,0,1,goncharov_i_obyknovennaya_istoriya_1847.txt,['дворяне'],0,1,0,0,0,0,0,0,0,0,0,0,0,0,0,0,0,0,0,0,0,0,0,0,0,0,0,0,0,0,0,0,0,0,0,0,1,True
"Гурьянов, Иван Гавриилович","Дмитрий Иоаннович Донской, или Ужасное Мамаево Побоище",повесть XIV столетия,1847,мужской,0,исторический роман,исторический,,,,,,0,3 лицо,"['легендарная историческая фигура - князь', 'дмитрий донской']",Москва,Отд. изд.,1,0,,['легендарные исторические фигуры'],0,0,0,0,1,0,0,0,0,0,0,0,0,0,0,0,0,0,0,0,0,0,0,0,0,0,0,0,0,0,0,0,0,0,0,0,1,True
"Закревская, Софья Алексеевна",Креницы,Роман в двух частях С. А. Закревской,1847,женский,0,семейно-бытовой,семейный,,,,,,0,3 лицо,['дворяне'],,Финский вестник,0,0,,['дворяне'],0,1,0,0,0,0,0,0,0,0,0,0,0,0,0,0,0,0,0,0,0,0,0,0,0,0,0,0,0,0,0,0,0,0,0,0,1,True
"Зубов, Платон Павлович","Талисман, или Кавказ в последние годы царствования императрицы Екатерины II",исторический роман в 2-х ч,1847,мужской,0,"исторический, любовный",исторический,,,,,,0,3 лицо,"['горцы', 'дворяне']",Санкт-Петербург,Отд. изд.,1,0,,"['народности и этнические группы', 'дворяне']",0,1,0,0,0,0,0,0,0,1,0,0,0,0,0,0,0,0,0,0,0,0,0,0,0,0,0,0,0,0,0,0,0,0,0,0,2,True
"Корф, Федор Федорович",Как люди богатеют,повесть в 2 частях,1847,мужской,0,социально-бытовой,социальный,,,,,,0,3 лицо,['nan'],,Современник,0,0,,['nan'],1,0,0,0,0,0,0,0,0,0,0,0,0,0,0,0,0,0,0,0,0,0,0,0,0,0,0,0,0,0,0,0,0,0,0,0,1,True
"Масальский, Константин Петрович",Дворянин Лука Лукич Брюквин,роман,1847,мужской,0,социальный,социальный,,,,,,0,3 лицо,['дворяне'],,Сын Отечества,0,0,,['дворяне'],0,1,0,0,0,0,0,0,0,0,0,0,0,0,0,0,0,0,0,0,0,0,0,0,0,0,0,0,0,0,0,0,0,0,0,0,1,True
"Сухонин, Петр Петрович",Спекуляторы,роман,1847,мужской,1,"деловой роман, приключенческий, спекуляторы",приключенческий,авантюрный,нравоописательный,,,,0,3 лицо,['nan'],,Библиотека для чтения,0,1,sukhonin_p_spekulyatory_1847.txt,['nan'],1,0,0,0,0,0,0,0,0,0,0,0,0,0,0,0,0,0,0,0,0,0,0,0,0,0,0,0,0,0,0,0,0,0,0,0,1,True
"Фурман, Петр Романович",Александр Данилович Меньшиков,исторический роман,1847,мужской,0,исторический,исторический,,,,,,0,3 лицо,"['исторические лица', 'аристократы', 'военные']",Санкт-Петербург,Отд. изд.,1,0,,"['легендарные исторические фигуры', 'аристократы', 'военные']",0,0,1,0,1,1,0,0,0,0,0,0,0,0,0,0,0,0,0,0,0,0,0,0,0,0,0,0,0,0,0,0,0,0,0,0,3,True
"Загоскин, Михаил Васильевич",Русские в начале осьмнадцатого столетия,Рассказ из времен единодержавия Петра 1,1848,мужской,0,исторический,исторический,исторический,бытовой,приключенческий,,,0,3 лицо,"['истрические лица', 'дворяне']",Москва,Отд. изд.,1,1,zagoskin_m_russkie_v_nachale_osmnadzatogo_stoletiya_1848.txt,"['легендарные исторические фигуры', 'дворяне']",0,1,0,0,1,0,0,0,0,0,0,0,0,0,0,0,0,0,0,0,0,0,0,0,0,0,0,0,0,0,0,0,0,0,0,0,2,True
"Зряхов, Николай Ильич","Дагестанский пленник, или Неуловимый мститель",Закавказский роман,1848,мужской,0,"приключенческий, любовный, народ, кавказский",приключенческий,,,,,,0,,['nan'],Москва,Отд. изд.,1,0,,['nan'],1,0,0,0,0,0,0,0,0,0,0,0,0,0,0,0,0,0,0,0,0,0,0,0,0,0,0,0,0,0,0,0,0,0,0,0,1,True
"Корсини, Мария Антоновна",Семья ассессорши,,1848,женский,0,семейный,семейный,,,,,,0,3 лицо,"['разночинцы', 'чиновники']",Санкт-Петербург,Отд. изд.,1,0,,"['разночинцы', 'чиновники']",0,0,0,1,0,0,0,0,1,0,0,0,0,0,0,0,0,0,0,0,0,0,0,0,0,0,0,0,0,0,0,0,0,0,0,0,2,True
"Корсини, Мария Антоновна",Любовь светских людей,,1848,женский,0,сатирический;,юмористический,,,,,,0,,['nan'],Санкт-Петербург,Отд. изд.,1,0,,['nan'],1,0,0,0,0,0,0,0,0,0,0,0,0,0,0,0,0,0,0,0,0,0,0,0,0,0,0,0,0,0,0,0,0,0,0,0,1,True
"Некрасов, Николай Алексеевич, Панаева, Авдотья Яковлевна, Панаев, Ипполит Александрович",Три страны света,роман,1848,мужской и женский,0,приключенческий,приключенческий,приключенческий,авантюрный,,,,1,3 лицо,"['разночинцы', 'дворяне', 'крестьяне']",,Современник,0,1,nekrasov_n_tri_strany_sveta_1848.txt,"['разночинцы', 'дворяне', 'крестьяне']",0,1,0,1,0,0,1,0,0,0,0,0,0,0,0,0,0,0,0,0,0,0,0,0,0,0,0,0,0,0,0,0,0,0,0,0,3,True
"Плохово, А.Н.","Сумский, или Нечто вроде были",Сочинение Александры Плохово,1848,женский,0,любовный роман,любовный,любовный,светский,психологический,,,0,3 лицо,"['дворяне', 'разночинцы']",Москва,Отд. изд.,1,1,plokhovo_a_sumskij_ili_nechto_vrode_byli_1848.txt,"['дворяне', 'разночинцы']",0,1,0,1,0,0,0,0,0,0,0,0,0,0,0,0,0,0,0,0,0,0,0,0,0,0,0,0,0,0,0,0,0,0,0,0,2,True
"Разин, Алексей Егорович",Жизнь и приключения домашнего учителя,Роман: В 4 ч.,1848,мужской,0,"автобиография, учитель",биографический,,,,,,0,,['nan'],,Северное обозрение,0,0,,['nan'],1,0,0,0,0,0,0,0,0,0,0,0,0,0,0,0,0,0,0,0,0,0,0,0,0,0,0,0,0,0,0,0,0,0,0,0,1,True
"Розен, Егор Федорович",Сидонский,Роман,1848,мужской,0,русский философ сидонский,философский,,,,,,0,,['nan'],,Сын отечества,0,0,,['nan'],1,0,0,0,0,0,0,0,0,0,0,0,0,0,0,0,0,0,0,0,0,0,0,0,0,0,0,0,0,0,0,0,0,0,0,0,1,True
"Сементовский, Николай Максимович",Баронесса Флагсберг,роман,1848,мужской,0,"мистический роман, романтический роман",фантастический,,,,,,0,,['дворяне'],,Пантеон,0,0,,['дворяне'],0,1,0,0,0,0,0,0,0,0,0,0,0,0,0,0,0,0,0,0,0,0,0,0,0,0,0,0,0,0,0,0,0,0,0,0,1,True
"Фурман, Петр Романович",Дочь шута,роман в 3 частях,1848,мужской,0,исторический,исторический,,,,,,0,3 лицо,"['раскольники', '18 век']",Санкт-Петербург,Отд. изд.,1,0,,['сектанты'],0,0,0,0,0,0,0,0,0,0,0,0,0,0,0,0,0,0,0,1,0,0,0,0,0,0,0,0,0,0,0,0,0,0,0,0,1,True
"Фурман, Петр Романович",Несостоявшаяся женитьба,Историческая повесть 1725 и 1726 годов. В двух частях,1848,мужской,0,,,,,,,,0,3 лицо,['nan'],,Сын отечества,0,0,,['nan'],1,0,0,0,0,0,0,0,0,0,0,0,0,0,0,0,0,0,0,0,0,0,0,0,0,0,0,0,0,0,0,0,0,0,0,0,1,True
"Авдеев, Михаил Васильевич",Тамарин,трилогия,1849,мужской,0,соц.-психологический,социальный,социально-психологический,светский,,,,0,1 лицо,['дворяне'],,Современник,0,1,avdeev_m_tamarin_1849.txt,['дворяне'],0,1,0,0,0,0,0,0,0,0,0,0,0,0,0,0,0,0,0,0,0,0,0,0,0,0,0,0,0,0,0,0,0,0,0,0,1,True
"Вельтман, Александр Фомич",Чудодей,Роман,1849,мужской,0,социально-психологический,социальный,,,,,,0,3 лицо,['дворяне'],Москва,Москвитянин,1,0,,['дворяне'],0,1,0,0,0,0,0,0,0,0,0,0,0,0,0,0,0,0,0,0,0,0,0,0,0,0,0,0,0,0,0,0,0,0,0,0,1,True
"Вистенгоф, Павел Федорович",Урод,роман в 2 частях,1849,мужской,0,исторический,исторический,,,,,,0,1 лицо,"['дворяне', 'иностранцы']",Москва,Отд. изд.,1,0,,"['дворяне', 'народности и этнические группы']",0,1,0,0,0,0,0,0,0,1,0,0,0,0,0,0,0,0,0,0,0,0,0,0,0,0,0,0,0,0,0,0,0,0,0,0,2,True
"Достоевский, Федор Михайлович",Неточка Незванова,История одной женищны,1849,мужской,0,социально-психологический,социальный,социально-психологический,роман воспитания,,,,1,1 лицо,['разночинцы'],,Отечественные записки,0,1,dostoevskij_f_netochka_nezvanova_1849.txt,['разночинцы'],0,0,0,1,0,0,0,0,0,0,0,0,0,0,0,0,0,0,0,0,0,0,0,0,0,0,0,0,0,0,0,0,0,0,0,0,1,True
"Дружинин, Александр Васильевич",Жюли,роман,1849,мужской,0,роман,,,,,,,0,3 лицо,['nan'],,Современник,0,0,,['nan'],1,0,0,0,0,0,0,0,0,0,0,0,0,0,0,0,0,0,0,0,0,0,0,0,0,0,0,0,0,0,0,0,0,0,0,0,1,True
"Пальм, Александр Иванович",Жак Бичовкин,роман,1849,мужской,0,"лишний человек, ""печорин""",психологический,,,,,,0,,['nan'],,Отечественные записки,0,0,,['nan'],1,0,0,0,0,0,0,0,0,0,0,0,0,0,0,0,0,0,0,0,0,0,0,0,0,0,0,0,0,0,0,0,0,0,0,0,1,True
"Сементовский, Николай Максимович",Золотая грамота,роман,1849,мужской,0,исторический роман,исторический,,,,,,0,,['nan'],,Иллюстрация,0,0,,['nan'],1,0,0,0,0,0,0,0,0,0,0,0,0,0,0,0,0,0,0,0,0,0,0,0,0,0,0,0,0,0,0,0,0,0,0,0,1,True
"Толбин, Василий Васильевич",Любинька,Повесть,1849,мужской,0,,,,,,,,0,1 лицо,['nan'],,Северное обозрение,0,0,,['nan'],1,0,0,0,0,0,0,0,0,0,0,0,0,0,0,0,0,0,0,0,0,0,0,0,0,0,0,0,0,0,0,0,0,0,0,0,1,True
"Фурман, Петр Романович",Добро и зло,роман,1849,мужской,0,социално-психологический,социальный,,,,,,0,3 лицо,['разночинцы'],Санкт-Петербург,Отд. изд.,1,0,,['разночинцы'],0,0,0,1,0,0,0,0,0,0,0,0,0,0,0,0,0,0,0,0,0,0,0,0,0,0,0,0,0,0,0,0,0,0,0,0,1,True
"Воскресенский, Михаил Ильич",Мудреный контракт,Роман,1850,мужской,0,светский,светский,,,,,,0,3 лицо,"['дворяне', 'помещики']",Санкт-Петербург,Пантеон,1,0,,"['дворяне', 'помещики']",0,1,0,0,0,0,0,0,0,0,0,0,0,0,0,0,1,0,0,0,0,0,0,0,0,0,0,0,0,0,0,0,0,0,0,0,2,True
"Зотов, Владимир Рафаилович",Коломенская роза,роман из первых годов девятнадцатого столетия,1850,мужской,0,,,,,,,,0,3 лицо,['nan'],,Отечественные записки,0,0,,['nan'],1,0,0,0,0,0,0,0,0,0,0,0,0,0,0,0,0,0,0,0,0,0,0,0,0,0,0,0,0,0,0,0,0,0,0,0,1,True
"Зотов, Владимир Рафаилович",Старый дом,роман в 8 частях и с прологом,1850,мужской,0,приключенческий,приключенческий,,,,,,0,3 лицо,"['аристократы', 'авантюристы']",,Отечественные записки,0,0,,"['аристократы', 'криминальный мир']",0,0,1,0,0,0,0,0,0,0,1,0,0,0,0,0,0,0,0,0,0,0,0,0,0,0,0,0,0,0,0,0,0,0,0,0,2,True
"Зотов, Рафаил Михайлович","Два брата, или Москва в 1812 г.",роман,1850,мужской,0,исторический,исторический,исторический,семейный,военный,,,0,3 лицо,"['военные', 'дворяне']",Санкт-Петербург,Отд. изд.,1,1,zotov_r_dva_brata_ili_moskva_v__godu_1850.txt,"['военные', 'дворяне']",0,1,0,0,0,1,0,0,0,0,0,0,0,0,0,0,0,0,0,0,0,0,0,0,0,0,0,0,0,0,0,0,0,0,0,0,2,True
"Тур, Евгения",Племянница,Роман. Сочинение Евгении Тур,1850,женский,1,"дворяне, певица, свет, ""женский""",женский,,,,,,0,3 лицо,['nan'],,Современник,0,0,,['nan'],1,0,0,0,0,0,0,0,0,0,0,0,0,0,0,0,0,0,0,0,0,0,0,0,0,0,0,0,0,0,0,0,0,0,0,0,1,True
"Бегичев, Дмитрий Никитич",Быт русского дворянина в разных эпохах и обстоятельствах его жизни,,1851,мужской,0,"исторический, социально-психологический",исторический,,,,,,0,1 лицо,['дворяне'],Москва,Отд. изд.,1,0,,['дворяне'],0,1,0,0,0,0,0,0,0,0,0,0,0,0,0,0,0,0,0,0,0,0,0,0,0,0,0,0,0,0,0,0,0,0,0,0,1,True
"Вонлярлярский, Василий Александрович",Силуэт,Роман в 3 частях,1851,мужской,0,авантюрный,приключенческий,,,,,,0,3 лицо,"['чиновники', 'дворяне', 'помещики', 'крестьяне']",Москва,Отечественные записки,1,0,,"['чиновники', 'дворяне', 'помещики', 'крестьяне']",0,1,0,0,0,0,1,0,1,0,0,0,0,0,0,0,1,0,0,0,0,0,0,0,0,0,0,0,0,0,0,0,0,0,0,0,4,True
"Кукольник, Нестор Васильевич","Иоанн III, собиратель земли русской",исторический роман Нестора Кукольника,1851,мужской,0,исторический роман,исторический,исторический,политический,,,,0,3 лицо,"['купцы', 'промышленники']",Санкт-Петербург,Отд. изд.,1,1,kukolnik_n_ioann__sobiratel_zemli_russkoj_1851.txt,['купцы'],0,0,0,0,0,0,0,1,0,0,0,0,0,0,0,0,0,0,0,0,0,0,0,0,0,0,0,0,0,0,0,0,0,0,0,0,1,True
"Некрасов, Николай Алексеевич, Панаева, Авдотья Яковлевна, Панаев, Ипполит Александрович",Мертвое озеро,роман,1851,мужской и женский,0,социально-психологический,социальный,социально-психологический,бытовой,,,,0,3 лицо,['дворяне'],,Современник,0,1,nekrasov_n_mertvoe_ozero_1851.txt,['дворяне'],0,1,0,0,0,0,0,0,0,0,0,0,0,0,0,0,0,0,0,0,0,0,0,0,0,0,0,0,0,0,0,0,0,0,0,0,1,True
"Писемский, Алексей Феофилактович",Богатый жених,Роман в двух частях,1851,мужской,0,"социально-психологический, дворяне",социальный,,,,,,0,3 лицо,"['дворяне', 'крестьяне']",,Современник,0,0,,"['дворяне', 'крестьяне']",0,1,0,0,0,0,1,0,0,0,0,0,0,0,0,0,0,0,0,0,0,0,0,0,0,0,0,0,0,0,0,0,0,0,0,0,2,True
"Ростопчина, Евдокия Петровна",Счастливая женщина,Современная биография,1851,женский,0,социально-психологический,социальный,социально-психологический,светский,,,,0,3 лицо,"['дворяне', 'крестьяне']",,Москвитянин,0,1,rostopchina_e_schastlivaya_zhenshina_1851.txt,"['дворяне', 'крестьяне']",0,1,0,0,0,0,1,0,0,0,0,0,0,0,0,0,0,0,0,0,0,0,0,0,0,0,0,0,0,0,0,0,0,0,0,0,2,True
"Сементовский, Николай Максимович",Потемкин как казак войска запорожского,Роман в двух частях с картинами,1851,мужской,0,исторический,исторический,,,,,,0,3 лицо,['военные'],Санкт-Петербург,Отд. изд.,1,0,,['военные'],0,0,0,0,0,1,0,0,0,0,0,0,0,0,0,0,0,0,0,0,0,0,0,0,0,0,0,0,0,0,0,0,0,0,0,0,1,True
"Вонлярлярский, Василий Александрович",Большая барыня,,1852,мужской,0,социально-психологический,социальный,социально-психологический,бытовой,,,,0,3 лицо,"['дворяне', 'военные']",,Отд. изд.,0,1,vonlyarlyarskij_v_bolshaya_barynya_1852.txt,"['дворяне', 'военные']",0,1,0,0,0,1,0,0,0,0,0,0,0,0,0,0,0,0,0,0,0,0,0,0,0,0,0,0,0,0,0,0,0,0,0,0,2,True
"Вонлярлярский, Василий Александрович",Магистр,Роман,1852,мужской,0,авантюрный,приключенческий,,,,,,0,3 лицо,"['чиновники', 'дворяне', 'помещики', 'крестьяне']",Москва,Отечественные записки,1,0,,"['чиновники', 'дворяне', 'помещики', 'крестьяне']",0,1,0,0,0,0,1,0,1,0,0,0,0,0,0,0,1,0,0,0,0,0,0,0,0,0,0,0,0,0,0,0,0,0,0,0,4,True
"Григорович, Дмитрий Васильевич",Проселочные дороги,Роман без интриги,1852,мужской,0,социально-психологический,социальный,социально-психологический,бытовой,,,,0,3 лицо,"['дворяне', 'крестьяне']",,Отечественные записки,0,1,grigorovich_d_proselochnye_dorogi_1852.txt,"['дворяне', 'крестьяне']",0,1,0,0,0,0,1,0,0,0,0,0,0,0,0,0,0,0,0,0,0,0,0,0,0,0,0,0,0,0,0,0,0,0,0,0,2,True
"Достоевский, Михаил Михайлович",Брат и сестра,Эпизод из романа,1852,мужской,0,роман,,,,,,,0,3 лицо,['nan'],,Пантеон,0,0,,['nan'],1,0,0,0,0,0,0,0,0,0,0,0,0,0,0,0,0,0,0,0,0,0,0,0,0,0,0,0,0,0,0,0,0,0,0,0,1,True
"Зотов, Владимир Рафаилович",Человек с характером,Роман в двух частях,1852,мужской,0,,,социально-психологический,бытовой,,,,0,3 лицо,['nan'],,Библиотека для чтения,0,1,zotov_v_chelovek_s_kharakterom_1852.txt,['nan'],1,0,0,0,0,0,0,0,0,0,0,0,0,0,0,0,0,0,0,0,0,0,0,0,0,0,0,0,0,0,0,0,0,0,0,0,1,True
"Кулиш, Пантелеймон Александрович",Алексей Однорог,Исторический роман,1852,мужской,0,"исторический, социально-психологический",исторический,,,,,,0,3 лицо,['nan'],,Современник,0,0,,['nan'],1,0,0,0,0,0,0,0,0,0,0,0,0,0,0,0,0,0,0,0,0,0,0,0,0,0,0,0,0,0,0,0,0,0,0,0,1,True
"Лунский, Евгений (С.К.)","Брак, каких мало",Роман в 2 частях,1852,женский,1,любовный,любовный,,,,,,0,3 лицо,"['дворяне', 'разночнцы']",,Пантеон,0,0,,"['дворяне', 'разночинцы']",0,1,0,1,0,0,0,0,0,0,0,0,0,0,0,0,0,0,0,0,0,0,0,0,0,0,0,0,0,0,0,0,0,0,0,0,2,True
"Николаевич, И.",Приворотное зелье,Роман в трех частях,1852,мужской,1,исторический (?),исторический,исторический,авантюрный,мистический,,,0,1 лицо,['nan'],Москва,Отд. изд.,1,1,mech_i_privorotnoe_zele_1852.txt,['nan'],1,0,0,0,0,0,0,0,0,0,0,0,0,0,0,0,0,0,0,0,0,0,0,0,0,0,0,0,0,0,0,0,0,0,0,0,1,True
"Николаевич, И.","Битва русских с турками, или Ужасы балканских пещер, и таинственная мусульманка, или Красный мальчик",Роман… с хорами и маршами,1852,мужской,1,исторический,исторический,,,,,,0,,['nan'],Москва,Отд. изд.,1,0,,['nan'],1,0,0,0,0,0,0,0,0,0,0,0,0,0,0,0,0,0,0,0,0,0,0,0,0,0,0,0,0,0,0,0,0,0,0,0,1,True
"Панаев, Иван Иванович",Львы в провинции,Роман в трех частях,1852,мужской,0,"любовный, социально-психологический",любовный,,,,,,0,3 лицо,['дворяне'],,Современник,0,0,,['дворяне'],0,1,0,0,0,0,0,0,0,0,0,0,0,0,0,0,0,0,0,0,0,0,0,0,0,0,0,0,0,0,0,0,0,0,0,0,1,True
"Пожарский, И.",Самоучки,Роман,1852,мужской,0,социально-психологический,социальный,,,,,,0,,['разночинцы'],,Библиотека для чтения,0,0,,['разночинцы'],0,0,0,1,0,0,0,0,0,0,0,0,0,0,0,0,0,0,0,0,0,0,0,0,0,0,0,0,0,0,0,0,0,0,0,0,1,True
"Савинов, Василий Иванович",Шах-Мансур,Восточный роман в 4-х частях,1852,мужской,0,исторический,исторический,,,,,,0,,"['народности', 'легендарные исторические фигуры']",,Пантеон,0,0,,"['народности и этнические группы', 'легендарные исторические фигуры']",0,0,0,0,1,0,0,0,0,1,0,0,0,0,0,0,0,0,0,0,0,0,0,0,0,0,0,0,0,0,0,0,0,0,0,0,2,True
"Савинов, Василий Иванович",Тескольское ущелье,Роман в двух частях,1852,мужской,0,авантюрный,приключенческий,,,,,,0,3 лицо,['народности'],,Пантеон,0,0,,['народности и этнические группы'],0,0,0,0,0,0,0,0,0,1,0,0,0,0,0,0,0,0,0,0,0,0,0,0,0,0,0,0,0,0,0,0,0,0,0,0,1,True
"Вонлярлярский, Василий Александрович",Сосед,Роман,1853,мужской,0,авантюрный,приключенческий,,,,,,0,3 лицо,"['чиновники', 'дворяне', 'помещики', 'крестьяне']",Москва,Библиотека для чтения,1,0,,"['чиновники', 'дворяне', 'помещики', 'крестьяне']",0,1,0,0,0,0,1,0,1,0,0,0,0,0,0,0,1,0,0,0,0,0,0,0,0,0,0,0,0,0,0,0,0,0,0,0,4,True
"Григорович, Дмитрий Васильевич",Рыбаки,Роман из простонародного быта,1853,мужской,0,социально-психологический,социальный,социально-психологический,роман-идиллия,бытовой,этнографический,крестьянский,1,3 лицо,"['крестьяне', 'дворяне']",,Современник,0,1,grigorovich_d_rybaki_1853.txt,"['крестьяне', 'дворяне']",0,1,0,0,0,0,1,0,0,0,0,0,0,0,0,0,0,0,0,0,0,0,0,0,0,0,0,0,0,0,0,0,0,0,0,0,2,True
"Крестовский, В.-псевдоним",Кто ж остался доволен?,роман,1853,женский,1,,,,,,,,0,,['nan'],,Отечественные записки,0,0,,['nan'],1,0,0,0,0,0,0,0,0,0,0,0,0,0,0,0,0,0,0,0,0,0,0,0,0,0,0,0,0,0,0,0,0,0,0,0,1,True
"Кукольник, Нестор Васильевич",Тонни или Ревель при Петре Великом,Исторический роман,1853,мужской,0,исторический,исторический,,,,,,0,,['nan'],,Библиотека для чтения,0,0,,['nan'],1,0,0,0,0,0,0,0,0,0,0,0,0,0,0,0,0,0,0,0,0,0,0,0,0,0,0,0,0,0,0,0,0,0,0,0,1,True
"Михайлов, Михаил Ларионович",Марья Ивановна,Роман,1853,мужской,0,"социально-психологический, крестьяне, помещики",социальный,социально-психологический,бытовой,,,,0,3 лицо,['крестьяне'],,Отечественные записки,0,1,mikhajlov_m_marya_ivanovna_1853.txt,['крестьяне'],0,0,0,0,0,0,1,0,0,0,0,0,0,0,0,0,0,0,0,0,0,0,0,0,0,0,0,0,0,0,0,0,0,0,0,0,1,True
"Николаевич, И.","Нищий, или Избавленная жертва",Из времен князя Пожарского,1853,мужской,1,"исторический, авантюрный",исторический,,,,,,0,3 лицо,['nan'],Москва,Отд. изд.,1,0,,['nan'],1,0,0,0,0,0,0,0,0,0,0,0,0,0,0,0,0,0,0,0,0,0,0,0,0,0,0,0,0,0,0,0,0,0,0,0,1,True
"Николаевич, И.","Жид-островитянин, или Похищенный клад","Роман в 2 ч. из жизни Али-паши Янинского, прозв. Черным",1853,мужской,1,"исторический, авантюрный",исторический,,,,,,0,,['nan'],Москва,Отд. изд.,1,0,,['nan'],1,0,0,0,0,0,0,0,0,0,0,0,0,0,0,0,0,0,0,0,0,0,0,0,0,0,0,0,0,0,0,0,0,0,0,0,1,True
"Николаевич, И.",Черный ворон,,1853,мужской,1,любовный,любовный,,,,,,0,,['nan'],Москва,Отд. изд.,1,0,,['nan'],1,0,0,0,0,0,0,0,0,0,0,0,0,0,0,0,0,0,0,0,0,0,0,0,0,0,0,0,0,0,0,0,0,0,0,0,1,True
"Николаевич, И.","Чигиринский лес, или Вера сильнее любви",Нравственно-исторический роман в двух частях,1853,мужской,1,"исторический, авантюрный",исторический,,,,,,0,,['nan'],Москва,Отд. изд.,1,0,,['nan'],1,0,0,0,0,0,0,0,0,0,0,0,0,0,0,0,0,0,0,0,0,0,0,0,0,0,0,0,0,0,0,0,0,0,0,0,1,True
"Потехин, Алексей Антипович",Крестьянка,Роман в трех частях,1853,мужской,0,социально-психологический,социальный,социально-психологический,роман воспитания,крестьянский,этнографический,,0,3 лицо,['крестьяне'],,Москвитянин,0,1,potekhin_a_krestyanka_1853.txt,['крестьяне'],0,0,0,0,0,0,1,0,0,0,0,0,0,0,0,0,0,0,0,0,0,0,0,0,0,0,0,0,0,0,0,0,0,0,0,0,1,True
"Савинов, Василий Иванович",Знахари,Исторический роман в двух частях,1853,мужской,0,исторический,исторический,,,,,,0,3 лицо,['крестьяне'],,Пантеон,0,0,,['крестьяне'],0,0,0,0,0,0,1,0,0,0,0,0,0,0,0,0,0,0,0,0,0,0,0,0,0,0,0,0,0,0,0,0,0,0,0,0,1,True
Т.Ч.,Дина,Роман,1853,женский,1,,,,,,,,0,,['nan'],,Отечественные записки,0,0,,['nan'],1,0,0,0,0,0,0,0,0,0,0,0,0,0,0,0,0,0,0,0,0,0,0,0,0,0,0,0,0,0,0,0,0,0,0,0,1,True
"Тур, Евгения",Три поры жизни,Отрывок из романа,1853,женский,1,любовный,любовный,,,,,,0,3 лицо,['дворяне'],,Библиотека для чтения,0,0,,['дворяне'],0,1,0,0,0,0,0,0,0,0,0,0,0,0,0,0,0,0,0,0,0,0,0,0,0,0,0,0,0,0,0,0,0,0,0,0,1,True
"Афанасьев-Чужбинский, Александр Степанович",Соседка,роман,1854,мужской,1,социально-психологический,социальный,социально-психологический,бытовой,,,,0,3 лицо,['дворяне'],,Пантеон,0,1,afanasev-chuzhbinskij_a_sosedka_1854.txt,['дворяне'],0,1,0,0,0,0,0,0,0,0,0,0,0,0,0,0,0,0,0,0,0,0,0,0,0,0,0,0,0,0,0,0,0,0,0,0,1,True
"Железнов, Иоасаф Игнатьевич",Уральская старина. Василий Струняшев,,1854,мужской,0,авантюрный,приключенческий,,,,,,0,3 лицо,['военные'],,Москвитянин; Отечественные записки,0,0,,['военные'],0,0,0,0,0,1,0,0,0,0,0,0,0,0,0,0,0,0,0,0,0,0,0,0,0,0,0,0,0,0,0,0,0,0,0,0,1,True
"Крестовский, В.-псевдоним",Испытание,Роман,1854,женский,1,,,,,,,,0,,['nan'],,Отечественные записки,0,0,,['nan'],1,0,0,0,0,0,0,0,0,0,0,0,0,0,0,0,0,0,0,0,0,0,0,0,0,0,0,0,0,0,0,0,0,0,0,0,1,True
"Михайлов, Михаил Ларионович",Перелетные птицы,Роман,1854,мужской,0,социально-психологический,социальный,,,,,,0,3 лицо,['разночинцы'],,Отечественные записки,0,0,,['разночинцы'],0,0,0,1,0,0,0,0,0,0,0,0,0,0,0,0,0,0,0,0,0,0,0,0,0,0,0,0,0,0,0,0,0,0,0,0,1,True
"Николаевич, И.","Бриллиантовая луна, или Инкерманское подземелье",Из последних времен владения генуэзцев в Таврии: рассказ балаклавского отставного школьного сторожа,1854,мужской,1,"исторический, авантюрный",исторический,,,,,,0,3 лицо,['nan'],Москва,Отд. изд.,1,0,,['nan'],1,0,0,0,0,0,0,0,0,0,0,0,0,0,0,0,0,0,0,0,0,0,0,0,0,0,0,0,0,0,0,0,0,0,0,0,1,True
"Панаев, Ипполит Александрович",Бедная девушка,роман,1854,мужской,0,светский,светский,,,,,,0,,['nan'],,Современник,0,0,,['nan'],1,0,0,0,0,0,0,0,0,0,0,0,0,0,0,0,0,0,0,0,0,0,0,0,0,0,0,0,0,0,0,0,0,0,0,0,1,True
"Станицкий, Н.",Мелочи жизни,Роман,1854,женский,1,,,,,,,,0,3 лицо,['nan'],,Современник,0,0,,['nan'],1,0,0,0,0,0,0,0,0,0,0,0,0,0,0,0,0,0,0,0,0,0,0,0,0,0,0,0,0,0,0,0,0,0,0,0,1,True
"Тальцева, А.А.",Три женские жизни,Роман,1854,женский,1,социально-психологический,социальный,социально-психологический,,,,,0,1 лицо,['дворяне'],,Пантеон,0,1,rodzyanko_a_tri_zhenskie_zhizni_1854.txt,['дворяне'],0,1,0,0,0,0,0,0,0,0,0,0,0,0,0,0,0,0,0,0,0,0,0,0,0,0,0,0,0,0,0,0,0,0,0,0,1,True
"Григорович, Дмитрий Васильевич",Переселенцы,Роман из народного быта,1855,мужской,0,социально-психологический,социальный,социально-психологический,бытовой,крестьянский,этнографический,,1,1 лицо,"['крестьяне', 'помещики']",,Отечественные записки,0,1,grigorovich_d_pereselenzy_1855.txt,"['крестьяне', 'помещики']",0,0,0,0,0,0,1,0,0,0,0,0,0,0,0,0,1,0,0,0,0,0,0,0,0,0,0,0,0,0,0,0,0,0,0,0,2,True
"Некрасов, Николай Алексеевич","Тонкий человек, его приключения и наблюдения",,1855,мужской,0,социально-психологический,социальный,социально-психологический,сатирический,,,,0,3 лицо,['дворяне'],,Современник,0,1,nekrasov_n_tonkij_chelovek_ego_priklyucheniya_i_nablyudeniya_1855.txt,['дворяне'],0,1,0,0,0,0,0,0,0,0,0,0,0,0,0,0,0,0,0,0,0,0,0,0,0,0,0,0,0,0,0,0,0,0,0,0,1,True
"Толбин, Василий Васильевич",Варенька Долева,Роман,1855,мужской,0,социальн-психологический,социальный,,,,,,0,1 лицо,['дворяне'],,Пантеон,0,0,,['дворяне'],0,1,0,0,0,0,0,0,0,0,0,0,0,0,0,0,0,0,0,0,0,0,0,0,0,0,0,0,0,0,0,0,0,0,0,0,1,True
"Авдеев, Михаил Васильевич",Приличная партия,Отрывок из романа,1856,мужской,0,"социально-психологический, дворяне",социальный,,,,,,0,3 лицо,['nan'],,Библиотека для чтения,0,0,,['nan'],1,0,0,0,0,0,0,0,0,0,0,0,0,0,0,0,0,0,0,0,0,0,0,0,0,0,0,0,0,0,0,0,0,0,0,0,1,True
"Воскресенский, Михаил Ильич",Затаенная мысль,Роман М.И. Воскресенского,1856,мужской,0,социальный,социальный,,,,,,0,3 лицо,"['дворяне', 'семинаристы']",Москва,Отд. изд.,1,0,,"['дворяне', 'учителя']",0,1,0,0,0,0,0,0,0,0,0,0,0,0,0,0,0,0,0,0,0,0,0,0,0,0,1,0,0,0,0,0,0,0,0,0,2,True
"Данковский, Е.",Портретная галерея,Роман,1856,мужской,1,"любовно-авантюрный роман, разорение дворянства, дворянство, помещичьи имения, дельцы, вольноотпущенник",любовный,,,,,,0,,['nan'],,Отечественные записки,0,0,,['nan'],1,0,0,0,0,0,0,0,0,0,0,0,0,0,0,0,0,0,0,0,0,0,0,0,0,0,0,0,0,0,0,0,0,0,0,0,1,True
"Крестовский, В.-псевдоним",Последнее действие комедии,Роман,1856,женский,1,,,,,,,,0,,['nan'],,Отечественные записки,0,0,,['nan'],1,0,0,0,0,0,0,0,0,0,0,0,0,0,0,0,0,0,0,0,0,0,0,0,0,0,0,0,0,0,0,0,0,0,0,0,1,True
"Крестовский, В.-псевдоним",Свободное время,Роман,1856,женский,1,социально-психологический,социальный,,,,,,0,3 лицо,['дворяне'],,Отечественные записки,0,0,,['дворяне'],0,1,0,0,0,0,0,0,0,0,0,0,0,0,0,0,0,0,0,0,0,0,0,0,0,0,0,0,0,0,0,0,0,0,0,0,1,True
"Кугушев, Григорий Васильевич",Корнет Отлетаев,Повесть,1856,мужской,0,авантюрный,приключенческий,авантюрный,военный,психологический,,,0,1 лицо,"['дворяне', 'крепостные']",,Русский вестник,0,1,kugushev_g_kornet_otletaev_1856.txt,"['дворяне', 'крестьяне']",0,1,0,0,0,0,1,0,0,0,0,0,0,0,0,0,0,0,0,0,0,0,0,0,0,0,0,0,0,0,0,0,0,0,0,0,2,True
"Кугушев, Григорий Васильевич",Пыль,Повесть,1856,мужской,0,социально-психологический,социальный,,,,,,0,3 лицо,['аристократия'],,Русский вестник,0,0,,['аристократы'],0,0,1,0,0,0,0,0,0,0,0,0,0,0,0,0,0,0,0,0,0,0,0,0,0,0,0,0,0,0,0,0,0,0,0,0,1,True
"Потехин, Алексей Антипович",Крушинский,Роман в 3-х частях,1856,мужской,0,социально-психологический,социальный,,,,,,0,3 лицо,['дворяне'],,Библиотека для чтения,0,0,,['дворяне'],0,1,0,0,0,0,0,0,0,0,0,0,0,0,0,0,0,0,0,0,0,0,0,0,0,0,0,0,0,0,0,0,0,0,0,0,1,True
"Рабинович, Осип Ааронович",Калейдоскоп,Роман,1856,мужской,0,социально-бытовой,социальный,,,,,,0,3 лицо,['бродячие артисты'],,Современник,0,0,,['творческие люди'],0,0,0,0,0,0,0,0,0,0,0,0,0,1,0,0,0,0,0,0,0,0,0,0,0,0,0,0,0,0,0,0,0,0,0,0,1,True
"Тургенев, Иван Сергеевич",Рудин,Повесть,1856,мужской,0,социально-психологический,социальный,социально-психологический,идеологический,любовный,,,1,3 лицо,['аристократия прошлого'],,Современник,0,1,turgenev_i_rudin_1856.txt,['аристократы'],0,0,1,0,0,0,0,0,0,0,0,0,0,0,0,0,0,0,0,0,0,0,0,0,0,0,0,0,0,0,0,0,0,0,0,0,1,True
"Филимонов, Владимир Сергеевич",Русская девушка,,1856,мужской,0,,,,,,,,0,,['nan'],Санкт-Петербург,Отд. изд.,1,0,,['nan'],1,0,0,0,0,0,0,0,0,0,0,0,0,0,0,0,0,0,0,0,0,0,0,0,0,0,0,0,0,0,0,0,0,0,0,0,1,True
"Голота, Петр Иванович","Заруцкий, гетман войска Запорожского",Исторический роман из смутных времен России 1606-1612 г. : В 2 ч,1857,мужской,0,исторический,исторический,,,,,,0,3 лицо,['казаки'],Москва,Отд. изд.,1,0,,['казаки'],0,0,0,0,0,0,0,0,0,0,0,0,0,0,0,0,0,0,0,0,0,1,0,0,0,0,0,0,0,0,0,0,0,0,0,0,1,True
"Жадовская, Юлия Валериановна",В стороне от большого света,роман,1857,женский,0,любовный,любовный,любовный,социально-психологический,бытовой,,,0,1 лицо,['дворяне'],,Русский вестник,0,1,zhadovskaya_yu_v_storone_ot_bolshogo_sveta_1857.txt,['дворяне'],0,1,0,0,0,0,0,0,0,0,0,0,0,0,0,0,0,0,0,0,0,0,0,0,0,0,0,0,0,0,0,0,0,0,0,0,1,True
"Жукова, Мария Семеновна",Две свадьбы,Роман в двух частях,1857,женский,0,любовный,любовный,,,,,,0,3 лицо,['дворяне'],,Отечественные записки,0,0,,['дворяне'],0,1,0,0,0,0,0,0,0,0,0,0,0,0,0,0,0,0,0,0,0,0,0,0,0,0,0,0,0,0,0,0,0,0,0,0,1,True
"Ковалевский, Егор Петрович",Век прожить не поле перейти,Роман,1857,мужской,0,,,,,,,,0,3 лицо,['дворяне'],,Отечественные записки,0,0,,['дворяне'],0,1,0,0,0,0,0,0,0,0,0,0,0,0,0,0,0,0,0,0,0,0,0,0,0,0,0,0,0,0,0,0,0,0,0,0,1,True
"Крестовский, В.-псевдоним",Баритон,Роман,1857,женский,1,социально-психологический,социальный,,,,,,0,3 лицо,"['дворяне', 'духовенство']",,Отечественные записки,0,0,,"['дворяне', 'духовенство']",0,1,0,0,0,0,0,0,0,0,0,0,1,0,0,0,0,0,0,0,0,0,0,0,0,0,0,0,0,0,0,0,0,0,0,0,2,True
"Кулиш, Пантелеймон Александрович",Черная рада,Хроника 1663 года,1857,мужской,0,исторический,исторический,,,,,,0,3 лицо,['военные'],,Русская беседа,0,0,,['военные'],0,0,0,0,0,1,0,0,0,0,0,0,0,0,0,0,0,0,0,0,0,0,0,0,0,0,0,0,0,0,0,0,0,0,0,0,1,True
"Протопопов, Александр Павлович","Царские милости, или иконописец и раскольник",Историческая быль из времен Петра Великого,1857,мужской,0,"историческая повесть, времена петра i",исторический,,,,,,0,,['nan'],Санкт-Петербург,Отд. изд.,1,0,,['nan'],1,0,0,0,0,0,0,0,0,0,0,0,0,0,0,0,0,0,0,0,0,0,0,0,0,0,0,0,0,0,0,0,0,0,0,0,1,True
"Ростопчина, Евдокия Петровна",У пристани,Роман в письмах,1857,женский,0,"дамский, дворяне",женский,,,,,,0,в письмах,['nan'],Санкт-Петербург,Отд. изд.,1,0,,['nan'],1,0,0,0,0,0,0,0,0,0,0,0,0,0,0,0,0,0,0,0,0,0,0,0,0,0,0,0,0,0,0,0,0,0,0,0,1,True
"Стороженко, Алексей Петрович",Братья близнецы,Очерки Малороссии прошлого столетия. Роман,1857,мужской,0,семейная хроника,семейный,,,,,,0,3 лицо,['помещики'],,Библиотека для чтения,0,0,,['помещики'],0,0,0,0,0,0,0,0,0,0,0,0,0,0,0,0,1,0,0,0,0,0,0,0,0,0,0,0,0,0,0,0,0,0,0,0,1,True
"Филимонов, Владимир Сергеевич",Супружеские благополучия,Назидательный роман,1857,мужской,0,,,,,,,,0,,['nan'],Санкт-Петербург,Отд. изд.,1,0,,['nan'],1,0,0,0,0,0,0,0,0,0,0,0,0,0,0,0,0,0,0,0,0,0,0,0,0,0,0,0,0,0,0,0,0,0,0,0,1,True
"Аскоченский, Виктор Ипатьевич",Асмодей нашего времени,роман,1858,мужской,0,социально-психологический,социальный,социально-психологический,идеологический,религиозный,,,0,3 лицо,['дворяне'],Санкт-Петербург,Отд. изд.,1,1,askochenskij_v_asmodej_nashego_vremeni_1858.txt,['дворяне'],0,1,0,0,0,0,0,0,0,0,0,0,0,0,0,0,0,0,0,0,0,0,0,0,0,0,0,0,0,0,0,0,0,0,0,0,1,True
"Воскресенский, Михаил Ильич",Наташа Подгорич,Роман,1858,мужской,0,"аристократы, общественные тенденции",социальный,,,,,,0,,['аристократы'],Москва,Отд. изд.,1,0,,['аристократы'],0,0,1,0,0,0,0,0,0,0,0,0,0,0,0,0,0,0,0,0,0,0,0,0,0,0,0,0,0,0,0,0,0,0,0,0,1,True
"Каратыгин, Петр Петрович",Мечтатель,Роман Петра Черногорова,1858,мужской,0,,,,,,,,0,3 лицо,['nan'],,Шехерезада,0,0,,['nan'],1,0,0,0,0,0,0,0,0,0,0,0,0,0,0,0,0,0,0,0,0,0,0,0,0,0,0,0,0,0,0,0,0,0,0,0,1,True
"Кобякова, Александра Петровна",Последняя казнь,Роман,1858,женский,0,любовный,любовный,любовный,социально-психологический,,,,0,1 лицо,['купцы'],,Современник,0,1,kobyakova_a_poslednyaya_kazn_1858.txt,['купцы'],0,0,0,0,0,0,0,1,0,0,0,0,0,0,0,0,0,0,0,0,0,0,0,0,0,0,0,0,0,0,0,0,0,0,0,0,1,True
"Криницкий, М.",Узкий путь,Роман в двух частях,1858,женский,1,социально-психологический,социальный,социально-психологический,нравоучительный,,,,0,3 лицо,['дворяне'],Санкт-Петербург,Русский вестник,1,1,vadbolskaya_v_uzkij_put_1858.txt,['дворяне'],0,1,0,0,0,0,0,0,0,0,0,0,0,0,0,0,0,0,0,0,0,0,0,0,0,0,0,0,0,0,0,0,0,0,0,0,1,True
"Кугушев, Григорий Васильевич",Постороннее влияние,Роман в четырех частях с эпилогом. Соч. князя Г. В. Кугушева (автора Конета Отлетаева),1858,мужской,0,светский,светский,светский,социально-психологический,,,,0,3 лицо,['дворяне'],Москва,Отд. изд.,1,1,kugushev_g_postoronnee_vliyanie_1858.txt,['дворяне'],0,1,0,0,0,0,0,0,0,0,0,0,0,0,0,0,0,0,0,0,0,0,0,0,0,0,0,0,0,0,0,0,0,0,0,0,1,True
"Лажечников, Иван Иванович",Внучка панцирного боярина,Роман из времени последнего польского мятежа,1858,мужской,0,социально-психологический,социальный,исторический,социально-психологический,,,,0,3 лицо,['дворяне'],,Всемирный труд,0,1,lazhechnikov_i_vnuchka_panzirnogo_boyarina_1858.txt,['дворяне'],0,1,0,0,0,0,0,0,0,0,0,0,0,0,0,0,0,0,0,0,0,0,0,0,0,0,0,0,0,0,0,0,0,0,0,0,1,True
"Марченко, А.",Мыльные пузыри,Роман,1858,женский,1,"семейный, психологический, ? дворяне",семейный,,,,,,0,,['nan'],Санкт-Петербург,Отд. изд.,1,0,,['nan'],1,0,0,0,0,0,0,0,0,0,0,0,0,0,0,0,0,0,0,0,0,0,0,0,0,0,0,0,0,0,0,0,0,0,0,0,1,True
"Писемский, Алексей Феофилактович",Боярщина,Роман в двух частях,1858,мужской,0,любовный,любовный,любовный,адюльтерный,социально-психологический,,,0,3 лицо,['помещики'],,Библиотека для чтения,0,1,pisemskij_a_boyarshina_1858.txt,['помещики'],0,0,0,0,0,0,0,0,0,0,0,0,0,0,0,0,1,0,0,0,0,0,0,0,0,0,0,0,0,0,0,0,0,0,0,0,1,True
"Писемский, Алексей Феофилактович",Тысяча душ,Роман в четырех частях,1858,мужской,0,социально-психологический,социальный,социально-психологический,нравоописательный,сатирический,,,0,3 лицо,['дворяне'],,Отечественные записки,0,1,pisemskij_a_tysyacha_dush_1858.txt,['дворяне'],0,1,0,0,0,0,0,0,0,0,0,0,0,0,0,0,0,0,0,0,0,0,0,0,0,0,0,0,0,0,0,0,0,0,0,0,1,True
"Ресницкий, Михаил",Мережин,Роман из времен осады Севастополя,1858,мужской,0,исторический,исторический,,,,,,0,3 лицо,['военные'],Киев,Отд. изд.,1,0,,['военные'],0,0,0,0,0,1,0,0,0,0,0,0,0,0,0,0,0,0,0,0,0,0,0,0,0,0,0,0,0,0,0,0,0,0,0,0,1,True
"Гончаров, Иван Александрович",Обломов,Роман,1859,мужской,0,социально-психологический,социальный,социально-психологический,философский,бытовой,,,1,3 лицо,['дворяне'],,Отечественные записки,0,1,goncharov_i_oblomov_1859.txt,['дворяне'],0,1,0,0,0,0,0,0,0,0,0,0,0,0,0,0,0,0,0,0,0,0,0,0,0,0,0,0,0,0,0,0,0,0,0,0,1,True
"Жадовский, Павел Валерианович",Житейские сцены,,1859,мужской,0,социально-психологический,социальный,социально-психологический,бытовой,,,,0,3 лицо,['чиновники'],Москва,Отд. изд.,1,1,zhadovskij_p_zhitejskie_szeny_1859.txt,['чиновники'],0,0,0,0,0,0,0,0,1,0,0,0,0,0,0,0,0,0,0,0,0,0,0,0,0,0,0,0,0,0,0,0,0,0,0,0,1,True
"Зотов, Рафаил Михайлович","Таинственные силы, или Некоторые черты из царствования императора Павла I",Исторический роман из времен царствования Павла I: В 3 ч,1859,мужской,0,исторический,исторический,,,,,,0,3 лицо,['аристократы'],Санкт-Петербург,Отд. изд.,1,0,,['аристократы'],0,0,1,0,0,0,0,0,0,0,0,0,0,0,0,0,0,0,0,0,0,0,0,0,0,0,0,0,0,0,0,0,0,0,0,0,1,True
"Ладыженская, Екатерина Алексеевна",Три женщины,Роман в письмах,1859,женский,0,"роман в письмах, светский роман",светский,,,,,,0,в письмах,['nan'],Москва,Рассказы и очерки,1,0,,['nan'],1,0,0,0,0,0,0,0,0,0,0,0,0,0,0,0,0,0,0,0,0,0,0,0,0,0,0,0,0,0,0,0,0,0,0,0,1,True
"Михайлов, Михаил Ларионович",Благодетели,Роман,1859,мужской,0,социально-психологический,социальный,,,,,,0,3 лицо,['дворяне'],,Русское слово,0,0,,['дворяне'],0,1,0,0,0,0,0,0,0,0,0,0,0,0,0,0,0,0,0,0,0,0,0,0,0,0,0,0,0,0,0,0,0,0,0,0,1,True
"Надеждин, Александр Евграфович",Блудный сын,,1859,мужской,0,социальный,социальный,,,,,,0,3 лицо,['дворяне'],,Северная пчела,0,0,,['дворяне'],0,1,0,0,0,0,0,0,0,0,0,0,0,0,0,0,0,0,0,0,0,0,0,0,0,0,0,0,0,0,0,0,0,0,0,0,1,True
"Толстой, Лев Николаевич",Семейное счастие,,1859,мужской,0,семейный роман,семейный,семейный,социально-психологический,любовный,,,1,1 лицо,"['дворяне', 'военные']",,Русский вестник,0,1,tolstoj_l_semejnoe_schaste_1859.txt,"['дворяне', 'военные']",0,1,0,0,0,1,0,0,0,0,0,0,0,0,0,0,0,0,0,0,0,0,0,0,0,0,0,0,0,0,0,0,0,0,0,0,2,True
"Толстой, Феофил Матвеевич",Болезни воли,Роман,1859,мужской,0,,,,,,,,0,,['nan'],,Русский вестник,0,0,,['nan'],1,0,0,0,0,0,0,0,0,0,0,0,0,0,0,0,0,0,0,0,0,0,0,0,0,0,0,0,0,0,0,0,0,0,0,0,1,True
"Тургенев, Иван Сергеевич",Дворянское гнездо,Роман,1859,мужской,0,"социально-психологический, любовный",социальный,социально-психологический,адюльтерный,любовный,философский,,1,3 лицо,['дворяне'],,Современник,0,1,turgenev_i_dvoryanskoe_gnezdo_1859.txt,['дворяне'],0,1,0,0,0,0,0,0,0,0,0,0,0,0,0,0,0,0,0,0,0,0,0,0,0,0,0,0,0,0,0,0,0,0,0,0,1,True
"Авдеев, Михаил Васильевич",Подводный камень,,1860,мужской,0,социальный роман,социальный,социально-психологический,любовный,адюльтерный,,,0,3 лицо,['nan'],,Современник,0,1,avdeev_m_podvodnyj_kamen_1860.txt,['nan'],1,0,0,0,0,0,0,0,0,0,0,0,0,0,0,0,0,0,0,0,0,0,0,0,0,0,0,0,0,0,0,0,0,0,0,0,1,True
"Бестужев, Николай Александрович",Русский в Париже 1814 года,,1860,мужской,0,исторический,исторический,исторический,авантюрный,,,,0,3 лицо,['военные'],Москва,Отд. изд.,1,1,bestuzhev_n_russkij_v_parizhe__goda_1860.txt,['военные'],0,0,0,0,0,1,0,0,0,0,0,0,0,0,0,0,0,0,0,0,0,0,0,0,0,0,0,0,0,0,0,0,0,0,0,0,1,True
"Воскресенский, Михаил Ильич","Увлечение, или Семейство Каллиопиных",Роман М.И. Воскресенского,1860,мужской,0,"аристократы, общественные тенденции",социальный,,,,,,0,,['аристократы'],Москва,Отд. изд.,1,0,,['аристократы'],0,0,1,0,0,0,0,0,0,0,0,0,0,0,0,0,0,0,0,0,0,0,0,0,0,0,0,0,0,0,0,0,0,0,0,0,1,True
"Зотов, Рафаил Михайлович","Две сестры, или Смоленск в 1812 г.",исторический роман в 2 частях,1860,мужской,0,"исторический, дворяне, военные",исторический,,,,,,0,,['nan'],Санкт-Петербург,Отд. изд.,1,0,,['nan'],1,0,0,0,0,0,0,0,0,0,0,0,0,0,0,0,0,0,0,0,0,0,0,0,0,0,0,0,0,0,0,0,0,0,0,0,1,True
"Каменская, Мария Федоровна",Пятьдесят лет назад,Роман,1860,женский,0,социальный,социальный,,,,,,0,3 лицо,['дворяне'],,Отечественные записки,0,0,,['дворяне'],0,1,0,0,0,0,0,0,0,0,0,0,0,0,0,0,0,0,0,0,0,0,0,0,0,0,0,0,0,0,0,0,0,0,0,0,1,True
"Кобякова, Александра Петровна",Семейство Подошвиных,Роман,1860,женский,0,семейный роман,семейный,,,,,,0,3 лицо,['купцы'],,Русское слово,0,0,,['купцы'],0,0,0,0,0,0,0,1,0,0,0,0,0,0,0,0,0,0,0,0,0,0,0,0,0,0,0,0,0,0,0,0,0,0,0,0,1,True
"Крестовский, В.-псевдоним",Встреча,Роман,1860,женский,1,,,,,,,,0,,['nan'],,Отечественные записки,0,0,,['nan'],1,0,0,0,0,0,0,0,0,0,0,0,0,0,0,0,0,0,0,0,0,0,0,0,0,0,0,0,0,0,0,0,0,0,0,0,1,True
"Крестовский, В.-псевдоним",В ожидании лучшего,Роман,1860,женский,1,социально-психологический,социальный,социально-психологический,адюльтерный,,,,0,3 лицо,['nan'],,Русский вестник,0,1,khvoshinskaya_n_v_ozhidanii_luchshego_1860.txt,['nan'],1,0,0,0,0,0,0,0,0,0,0,0,0,0,0,0,0,0,0,0,0,0,0,0,0,0,0,0,0,0,0,0,0,0,0,0,1,True
"Леванда, Лев Осипович",Депо бакалейных товаров,Картины еврейского быта,1860,мужской,0,просветительский роман,воспитания,,,,,,0,3 лицо,['nan'],,Рассвет,0,0,,['nan'],1,0,0,0,0,0,0,0,0,0,0,0,0,0,0,0,0,0,0,0,0,0,0,0,0,0,0,0,0,0,0,0,0,0,0,0,1,True
"Толль, Феликс-Эммануил Густавович",Труд и капитал,Роман,1860,мужской,0,социально-психологический,социальный,,,,,,0,3 лицо,['рабочие'],,Русское слово,0,0,,['рабочие'],0,0,0,0,0,0,0,0,0,0,0,0,0,0,1,0,0,0,0,0,0,0,0,0,0,0,0,0,0,0,0,0,0,0,0,0,1,True
"Тургенев, Иван Сергеевич",Накануне,Повесть,1860,мужской,0,социальный роман,социальный,социально-психологический,любовный,идеологический,,,1,3 лицо,"['революционеры', 'демократы']",,Русский вестник,0,1,turgenev_i_nakanune_1860.txt,['революционеры'],0,0,0,0,0,0,0,0,0,0,0,1,0,0,0,0,0,0,0,0,0,0,0,0,0,0,0,0,0,0,0,0,0,0,0,0,1,True
"Ахшарумов, Николай Дмитриевич",Чужое имя,Роман в 3 частях,1861,мужской,0,социально-психологический,социальный,социально-психологический,детективный,,,,0,3 лицо,['дворяне'],,Русский вестник,0,1,akhsharumov_n_chuzhoe_imya_1861.txt,['дворяне'],0,1,0,0,0,0,0,0,0,0,0,0,0,0,0,0,0,0,0,0,0,0,0,0,0,0,0,0,0,0,0,0,0,0,0,0,1,True
"Весеньев, Иван",Мудреный человек,Роман,1861,женский,1,эпистолярный,эпистолярный,эпистолярный,социально-психологический,,,,0,1 лицо,['дворяне'],,Отечественные записки,0,1,khvoshinskaya_s_mudrenyj_chelovek_1861.txt,['дворяне'],0,1,0,0,0,0,0,0,0,0,0,0,0,0,0,0,0,0,0,0,0,0,0,0,0,0,0,0,0,0,0,0,0,0,0,0,1,True
"Достоевский, Федор Михайлович",Униженные и оскорбленные,Роман в четырех частях,1861,мужской,0,социально-психологический,социальный,социально-психологический,семейный,любовный,,,1,1 лицо,['князь'],,Время,0,1,dostoevskij_f_unizhennye_i_oskorblennye_1861.txt,['князья'],0,0,0,0,0,0,0,0,0,0,0,0,0,0,0,0,0,0,0,0,0,0,0,0,0,1,0,0,0,0,0,0,0,0,0,0,1,True
"Жадовская, Юлия Валериановна",Женская история,Роман в трех частях,1861,женский,0,социально-психологический,социальный,,,,,,0,1 лицо,['дворяне'],,Время,0,0,,['дворяне'],0,1,0,0,0,0,0,0,0,0,0,0,0,0,0,0,0,0,0,0,0,0,0,0,0,0,0,0,0,0,0,0,0,0,0,0,1,True
"Каратыгин, Петр Петрович",Грязь и золото,Роман,1861,мужской,0,,,,,,,,0,3 лицо,['дворяне'],,Современник,0,0,,['дворяне'],0,1,0,0,0,0,0,0,0,0,0,0,0,0,0,0,0,0,0,0,0,0,0,0,0,0,0,0,0,0,0,0,0,0,0,0,1,True
"Кобякова, Александра Петровна",Неожиданное богатство,,1861,женский,0,социально-психологический,социальный,,,,,,0,3 лицо,['купцы'],,Русское слово,0,0,,['купцы'],0,0,0,0,0,0,0,1,0,0,0,0,0,0,0,0,0,0,0,0,0,0,0,0,0,0,0,0,0,0,0,0,0,0,0,0,1,True
"Криницкий, М.",Записки холостяка,Роман,1861,женский,1,светский,светский,светский,психологический,нравоописательный,,,0,1 лицо,['дворяне'],,Библиотека для чтения,0,1,vadbolskaya_v_zapiski_kholostyaka_1861.txt,['дворяне'],0,1,0,0,0,0,0,0,0,0,0,0,0,0,0,0,0,0,0,0,0,0,0,0,0,0,0,0,0,0,0,0,0,0,0,0,1,True
"Леонтьев, Константин Николаевич",Подлипки,Записки Владимира Ладнева. Роман в трех частях,1861,мужской,0,роман-воспоминание,,,,,,,0,1 лицо,['дворяне'],,Отечественные записки,0,0,,['дворяне'],0,1,0,0,0,0,0,0,0,0,0,0,0,0,0,0,0,0,0,0,0,0,0,0,0,0,0,0,0,0,0,0,0,0,0,0,1,True
"Макаров, Николай Петрович",Банк тщеславия,Бывальщина,1861,мужской,0,светский,светский,,,,,,0,3 лицо,['nan'],Санкт-Петербург,Отд. изд.,1,0,,['nan'],1,0,0,0,0,0,0,0,0,0,0,0,0,0,0,0,0,0,0,0,0,0,0,0,0,0,0,0,0,0,0,0,0,0,0,0,1,True
"Макаров, Николай Петрович","Две сестрички, или Новое фарисейство",Нраво-описат. бывальщина,1861,мужской,0,,,,,,,,0,,['nan'],Санкт-Петербург,Отд. изд.,1,0,,['nan'],1,0,0,0,0,0,0,0,0,0,0,0,0,0,0,0,0,0,0,0,0,0,0,0,0,0,0,0,0,0,0,0,0,0,0,0,1,True
"Макаров, Николай Петрович",Победа над самодурами и страдальческий крест,Сатирическая бывальщина,1861,мужской,0,"купцы, дворяне",социальный,,,,,,0,,"['купцы', 'дворяне']",Санкт-Петербург,Отд. изд.,1,0,,"['купцы', 'дворяне']",0,1,0,0,0,0,0,1,0,0,0,0,0,0,0,0,0,0,0,0,0,0,0,0,0,0,0,0,0,0,0,0,0,0,0,0,2,True
"Потанин, Гавриил Никитич","Старое старится, молодое растет",Роман,1861,мужской,0,историко-автобиографический,исторический,исторический,,,,,0,3 лицо,"['крестьяне', 'учителя']",,Современник; Русское слово,0,1,potanin_g_staroe_staritsya_molodoe_rastet_1861.txt,"['крестьяне', 'учителя']",0,0,0,0,0,0,1,0,0,0,0,0,0,0,0,0,0,0,0,0,0,0,0,0,0,0,1,0,0,0,0,0,0,0,0,0,2,True
"Потехин, Алексей Антипович",Бедные дворяне,Роман в четырех частях,1861,мужской,0,социально-психологический,социальный,,,,,,0,3 лицо,['дворяне'],,Библиотека для чтения,0,0,,['дворяне'],0,1,0,0,0,0,0,0,0,0,0,0,0,0,0,0,0,0,0,0,0,0,0,0,0,0,0,0,0,0,0,0,0,0,0,0,1,True
"Славутинский, Степан Тимофеевич",Беглянка,Роман,1861,мужской,0,социально-психологический,социальный,,,,,,0,3 лицо,"['крестьяне', 'помещики']",,Русское слово,0,0,,"['крестьяне', 'помещики']",0,0,0,0,0,0,1,0,0,0,0,0,0,0,0,0,1,0,0,0,0,0,0,0,0,0,0,0,0,0,0,0,0,0,0,0,2,True
"Череванский, Владимир Павлович",Марица,,1861,мужской,0,,,,,,,,0,3 лицо,['nan'],,Петербургский вестник,0,0,,['nan'],1,0,0,0,0,0,0,0,0,0,0,0,0,0,0,0,0,0,0,0,0,0,0,0,0,0,0,0,0,0,0,0,0,0,0,0,1,True
"Боборыкин, Петр Дмитриевич",В путь-дорогу!,Роман,1862,мужской,0,соц.-психологический,социальный,,,,,,0,1 лицо,['дворяне'],,Библиотека для чтения,0,0,,['дворяне'],0,1,0,0,0,0,0,0,0,0,0,0,0,0,0,0,0,0,0,0,0,0,0,0,0,0,0,0,0,0,0,0,0,0,0,0,1,True
"Вельтман, Александр Фомич",Воспитанница Сара,"Приключения, почерпнутые из моря житейского",1862,мужской,0,соц.-психологический,социальный,,,,,,0,3 лицо,['персонажи разных сословий'],Москва,Русский вестник,1,0,,['разночинцы'],0,0,0,1,0,0,0,0,0,0,0,0,0,0,0,0,0,0,0,0,0,0,0,0,0,0,0,0,0,0,0,0,0,0,0,0,1,True
"Гарднер, Раиса Александровна",Всякому свое,Роман,1862,женский,0,соц.-психологический,социальный,социально-психологический,нравоучительный,,,,0,3 лицо,"['дворяне', 'отцы и дети']",,Русский вестник,0,1,gardner_r_vsyakomu_svoe_1862.txt,['дворяне'],0,1,0,0,0,0,0,0,0,0,0,0,0,0,0,0,0,0,0,0,0,0,0,0,0,0,0,0,0,0,0,0,0,0,0,0,1,True
"Данилевский (А. Скавронский), Григорий Петрович",Беглые в Новороссии,Повесть в двух частях,1862,мужской,0,социально-психологический,социальный,социально-психологический,этнографический,бытовой,,,0,3 лицо,['крестьяне'],,Время,0,1,danilevskij_g_beglye_v_novorossii_1862.txt,['крестьяне'],0,0,0,0,0,0,1,0,0,0,0,0,0,0,0,0,0,0,0,0,0,0,0,0,0,0,0,0,0,0,0,0,0,0,0,0,1,True
"Дружинин, Александр Васильевич",Прошлое лето в деревне,,1862,мужской,0,социально-психологический,социальный,социально-психологический,бытовой,,,,0,1 лицо,['дворяне'],,Русский вестник,0,1,druzhinin_a_proshloe_leto_v_derevne_1862.txt,['дворяне'],0,1,0,0,0,0,0,0,0,0,0,0,0,0,0,0,0,0,0,0,0,0,0,0,0,0,0,0,0,0,0,0,0,0,0,0,1,True
"Лажечников, Иван Иванович",Немного лет назад,Роман в четырех частях,1862,мужской,0,социально-психологический,социальный,,,,,,0,1 лицо,['дворяне'],,Отд. изд.,0,0,,['дворяне'],0,1,0,0,0,0,0,0,0,0,0,0,0,0,0,0,0,0,0,0,0,0,0,0,0,0,0,0,0,0,0,0,0,0,0,0,1,True
"Станицкий, Н.",Женская доля,Роман,1862,женский,1,социально-психологический,социальный,,,,,,0,,['nan'],,Современник,0,0,,['nan'],1,0,0,0,0,0,0,0,0,0,0,0,0,0,0,0,0,0,0,0,0,0,0,0,0,0,0,0,0,0,0,0,0,0,0,0,1,True
"Стопановский, Михаил Михайлович",Обличители,Роман,1862,мужской,0,,,,,,,,0,,['nan'],,Отечественные записки,0,0,,['nan'],1,0,0,0,0,0,0,0,0,0,0,0,0,0,0,0,0,0,0,0,0,0,0,0,0,0,0,0,0,0,0,0,0,0,0,0,1,True
"Терпигорев, Сергей Николаевич",Красные Талы,Детство Горелова,1862,мужской,0,автобиографический,биографический,,,,,,0,3 лицо,['nan'],Санкт-Петербург,Русский мир,1,0,,['nan'],1,0,0,0,0,0,0,0,0,0,0,0,0,0,0,0,0,0,0,0,0,0,0,0,0,0,0,0,0,0,0,0,0,0,0,0,1,True
"Толстой, Алексей Константинович",Князь Серебряный,Повесть времен Иоанна Грозного,1862,мужской,0,исторический роман,исторический,исторический,авантюрный,,,,1,3 лицо,['россия времен ивана грозного'],,Русский вестник,0,1,tolstoj_a_knyaz_serebryanyj_1862.txt,['легендарные исторические фигуры'],0,0,0,0,1,0,0,0,0,0,0,0,0,0,0,0,0,0,0,0,0,0,0,0,0,0,0,0,0,0,0,0,0,0,0,0,1,True
"Тургенев, Иван Сергеевич",Отцы и дети,Сочинение Ив. Тургенева,1862,мужской,0,общественно-политический роман,социальный,социально-психологический,идеологический,философский,,,1,3 лицо,['нигилист'],,Русский вестник,0,1,turgenev_i_otzy_i_deti_1862.txt,['революционеры'],0,0,0,0,0,0,0,0,0,0,0,1,0,0,0,0,0,0,0,0,0,0,0,0,0,0,0,0,0,0,0,0,0,0,0,0,1,True
"Берг, Федор Николаевич",Закоулок,Роман,1863,мужской,0,воспитания,воспитания,,,,,,0,,['nan'],,Современник,0,0,,['nan'],1,0,0,0,0,0,0,0,0,0,0,0,0,0,0,0,0,0,0,0,0,0,0,0,0,0,0,0,0,0,0,0,0,0,0,0,1,True
"Вельтман, Александр Фомич",Счастье-несчастье,"Приключения, почерпнутые из моря житейского",1863,мужской,0,социально-психологический,социальный,,,,,,0,3 лицо,['чиновник'],Москва,Отд. изд.,1,0,,['чиновники'],0,0,0,0,0,0,0,0,1,0,0,0,0,0,0,0,0,0,0,0,0,0,0,0,0,0,0,0,0,0,0,0,0,0,0,0,1,True
"Весеньев, Иван",Городские и деревенские,Роман,1863,женский,1,,,социально-психологический,бытовой,,,,0,3 лицо,['nan'],,Отечественные записки,0,1,khvoshinskaya_s_gorodskie_i_derevenskie_1863.txt,['nan'],1,0,0,0,0,0,0,0,0,0,0,0,0,0,0,0,0,0,0,0,0,0,0,0,0,0,0,0,0,0,0,0,0,0,0,0,1,True
"Весеньев, Иван",Домашняя идиллия недавного времени,Роман,1863,женский,1,,,социально-психологический,семейный,бытовой,,,0,3 лицо,['nan'],,Отечественные записки,0,1,khvoshinskaya_s_domashnyaya_idilliya_nedavnogo_vremeni_1863.txt,['nan'],1,0,0,0,0,0,0,0,0,0,0,0,0,0,0,0,0,0,0,0,0,0,0,0,0,0,0,0,0,0,0,0,0,0,0,0,1,True
"Данилевский (А. Скавронский), Григорий Петрович",Беглые воротились,Роман в трех частях,1863,мужской,0,социально-психологический,социальный,социально-психологический,этнографический,бытовой,,,0,3 лицо,['крестьяне'],,Время,0,1,danilevskij_g_beglye_vorotilis_1863.txt,['крестьяне'],0,0,0,0,0,0,1,0,0,0,0,0,0,0,0,0,0,0,0,0,0,0,0,0,0,0,0,0,0,0,0,0,0,0,0,0,1,True
"Кобякова, Александра Петровна",Женщина в купеческом быту,Роман,1863,женский,0,социально-психологический,социальный,,,,,,0,,['купцы'],,Русское слово,0,0,,['купцы'],0,0,0,0,0,0,0,1,0,0,0,0,0,0,0,0,0,0,0,0,0,0,0,0,0,0,0,0,0,0,0,0,0,0,0,0,1,True
"Писемский, Алексей Феофилактович",Взбаламученное море,Роман в шести частях,1863,мужской,0,социально-психологический,социальный,социально-психологический,идеологический,сатирический,антинигилистический,,0,3 лицо,['дворяне'],Москва,Отд. изд.,1,1,pisemskij_a_vzbalamuchennoe_more_1863.txt,['дворяне'],0,1,0,0,0,0,0,0,0,0,0,0,0,0,0,0,0,0,0,0,0,0,0,0,0,0,0,0,0,0,0,0,0,0,0,0,1,True
"Салов, Илья Александрович",Бутузка,Роман в двух частях,1863,мужской,0,социально-психологический,социальный,,,,,,0,,"['дворяне', 'собака']",,Время,0,0,,['дворяне'],0,1,0,0,0,0,0,0,0,0,0,0,0,0,0,0,0,0,0,0,0,0,0,0,0,0,0,0,0,0,0,0,0,0,0,0,1,True
"Череванский, Владимир Павлович",Мозг и сердце,na,1863,мужской,0,социально-психологический,социальный,,,,,,0,,['актеры'],,Сын отечества,0,0,,['творческие люди'],0,0,0,0,0,0,0,0,0,0,0,0,0,1,0,0,0,0,0,0,0,0,0,0,0,0,0,0,0,0,0,0,0,0,0,0,1,True
"Чернышевский, Николай Гаврилович",Что делать?,Из рассказов о новых людях,1863,мужской,0,социально-психологический,социальный,дидактический,идеологический,утопический,философский,,1,3 лицо,"['революционеры', 'разночинцы']",Женева,Современник,1,1,chernyshevskij_n_chto_delat_1863.txt,"['революционеры', 'разночинцы']",0,0,0,1,0,0,0,0,0,0,0,1,0,0,0,0,0,0,0,0,0,0,0,0,0,0,0,0,0,0,0,0,0,0,0,0,2,True
"Ахшарумов, Николай Дмитриевич",Мудреное дело,Очерк из летописей русской словесности (В трех частях),1864,мужской,0,социально-психологический,социальный,социально-психологический,детективный,,,,0,1 лицо,"['дворяне', 'разночинцы']",,Эпоха,0,1,akhsharumov_n_mudrenoe_delo_1864.txt,"['дворяне', 'разночинцы']",0,1,0,1,0,0,0,0,0,0,0,0,0,0,0,0,0,0,0,0,0,0,0,0,0,0,0,0,0,0,0,0,0,0,0,0,2,True
"Бабиков, Константин Иванович",Глухая улица,Роман,1864,мужской,0,социально-психологический,социальный,,,,,,0,,['разночинцы'],,Эпоха,0,0,,['разночинцы'],0,0,0,1,0,0,0,0,0,0,0,0,0,0,0,0,0,0,0,0,0,0,0,0,0,0,0,0,0,0,0,0,0,0,0,0,1,True
"Григорович, Дмитрий Васильевич",Два генерала,Эпизод из романа,1864,мужской,0,социально-психологический,социальный,социально-психологический,бытовой,,,,0,1 лицо,['дворяне'],,Русский вестник,0,1,grigorovich_d_dva_generala_1864.txt,['дворяне'],0,1,0,0,0,0,0,0,0,0,0,0,0,0,0,0,0,0,0,0,0,0,0,0,0,0,0,0,0,0,0,0,0,0,0,0,1,True
"Жандр, Николай Павлович",Свет,Роман минувшей эпохи,1864,мужской,0,светский,светский,,,,,,0,3 лицо,['дворяне'],Санкт-Петербург,Отд. изд.,1,0,,['дворяне'],0,1,0,0,0,0,0,0,0,0,0,0,0,0,0,0,0,0,0,0,0,0,0,0,0,0,0,0,0,0,0,0,0,0,0,0,1,True
"Клюшников, Виктор Петрович",Марево,Роман в 4 частях,1864,мужской,0,роман о нигилистах,социальный,идеологический,социально-психологический,антинигилистический,,,0,3 лицо,"['чиновники', 'нигилисты']",,Русский вестник,0,1,klyushnikov_v_marevo_1864.txt,"['чиновники', 'революционеры']",0,0,0,0,0,0,0,0,1,0,0,1,0,0,0,0,0,0,0,0,0,0,0,0,0,0,0,0,0,0,0,0,0,0,0,0,2,True
"Крестовский, Всеволод Владимирович",Петербургские трущобы,Роман в шести частях,1864,мужской,0,"социально-психологический, исторический",социальный,социально-психологический,уголовный,авантюрный,,,0,3 лицо,"['дворяне', 'разночинцы']",,Отечественные записки,0,1,krestovskij_v_peterburgskie_trushoby_1864.txt,"['дворяне', 'разночинцы']",0,1,0,1,0,0,0,0,0,0,0,0,0,0,0,0,0,0,0,0,0,0,0,0,0,0,0,0,0,0,0,0,0,0,0,0,2,True
"Леонтьев, Константин Николаевич",В своем краю,Роман в двух частях,1864,мужской,0,социально-психологический,социальный,социально-психологический,любовный,идеологический,,,0,3 лицо,['дворяне'],,Отечественные записки,0,1,leontev_k_v_svoem_krayu_1864.txt,['дворяне'],0,1,0,0,0,0,0,0,0,0,0,0,0,0,0,0,0,0,0,0,0,0,0,0,0,0,0,0,0,0,0,0,0,0,0,0,1,True
"Лесков, Николай Семенович",Некуда,Роман в 3 кн.,1864,мужской,0,"социально-психологический, роман о нигилистах",социальный,социально-психологический,идеологический,антинигилистический,,,1,3 лицо,['революционеры'],,Библиотека для чтения,0,1,leskov_n_nekuda_1864.txt,['революционеры'],0,0,0,0,0,0,0,0,0,0,0,1,0,0,0,0,0,0,0,0,0,0,0,0,0,0,0,0,0,0,0,0,0,0,0,0,1,True
"Осокин, Михаил Ионович",Ливанов,Записки семинариста,1864,мужской,0,автобиографический,биографический,,,,,,0,,['духовенство'],,Русское слово,0,0,,['духовенство'],0,0,0,0,0,0,0,0,0,0,0,0,1,0,0,0,0,0,0,0,0,0,0,0,0,0,0,0,0,0,0,0,0,0,0,0,1,True
"Помяловский, Николай Герасимович",Брат и сестра,,1864,мужской,0,социально-психологический,социальный,социально-психологический,семейный,бытовой,,,0,3 лицо,['разночинцы'],,Современник,0,1,pomyalovskij_n_brat_i_sestra_1864.txt,['разночинцы'],0,0,0,1,0,0,0,0,0,0,0,0,0,0,0,0,0,0,0,0,0,0,0,0,0,0,0,0,0,0,0,0,0,0,0,0,1,True
"Шеллер-Михайлов, Александр Константинович",Гнилые болота. История без героя,История без героя,1864,мужской,1,семейная хроника,семейный,семейный,социально-психологический,хроникальный,,,0,1 лицо,['дворяне'],,Современник,0,1,sheller-mikhajlov_a_gnilye_bolota_1864.txt,['дворяне'],0,1,0,0,0,0,0,0,0,0,0,0,0,0,0,0,0,0,0,0,0,0,0,0,0,0,0,0,0,0,0,0,0,0,0,0,1,True
"Благовещенский, Николай Александрович",Перед рассветом,Роман,1865,мужской,0,соц.-психологический,социальный,,,,,,0,3 лицо,['рабочие'],,Русское слово,0,0,,['рабочие'],0,0,0,0,0,0,0,0,0,0,0,0,0,0,1,0,0,0,0,0,0,0,0,0,0,0,0,0,0,0,0,0,0,0,0,0,1,True
"Боборыкин, Петр Дмитриевич",Земские силы,Роман,1865,мужской,0,соц.-психологический,социальный,,,,,,0,3 лицо,['дворяне'],,Библиотека для чтения,0,0,,['дворяне'],0,1,0,0,0,0,0,0,0,0,0,0,0,0,0,0,0,0,0,0,0,0,0,0,0,0,0,0,0,0,0,0,0,0,0,0,1,True
"Клюшников, Виктор Петрович",Другая жизнь,Роман,1865,мужской,0,роман для детей,детский,,,,,,0,1 лицо,['дворяне'],,Детское чтение,0,0,,['дворяне'],0,1,0,0,0,0,0,0,0,0,0,0,0,0,0,0,0,0,0,0,0,0,0,0,0,0,0,0,0,0,0,0,0,0,0,0,1,True
"Крестовский, В.-псевдоним",Недавнее,Роман,1865,женский,1,,,,,,,,0,,['nan'],,Отечественные записки,0,0,,['nan'],1,0,0,0,0,0,0,0,0,0,0,0,0,0,0,0,0,0,0,0,0,0,0,0,0,0,0,0,0,0,0,0,0,0,0,0,1,True
"Кукольник, Нестор Васильевич",Две сестры,эпизод из последней польской смуты: в 3 частях,1865,мужской,0,социально-исторический,социальный,,,,,,0,3 лицо,"['поляки', 'дворяне']",Санкт-Петербург,Отд. изд.,1,0,,"['народности и этнические группы', 'дворяне']",0,1,0,0,0,0,0,0,0,1,0,0,0,0,0,0,0,0,0,0,0,0,0,0,0,0,0,0,0,0,0,0,0,0,0,0,2,True
"Лесков, Николай Семенович",Обойденные,Роман в трех частях,1865,мужской,0,психологический роман,психологический,социально-психологический,бытовой,нравоописательный,,,1,3 лицо,['рабочие'],,Отечественные записки,0,1,leskov_n_obojdennye_1865.txt,['рабочие'],0,0,0,0,0,0,0,0,0,0,0,0,0,0,1,0,0,0,0,0,0,0,0,0,0,0,0,0,0,0,0,0,0,0,0,0,1,True
"Шеллер-Михайлов, Александр Константинович","Жизнь Шупова, его родных и знакомых",Автобиография,1865,мужской,1,семейная хроника,семейный,семейный,хроникальный,бытовой,,,0,1 лицо,['дворяне'],,Современник,0,1,sheller-mikhajlov_a_zhizn_shupova_ego_rodnykh_i_znakomykh_1865.txt,['дворяне'],0,1,0,0,0,0,0,0,0,0,0,0,0,0,0,0,0,0,0,0,0,0,0,0,0,0,0,0,0,0,0,0,0,0,0,0,1,True
"Баранчеев, Иван Николаевич",Крепости и станицы,Роман,1866,мужской,0,социальный роман,социальный,,,,,,0,3 лицо,['nan'],,Кавказ [газета],0,0,,['nan'],1,0,0,0,0,0,0,0,0,0,0,0,0,0,0,0,0,0,0,0,0,0,0,0,0,0,0,0,0,0,0,0,0,0,0,0,1,True
"Бешенцов, Александр Николаевич",Ссыльная,Роман в 2 частях,1866,мужской,0,любовный,любовный,,,,,,0,,['nan'],Москва,Отд. изд.,1,0,,['nan'],1,0,0,0,0,0,0,0,0,0,0,0,0,0,0,0,0,0,0,0,0,0,0,0,0,0,0,0,0,0,0,0,0,0,0,0,1,True
"Боборыкин, Петр Дмитриевич",В чужом поле,Роман в двух книгах,1866,мужской,0,соц.-психологический,социальный,,,,,,0,3 лицо,['дворяне'],,Русский вестник,0,0,,['дворяне'],0,1,0,0,0,0,0,0,0,0,0,0,0,0,0,0,0,0,0,0,0,0,0,0,0,0,0,0,0,0,0,0,0,0,0,0,1,True
"Достоевский, Федор Михайлович",Игрок,Роман (Из записок молодого человека),1866,мужской,0,социально-психологический,социальный,социально-психологический,любовный,,,,1,1 лицо,['чиновники'],Санкт-Петербург,Отд. изд. (СС),1,1,dostoevskij_f_igrok_1866.txt,['чиновники'],0,0,0,0,0,0,0,0,1,0,0,0,0,0,0,0,0,0,0,0,0,0,0,0,0,0,0,0,0,0,0,0,0,0,0,0,1,True
"Достоевский, Федор Михайлович",Преступление и наказание,Роман,1866,мужской,0,социально-психологический,социальный,социально-психологический,философский,идеологический,уголовный,,1,3 лицо,['разночинцы'],,Русский вестник,0,1,dostoevskij_f_prestuplenie_i_nakazanie_1866.txt,['разночинцы'],0,0,0,1,0,0,0,0,0,0,0,0,0,0,0,0,0,0,0,0,0,0,0,0,0,0,0,0,0,0,0,0,0,0,0,0,1,True
"Решетников, Федор Михайлович",Глумовы,Роман,1866,мужской,0,соц-психологичекий,социальный,социально-психологический,бытовой,семейный,,,0,3 лицо,['рабочие'],,Дело,0,1,reshetnikov_f_glumovy_1866.txt,['рабочие'],0,0,0,0,0,0,0,0,0,0,0,0,0,0,1,0,0,0,0,0,0,0,0,0,0,0,0,0,0,0,0,0,0,0,0,0,1,True
"Решетников, Федор Михайлович",Горнорабочие,Роман,1866,мужской,0,соц-психологический,социальный,социально-психологический,бытовой,этнографический,,,0,3 лицо,['рабочие'],,Современник,0,1,reshetnikov_f_gornorabochie_1866.txt,['рабочие'],0,0,0,0,0,0,0,0,0,0,0,0,0,0,1,0,0,0,0,0,0,0,0,0,0,0,0,0,0,0,0,0,0,0,0,0,1,True
"Шеллер-Михайлов, Александр Константинович",В чаду глубоких соображений,Роман. Дюжинная история с дюжинными героями,1866,мужской,1,,,,,,,,0,3 лицо,['nan'],,Женский вестник,0,0,,['nan'],1,0,0,0,0,0,0,0,0,0,0,0,0,0,0,0,0,0,0,0,0,0,0,0,0,0,0,0,0,0,0,0,0,0,0,0,1,True
"Шеллер-Михайлов, Александр Константинович",Засоренные дороги,Повесть,1866,мужской,1,,,бытовой,идеологический,нравоописательный,,,0,3 лицо,['nan'],,Русское слово; Дело,0,1,sheller-mikhajlov_a_zasorennye_dorogi_1866.txt,['nan'],1,0,0,0,0,0,0,0,0,0,0,0,0,0,0,0,0,0,0,0,0,0,0,0,0,0,0,0,0,0,0,0,0,0,0,0,1,True
"Бажин, Николай Федотович",Из огня да в полымя,Повесть,1867,мужской,0,социальный роман,социальный,социально-психологический,идеологический,бытовой,,,0,3 лицо,['дворяне'],,Дело,0,1,bazhin_n_iz_ognya_da_v_polymya_1867.txt,['дворяне'],0,1,0,0,0,0,0,0,0,0,0,0,0,0,0,0,0,0,0,0,0,0,0,0,0,0,0,0,0,0,0,0,0,0,0,0,1,True
"Вельтман, Елена Ивановна","Приключения царевича Густава Ириковича, жениха царевны Ксении Годуновой",Исторический роман,1867,женский,0,исторический,исторический,,,,,,0,3 лицо,['члены правящих династий'],,Отечественные записки,0,0,,['легендарные исторические фигуры'],0,0,0,0,1,0,0,0,0,0,0,0,0,0,0,0,0,0,0,0,0,0,0,0,0,0,0,0,0,0,0,0,0,0,0,0,1,True
"Владимирова, А.К.",Без вины виноватые,Рассказ в 2 главах,1867,женский,1,соц-психологический,социальный,,,,,,0,3 лицо,['разночинцы'],,Биржевые ведомости,0,0,,['разночинцы'],0,0,0,1,0,0,0,0,0,0,0,0,0,0,0,0,0,0,0,0,0,0,0,0,0,0,0,0,0,0,0,0,0,0,0,0,1,True
"Данилевский, Григорий Петрович",Новые места,Роман в двух частях,1867,мужской,0,бытовой,описательный,,,,,,0,3 лицо,['крестьяне'],,Русский вестник,0,0,,['крестьяне'],0,0,0,0,0,0,1,0,0,0,0,0,0,0,0,0,0,0,0,0,0,0,0,0,0,0,0,0,0,0,0,0,0,0,0,0,1,True
"Демерт, Николай Александрович",Черноземные силы,Отрывок из неоконченного романа,1867,мужской,0,"социально-политический, крестьяне",социальный,политический,крестьянский,бытовой,,,0,3 лицо,['крестьяне'],Санкт-Петербург,Невский сборник,1,1,demert_n_chernozemnye_sily_1867.txt,['крестьяне'],0,0,0,0,0,0,1,0,0,0,0,0,0,0,0,0,0,0,0,0,0,0,0,0,0,0,0,0,0,0,0,0,0,0,0,0,1,True
"Дриянский, Егор Эдуардович",Туз,Жизнеописание Антона Антоновича: Роман в 4 ч,1867,мужской,0,социально-психологический,социальный,,,,,,0,,['буржуазия'],Москва,Отд. изд.,1,0,,['купцы'],0,0,0,0,0,0,0,1,0,0,0,0,0,0,0,0,0,0,0,0,0,0,0,0,0,0,0,0,0,0,0,0,0,0,0,0,1,True
"Кандауров, Василий Алексеевич",Поменьше опеки,Роман Кандаурова,1867,мужской,0,,,социально-психологический,идеологический,,,,0,3 лицо,['дворяне'],Екатеринослав,Отд. изд.,1,1,kandaurov_v_pomenshe_opeki_1867.txt,['дворяне'],0,1,0,0,0,0,0,0,0,0,0,0,0,0,0,0,0,0,0,0,0,0,0,0,0,0,0,0,0,0,0,0,0,0,0,0,1,True
"Каратыгин, Петр Петрович",Отсталый и передовой,Роман,1867,мужской,0,соц-психологический,социальный,,,,,,0,3 лицо,['рабочие'],,Всемирный труд,0,0,,['рабочие'],0,0,0,0,0,0,0,0,0,0,0,0,0,0,1,0,0,0,0,0,0,0,0,0,0,0,0,0,0,0,0,0,0,0,0,0,1,True
"Клюшников, Виктор Петрович",Большие корабли,Роман в трех частях,1867,мужской,0,"любовный роман,",любовный,,,,,,0,3 лицо,['nan'],,Литературная библиотека,0,0,,['nan'],1,0,0,0,0,0,0,0,0,0,0,0,0,0,0,0,0,0,0,0,0,0,0,0,0,0,0,0,0,0,0,0,0,0,0,0,1,True
"Леонтьев, Константин Николаевич",Ай-Бурун,,1867,мужской,0,"психологический,",психологический,психологический,экзотический,философский,любовный,,0,1 лицо,['дворяне'],,Отечественные записки,0,1,leontev_k_ajburun_1867.txt,['дворяне'],0,1,0,0,0,0,0,0,0,0,0,0,0,0,0,0,0,0,0,0,0,0,0,0,0,0,0,0,0,0,0,0,0,0,0,0,1,True
"Ломачевский, Дмитрий Платонович",С квартиры на квартиру,Этюды из жизни на Петербургской стороне,1867,мужской,0,роман-фельэтон,юмористический,,,,,,0,1 лицо,['мещане'],,Петербургский листок,0,0,,['мещане'],0,0,0,0,0,0,0,0,0,0,0,0,0,0,0,0,0,0,0,0,1,0,0,0,0,0,0,0,0,0,0,0,0,0,0,0,1,True
"Маркевич, Болеслав Михайлович",Типы прошлого,Роман,1867,мужской,0,? исторический,исторический,исторический,бытовой,нравоописательный,,,0,1 лицо,['дворяне'],,Русский вестник,0,1,markevich_b_tipy_proshlogo_1867.txt,['дворяне'],0,1,0,0,0,0,0,0,0,0,0,0,0,0,0,0,0,0,0,0,0,0,0,0,0,0,0,0,0,0,0,0,0,0,0,0,1,True
"Полонский, Яков Петрович",Признания Сергея Чалыгина,Роман,1867,мужской,0,исторический,исторический,,,,,,0,1 лицо,['декабристы'],,Литературная библиотека,0,0,,['революционеры'],0,0,0,0,0,0,0,0,0,0,0,1,0,0,0,0,0,0,0,0,0,0,0,0,0,0,0,0,0,0,0,0,0,0,0,0,1,True
"Славутинский, Степан Тимофеевич",Сила болота,"(Эпизод из романа: ""Чужое добро"")",1867,мужской,0,социально-психологический,социальный,,,,,,0,3 лицо,"['крестьяне', 'помещики']",,Виленский вестник,0,0,,"['крестьяне', 'помещики']",0,0,0,0,0,0,1,0,0,0,0,0,0,0,0,0,1,0,0,0,0,0,0,0,0,0,0,0,0,0,0,0,0,0,0,0,2,True
"Соколов, Александр Алексеевич",Театральные болота,Хроника-роман,1867,мужской,1,социально-психологический,социальный,,,,,,0,3 лицо,['разночинцы'],,Петербургская газета,0,0,,['разночинцы'],0,0,0,1,0,0,0,0,0,0,0,0,0,0,0,0,0,0,0,0,0,0,0,0,0,0,0,0,0,0,0,0,0,0,0,0,1,True
"Тургенев, Иван Сергеевич",Дым,Повесть,1867,мужской,0,общественно-политический роман,социальный,социально-психологический,политический,идеологический,любовный,,1,3 лицо,['дворяне'],,Русский вестник,0,1,turgenev_i_dym_1867.txt,['дворяне'],0,1,0,0,0,0,0,0,0,0,0,0,0,0,0,0,0,0,0,0,0,0,0,0,0,0,0,0,0,0,0,0,0,0,0,0,1,True
"Авдеев, Михаил Васильевич",Меж двух огней,Роман в 3 частях,1868,мужской,0,социально-психологический,социальный,социально-психологический,любовный,светский,,,0,3 лицо,['дворяне'],,Современное обозрение,0,1,avdeev_m_mezh_dvukh_ognej_1868.txt,['дворяне'],0,1,0,0,0,0,0,0,0,0,0,0,0,0,0,0,0,0,0,0,0,0,0,0,0,0,0,0,0,0,0,0,0,0,0,0,1,True
"Боборыкин, Петр Дмитриевич",Жертва вечерняя,Роман,1868,мужской,0,социально-психологический,социальный,социально-психологический,светский,адюльтерный,,,0,1 лицо,['дворяне'],,Всемирный труд,0,1,boborykin_p_zhertva_vechernyaya_1868.txt,['дворяне'],0,1,0,0,0,0,0,0,0,0,0,0,0,0,0,0,0,0,0,0,0,0,0,0,0,0,0,0,0,0,0,0,0,0,0,0,1,True
"Вовчок, Марко",Живая душа,Роман,1868,женский,1,социально-психолологический,социальный,социально-психологический,феминистский,идеологический,,,0,3 лицо,['городские обыватели'],Санкт-Петербург,Отечественные записки,1,1,vilinskaya_m_zhivaya_dusha_1868.txt,['горожане'],0,0,0,0,0,0,0,0,0,0,0,0,0,0,0,0,0,0,1,0,0,0,0,0,0,0,0,0,0,0,0,0,0,0,0,0,1,True
"Гирс, Дмитрий Константинович",Старая и юная Россия,Роман,1868,мужской,0,социально-психологический,социальный,социально-психологический,идеологический,бытовой,,,0,3 лицо,['nan'],,Отечественные записки,0,1,girs_d_staraya_i_yunaya_rossiya_1868.txt,['nan'],1,0,0,0,0,0,0,0,0,0,0,0,0,0,0,0,0,0,0,0,0,0,0,0,0,0,0,0,0,0,0,0,0,0,0,0,1,True
"Достоевский, Федор Михайлович",Идиот,Роман,1868,мужской,0,социально-психологический,социальный,социально-психологический,философский,идеологический,,,1,3 лицо,"['дворяне', 'мещане']",,Русский вестник,0,1,dostoevskij_f_idiot_1868.txt,"['дворяне', 'мещане']",0,1,0,0,0,0,0,0,0,0,0,0,0,0,0,0,0,0,0,0,1,0,0,0,0,0,0,0,0,0,0,0,0,0,0,0,2,True
"Евстигнеев, Михаил Евдокимович","Ведьма из-за Днепра, или Разбойник Соловей",Историческое повествование времен Василия Темного,1868,мужской,0,исторический,исторический,,,,,,0,3 лицо,"['князья', 'атаманы']",Москва,Отд. изд.,1,0,,"['князья', 'казаки']",0,0,0,0,0,0,0,0,0,0,0,0,0,0,0,0,0,0,0,0,0,1,0,0,0,1,0,0,0,0,0,0,0,0,0,0,2,True
"Кашкаров, Иван Дмитриевич",А. Большаков,(Роман в 2 частях),1868,мужской,0,социально-психологический,социальный,,,,,,0,,['дворяне'],Санкт-Петербург,Отд. изд.,1,0,,['дворяне'],0,1,0,0,0,0,0,0,0,0,0,0,0,0,0,0,0,0,0,0,0,0,0,0,0,0,0,0,0,0,0,0,0,0,0,0,1,True
"Мордовцев, Даниил Лукич",Новые русские люди,Повесть из жизни шестидесятых годов,1868,мужской,0,социально-психологический,социальный,,,,,,0,1 лицо,['nan'],,Всемирный труд,0,0,,['nan'],1,0,0,0,0,0,0,0,0,0,0,0,0,0,0,0,0,0,0,0,0,0,0,0,0,0,0,0,0,0,0,0,0,0,0,0,1,True
"Решетников, Федор Михайлович",Где лучше?,Роман,1868,мужской,0,,,крестьянский,бытовой,,,,0,3 лицо,['рабочие'],,Отечественные записки,0,1,reshetnikov_f_gde_luchshe_1868.txt,['рабочие'],0,0,0,0,0,0,0,0,0,0,0,0,0,0,1,0,0,0,0,0,0,0,0,0,0,0,0,0,0,0,0,0,0,0,0,0,1,True
"Толстой, Лев Николаевич",Война и мир,Сочинение графа Л.Н. Толстого,1868,мужской,0,"роман-эпопея, военный, исторический, социально-психологический",исторический,исторический,социально-психологический,философский,семейный,,1,3 лицо,"['аристократия', 'солдаты']",,Русский вестник,0,1,tolstoj_l_vojna_i_mir_1868.txt,"['аристократы', 'военные']",0,0,1,0,0,1,0,0,0,0,0,0,0,0,0,0,0,0,0,0,0,0,0,0,0,0,0,0,0,0,0,0,0,0,0,0,2,True
"Шеллер-Михайлов, Александр Константинович",Господа Обносковы,Роман,1868,мужской,1,социально-психологический,социальный,социально-психологический,семейный,бытовой,,,0,3 лицо,['дворяне'],,Дело,0,1,sheller-mikhajlov_a_gospoda_obnoskovy_1868.txt,['дворяне'],0,1,0,0,0,0,0,0,0,0,0,0,0,0,0,0,0,0,0,0,0,0,0,0,0,0,0,0,0,0,0,0,0,0,0,0,1,True
"Бажин, Николай Федотович",История одного товарищества,Роман,1869,мужской,0,социально-психологический,социальный,социально-психологический,идеологический,бытовой,,,0,3 лицо,['мелкие чиновники'],,Дело,0,1,bazhin_n_istoriya_odnogo_tovarishestva_1869.txt,['чиновники'],0,0,0,0,0,0,0,0,1,0,0,0,0,0,0,0,0,0,0,0,0,0,0,0,0,0,0,0,0,0,0,0,0,0,0,0,1,True
"Бажина, Серафима Никитична",Лотерея,Листки из романа,1869,женский,0,социально-психологический,социальный,,,,,,0,1 лицо,['дворяне'],,Ваза,0,0,,['дворяне'],0,1,0,0,0,0,0,0,0,0,0,0,0,0,0,0,0,0,0,0,0,0,0,0,0,0,0,0,0,0,0,0,0,0,0,0,1,True
"Боборыкин, Петр Дмитриевич",На суде,Роман в трех книгах,1869,мужской,0,социально-психологический,социальный,,,,,,0,3 лицо,['дворяне'],,Всемирный труд,0,0,,['дворяне'],0,1,0,0,0,0,0,0,0,0,0,0,0,0,0,0,0,0,0,0,0,0,0,0,0,0,0,0,0,0,0,0,0,0,0,0,1,True
"Вовчок, Марко",Записки причетника,,1869,женский,1,социально-психологический,социальный,социально-психологический,бытовой,религиозный,,,0,1 лицо,"['духовенство', 'священники']",Санкт-Петербург,Отечественные записки,1,1,vilinskaya_m_zapiski_prichetnika_1869.txt,['духовенство'],0,0,0,0,0,0,0,0,0,0,0,0,1,0,0,0,0,0,0,0,0,0,0,0,0,0,0,0,0,0,0,0,0,0,0,0,1,True
"Вроцкий, Н.А.",Семейство Тарских,Роман в трех частях,1869,мужской,1,семейная хроника,семейный,,,,,,0,3 лицо,['дворяне'],Москва,Отд. изд.,1,0,,['дворяне'],0,1,0,0,0,0,0,0,0,0,0,0,0,0,0,0,0,0,0,0,0,0,0,0,0,0,0,0,0,0,0,0,0,0,0,0,1,True
"Гончаров, Иван Александрович",Обрыв,Роман,1869,мужской,0,социально-психологический,социальный,социально-психологический,любовный,философский,идеологический,,1,3 лицо,['дворяне'],,Вестник Европы,0,1,goncharov_i_obryv_1869.txt,['дворяне'],0,1,0,0,0,0,0,0,0,0,0,0,0,0,0,0,0,0,0,0,0,0,0,0,0,0,0,0,0,0,0,0,0,0,0,0,1,True
"Клюшников, Виктор Петрович",Цыгане,Роман в трех частях,1869,мужской,0,любовный,любовный,,,,,,0,3 лицо,['nan'],,Заря,0,0,,['nan'],1,0,0,0,0,0,0,0,0,0,0,0,0,0,0,0,0,0,0,0,0,0,0,0,0,0,0,0,0,0,0,0,0,0,0,0,1,True
"Крестовский, Всеволод Владимирович",Панургово стадо,Роман,1869,мужской,0,исторический роман,исторический,исторический,политический,идеологический,антинигилистический,уголовный,0,3 лицо,['дворяне'],,Русский вестник,0,1,krestovskij_v_krovavyj_puf_1869.txt,['дворяне'],0,1,0,0,0,0,0,0,0,0,0,0,0,0,0,0,0,0,0,0,0,0,0,0,0,0,0,0,0,0,0,0,0,0,0,0,1,True
"Михайлов, Михаил Ларионович",За пределами истории,За миллионы лет,1869,мужской,0,исторический,исторический,исторический,философский,утопический,,,0,3 лицо,['nan'],,Дело,0,1,mikhajlov_m_za_predelami_istorii_1869.txt,['nan'],1,0,0,0,0,0,0,0,0,0,0,0,0,0,0,0,0,0,0,0,0,0,0,0,0,0,0,0,0,0,0,0,0,0,0,0,1,True
"Мордовцев, Даниил Лукич",Знамение времени,,1869,мужской,0,социально-психологический,социальный,,,,,,0,3 лицо,['разночинцы'],,Всемирный труд,0,0,,['разночинцы'],0,0,0,1,0,0,0,0,0,0,0,0,0,0,0,0,0,0,0,0,0,0,0,0,0,0,0,0,0,0,0,0,0,0,0,0,1,True
"Ожигина, Людмила Александровна",Своим путем,Из записок современной девушки,1869,женский,0,социально-психологический,социальный,,,,,,0,1 лицо,['дворяне'],,Отечественные записки,0,0,,['дворяне'],0,1,0,0,0,0,0,0,0,0,0,0,0,0,0,0,0,0,0,0,0,0,0,0,0,0,0,0,0,0,0,0,0,0,0,0,1,True
"Темризов, А.",Разлучники,Роман,1869,женский,1,социально-психологический,социальный,,,,,,0,3 лицо,['дворяне'],Санкт-Петербург,Отд. изд.,1,0,,['дворяне'],0,1,0,0,0,0,0,0,0,0,0,0,0,0,0,0,0,0,0,0,0,0,0,0,0,0,0,0,0,0,0,0,0,0,0,0,1,True
"Шеллер-Михайлов, Александр Константинович",Вразброд,Роман,1869,мужской,1,семейная хроника,семейный,семейный,хроникальный,социально-психологический,,,0,1 лицо,['дворяне'],,Дело,0,1,sheller-mikhajlov_a_vrazbrod_1869.txt,['дворяне'],0,1,0,0,0,0,0,0,0,0,0,0,0,0,0,0,0,0,0,0,0,0,0,0,0,0,0,0,0,0,0,0,0,0,0,0,1,True
"Авсеенко, Василий Григорьевич",На распутьи,Роман,1870,мужской,0,социально-психологический,социальный,,,,,,0,3 лицо,['nan'],,Заря,0,0,,['nan'],1,0,0,0,0,0,0,0,0,0,0,0,0,0,0,0,0,0,0,0,0,0,0,0,0,0,0,0,0,0,0,0,0,0,0,0,1,True
"Ахшарумов, Николай Дмитриевич",Мандарин,Роман в 4 частях,1870,мужской,0,социально-психологический,социальный,социально-психологический,философский,экзотический,,,0,3 лицо,['дворяне'],,Заря,0,1,akhsharumov_n_mandarin_1870.txt,['дворяне'],0,1,0,0,0,0,0,0,0,0,0,0,0,0,0,0,0,0,0,0,0,0,0,0,0,0,0,0,0,0,0,0,0,0,0,0,1,True
"Бажина, Серафима Никитична",Старая история,,1870,женский,0,социально-психологический,социальный,,,,,,0,1 лицо,['nan'],,Ваза,0,0,,['nan'],1,0,0,0,0,0,0,0,0,0,0,0,0,0,0,0,0,0,0,0,0,0,0,0,0,0,0,0,0,0,0,0,0,0,0,0,1,True
"Бажина, Серафима Никитична",Самостоятельная жизнь,,1870,женский,0,социально-психологический,социальный,,,,,,0,1 лицо,['nan'],,Ваза,0,0,,['nan'],1,0,0,0,0,0,0,0,0,0,0,0,0,0,0,0,0,0,0,0,0,0,0,0,0,0,0,0,0,0,0,0,0,0,0,0,1,True
"Боборыкин, Петр Дмитриевич",Солидные добродетели,Роман в четырех книгах,1870,мужской,0,социально-психологический,социальный,,,,,,0,3 лицо,['дворяне'],,Отечественные записки,0,0,,['дворяне'],0,1,0,0,0,0,0,0,0,0,0,0,0,0,0,0,0,0,0,0,0,0,0,0,0,0,0,0,0,0,0,0,0,0,0,0,1,True
"Евстигнеев, Михаил Евдокимович",Мститель,Роман,1870,мужской,0,детективный,криминальный,,,,,,0,,['nan'],Москва,Отд. изд.,1,0,,['nan'],1,0,0,0,0,0,0,0,0,0,0,0,0,0,0,0,0,0,0,0,0,0,0,0,0,0,0,0,0,0,0,0,0,0,0,0,1,True
"Кельсиев, Василий Иванович",Москва и Тверь,Историческая повесть,1870,мужской,0,исторический,исторический,исторический,политический,авантюрный,бытовой,,0,3 лицо,"['дворяне', 'революционеры']",,Нива,0,1,kelsiev_v_moskva_i_tver_1870.txt,"['дворяне', 'революционеры']",0,1,0,0,0,0,0,0,0,0,0,1,0,0,0,0,0,0,0,0,0,0,0,0,0,0,0,0,0,0,0,0,0,0,0,0,2,True
"Крестовский, В.-псевдоним",Большая Медведица,Роман,1870,женский,1,,,социально-психологический,адюльтерный,семейный,,,0,3 лицо,['дворяне'],,Вестник Европы,0,1,khvoshinskaya_n_bolshaya_medvediza_1870.txt,['дворяне'],0,1,0,0,0,0,0,0,0,0,0,0,0,0,0,0,0,0,0,0,0,0,0,0,0,0,0,0,0,0,0,0,0,0,0,0,1,True
"Лесков, Николай Семенович",На ножах,Роман,1870,мужской,0,романы о нигилистах,социальный,антинигилистический,социально-психологический,идеологический,уголовный,,1,3 лицо,"['нигилисты', 'дворяне']",,Русский вестник,0,1,leskov_n_na_nozhakh_1870.txt,"['революционеры', 'дворяне']",0,1,0,0,0,0,0,0,0,0,0,1,0,0,0,0,0,0,0,0,0,0,0,0,0,0,0,0,0,0,0,0,0,0,0,0,2,True
"Михайлов, Михаил Ларионович",Вместе,Роман,1870,мужской,0,социально-психологический,социальный,социально-психологический,идеологический,бытовой,,,0,3 лицо,['дворяне'],,Дело,0,1,mikhajlov_m_vmeste_1870.txt,['дворяне'],0,1,0,0,0,0,0,0,0,0,0,0,0,0,0,0,0,0,0,0,0,0,0,0,0,0,0,0,0,0,0,0,0,0,0,0,1,True
"Омулевский, Иннокентий Васильевич",Шаг за шагом,Роман,1870,мужской,0,исторический,исторический,социально-психологический,идеологический,роман воспитания,,,0,3 лицо,['революционеры'],,Дело,0,1,omulevskij_i_shag_za_shagom_1870.txt,['революционеры'],0,0,0,0,0,0,0,0,0,0,0,1,0,0,0,0,0,0,0,0,0,0,0,0,0,0,0,0,0,0,0,0,0,0,0,0,1,True
"Решетников, Федор Михайлович",Свой хлеб,Роман,1870,мужской,0,социально-психологический,социальный,социально-психологический,бытовой,,,,0,3 лицо,['nan'],,Отечественные записки,0,1,reshetnikov_f_svoj_khleb_1870.txt,['nan'],1,0,0,0,0,0,0,0,0,0,0,0,0,0,0,0,0,0,0,0,0,0,0,0,0,0,0,0,0,0,0,0,0,0,0,0,1,True
"Салтыков-Щедрин, Михаил Евграфович",История одного города,,1870,мужской,1,фантастический,фантастический,сатирический,фантастический,политический,,,1,3 лицо,"['чиновники', 'горожане']",,Отечественные записки,0,1,saltykov-shedrin_m_istoriya_odnogo_goroda_1870.txt,"['чиновники', 'горожане']",0,0,0,0,0,0,0,0,1,0,0,0,0,0,0,0,0,0,1,0,0,0,0,0,0,0,0,0,0,0,0,0,0,0,0,0,2,True
"Соколов, Александр Алексеевич",От берега до берега. Жизнь в провинции,Хроника-роман в 3 частях,1870,мужской,1,,,,,,,,0,,['nan'],Санкт-Петербург,Отд. изд.,1,0,,['nan'],1,0,0,0,0,0,0,0,0,0,0,0,0,0,0,0,0,0,0,0,0,0,0,0,0,0,0,0,0,0,0,0,0,0,0,0,1,True
"Худеков, Сергей Николаевич",Балетный мирок,Живые картинки,1870,мужской,0,,,,,,,,0,3 лицо,['nan'],Санкт-Петербург,Отд. изд.,1,0,,['nan'],1,0,0,0,0,0,0,0,0,0,0,0,0,0,0,0,0,0,0,0,0,0,0,0,0,0,0,0,0,0,0,0,0,0,0,0,1,True
"Чаев, Николай Александрович",Подспудные силы,Роман в 2 частях,1870,мужской,0,,,социально-психологический,исторический,,,,0,3 лицо,['nan'],Москва,Русский Вестник; Отд. изд,1,1,chaev_n_podspudnye_sily_1870.txt,['nan'],1,0,0,0,0,0,0,0,0,0,0,0,0,0,0,0,0,0,0,0,0,0,0,0,0,0,0,0,0,0,0,0,0,0,0,0,1,True
"Анненская, Александра Никитична",Чужой хлеб,Роман для детей,1871,женский,0,социальная повесть,социальный,социально-психологический,бытовой,роман воспитания,,,0,3 лицо,['крестьяне'],,Семья и школа,0,1,annenskaya_a_chuzhoj_khleb_1871.txt,['крестьяне'],0,0,0,0,0,0,1,0,0,0,0,0,0,0,0,0,0,0,0,0,0,0,0,0,0,0,0,0,0,0,0,0,0,0,0,0,1,True
"Афанасьев-Чужбинский, Александр Степанович",Петербургские игроки,Роман в 4 частях,1871,мужской,1,бытовой роман,описательный,бытовой,социально-психологический,нравоописательный,,,0,3 лицо,['дворяне'],,Заря,0,1,afanasev-chuzhbinskij_a_peterburgskie_igroki_1871.txt,['дворяне'],0,1,0,0,0,0,0,0,0,0,0,0,0,0,0,0,0,0,0,0,0,0,0,0,0,0,0,0,0,0,0,0,0,0,0,0,1,True
"Ближнев, П.",Семейство Снежиных,Роман,1871,женский,1,,,,,,,,0,3 лицо,['дворяне'],,Вестник Европы,0,0,,['дворяне'],0,1,0,0,0,0,0,0,0,0,0,0,0,0,0,0,0,0,0,0,0,0,0,0,0,0,0,0,0,0,0,0,0,0,0,0,1,True
"Блюммер, Леонид Петрович",Около золота,Роман,1871,мужской,0,социально-психологический,социальный,социально-психологический,бытовой,,,,0,3 лицо,['рабочие'],,Заря,0,1,blyummer_l_okolo_zolota_1871.txt,['рабочие'],0,0,0,0,0,0,0,0,0,0,0,0,0,0,1,0,0,0,0,0,0,0,0,0,0,0,0,0,0,0,0,0,0,0,0,0,1,True
"Богров, Григорий Исаакович",Записки еврея,,1871,мужской,0,социально-психологический,социальный,социально-психологический,этнографический,,,,0,1 лицо,['народности и этнические группы'],,Отечественные записки,0,1,bogrov_g_zapiski_evreya_1871.txt,['народности и этнические группы'],0,0,0,0,0,0,0,0,0,1,0,0,0,0,0,0,0,0,0,0,0,0,0,0,0,0,0,0,0,0,0,0,0,0,0,0,1,True
"Долгов, К.",На новом пути,Роман,1871,мужской,0,исторический,исторический,,,,,,0,,['nan'],,Дело,0,0,,['nan'],1,0,0,0,0,0,0,0,0,0,0,0,0,0,0,0,0,0,0,0,0,0,0,0,0,0,0,0,0,0,0,0,0,0,0,0,1,True
"Достоевский, Федор Михайлович",Бесы,Роман,1871,мужской,0,роман,,антинигилистический,философский,идеологический,психологический,,1,3 лицо,"['дворяне', 'нигилисты', 'разночинцы']",,Русский вестник,0,1,dostoevskij_f_besy_1871.txt,"['дворяне', 'революционеры', 'разночинцы']",0,1,0,1,0,0,0,0,0,0,0,1,0,0,0,0,0,0,0,0,0,0,0,0,0,0,0,0,0,0,0,0,0,0,0,0,3,True
"Кашкаров, Иван Дмитриевич",Честные люди,"Роман в четырех частях. Продолжение романа ""Русские демократы""",1871,мужской,0,соц.-психологичесий,социальный,социально-психологический,идеологический,нравоучительный,,,0,3 лицо,"['дворяне', 'крестьяне']",Санкт-Петербург,Отд. изд.,1,1,kashkarov_i_chestnye_lyudi_1871.txt,"['дворяне', 'крестьяне']",0,1,0,0,0,0,1,0,0,0,0,0,0,0,0,0,0,0,0,0,0,0,0,0,0,0,0,0,0,0,0,0,0,0,0,0,2,True
"Кельсиев, Василий Иванович",На все руки мастер,Историческая повесть,1871,мужской,0,исторический,исторический,,,,,,0,3 лицо,['революционеры'],,Семейные вечера,0,0,,['революционеры'],0,0,0,0,0,0,0,0,0,0,0,1,0,0,0,0,0,0,0,0,0,0,0,0,0,0,0,0,0,0,0,0,0,0,0,0,1,True
"Кельсиев, Василий Иванович",При Петре,Историческая повесть времен преобразования Руси,1871,мужской,0,"исторический роман, революционеры",исторический,исторический,политический,авантюрный,идеологический,,0,3 лицо,"['аристократия прошлого', 'легендарные исторические фигуры']",,Нива,0,1,kelsiev_v_pri_petre_1871.txt,"['аристократы', 'легендарные исторические фигуры']",0,0,1,0,1,0,0,0,0,0,0,0,0,0,0,0,0,0,0,0,0,0,0,0,0,0,0,0,0,0,0,0,0,0,0,0,2,True
"Кущевский, Иван Афанасьевич","Николай Негорев, или Благополучный россиянин",Роман,1871,мужской,0,социально-психологический,социальный,социально-психологический,роман воспитания,сатирический,,,0,1 лицо,['дворяне'],,Отечественные записки,0,1,kushevskij_i_nikolaj_negorev_ili_blagopoluchnyj_rossiyanin_1871.txt,['дворяне'],0,1,0,0,0,0,0,0,0,0,0,0,0,0,0,0,0,0,0,0,0,0,0,0,0,0,0,0,0,0,0,0,0,0,0,0,1,True
"Леванда, Лев Осипович",Горячее время,Роман из последнего польского восстания,1871,мужской,0,социально-психологический,социальный,,,,,,0,1 лицо,['дворяне'],Санкт-Петербург,Еврейская библиотека,1,0,,['дворяне'],0,1,0,0,0,0,0,0,0,0,0,0,0,0,0,0,0,0,0,0,0,0,0,0,0,0,0,0,0,0,0,0,0,0,0,0,1,True
"Лейкин, Николай Александрович",Христова невеста,Повесть Н.А. Лейкина,1871,мужской,0,бытописательный роман,описательный,,,,,,0,3 лицо,"['купцы', 'мещане']",Санкт-Петербург,Дешёвая библиотека для лёгкого чтения,1,0,,"['купцы', 'мещане']",0,0,0,0,0,0,0,1,0,0,0,0,0,0,0,0,0,0,0,0,1,0,0,0,0,0,0,0,0,0,0,0,0,0,0,0,2,True
"Лермонтов, Владимир Дмитриевич",Неслужащий дворянин,Роман в двух частях,1871,мужской,0,социально-психологический,социальный,,,,,,0,3 лицо,['дворяне'],,Заря,0,0,,['дворяне'],0,1,0,0,0,0,0,0,0,0,0,0,0,0,0,0,0,0,0,0,0,0,0,0,0,0,0,0,0,0,0,0,0,0,0,0,1,True
"Мельников-Печерский, Павел Иванович",В лесах,"Продолжение рассказа ""За Волгой""",1871,мужской,1,,,этнографический,бытовой,религиозный,хроникальный,,0,3 лицо,"['раскольники', 'крестьяне', 'купцы', 'промышленники']",,Русский вестник,0,1,melnikov_p_v_lesakh_1875.txt,"['сектанты', 'крестьяне', 'купцы']",0,0,0,0,0,0,1,1,0,0,0,0,0,0,0,0,0,0,0,1,0,0,0,0,0,0,0,0,0,0,0,0,0,0,0,0,3,True
"Окрейц, Станислав Станиславович",Последние язычники,Роман из предрассветной эпохи (1840-1850 гг.),1871,мужской,0,исторический,исторический,,,,,,0,,['поляки'],Санкт-Петербург,Отд. изд.,1,0,,['народности и этнические группы'],0,0,0,0,0,0,0,0,0,1,0,0,0,0,0,0,0,0,0,0,0,0,0,0,0,0,0,0,0,0,0,0,0,0,0,0,1,True
"Писемский, Алексей Феофилактович",В водовороте,Роман,1871,мужской,0,,,социально-психологический,адюльтерный,идеологический,антинигилистический,,0,3 лицо,['дворяне'],,Беседа,0,1,pisemskij_a_v_vodovorote_1871.txt,['дворяне'],0,1,0,0,0,0,0,0,0,0,0,0,0,0,0,0,0,0,0,0,0,0,0,0,0,0,0,0,0,0,0,0,0,0,0,0,1,True
"Смирнова, Софья Ивановна",Огонек,Роман в трех частях,1871,женский,0,социально-психологический роман; эмансипированная героиня,социальный,,,,,,0,3 лицо,['nan'],,Отечественные записки,0,0,,['nan'],1,0,0,0,0,0,0,0,0,0,0,0,0,0,0,0,0,0,0,0,0,0,0,0,0,0,0,0,0,0,0,0,0,0,0,0,1,True
"Суворин, Алексей Сергеевич",Миллиард в тумане,роман-фельетон,1871,мужской,0,,,,,,,,0,,['nan'],,Санкт-Петербургские ведомости,0,0,,['nan'],1,0,0,0,0,0,0,0,0,0,0,0,0,0,0,0,0,0,0,0,0,0,0,0,0,0,0,0,0,0,0,0,0,0,0,0,1,True
"Чистяков, Михаил Борисович","Святослав, князь Липецкий",повесть,1871,мужской,0,историческая повесть,исторический,исторический,авантюрный,,,,0,3 лицо,['аристократия прошлого'],Санкт-Петербург,Отд. изд.,1,1,chistyakov_m_svyatoslav_knyaz_lipezkij_1871.txt,['аристократы'],0,0,1,0,0,0,0,0,0,0,0,0,0,0,0,0,0,0,0,0,0,0,0,0,0,0,0,0,0,0,0,0,0,0,0,0,1,True
"Шеллер-Михайлов, Александр Константинович",Лес рубят - щепки летят,Роман,1871,мужской,1,социально-психологический,социальный,социально-психологический,идеологический,бытовой,,,0,3 лицо,['рабочие'],,Дело,0,1,sheller-mikhajlov_a_les_rubyat__shepki_letyat_1871.txt,['рабочие'],0,0,0,0,0,0,0,0,0,0,0,0,0,0,1,0,0,0,0,0,0,0,0,0,0,0,0,0,0,0,0,0,0,0,0,0,1,True
"Авсеенко, Василий Григорьевич",Из-за благ земных,Роман в 3 частях,1872,мужской,0,психологический роман,психологический,социально-психологический,светский,нравоописательный,,,0,3 лицо,['дворяне'],Москва,Русский вестник,1,1,avseenko_v_izza_blag_zemnykh_1872.txt,['дворяне'],0,1,0,0,0,0,0,0,0,0,0,0,0,0,0,0,0,0,0,0,0,0,0,0,0,0,0,0,0,0,0,0,0,0,0,0,1,True
"Альминский, П.",Алексей Слободин,Семейная история,1872,мужской,1,социально-психологический,социальный,,,,,,0,3 лицо,['дворяне'],,Вестник Европы,0,0,,['дворяне'],0,1,0,0,0,0,0,0,0,0,0,0,0,0,0,0,0,0,0,0,0,0,0,0,0,0,0,0,0,0,0,0,0,0,0,0,1,True
"Ахшарумов, Николай Дмитриевич",Концы в воду,роман,1872,мужской,0,детективный роман,криминальный,детективный,социально-психологический,уголовный,,,0,1 лицо,['криминальный мир'],,Отечественные записки,0,1,akhsharumov_n_konzy_v_vodu_1872.txt,['криминальный мир'],0,0,0,0,0,0,0,0,0,0,1,0,0,0,0,0,0,0,0,0,0,0,0,0,0,0,0,0,0,0,0,0,0,0,0,0,1,True
"Бажин, Николай Федотович",Зовет...,Записки Семена Долгого. Роман,1872,мужской,0,социальный роман,социальный,,,,,,0,1 лицо,['разночинцы'],,Дело,0,0,,['разночинцы'],0,0,0,1,0,0,0,0,0,0,0,0,0,0,0,0,0,0,0,0,0,0,0,0,0,0,0,0,0,0,0,0,0,0,0,0,1,True
"Боборыкин, Петр Дмитриевич",Дельцы,Роман в четырех книгах,1872,мужской,0,соц.-психологический,социальный,,,,,,0,3 лицо,['молодая буржуазия'],,Отечественные записки,0,0,,['купцы'],0,0,0,0,0,0,0,1,0,0,0,0,0,0,0,0,0,0,0,0,0,0,0,0,0,0,0,0,0,0,0,0,0,0,0,0,1,True
"Зарубин, Павел Алексеевич",Тёмные и светлые стороны русской жизни,Роман,1872,мужской,0,автобиографический,биографический,,,,,,0,3 лицо,['мещане'],Санкт-Петербург,Отд. изд.,1,0,,['мещане'],0,0,0,0,0,0,0,0,0,0,0,0,0,0,0,0,0,0,0,0,1,0,0,0,0,0,0,0,0,0,0,0,0,0,0,0,1,True
"Зотов, Рафаил Михайлович",Последний потомок Чингис-хана,Роман в трех частях,1872,мужской,0,биографический,биографический,,,,,,0,3 лицо,['военные и аристократы'],,Иллюстрированная газета,0,0,,['военные'],0,0,0,0,0,1,0,0,0,0,0,0,0,0,0,0,0,0,0,0,0,0,0,0,0,0,0,0,0,0,0,0,0,0,0,0,1,True
"Каразин, Николай Николаевич",На далеких окраинах,Роман,1872,мужской,0,ориенталистский,ориенталистский,этнографический,приключенческий,ориенталистский,,,0,3 лицо,['офицеры'],,Дело,0,1,karazin_n_na_dalekikh_okrainakh_1872.txt,['военные'],0,0,0,0,0,1,0,0,0,0,0,0,0,0,0,0,0,0,0,0,0,0,0,0,0,0,0,0,0,0,0,0,0,0,0,0,1,True
"Клюшников, Виктор Петрович; Петров, Петр Николаевич",Семья вольнодумцев,Роман Екатерининского времени,1872,мужской,0,роман о нигилистах,социальный,антинигилистический,идеологический,семейный,,,0,3 лицо,['нигилисты'],,Нива,0,1,klyushnikov_v_semya_volnodumzev_1872.txt,['революционеры'],0,0,0,0,0,0,0,0,0,0,0,1,0,0,0,0,0,0,0,0,0,0,0,0,0,0,0,0,0,0,0,0,0,0,0,0,1,True
"Ковнер, Аркадий Григорьевич",Вне колеи,Роман в четырех книгах,1872,мужской,0,социальный роман,социальный,,,,,,0,3 лицо,['разночинцы'],,Библиотека дешевая общедоступная,0,0,,['разночинцы'],0,0,0,1,0,0,0,0,0,0,0,0,0,0,0,0,0,0,0,0,0,0,0,0,0,0,0,0,0,0,0,0,0,0,0,0,1,True
"Лесков, Николай Семенович",Соборяне,Старгородская хроника,1872,мужской,0,психологический роман,психологический,социально-психологический,социально-психологический,бытовой,,,1,3 лицо,['духовенство'],,Русский вестник,0,1,leskov_n_soboryane_1872.txt,['духовенство'],0,0,0,0,0,0,0,0,0,0,0,0,1,0,0,0,0,0,0,0,0,0,0,0,0,0,0,0,0,0,0,0,0,0,0,0,1,True
Неженатый Серафим,От поцелуя к поцелую,Роман,1872,мужской,1,сатирический роман,юмористический,,,,,,0,3 лицо,['чиновники'],Санкт-Петербург,Отд. изд.,1,0,,['чиновники'],0,0,0,0,0,0,0,0,1,0,0,0,0,0,0,0,0,0,0,0,0,0,0,0,0,0,0,0,0,0,0,0,0,0,0,0,1,True
"Преображенский, Н.С.",Из кулька в рогожку,Роман,1872,мужской,0,социально-психологический,социальный,,,,,,0,3 лицо,['духовенство'],,Дело,0,0,,['духовенство'],0,0,0,0,0,0,0,0,0,0,0,0,1,0,0,0,0,0,0,0,0,0,0,0,0,0,0,0,0,0,0,0,0,0,0,0,1,True
"Ромер, Федор Эмильевич",Дилетанты,Роман,1872,мужской,0,соц.-психологический,социальный,,,,,,0,3 лицо,['революционеры'],,Вестник Европы,0,0,,['революционеры'],0,0,0,0,0,0,0,0,0,0,0,1,0,0,0,0,0,0,0,0,0,0,0,0,0,0,0,0,0,0,0,0,0,0,0,0,1,True
"Салиас, Евгений Андреевич",Самокрутка,Историческая повесть в двух частях,1872,мужской,1,"историческая повесть, xviii в.",исторический,исторический,авантюрный,любовный,бытовой,,0,3 лицо,['nan'],Санкт-Петербург,Отд. изд. (СС),1,1,salias-de-turnemir_e_samokrutka_1872.txt,['nan'],1,0,0,0,0,0,0,0,0,0,0,0,0,0,0,0,0,0,0,0,0,0,0,0,0,0,0,0,0,0,0,0,0,0,0,0,1,True
"Смирнова, Софья Ивановна",Соль земли,Роман,1872,женский,0,социально-психологический,социальный,,,,,,0,3 лицо,['дворяне'],,Отечественные записки,0,0,,['дворяне'],0,1,0,0,0,0,0,0,0,0,0,0,0,0,0,0,0,0,0,0,0,0,0,0,0,0,0,0,0,0,0,0,0,0,0,0,1,True
"Чаев, Николай Александрович",Богатыри,Роман в трех частях из времен императора Павла,1872,мужской,0,"историческая повесть, xviii в., времена павла i",исторический,,,,,,0,3 лицо,['аристократия прошлого'],,Беседа,0,0,,['аристократы'],0,0,1,0,0,0,0,0,0,0,0,0,0,0,0,0,0,0,0,0,0,0,0,0,0,0,0,0,0,0,0,0,0,0,0,0,1,True
"Альбов, Михаил Николаевич",Пшеницыны,Из истории забитых людей,1873,мужской,0,соц.-психологический роман,социальный,социально-психологический,семейный,бытовой,,,0,3 лицо,['чиновники'],,Дело,0,1,albov_m_pshenizyny_1873.txt,['чиновники'],0,0,0,0,0,0,0,0,1,0,0,0,0,0,0,0,0,0,0,0,0,0,0,0,0,0,0,0,0,0,0,0,0,0,0,0,1,True
"Боборыкин, Петр Дмитриевич",Полжизни,Роман в двух книгах,1873,мужской,0,соц.-психологический,социальный,,,,,,0,1 лицо,['студенты'],,Вестник Европы,0,0,,['студенты'],0,0,0,0,0,0,0,0,0,0,0,0,0,0,0,0,0,0,0,0,0,0,0,1,0,0,0,0,0,0,0,0,0,0,0,0,1,True
"Де-Воллан, Григорий Александрович",Отто фон Нейзан,na,1873,мужской,0,социально-психологический,социальный,,,,,,0,,['аристократы'],,"Карпат [газета, г. Пешт, Венгрия]",0,0,,['аристократы'],0,0,1,0,0,0,0,0,0,0,0,0,0,0,0,0,0,0,0,0,0,0,0,0,0,0,0,0,0,0,0,0,0,0,0,0,1,True
"Евстигнеев, Михаил Евдокимович",Сын нищего,Роман из староверского быта : В 2 частях,1873,мужской,0,детективный,криминальный,,,,,,0,,['духовенство'],Москва,Отд. изд.,1,0,,['духовенство'],0,0,0,0,0,0,0,0,0,0,0,0,1,0,0,0,0,0,0,0,0,0,0,0,0,0,0,0,0,0,0,0,0,0,0,0,1,True
"Каразин, Николай Николаевич",Погоня за наживой,Роман,1873,мужской,0,исторический,исторический,,,,,,0,3 лицо,['дворяне'],,Дело,0,0,,['дворяне'],0,1,0,0,0,0,0,0,0,0,0,0,0,0,0,0,0,0,0,0,0,0,0,0,0,0,0,0,0,0,0,0,0,0,0,0,1,True
"Лермонтов, Михаил Юрьевич",Вадим,,1873,мужской,0,исторический,исторический,исторический,готический,психологический,,,1,3 лицо,"['помещики', 'крестьяне']",,Вестник Европы,0,1,lermontov_m_vadim_1873.txt,"['помещики', 'крестьяне']",0,0,0,0,0,0,1,0,0,0,0,0,0,0,0,0,1,0,0,0,0,0,0,0,0,0,0,0,0,0,0,0,0,0,0,0,2,True
"Маркевич, Болеслав Михайлович",Марина из Алого рога,Современная быль,1873,мужской,0,исторический,исторический,антинигилистический,светский,идеологический,нравоописательный,,0,3 лицо,['малоросские дворяне'],,Русский вестник,0,1,markevich_b_marina_iz_alogo_roga_1873.txt,['дворяне'],0,1,0,0,0,0,0,0,0,0,0,0,0,0,0,0,0,0,0,0,0,0,0,0,0,0,0,0,0,0,0,0,0,0,0,0,1,True
"Марков, Владислав Львович",Курские порубженики,Исторический роман,1873,мужской,0,"исторический,",исторический,исторический,этнографический,,,,0,3 лицо,['монахи'],,Русский вестник,0,1,markov_v_kurskie_porubzheniki_1873.txt,['духовенство'],0,0,0,0,0,0,0,0,0,0,0,0,1,0,0,0,0,0,0,0,0,0,0,0,0,0,0,0,0,0,0,0,0,0,0,0,1,True
"Мещерский, Владимир Петрович",Один из наших Бисмарков,фантастический роман в 3 частях,1873,мужской,0,сатирический,юмористический,,,,,,0,3 лицо,"['бюрократы', 'аристократы']",,Гражданин,0,0,,"['чиновники', 'аристократы']",0,0,1,0,0,0,0,0,1,0,0,0,0,0,0,0,0,0,0,0,0,0,0,0,0,0,0,0,0,0,0,0,0,0,0,0,2,True
"Мещерский, Владимир Петрович",Женщины из большого петербургского света,Оригинальный роман в 3 частях,1873,мужской,0,светский,светский,,,,,,0,3 лицо,['дворяне'],,Гражданин,0,0,,['дворяне'],0,1,0,0,0,0,0,0,0,0,0,0,0,0,0,0,0,0,0,0,0,0,0,0,0,0,0,0,0,0,0,0,0,0,0,0,1,True
"Омулевский, Иннокентий Васильевич",Попытка - не шутка,Роман,1873,мужской,0,,,политический,бытовой,,,,0,3 лицо,['nan'],,Дело,0,1,omulevskij_i_popytka__ne_shutka_1873.txt,['nan'],1,0,0,0,0,0,0,0,0,0,0,0,0,0,0,0,0,0,0,0,0,0,0,0,0,0,0,0,0,0,0,0,0,0,0,0,1,True
"Салиас, Евгений Андреевич",Пугачевцы,Исторический роман,1873,мужской,1,исторический,исторический,исторический,авантюрный,приключенческий,,,0,3 лицо,"['военные', 'казаки']",,Гражданин; Русский вестник,0,1,salias-de-turnemir_e_pugachevzy_1873.txt,"['военные', 'казаки']",0,0,0,0,0,1,0,0,0,0,0,0,0,0,0,0,0,0,0,0,0,1,0,0,0,0,0,0,0,0,0,0,0,0,0,0,2,True
"Смирнова, Софья Ивановна",Попечитель учебного округа,Роман в трех частях,1873,женский,0,исторический,исторический,,,,,,0,,['гос. чиновники'],,Отечественные записки,0,0,,['чиновники'],0,0,0,0,0,0,0,0,1,0,0,0,0,0,0,0,0,0,0,0,0,0,0,0,0,0,0,0,0,0,0,0,0,0,0,0,1,True
"Соколов, Александр Алексеевич",Крестник Петра Великого,Исторический рассказ,1873,мужской,1,исторический,исторический,исторический,авантюрный,,,,0,3 лицо,['аристократы'],Санкт-Петербург,Отд. изд.,1,1,sokolov_a_krestnik_petra_velikogo_1873.txt,['аристократы'],0,0,1,0,0,0,0,0,0,0,0,0,0,0,0,0,0,0,0,0,0,0,0,0,0,0,0,0,0,0,0,0,0,0,0,0,1,True
"Соколов, Александр Алексеевич",Розы и тернии,,1873,мужской,1,,,,,,,,0,,['nan'],Санкт-Петербург,Отд. изд.,1,0,,['nan'],1,0,0,0,0,0,0,0,0,0,0,0,0,0,0,0,0,0,0,0,0,0,0,0,0,0,0,0,0,0,0,0,0,0,0,0,1,True
"Станюкович, Константин Михайлович",Без исхода,Роман,1873,мужской,0,народнический,социальный,политический,идеологический,,,,0,3 лицо,['дворяне'],,Дело,0,1,stanyukovich_k_bez_iskhoda_1873.txt,['дворяне'],0,1,0,0,0,0,0,0,0,0,0,0,0,0,0,0,0,0,0,0,0,0,0,0,0,0,0,0,0,0,0,0,0,0,0,0,1,True
"Филиппов, Михаил Авраамович",Рассвет,Роман М.А. Филиппова,1873,мужской,0,социальный,социальный,,,,,,0,3 лицо,['дворяне'],Санкт-Петербург,Отд. изд.,1,0,,['дворяне'],0,1,0,0,0,0,0,0,0,0,0,0,0,0,0,0,0,0,0,0,0,0,0,0,0,0,0,0,0,0,0,0,0,0,0,0,1,True
"Филиппов, Михаил Авраамович",Скорбящие,Роман М.А. Филиппова,1873,мужской,0,,,,,,,,0,,['nan'],Санкт-Петербург,Отд. изд.,1,0,,['nan'],1,0,0,0,0,0,0,0,0,0,0,0,0,0,0,0,0,0,0,0,0,0,0,0,0,0,0,0,0,0,0,0,0,0,0,0,1,True
"Аверкиев, Дмитрий Васильевич",История бледного молодого человека,Роман в 3 книгах с прологом,1874,мужской,0,социально-психологический,социальный,социально-психологический,нравоописательный,,,,0,1 лицо,['разночинцы'],,Русский вестник,0,1,averkiev_d_istoriya_blednogo_molodogo_cheloveka_1874.txt,['разночинцы'],0,0,0,1,0,0,0,0,0,0,0,0,0,0,0,0,0,0,0,0,0,0,0,0,0,0,0,0,0,0,0,0,0,0,0,0,1,True
"Алеева, Н.",Два мира,Роман в 4 частях,1874,женский,1,,,,,,,,0,,['nan'],,Дело,0,0,,['nan'],1,0,0,0,0,0,0,0,0,0,0,0,0,0,0,0,0,0,0,0,0,0,0,0,0,0,0,0,0,0,0,0,0,0,0,0,1,True
"Бешенцов, Александр Николаевич","Сказано, что Азия",Роман в 2 частях,1874,мужской,0,любовный,любовный,любовный,приключенческий,экзотический,,,0,3 лицо,"['народности и этнические группы', 'военные']",,Нива,0,1,beshenzov_a_skazano_chto_aziya_1874.txt,"['народности и этнические группы', 'военные']",0,0,0,0,0,1,0,0,0,1,0,0,0,0,0,0,0,0,0,0,0,0,0,0,0,0,0,0,0,0,0,0,0,0,0,0,2,True
"Боборыкин, Петр Дмитриевич",Доктор Цыбулька,Рапсодия в трех книгах,1874,мужской,0,соц.-психологический,социальный,социально-психологический,бытовой,нравоописательный,,,0,3 лицо,['чиновники'],Санкт-Петербург,Отечественные записки,1,1,boborykin_p_doktor_zybulka_1874.txt,['чиновники'],0,0,0,0,0,0,0,0,1,0,0,0,0,0,0,0,0,0,0,0,0,0,0,0,0,0,0,0,0,0,0,0,0,0,0,0,1,True
"Данилевский, Григорий Петрович",Девятый вал,Роман в трех частях,1874,мужской,0,роман воспитания,воспитания,,,,,,0,,['nan'],,Вестник Европы,0,0,,['nan'],1,0,0,0,0,0,0,0,0,0,0,0,0,0,0,0,0,0,0,0,0,0,0,0,0,0,0,0,0,0,0,0,0,0,0,0,1,True
"Дьяков, Александр Александрович",Степные миссионеры,Отрывки из романа Юлия Тимченко,1874,мужской,0,исторический,исторический,,,,,,0,1 лицо,['nan'],Санкт-Петербург,Новое время,1,0,,['nan'],1,0,0,0,0,0,0,0,0,0,0,0,0,0,0,0,0,0,0,0,0,0,0,0,0,0,0,0,0,0,0,0,0,0,0,0,1,True
"Евстигнеев, Михаил Евдокимович",Раскольничее гнездо сообщников царевны Софи,Исторический роман в трех частях,1874,мужской,0,исторический,исторический,,,,,,0,,['nan'],Москва,Отд. изд.,1,0,,['nan'],1,0,0,0,0,0,0,0,0,0,0,0,0,0,0,0,0,0,0,0,0,0,0,0,0,0,0,0,0,0,0,0,0,0,0,0,1,True
"Евстигнеев, Михаил Евдокимович","Страшный клад, или Татарская пленница",Повесть времен татарщины,1874,мужской,0,исторический,исторический,,,,,,0,,['nan'],Москва,Отд. изд.,1,0,,['nan'],1,0,0,0,0,0,0,0,0,0,0,0,0,0,0,0,0,0,0,0,0,0,0,0,0,0,0,0,0,0,0,0,0,0,0,0,1,True
"Засодимский (Вологдин), Павел Владимирович",Хроника села Смурина,,1874,мужской,1,социально-психологический,социальный,,,,,,0,3 лицо,['крестьяне'],,Отечественные записки,0,0,,['крестьяне'],0,0,0,0,0,0,1,0,0,0,0,0,0,0,0,0,0,0,0,0,0,0,0,0,0,0,0,0,0,0,0,0,0,0,0,0,1,True
"Каразин, Николай Николаевич",Двуногий волк,Роман,1874,мужской,0,,,приключенческий,этнографический,авантюрный,экзотический,,0,3 лицо,['народности и этнические группы'],Санкт-Петербург,Нива,1,1,karazin_n_dvunogij_volk_1874.txt,['народности и этнические группы'],0,0,0,0,0,0,0,0,0,1,0,0,0,0,0,0,0,0,0,0,0,0,0,0,0,0,0,0,0,0,0,0,0,0,0,0,1,True
"Каразин, Николай Николаевич",С севера на юг,Роман,1874,мужской,0,,,,,,,,0,3 лицо,['крестьяне'],Санкт-Петербург,Дело,1,0,,['крестьяне'],0,0,0,0,0,0,1,0,0,0,0,0,0,0,0,0,0,0,0,0,0,0,0,0,0,0,0,0,0,0,0,0,0,0,0,0,1,True
"Крестовский, Всеволод Владимирович",Две силы,Роман,1874,мужской,0,исторический роман,исторический,исторический,антинигилистический,политический,идеологический,,0,3 лицо,['nan'],,Русский вестник,0,1,krestovskij_v_krovavyj_puf_1874.txt,['nan'],1,0,0,0,0,0,0,0,0,0,0,0,0,0,0,0,0,0,0,0,0,0,0,0,0,0,0,0,0,0,0,0,0,0,0,0,1,True
"Летнев, П.",Вне общественных интересов,Роман П. Летнева,1874,женский,1,социальный,социальный,,,,,,0,3 лицо,"['дворянки', 'женщины']",Санкт-Петербург,Отд. изд.,1,0,,['женщины'],0,0,0,0,0,0,0,0,0,0,0,0,0,0,0,1,0,0,0,0,0,0,0,0,0,0,0,0,0,0,0,0,0,0,0,0,1,True
"Немирович-Данченко, Василий Иванович","Жизнь, как она есть. На море",Из воспоминаний моряка,1874,мужской,0,авантюрный,приключенческий,,,,,,0,,['военные'],Санкт-Петербург,Нива,1,0,,['военные'],0,0,0,0,0,1,0,0,0,0,0,0,0,0,0,0,0,0,0,0,0,0,0,0,0,0,0,0,0,0,0,0,0,0,0,0,1,True
"Петров, Пётр Николаевич","Иоанн III, собиратель Земли Русской","Исторический роман, начатый Н.В. Кукольником, а со 2-й главы II-й части продолженный и оконченный Петровым",1874,мужской,0,исторический,исторический,,,,,,0,,['аристократия прошлого'],Санкт-Петербург,Отд. изд.,1,0,,['аристократы'],0,0,1,0,0,0,0,0,0,0,0,0,0,0,0,0,0,0,0,0,0,0,0,0,0,0,0,0,0,0,0,0,0,0,0,0,1,True
"Правдин, В.",Одесские катакомбы,"Роман в двух частях, из записок полицейского агента",1874,мужской,1,"криминальный, социальный",криминальный,уголовный,авантюрный,,,,0,3 лицо,"['преступники', 'нищие']",Санкт-Петербург,Отд. изд.,1,1,antonov_v_odesskie_katakomby_1874.txt,['криминальный мир'],0,0,0,0,0,0,0,0,0,0,1,0,0,0,0,0,0,0,0,0,0,0,0,0,0,0,0,0,0,0,0,0,0,0,0,0,1,True
"Авсеенко, Василий Григорьевич",Из современного романа,"Сцены, портреты и контуры",1875,мужской,0,социально-психологический,социальный,,,,,,0,3 лицо,['nan'],,Русский мир,0,0,,['nan'],1,0,0,0,0,0,0,0,0,0,0,0,0,0,0,0,0,0,0,0,0,0,0,0,0,0,0,0,0,0,0,0,0,0,0,0,1,True
"Авсеенко, Василий Григорьевич",Млечный путь,Роман,1875,мужской,0,социально-психологический,социальный,социально-психологический,адюльтерный,светский,антинигилистический,,0,3 лицо,['дворяне'],Москва,Русский вестник,1,1,avseenko_v_mlechnyj_put_1875.txt,['дворяне'],0,1,0,0,0,0,0,0,0,0,0,0,0,0,0,0,0,0,0,0,0,0,0,0,0,0,0,0,0,0,0,0,0,0,0,0,1,True
"Вовчок, Марко",В глуши,Роман,1875,женский,1,социально-психологический,социальный,социально-психологический,бытовой,,,,0,3 лицо,['дворяне'],,Отечественные записки,0,1,vilinskaya_m_v_glushi_1875.txt,['дворяне'],0,1,0,0,0,0,0,0,0,0,0,0,0,0,0,0,0,0,0,0,0,0,0,0,0,0,0,0,0,0,0,0,0,0,0,0,1,True
"Гусев, Сергей Сергеевич",Иван Николаевич Истуканов,na,1875,мужской,0,социально-психологический,социальный,,,,,,0,,['разночинцы'],Саратов,Саратовский листок,1,0,,['разночинцы'],0,0,0,1,0,0,0,0,0,0,0,0,0,0,0,0,0,0,0,0,0,0,0,0,0,0,0,0,0,0,0,0,0,0,0,0,1,True
"Достоевский, Федор Михайлович",Подросток,Роман,1875,мужской,0,социально-психологический,социальный,роман воспитания,социально-психологический,идеологический,,,1,1 лицо,['дворяне'],Санкт-Петербург,Отечественные записки,1,1,dostoevskij_f_podrostok_1875.txt,['дворяне'],0,1,0,0,0,0,0,0,0,0,0,0,0,0,0,0,0,0,0,0,0,0,0,0,0,0,0,0,0,0,0,0,0,0,0,0,1,True
"Кашкаров, Иван Дмитриевич",Хищники,Роман в двух частях,1875,мужской,0,соц.-психологический,социальный,,,,,,0,,"['дворяне', 'крестьяне']",Санкт-Петербург,Отд. изд.,1,0,,"['дворяне', 'крестьяне']",0,1,0,0,0,0,1,0,0,0,0,0,0,0,0,0,0,0,0,0,0,0,0,0,0,0,0,0,0,0,0,0,0,0,0,0,2,True
"Костомаров, Николай Иванович",Кудеяр,Историческая хроника в трех книгах,1875,мужской,0,исторический,исторический,исторический,этнографический,фольклорный,,,0,3 лицо,['аристократия прошлого'],Санкт-Петербург,Вестник Европы,1,1,kostomarov_n_kudeyar_1875.txt,['аристократы'],0,0,1,0,0,0,0,0,0,0,0,0,0,0,0,0,0,0,0,0,0,0,0,0,0,0,0,0,0,0,0,0,0,0,0,0,1,True
"Мельников-Печерский, Павел Иванович",На горах,Рассказ [в журнальной публикации с 1875 г.],1875,мужской,1,семейная хроника,семейный,семейный,этнографический,бытовой,религиозный,хроникальный,0,3 лицо,"['старообрядцы', 'купцы', 'крестьяне']",,Русский вестник,0,1,melnikov_p_na_gorakh_1875.txt,"['сектанты', 'купцы', 'крестьяне']",0,0,0,0,0,0,1,1,0,0,0,0,0,0,0,0,0,0,0,1,0,0,0,0,0,0,0,0,0,0,0,0,0,0,0,0,3,True
"Славутинский, Степан Тимофеевич",Капитон Перелетов,Роман,1875,мужской,0,социально-психологический,социальный,,,,,,0,,"['крестьяне', 'дворяне']",,Отечественные записки,0,0,,"['крестьяне', 'дворяне']",0,1,0,0,0,0,1,0,0,0,0,0,0,0,0,0,0,0,0,0,0,0,0,0,0,0,0,0,0,0,0,0,0,0,0,0,2,True
"Соколов, Александр Алексеевич",Земское дело – семейное дело.,Роман в 3 ч.,1875,мужской,1,социально-психологический,социальный,,,,,,0,,['аристократия прошлого'],Санкт-Петербург,Отд. изд.,1,0,,['аристократы'],0,0,1,0,0,0,0,0,0,0,0,0,0,0,0,0,0,0,0,0,0,0,0,0,0,0,0,0,0,0,0,0,0,0,0,0,1,True
"Стахеев, Дмитрий Иванович",Наследники,"Повесть в 2 ч., заключающая в себе описание жизни, деятельности, страданий, радостей, увлечений и доблест. поступков одного весьма почтенного и весьма ученого, но отчасти легкомысл. стат. советника и некоторых других лиц, достойных внимания читателей",1875,мужской,0,,,,,,,,0,,['nan'],Санкт-Петербург,Отд. изд.,1,0,,['nan'],1,0,0,0,0,0,0,0,0,0,0,0,0,0,0,0,0,0,0,0,0,0,0,0,0,0,0,0,0,0,0,0,0,0,0,0,1,True
"Фридрих, Ф.",Кто выиграл?,Из современной уголовной хроники,1875,unknown,0,"социально-психологический, детективный",социальный,,,,,,0,,"['разночинцы', 'дворяне']",Санкт-Петербург,Нива,1,0,,"['разночинцы', 'дворяне']",0,1,0,1,0,0,0,0,0,0,0,0,0,0,0,0,0,0,0,0,0,0,0,0,0,0,0,0,0,0,0,0,0,0,0,0,2,True
"Шеллер-Михайлов, Александр Константинович",Старые гнезда,Роман,1875,мужской,1,,,семейный,бытовой,,,,0,3 лицо,"['дворяне', 'крестьяне']",,Дело,0,1,sheller-mikhajlov_a_starye_gnezda_1875.txt,"['дворяне', 'крестьяне']",0,1,0,0,0,0,1,0,0,0,0,0,0,0,0,0,0,0,0,0,0,0,0,0,0,0,0,0,0,0,0,0,0,0,0,0,2,True
"Авдеев, Михаил Васильевич",Мои времена в 30-х годах,na,1876,мужской,0,,,,,,,,0,,['nan'],Москва,Молва,1,0,,['nan'],1,0,0,0,0,0,0,0,0,0,0,0,0,0,0,0,0,0,0,0,0,0,0,0,0,0,0,0,0,0,0,0,0,0,0,0,1,True
"Авдеев, Михаил Васильевич",В сороковых годах,Повесть,1876,мужской,0,социально-психологический,социальный,,,,,,0,3 лицо,['дворяне'],,Вестник Европы,0,0,,['дворяне'],0,1,0,0,0,0,0,0,0,0,0,0,0,0,0,0,0,0,0,0,0,0,0,0,0,0,0,0,0,0,0,0,0,0,0,0,1,True
аноним,Князь Михаил Васильевич Скопин-Шуйский или Москва и Новгород в смутное время в начале семнадцатого века,Исторический роман в 4 частях,1876,unknown,1,исторический,исторический,,,,,,0,,['nan'],Санкт-Петербург,Отд. изд.,1,0,,['nan'],1,0,0,0,0,0,0,0,0,0,0,0,0,0,0,0,0,0,0,0,0,0,0,0,0,0,0,0,0,0,0,0,0,0,0,0,1,True
"Боборыкин, Петр Дмитриевич",Лихие болести,Роман в двух книгах,1876,мужской,0,социально-психологический; любовный,социальный,социально-психологический,любовный,бытовой,,,0,3 лицо,['nan'],,Отечественные записки,0,1,boborykin_p_likhie_bolesti_1876.txt,['nan'],1,0,0,0,0,0,0,0,0,0,0,0,0,0,0,0,0,0,0,0,0,0,0,0,0,0,0,0,0,0,0,0,0,0,0,0,1,True
"Богров, Григорий Исаакович",Еврейский манускрипт,Перед драмой,1876,мужской,0,исторический,исторический,,,,,,0,3 лицо,['народности и этнические группы'],Санкт-Петербург,Отд. изд.,1,0,,['народности и этнические группы'],0,0,0,0,0,0,0,0,0,1,0,0,0,0,0,0,0,0,0,0,0,0,0,0,0,0,0,0,0,0,0,0,0,0,0,0,1,True
"Загоскин, Михаил Васильевич",Магистр,Роман,1876,мужской,0,социально-психологический,социальный,бытовой,роман воспитания,,,,0,3 лицо,"['духовенство', 'священники']",Санкт-Петербург,"Сборник газеты ""Сибирь""",1,1,zagoskin_m_magistr_1876.txt,['духовенство'],0,0,0,0,0,0,0,0,0,0,0,0,1,0,0,0,0,0,0,0,0,0,0,0,0,0,0,0,0,0,0,0,0,0,0,0,1,True
"Каразин, Николай Николаевич",Тигрица,Быль,1876,мужской,0,,,приключенческий,экзотический,авантюрный,,,0,1 лицо,"['дворяне', 'народности и этнические группы']",Санкт-Петербург,Отд. изд.,1,1,karazin_n_tigriza_1876.txt,"['дворяне', 'народности и этнические группы']",0,1,0,0,0,0,0,0,0,1,0,0,0,0,0,0,0,0,0,0,0,0,0,0,0,0,0,0,0,0,0,0,0,0,0,0,2,True
"Ласкос, Изабелла Львовна",При дворе,Роман в трех частях,1876,женский,0,социально-психологический,социальный,,,,,,0,,['nan'],,Русский вестник,0,0,,['nan'],1,0,0,0,0,0,0,0,0,0,0,0,0,0,0,0,0,0,0,0,0,0,0,0,0,0,0,0,0,0,0,0,0,0,0,0,1,True
"Линев, Дмитрий Александрович",Исповедь преступника,Уголовный роман,1876,мужской,0,социально-психологический,социальный,,,,,,0,1 лицо,['разночинцы'],,Всемирная иллюстрация,0,0,,['разночинцы'],0,0,0,1,0,0,0,0,0,0,0,0,0,0,0,0,0,0,0,0,0,0,0,0,0,0,0,0,0,0,0,0,0,0,0,0,1,True
"Мамин-Сибиряк, Дмитрий Наркисович",В водовороте страстей,Оригинальный роман,1876,мужской,1,авантюрный,приключенческий,,,,,,0,3 лицо,"['купцы', 'промышленники']",Санкт-Петербург,Отд. изд.,1,0,,['купцы'],0,0,0,0,0,0,0,1,0,0,0,0,0,0,0,0,0,0,0,0,0,0,0,0,0,0,0,0,0,0,0,0,0,0,0,0,1,True
"Марков, Евгений Львович",Черноземные поля,Роман. В двух частях,1876,мужской,0,,,бытовой,крестьянский,этнографический,,,0,3 лицо,['дворяне'],,Дело,0,1,markov_e_chernozemnye_polya_1876.txt,['дворяне'],0,1,0,0,0,0,0,0,0,0,0,0,0,0,0,0,0,0,0,0,0,0,0,0,0,0,0,0,0,0,0,0,0,0,0,0,1,True
"Мещерский, Владимир Петрович",Лорд-апостол в большом петербуржском свете,Повесть К.В.М.,1876,мужской,0,социально-психологический,социальный,,,,,,0,3 лицо,"['дворяне', 'свет']",Санкт-Петербург; Москва,Отд. изд.,1,0,,"['дворяне', 'горожане']",0,1,0,0,0,0,0,0,0,0,0,0,0,0,0,0,0,0,1,0,0,0,0,0,0,0,0,0,0,0,0,0,0,0,0,0,2,True
"Мещерский, Владимир Петрович",Тайны современного Петербурга,Записки магистра Степана Боба,1876,мужской,0,романы о нигилистах,социальный,,,,,,0,1 лицо,['нигилисты'],,Гражданин,0,0,,['революционеры'],0,0,0,0,0,0,0,0,0,0,0,1,0,0,0,0,0,0,0,0,0,0,0,0,0,0,0,0,0,0,0,0,0,0,0,0,1,True
"Потехин, Алексей Антипович",Около денег,Роман,1876,мужской,0,социально-психологический,социальный,,,,,,0,3 лицо,['рабочие'],,Вестник Европы,0,0,,['рабочие'],0,0,0,0,0,0,0,0,0,0,0,0,0,0,1,0,0,0,0,0,0,0,0,0,0,0,0,0,0,0,0,0,0,0,0,0,1,True
"Смирнова, Софья Ивановна",Сила характера,Роман в трех частях,1876,женский,0,уголовный; социально-психологический,криминальный,,,,,,0,,['nan'],,Отечественные записки,0,0,,['nan'],1,0,0,0,0,0,0,0,0,0,0,0,0,0,0,0,0,0,0,0,0,0,0,0,0,0,0,0,0,0,0,0,0,0,0,0,1,True
"Шеллер-Михайлов, Александр Константинович",Хлеба и зрелищ,Роман,1876,мужской,1,,,нравоучительный,идеологический,,,,0,3 лицо,['дворяне'],,Дело,0,1,sheller-mikhajlov_a_khleba_i_zrelish_1876.txt,['дворяне'],0,1,0,0,0,0,0,0,0,0,0,0,0,0,0,0,0,0,0,0,0,0,0,0,0,0,0,0,0,0,0,0,0,0,0,0,1,True
Ардов,Без вины виноватые,Роман в 2 частях,1877,женский,1,социально-психологический,социальный,социально-психологический,семейный,,,,0,3 лицо,['дворяне'],,Вестник Европы,0,1,apreleva_e_bez_viny_vinovatye_1877.txt,['дворяне'],0,1,0,0,0,0,0,0,0,0,0,0,0,0,0,0,0,0,0,0,0,0,0,0,0,0,0,0,0,0,0,0,0,0,0,0,1,True
"Берви, Василий Васильевич (Вильгельм Вильгельмович)",На жизнь и смерть. Изображение идеалистов,роман в 3 частях,1877,мужской,0,"о новых людях, разночинцы, революционеры",социальный,,,,,,0,3 лицо,"['новые люди', 'разночинцы', 'революционеры']",Санкт-Петербург; Женева,Отд. изд.,1,0,,"['революционеры', 'разночинцы']",0,0,0,1,0,0,0,0,0,0,0,1,0,0,0,0,0,0,0,0,0,0,0,0,0,0,0,0,0,0,0,0,0,0,0,0,2,True
"Данилевский, Григорий Петрович",Мирович,Исторический роман в трех частях,1877,мужской,0,исторический,исторический,исторический,авантюрный,психологический,,,0,3 лицо,['легендарные исторические фигуры'],,Вестник Европы,0,1,danilevskij_g_mirovich_1877.txt,['легендарные исторические фигуры'],0,0,0,0,1,0,0,0,0,0,0,0,0,0,0,0,0,0,0,0,0,0,0,0,0,0,0,0,0,0,0,0,0,0,0,0,1,True
"Дубровина, Екатерина Оскаровна",Сфинкс,Роман,1877,женский,0,,,,,,,,0,,['nan'],Санкт-Петербург,Дело,1,0,,['nan'],1,0,0,0,0,0,0,0,0,0,0,0,0,0,0,0,0,0,0,0,0,0,0,0,0,0,0,0,0,0,0,0,0,0,0,0,1,True
"Каразин, Николай Николаевич",В пороховом дыму,Роман,1877,мужской,0,,,,,,,,0,3 лицо,['народности и этнические группы'],Санкт-Петербург,Дело,1,0,,['народности и этнические группы'],0,0,0,0,0,0,0,0,0,1,0,0,0,0,0,0,0,0,0,0,0,0,0,0,0,0,0,0,0,0,0,0,0,0,0,0,1,True
"Летнев, П.",Увлечения и ошибки,Роман,1877,женский,1,,,,,,,,0,,['nan'],,Дело,0,0,,['nan'],1,0,0,0,0,0,0,0,0,0,0,0,0,0,0,0,0,0,0,0,0,0,0,0,0,0,0,0,0,0,0,0,0,0,0,0,1,True
"Линев, Дмитрий Александрович",По тюрьмам,Записки заключенного,1877,мужской,0,социально-психологический,социальный,социально-психологический,уголовный,,,,0,1 лицо,['разночинцы'],,Всемирная иллюстрация,0,1,linev_d_po_tyurmam_1877.txt,['разночинцы'],0,0,0,1,0,0,0,0,0,0,0,0,0,0,0,0,0,0,0,0,0,0,0,0,0,0,0,0,0,0,0,0,0,0,0,0,1,True
"Мещерский, Владимир Петрович",Хочу быть русскою,Роман из большого петербургского света : В 4 ч.,1877,мужской,0,,,,,,,,0,,['nan'],Санкт-Петербург,Отд. изд.,1,0,,['nan'],1,0,0,0,0,0,0,0,0,0,0,0,0,0,0,0,0,0,0,0,0,0,0,0,0,0,0,0,0,0,0,0,0,0,0,0,1,True
"Петров, Пётр Николаевич",Царский суд,Историческая повесть,1877,мужской,0,исторический,исторический,исторический,авантюрный,,,,0,3 лицо,['дворяне'],Санкт-Петербург,Отд. изд.,1,1,petrov_p_zarskij_sud_1877.txt,['дворяне'],0,1,0,0,0,0,0,0,0,0,0,0,0,0,0,0,0,0,0,0,0,0,0,0,0,0,0,0,0,0,0,0,0,0,0,0,1,True
"Писемский, Алексей Феофилактович",Мещане,Роман А.Ф. Писемского,1877,мужской,0,,,социально-психологический,сатирический,,,,0,3 лицо,['разночинцы'],Санкт-Петербург,Пчела,1,1,pisemskij_a_meshane_1877.txt,['разночинцы'],0,0,0,1,0,0,0,0,0,0,0,0,0,0,0,0,0,0,0,0,0,0,0,0,0,0,0,0,0,0,0,0,0,0,0,0,1,True
"Салманов, Петр Алексеевич",Убийца,"Роман из русского оконченного дела: в 3 частях, с прологом и эпилогом",1877,мужской,0,уголовный/криминальный,криминальный,,,,,,0,3 лицо,"['дворяне', 'аристократия']",Санкт-Петербург,Отд. изд.,1,0,,"['дворяне', 'аристократы']",0,1,1,0,0,0,0,0,0,0,0,0,0,0,0,0,0,0,0,0,0,0,0,0,0,0,0,0,0,0,0,0,0,0,0,0,2,True
"Салтыков-Щедрин, Михаил Евграфович",Современная идиллия,,1877,мужской,1,"социально-психологический, авантюрный",социальный,сатирический,политический,,,,1,1 лицо,['криминальный мир'],,Отечественные записки,0,1,saltykov-shedrin_m_sovremennaya_idilliya_1877.txt,['криминальный мир'],0,0,0,0,0,0,0,0,0,0,1,0,0,0,0,0,0,0,0,0,0,0,0,0,0,0,0,0,0,0,0,0,0,0,0,0,1,True
"Толстой, Лев Николаевич",Анна Каренина,Роман,1877,мужской,0,философский; социально-психологический,философский,социально-психологический,философский,адюльтерный,семейный,,1,3 лицо,['дворяне'],,Русский вестник,0,1,tolstoj_l_anna_karenina_1877.txt,['дворяне'],0,1,0,0,0,0,0,0,0,0,0,0,0,0,0,0,0,0,0,0,0,0,0,0,0,0,0,0,0,0,0,0,0,0,0,0,1,True
"Тургенев, Иван Сергеевич",Новь,Рома в двух частях,1877,мужской,0,исторический,исторический,социально-психологический,политический,идеологический,,,1,3 лицо,['разночинцы'],,Вестник Европы,0,1,turgenev_i_nov_1877.txt,['разночинцы'],0,0,0,1,0,0,0,0,0,0,0,0,0,0,0,0,0,0,0,0,0,0,0,0,0,0,0,0,0,0,0,0,0,0,0,0,1,True
"Чернышевский, Николай Гаврилович",Пролог,Роман в 2 ч,1877,мужской,0,социально-психологический,социальный,политический,дидактический,идеологический,,,0,3 лицо,['дворяне'],Лондон,Отд. изд.,1,1,chernyshevskij_n_prolog_1877.txt,['дворяне'],0,1,0,0,0,0,0,0,0,0,0,0,0,0,0,0,0,0,0,0,0,0,0,0,0,0,0,0,0,0,0,0,0,0,0,0,1,True
"Авсеенко, Василий Григорьевич",Скрежет зубовный,Роман,1878,мужской,0,социально-психологический,социальный,,,,,,0,3 лицо,['nan'],Москва,Русский вестник,1,0,,['nan'],1,0,0,0,0,0,0,0,0,0,0,0,0,0,0,0,0,0,0,0,0,0,0,0,0,0,0,0,0,0,0,0,0,0,0,0,1,True
"Засодимский, Павел Владимирович",Кто во что горазд,Повесть в трех книгах,1878,мужской,0,"социальный, крестьяне",социальный,,,,,,0,3 лицо,['крестьяне'],Санкт-Петербург,Слово,1,0,,['крестьяне'],0,0,0,0,0,0,1,0,0,0,0,0,0,0,0,0,0,0,0,0,0,0,0,0,0,0,0,0,0,0,0,0,0,0,0,0,1,True
"Златовратский, Николай Николаевич",Устои,История одного поселка,1878,мужской,0,социально-психологический,социальный,крестьянский,роман-идиллия,этнографический,,,0,3 лицо,['крестьяне'],,Отечественные записки,0,1,zlatovratskij_n_ustoi_1878.txt,['крестьяне'],0,0,0,0,0,0,1,0,0,0,0,0,0,0,0,0,0,0,0,0,0,0,0,0,0,0,0,0,0,0,0,0,0,0,0,0,1,True
"Кондратьев, Иван Кузьмич",Гунны: Эпоха великого переселения народов,Исторический роман из жизни славян IV-го и V-го столетий,1878,мужской,0,авантюрный; исторический,приключенческий,,,,,,0,3 лицо,['народности и этнические группы'],Москва,Отд. изд.,1,0,,['народности и этнические группы'],0,0,0,0,0,0,0,0,0,1,0,0,0,0,0,0,0,0,0,0,0,0,0,0,0,0,0,0,0,0,0,0,0,0,0,0,1,True
"Крестовский, В.-псевдоним",Былое,Роман,1878,женский,1,,,социально-психологический,семейный,,,,0,3 лицо,['nan'],,Отечественные записки,0,1,khvoshinskaya_n_byloe_1878.txt,['nan'],1,0,0,0,0,0,0,0,0,0,0,0,0,0,0,0,0,0,0,0,0,0,0,0,0,0,0,0,0,0,0,0,0,0,0,0,1,True
"Маркевич, Болеслав Михайлович",Четверть века назад,Правдивая история,1878,мужской,0,,,исторический,светский,политический,,,0,3 лицо,"['разночинцы', 'дворяне']",,Русский вестник,0,1,markevich_b_chetvert_veka_nazad_1878.txt,"['разночинцы', 'дворяне']",0,1,0,1,0,0,0,0,0,0,0,0,0,0,0,0,0,0,0,0,0,0,0,0,0,0,0,0,0,0,0,0,0,0,0,0,2,True
"Мордовцев, Даниил Лукич",Идеалисты и реалисты,Исторический роман,1878,мужской,0,исторический,исторический,исторический,политический,идеологический,,,0,3 лицо,['аристократия прошлого'],Санкт-Петербург,Отд. изд.,1,1,mordovzev_d_idealisty_i_realisty_1878.txt,['аристократы'],0,0,1,0,0,0,0,0,0,0,0,0,0,0,0,0,0,0,0,0,0,0,0,0,0,0,0,0,0,0,0,0,0,0,0,0,1,True
"Петров, Пётр Николаевич",Два узла одной верёвки,(Характеристика времён Петра I),1878,мужской,0,исторический,исторический,,,,,,0,,['дворяне'],Санкт-Петербург,Отд. изд.,1,0,,['дворяне'],0,1,0,0,0,0,0,0,0,0,0,0,0,0,0,0,0,0,0,0,0,0,0,0,0,0,0,0,0,0,0,0,0,0,0,0,1,True
"Полежаев, Петр Васильевич",Престол и монастырь,Летопись 1682 и 1689 г.,1878,мужской,0,исторический,исторический,исторический,религиозный,,,,0,3 лицо,['легендарные исторические фигуры'],,Историческая библиотека,0,1,polezhaev_p_prestol_i_monastyr_1878.txt,['легендарные исторические фигуры'],0,0,0,0,1,0,0,0,0,0,0,0,0,0,0,0,0,0,0,0,0,0,0,0,0,0,0,0,0,0,0,0,0,0,0,0,1,True
"Салиас, Евгений Андреевич",Петербургское действо,Исторический роман,1878,мужской,1,исторический,исторический,,,,,,0,3 лицо,['легендарные исторические фигуры'],,Историческая библиотека; Русская мысль; Полярная звезда,0,0,,['легендарные исторические фигуры'],0,0,0,0,1,0,0,0,0,0,0,0,0,0,0,0,0,0,0,0,0,0,0,0,0,0,0,0,0,0,0,0,0,0,0,0,1,True
"Соколов, Александр Алексеевич",Царь-баба,Исторический роман в 2 ч. Александра Соколова,1878,мужской,1,исторический,исторический,,,,,,0,3 лицо,['дворяне'],Санкт-Петербург,Отд. изд.,1,0,,['дворяне'],0,1,0,0,0,0,0,0,0,0,0,0,0,0,0,0,0,0,0,0,0,0,0,0,0,0,0,0,0,0,0,0,0,0,0,0,1,True
"Соколов, Александр Алексеевич",Сестра милосердия,Роман А.А. Соколова,1878,мужской,1,,,,,,,,0,3 лицо,['nan'],Санкт-Петербург,Отд. изд.,1,0,,['nan'],1,0,0,0,0,0,0,0,0,0,0,0,0,0,0,0,0,0,0,0,0,0,0,0,0,0,0,0,0,0,0,0,0,0,0,0,1,True
"Соловьев, Всеволод Сергеевич",Капитан гренадерский роты,Роман-хроника (XVIII в.),1878,мужской,0,исторический,исторический,исторический,приключенческий,военный,,,0,3 лицо,['легендарные исторические фигуры'],Санкт-Петербург,Отд. изд.,1,1,solovev_v_kapitan_grenaderskij_roty_1878.txt,['легендарные исторические фигуры'],0,0,0,0,1,0,0,0,0,0,0,0,0,0,0,0,0,0,0,0,0,0,0,0,0,0,0,0,0,0,0,0,0,0,0,0,1,True
"Станюкович, Константин Михайлович",В мутной воде,Оригинальный роман из последних событий,1878,мужской,0,,,политический,сатирический,,,,0,3 лицо,['дворяне'],,Биржевые ведомости,0,1,stanyukovich_k_v_mutnoj_vode_1878.txt,['дворяне'],0,1,0,0,0,0,0,0,0,0,0,0,0,0,0,0,0,0,0,0,0,0,0,0,0,0,0,0,0,0,0,0,0,0,0,0,1,True
"Фирсов, Николай Николаевич",Под грозой,Повесть,1878,мужской,0,,,,,,,,0,3 лицо,['nan'],,Книжки „Недели“,0,0,,['nan'],1,0,0,0,0,0,0,0,0,0,0,0,0,0,0,0,0,0,0,0,0,0,0,0,0,0,0,0,0,0,0,0,0,0,0,0,1,True
"Шеллер-Михайлов, Александр Константинович",Беспечальное житье,Роман,1878,мужской,1,,,бытовой,нравоописательный,,,,0,3 лицо,['nan'],,Дело,0,1,sheller-mikhajlov_a_bespechalnoe_zhite_1878.txt,['nan'],1,0,0,0,0,0,0,0,0,0,0,0,0,0,0,0,0,0,0,0,0,0,0,0,0,0,0,0,0,0,0,0,0,0,0,0,1,True
"Глинка, Василий Сергеевич",Счастливые люди,роман,1879,мужской,0,,,,,,,,0,3 лицо,['nan'],,Нева [газета],0,0,,['nan'],1,0,0,0,0,0,0,0,0,0,0,0,0,0,0,0,0,0,0,0,0,0,0,0,0,0,0,0,0,0,0,0,0,0,0,0,1,True
"Достоевский, Федор Михайлович",Братья Карамазовы,Роман,1879,мужской,0,"социально-психологический, философский",социальный,философский,психологический,семейный,религиозный,детективный,1,3 лицо,['дворяне'],Москва,Русский вестник,1,1,dostoevskij_f_bratya_karamazovy_1879.txt,['дворяне'],0,1,0,0,0,0,0,0,0,0,0,0,0,0,0,0,0,0,0,0,0,0,0,0,0,0,0,0,0,0,0,0,0,0,0,0,1,True
"Каразин, Николай Николаевич",Варвара Лепко и ее семья,Недавняя быль,1879,мужской,0,,,,,,,,0,3 лицо,['nan'],Санкт-Петербург,Отд. изд.,1,0,,['nan'],1,0,0,0,0,0,0,0,0,0,0,0,0,0,0,0,0,0,0,0,0,0,0,0,0,0,0,0,0,0,0,0,0,0,0,0,1,True
"Карнович, Евгений Петрович",Любовь и корона,Исторический роман из времен императрицы Анны Иоановны и регентства принцессы Анны Леопольдовны,1879,мужской,0,исторический,исторический,исторический,любовный,авантюрный,,,0,3 лицо,['легендарные исторические фигуры'],Санкт-Петербург,Отд. изд.,1,1,karnovich_e_lyubov_i_koronay_1879.txt,['легендарные исторические фигуры'],0,0,0,0,1,0,0,0,0,0,0,0,0,0,0,0,0,0,0,0,0,0,0,0,0,0,0,0,0,0,0,0,0,0,0,0,1,True
"Карнович, Евгений Петрович",На высоте и на доле,Из сказаний XVII столетия,1879,мужской,0,исторический,исторический,исторический,,,,,0,3 лицо,['легендарные исторические фигуры'],,Отечественные записки,0,1,karnovich_e_na_vysote_i_na_dole_1879.txt,['легендарные исторические фигуры'],0,0,0,0,1,0,0,0,0,0,0,0,0,0,0,0,0,0,0,0,0,0,0,0,0,0,0,0,0,0,0,0,0,0,0,0,1,True
"Летнев, П.",На волоске,Роман,1879,женский,1,социально-психологический,социальный,,,,,,0,,['nan'],,Дело,0,0,,['nan'],1,0,0,0,0,0,0,0,0,0,0,0,0,0,0,0,0,0,0,0,0,0,0,0,0,0,0,0,0,0,0,0,0,0,0,0,1,True
"Львова, Анфиса Петровна",Ненастье,роман,1879,женский,0,социально-психологический,социальный,,,,,,0,3 лицо,['дворяне'],Санкт-Петербург,Русская речь,1,0,,['дворяне'],0,1,0,0,0,0,0,0,0,0,0,0,0,0,0,0,0,0,0,0,0,0,0,0,0,0,0,0,0,0,0,0,0,0,0,0,1,True
"Львова, Анфиса Петровна",Старый дом,na,1879,женский,0,"психологический роман, светский роман",психологический,,,,,,0,,['дворяне'],,Русская речь,0,0,,['дворяне'],0,1,0,0,0,0,0,0,0,0,0,0,0,0,0,0,0,0,0,0,0,0,0,0,0,0,0,0,0,0,0,0,0,0,0,0,1,True
"Марков, Евгений Львович",Берег моря,Роман из крымской жизни. В двух частях,1879,мужской,0,"семейный, социально-психологический",семейный,,,,,,0,3 лицо,['разночинцы'],,Дело,0,0,,['разночинцы'],0,0,0,1,0,0,0,0,0,0,0,0,0,0,0,0,0,0,0,0,0,0,0,0,0,0,0,0,0,0,0,0,0,0,0,0,1,True
"Мещерский, Владимир Петрович",Граф Обезьянинов на новом месте,Фантастастический этюд в пяти частях,1879,мужской,0,сатирический роман,юмористический,,,,,,0,3 лицо,['чиновники'],Санкт-Петербург,Отд. изд.,1,0,,['чиновники'],0,0,0,0,0,0,0,0,1,0,0,0,0,0,0,0,0,0,0,0,0,0,0,0,0,0,0,0,0,0,0,0,0,0,0,0,1,True
"Михневич, Владимир Осипович",В петербургском омуте,Роман-фельетон из времен войны 1877 г.,1879,мужской,0,исторический,исторический,,,,,,0,,['nan'],Санкт-Петербург,Отд. изд.,1,0,,['nan'],1,0,0,0,0,0,0,0,0,0,0,0,0,0,0,0,0,0,0,0,0,0,0,0,0,0,0,0,0,0,0,0,0,0,0,0,1,True
"Мордовцев, Даниил Лукич",Двенадцатый год,исторический роман : в 3 ч,1879,мужской,0,исторический,исторический,исторический,военный,,,,0,3 лицо,['военные'],Санкт-Петербург,Отд. изд.,1,1,mordovzev_d_dvenadzatyj_god_1879.txt,['военные'],0,0,0,0,0,1,0,0,0,0,0,0,0,0,0,0,0,0,0,0,0,0,0,0,0,0,0,0,0,0,0,0,0,0,0,0,1,True
"Мордовцев, Даниил Лукич",Лжедмитрий,Исторический роман из смутного времени,1879,мужской,0,исторический,исторический,,,,,,0,3 лицо,['легендарные исторические фигуры'],Санкт-Петербург,Отд. изд.,1,0,,['легендарные исторические фигуры'],0,0,0,0,1,0,0,0,0,0,0,0,0,0,0,0,0,0,0,0,0,0,0,0,0,0,0,0,0,0,0,0,0,0,0,0,1,True
"Морской, Н.",Аристократия Гостиного двора,Картины нравов,1879,мужской,1,социально-психологический,социальный,,,,,,0,3 лицо,"['богема', 'артисты']",Санкт-Петербург,Отд. изд.,1,0,,['творческие люди'],0,0,0,0,0,0,0,0,0,0,0,0,0,1,0,0,0,0,0,0,0,0,0,0,0,0,0,0,0,0,0,0,0,0,0,0,1,True
"Недолин, М.А.",Не в ту силу,роман,1879,мужской,1,социально-психологический,социальный,,,,,,0,3 лицо,['дворяне'],Киев,Отд. изд. (СС),1,0,,['дворяне'],0,1,0,0,0,0,0,0,0,0,0,0,0,0,0,0,0,0,0,0,0,0,0,0,0,0,0,0,0,0,0,0,0,0,0,0,1,True
"Немирович-Данченко, Василий Иванович",Гроза,Роман из событий последней войны в 3 частях,1879,мужской,0,исторический,исторический,,,,,,0,3 лицо,['военные'],Санкт-Петербург,Отд. изд.,1,0,,['военные'],0,0,0,0,0,1,0,0,0,0,0,0,0,0,0,0,0,0,0,0,0,0,0,0,0,0,0,0,0,0,0,0,0,0,0,0,1,True
"Оболенский, Леонид Егорович",Ближе к природе,Роман в двух частях,1879,мужской,0,социально-психологический,социальный,,,,,,0,,['nan'],,Отд. изд.,0,0,,['nan'],1,0,0,0,0,0,0,0,0,0,0,0,0,0,0,0,0,0,0,0,0,0,0,0,0,0,0,0,0,0,0,0,0,0,0,0,1,True
"Полонский, Яков Петрович",Дешевый город,Хроника-роман,1879,мужской,0,,,,,,,,0,3 лицо,['дворяне'],,Вестник Европы,0,0,,['дворяне'],0,1,0,0,0,0,0,0,0,0,0,0,0,0,0,0,0,0,0,0,0,0,0,0,0,0,0,0,0,0,0,0,0,0,0,0,1,True
"Потехин, Алексей Антипович",Молодые побеги,Роман,1879,мужской,0,социально-психологический,социальный,,,,,,0,3 лицо,['разночинцы'],Санкт-Петербург,Отд. изд. (СС),1,0,,['разночинцы'],0,0,0,1,0,0,0,0,0,0,0,0,0,0,0,0,0,0,0,0,0,0,0,0,0,0,0,0,0,0,0,0,0,0,0,0,1,True
"Салиас, Евгений Андреевич",Мор (На Москве),Исторический роман из времени чумы 1770-1772 г.,1879,мужской,1,"исторический, социально-психологический",исторический,исторический,социально-психологический,авантюрный,,,0,3 лицо,['nan'],,Огонек,0,1,salias-de-turnemir_e_mor_na_moskve_1879.txt,['nan'],1,0,0,0,0,0,0,0,0,0,0,0,0,0,0,0,0,0,0,0,0,0,0,0,0,0,0,0,0,0,0,0,0,0,0,0,1,True
"Смирнова, Софья Ивановна",У пристани,Роман в трех частях,1879,женский,0,социально-психологический,социальный,социально-психологический,семейный,,,,0,3 лицо,"['дворяне', 'разночинцы']",,Отечественные записки,0,1,smirnova_s_u_pristani_1879.txt,"['дворяне', 'разночинцы']",0,1,0,1,0,0,0,0,0,0,0,0,0,0,0,0,0,0,0,0,0,0,0,0,0,0,0,0,0,0,0,0,0,0,0,0,2,True
"Соловьев, Всеволод Сергеевич",Касимовская невеста,Исторический роман,1879,мужской,0,исторический,исторический,исторический,любовный,авантюрный,,,0,3 лицо,['легендарные исторические личности'],Санкт-Петербург,Нива,1,1,solovev_v_kasimovskaya_nevesta_1879.txt,['легендарные исторические фигуры'],0,0,0,0,1,0,0,0,0,0,0,0,0,0,0,0,0,0,0,0,0,0,0,0,0,0,0,0,0,0,0,0,0,0,0,0,1,True
"Соловьев, Всеволод Сергеевич",Юный император,историческая повесть в 3 частях,1879,мужской,0,"исторический роман, xviii в.",исторический,исторический,биографический,политический,,,0,3 лицо,['легендарные исторические фигуры'],Санкт-Петербург,Отд. изд.,1,1,solovev_v_yunyj_imperator_1879.txt,['легендарные исторические фигуры'],0,0,0,0,1,0,0,0,0,0,0,0,0,0,0,0,0,0,0,0,0,0,0,0,0,0,0,0,0,0,0,0,0,0,0,0,1,True
"Станюкович, Константин Михайлович",Наши нравы,роман в 2 частях,1879,мужской,0,фельетонный,юмористический,сатирический,нравоописательный,,,,0,3 лицо,['чиновники'],,Молва,0,1,stanyukovich_k_nashi_nravy_1879.txt,['чиновники'],0,0,0,0,0,0,0,0,1,0,0,0,0,0,0,0,0,0,0,0,0,0,0,0,0,0,0,0,0,0,0,0,0,0,0,0,1,True
"Стахеев, Дмитрий Иванович",Домашний очаг,Повесть,1879,мужской,0,исторический,исторический,,,,,,0,3 лицо,['купцы'],,Вестник Европы,0,0,,['купцы'],0,0,0,0,0,0,0,1,0,0,0,0,0,0,0,0,0,0,0,0,0,0,0,0,0,0,0,0,0,0,0,0,0,0,0,0,1,True
"Шапир, Ольга Андреевна",Одна из многих,Роман,1879,женский,0,социально-психологический,социальный,социально-психологический,феминистский,,,,0,3 лицо,['дворяне'],,Отечественные записки,0,1,shapir_o_odna_iz_mnogikh_1879.txt,['дворяне'],0,1,0,0,0,0,0,0,0,0,0,0,0,0,0,0,0,0,0,0,0,0,0,0,0,0,0,0,0,0,0,0,0,0,0,0,1,True
"Ахшарумов, Николай Дмитриевич",Во что бы то ни стало,роман,1880,мужской,0,социально-психологический,социальный,,,,,,0,3 лицо,['дворяне'],,Новое время,0,0,,['дворяне'],0,1,0,0,0,0,0,0,0,0,0,0,0,0,0,0,0,0,0,0,0,0,0,0,0,0,0,0,0,0,0,0,0,0,0,0,1,True
"Баталин, Иван Андреевич",Разрушители,Роман,1880,мужской,0,"социально-психологический, исторический",социальный,,,,,,0,3 лицо,['революционеры'],,Минута,0,0,,['революционеры'],0,0,0,0,0,0,0,0,0,0,0,1,0,0,0,0,0,0,0,0,0,0,0,0,0,0,0,0,0,0,0,0,0,0,0,0,1,True
"Засодимский, Павел Владимирович",Степные тайны,Роман в двух книгах,1880,мужской,0,"социальный, исторический",социальный,,,,,,0,3 лицо,['крестьяне'],,Русское богатство,0,0,,['крестьяне'],0,0,0,0,0,0,1,0,0,0,0,0,0,0,0,0,0,0,0,0,0,0,0,0,0,0,0,0,0,0,0,0,0,0,0,0,1,True
"Иогель/Йогель, Михаил Константинович",Между вечностью и минутой,Роман,1880,мужской,0,роман воспитания/светская повесть/философский/социально-психологический,воспитания,роман воспитания,светский,философский,социально-психологический,,0,3 лицо,['дворяне'],Москва,Русская мысль,1,1,iogel_m_mezhdu_vechnostyu_i_minutoj_1879.txt,['дворяне'],0,1,0,0,0,0,0,0,0,0,0,0,0,0,0,0,0,0,0,0,0,0,0,0,0,0,0,0,0,0,0,0,0,0,0,0,1,True
"Ковнер, Аркадий Григорьевич",Около золотого тельца,повесть,1880,мужской,0,социально-психологический,социальный,,,,,,0,3 лицо,['дворяне'],,Новости,0,0,,['дворяне'],0,1,0,0,0,0,0,0,0,0,0,0,0,0,0,0,0,0,0,0,0,0,0,0,0,0,0,0,0,0,0,0,0,0,0,0,1,True
"Леванда, Лев Осипович",Большой ремиз,Роман,1880,мужской,0,исторический,исторический,,,,,,0,3 лицо,['евреи'],,Русский еврей,0,0,,['народности и этнические группы'],0,0,0,0,0,0,0,0,0,1,0,0,0,0,0,0,0,0,0,0,0,0,0,0,0,0,0,0,0,0,0,0,0,0,0,0,1,True
"Леванда, Лев Осипович",Исповедь дельца,Роман,1880,мужской,0,социально-психологический,социальный,,,,,,0,,['евреи'],Санкт-Петербург,Отд. изд.,1,0,,['народности и этнические группы'],0,0,0,0,0,0,0,0,0,1,0,0,0,0,0,0,0,0,0,0,0,0,0,0,0,0,0,0,0,0,0,0,0,0,0,0,1,True
"Львова, Анфиса Петровна",Разоренье,Роман,1880,женский,0,"социально-психологический роман, светский роман",социальный,,,,,,0,3 лицо,['дворяне'],,Русская речь,0,0,,['дворяне'],0,1,0,0,0,0,0,0,0,0,0,0,0,0,0,0,0,0,0,0,0,0,0,0,0,0,0,0,0,0,0,0,0,0,0,0,1,True
"Макаров, Николай Петрович",Поддельщики,Роман Макарова,1880,мужской,0,,,,,,,,0,3 лицо,['nan'],,Илюстрированный вестник,0,0,,['nan'],1,0,0,0,0,0,0,0,0,0,0,0,0,0,0,0,0,0,0,0,0,0,0,0,0,0,0,0,0,0,0,0,0,0,0,0,1,True
"Маркевич, Болеслав Михайлович",Перелом,Правдивая история,1880,мужской,0,романы о нигилистах,социальный,,,,,,0,3 лицо,"['дворяне', 'разночинцы', 'революционеры']",,Русский вестник,0,0,,"['дворяне', 'разночинцы', 'революционеры']",0,1,0,1,0,0,0,0,0,0,0,1,0,0,0,0,0,0,0,0,0,0,0,0,0,0,0,0,0,0,0,0,0,0,0,0,3,True
"Мордовцев, Даниил Лукич",Царь и гетман,Исторический роман,1880,мужской,0,исторический,исторический,исторический,биографический,политический,,,0,3 лицо,['легендарные исторические фигуры'],Москва,Отд. изд.,1,1,mordovzev_d_zar_i_getman_1880.txt,['легендарные исторические фигуры'],0,0,0,0,1,0,0,0,0,0,0,0,0,0,0,0,0,0,0,0,0,0,0,0,0,0,0,0,0,0,0,0,0,0,0,0,1,True
"Морской, Н.",Купленное счастье,Роман,1880,мужской,1,социально-психологический,социальный,,,,,,0,3 лицо,['дворяне'],,Нива,0,0,,['дворяне'],0,1,0,0,0,0,0,0,0,0,0,0,0,0,0,0,0,0,0,0,0,0,0,0,0,0,0,0,0,0,0,0,0,0,0,0,1,True
"Морской, Н.",Содом,Роман Н. Морского,1880,мужской,1,соц.-психологический,социальный,,,,,,0,3 лицо,['nan'],Санкт-Петербург,"Еженед. «Нового времени, НВ",1,0,,['nan'],1,0,0,0,0,0,0,0,0,0,0,0,0,0,0,0,0,0,0,0,0,0,0,0,0,0,0,0,0,0,0,0,0,0,0,0,1,True
"Петров, Пётр Николаевич",Балакирев,Исторический роман из времен Петра I.,1880,мужской,0,исторический,исторический,исторический,биографический,авантюрный,,,0,3 лицо,['дворяне'],Санкт-Петербург,Всемирная иллюстрация,1,1,petrov_p_balakirev_1880.txt,['дворяне'],0,1,0,0,0,0,0,0,0,0,0,0,0,0,0,0,0,0,0,0,0,0,0,0,0,0,0,0,0,0,0,0,0,0,0,0,1,True
"Писемский, Алексей Феофилактович",Масоны,Роман в пяти частях А.Ф. Писемского,1880,мужской,0,исторический,исторический,исторический,философский,мистический,бытовой,,0,3 лицо,['криминальный мир'],,Огонек,0,1,pisemskij_a_masony_1880.txt,['криминальный мир'],0,0,0,0,0,0,0,0,0,0,1,0,0,0,0,0,0,0,0,0,0,0,0,0,0,0,0,0,0,0,0,0,0,0,0,0,1,True
"Полонский, Яков Петрович",Крутые горки,Роман,1880,мужской,0,,,,,,,,0,,['nan'],,Дело,0,0,,['nan'],1,0,0,0,0,0,0,0,0,0,0,0,0,0,0,0,0,0,0,0,0,0,0,0,0,0,0,0,0,0,0,0,0,0,0,0,1,True
"Салтыков-Щедрин, Михаил Евграфович",Господа Головлёвы,,1880,мужской,1,"социально-психологический, семейная хроника",социальный,семейный,социально-психологический,сатирический,,,1,3 лицо,['дворяне'],Санкт-Петербург,Отд. изд.,1,1,saltykov-shedrin_m_gospoda_golovlevy_1880.txt,['дворяне'],0,1,0,0,0,0,0,0,0,0,0,0,0,0,0,0,0,0,0,0,0,0,0,0,0,0,0,0,0,0,0,0,0,0,0,0,1,True
"Соколов, Александр Алексеевич",Понизовая вольница атамана Стеньки Разина,(Исторический роман),1880,мужской,1,исторический,исторический,,,,,,0,3 лицо,"['казаки', 'разбойники']",Санкт-Петербург,Отд. изд.,1,0,,"['казаки', 'криминальный мир']",0,0,0,0,0,0,0,0,0,0,1,0,0,0,0,0,0,0,0,0,0,1,0,0,0,0,0,0,0,0,0,0,0,0,0,0,2,True
"Соловьев, Всеволод Сергеевич",Царь-девица,Роман-хроника XVII в.,1880,мужской,0,исторический,исторический,исторический,авантюрный,,,,0,3 лицо,['легендарные исторические фигуры'],Санкт-Петербург,Отд. изд.,1,1,solovev_v_zardeviza_1880.txt,['легендарные исторические фигуры'],0,0,0,0,1,0,0,0,0,0,0,0,0,0,0,0,0,0,0,0,0,0,0,0,0,0,0,0,0,0,0,0,0,0,0,0,1,True
"Станюкович, Константин Михайлович",Два брата,Роман в двух частях,1880,мужской,0,социально-психологический,социальный,социально-психологический,семейный,,,,0,3 лицо,"['дворяне', 'революционеры']",,Дело,0,1,stanyukovich_k_dva_brata_1880.txt,"['дворяне', 'революционеры']",0,1,0,0,0,0,0,0,0,0,0,1,0,0,0,0,0,0,0,0,0,0,0,0,0,0,0,0,0,0,0,0,0,0,0,0,2,True
"Тур, Евгения",Семейство Шалонских,Из семейной хроники,1880,женский,1,семейная хроника,семейный,семейный,социально-психологический,хроникальный,,,0,1 лицо,['дворяне'],Санкт-Петербург,Отд. изд.,1,1,salias-de-turnemir_e_semejstvo_shalonskikh_1880.txt,['дворяне'],0,1,0,0,0,0,0,0,0,0,0,0,0,0,0,0,0,0,0,0,0,0,0,0,0,0,0,0,0,0,0,0,0,0,0,0,1,True
"Чмырев, Николай Андреевич",Раскольничьи мученицы,Исторический роман из эпохи церковных смут в 3 частях,1880,мужской,0,исторический,исторический,,,,,,0,,['легендарные исторические фигуры'],Москва,Отд. изд.,1,0,,['легендарные исторические фигуры'],0,0,0,0,1,0,0,0,0,0,0,0,0,0,0,0,0,0,0,0,0,0,0,0,0,0,0,0,0,0,0,0,0,0,0,0,1,True
"Чмырев, Николай Андреевич",Развенчанная невеста. Первая невеста первого царя из дома Романовых,Историческая повесть,1880,мужской,0,исторический,исторический,,,,,,0,3 лицо,['легендарные исторические фигуры'],Санкт-Петербург,Отд. изд.,1,0,,['легендарные исторические фигуры'],0,0,0,0,1,0,0,0,0,0,0,0,0,0,0,0,0,0,0,0,0,0,0,0,0,0,0,0,0,0,0,0,0,0,0,0,1,True
"Шапир, Ольга Андреевна",Антиподы,Роман,1880,женский,0,социально-психологический,социальный,социально-психологический,идеологический,,,,0,3 лицо,['дворяне'],,Отечественные записки,0,1,shapir_o_antipody_1880.txt,['дворяне'],0,1,0,0,0,0,0,0,0,0,0,0,0,0,0,0,0,0,0,0,0,0,0,0,0,0,0,0,0,0,0,0,0,0,0,0,1,True
"Шардин, А. (псевд.)","Род князей Зацепиных, или Борьба начал",Исторический роман,1880,мужской,1,исторический,исторический,исторический,семейный,,,,0,3 лицо,"['аристократия прошлого', 'легендарные исторические фигуры']",,Русская речь,0,1,sukhonin_p_rod_knyazej_zazepinykh_ili_borba_nachal_1880.txt,"['аристократы', 'легендарные исторические фигуры']",0,0,1,0,1,0,0,0,0,0,0,0,0,0,0,0,0,0,0,0,0,0,0,0,0,0,0,0,0,0,0,0,0,0,0,0,2,True
"Шеллер-Михайлов, Александр Константинович",Чужие грехи,Роман в трех книгах,1880,мужской,1,социально-психологический,социальный,социально-психологический,семейный,нравоучительный,бытовой,,0,3 лицо,['дворянство'],Санкт-Петербург,Отд. изд.,1,1,sheller-mikhajlov_a_chuzhie_grekhi_1880.txt,['дворяне'],0,1,0,0,0,0,0,0,0,0,0,0,0,0,0,0,0,0,0,0,0,0,0,0,0,0,0,0,0,0,0,0,0,0,0,0,1,True
"Авсеенко, Василий Григорьевич",Злой дух,роман,1881,мужской,0,социально-психологический,социальный,,,,,,0,3 лицо,"['дворяне', 'революционеры']",,Русский вестник,0,0,,"['дворяне', 'революционеры']",0,1,0,0,0,0,0,0,0,0,0,1,0,0,0,0,0,0,0,0,0,0,0,0,0,0,0,0,0,0,0,0,0,0,0,0,2,True
"Анненская, Александра Никитична",Анна,роман для детей,1881,женский,0,роман воспитания,воспитания,роман воспитания,социально-психологический,,,,0,3 лицо,['дворяне'],,Отд. изд.,0,1,annenskaya_a_anna_1881.txt,['дворяне'],0,1,0,0,0,0,0,0,0,0,0,0,0,0,0,0,0,0,0,0,0,0,0,0,0,0,0,0,0,0,0,0,0,0,0,0,1,True
"Бажин, Николай Федотович",Лицом к лицу,роман,1881,мужской,0,социально-психологический,социальный,,,,,,0,,"['разночинец', 'буржуа']",,Русское богатство,0,0,,"['разночинцы', 'купцы']",0,0,0,1,0,0,0,1,0,0,0,0,0,0,0,0,0,0,0,0,0,0,0,0,0,0,0,0,0,0,0,0,0,0,0,0,2,True
"Забелло, М.П.","Подсечное хозяйство, или земство строит железную дорогу",Роман,1881,мужской,0,социально-психологический,социальный,социально-психологический,политический,,,,0,3 лицо,"['дворяне', 'чиновники']",,Русская мысль,0,1,zabello_m_podsechnoe_khozyajstvo_ili_zemstvo_stroit_zheleznuyu_dorogu_1881.txt,"['дворяне', 'чиновники']",0,1,0,0,0,0,0,0,1,0,0,0,0,0,0,0,0,0,0,0,0,0,0,0,0,0,0,0,0,0,0,0,0,0,0,0,2,True
"Казанцев, Николай Владимирович",Против течения,Исторический роман из времен Степана Разина: в 4 частях.,1881,мужской,0,исторический,исторический,,,,,,0,3 лицо,"['аристократия прошлого', 'казаки', 'крестьяне', 'крепостные']",Санкт-Петербург,Отд. изд.,1,0,,"['аристократы', 'казаки', 'крестьяне']",0,0,1,0,0,0,1,0,0,0,0,0,0,0,0,0,0,0,0,0,0,1,0,0,0,0,0,0,0,0,0,0,0,0,0,0,3,True
"Леонтьев, Константин Николаевич",Египетский голубь,роман,1881,мужской,0,любовный,любовный,любовный,экзотический,психологический,философский,,0,1 лицо,['дворяне'],,Русский вестник,0,1,leontev_k_egipetskij_golub_1881.txt,['дворяне'],0,1,0,0,0,0,0,0,0,0,0,0,0,0,0,0,0,0,0,0,0,0,0,0,0,0,0,0,0,0,0,0,0,0,0,0,1,True
"Мордовцев, Даниил Лукич",Великий раскол,исторический роман в 2 частях,1881,мужской,0,исторический,исторический,исторический,религиозный,этнографический,,,0,3 лицо,"['легендарные исторические фигуры', 'духовенство']",Санкт-Петербург,Отд. изд.,1,1,mordovzev_d_velikij_raskol_1881.txt,"['легендарные исторические фигуры', 'духовенство']",0,0,0,0,1,0,0,0,0,0,0,0,1,0,0,0,0,0,0,0,0,0,0,0,0,0,0,0,0,0,0,0,0,0,0,0,2,True
"Немирович-Данченко, Василий Иванович",Плевна и Шипка,Роман в 2 частях из событий последней войны,1881,мужской,0,исторический,исторический,,,,,,0,3 лицо,['военные'],Санкт-Петербург,Отд. изд.,1,0,,['военные'],0,0,0,0,0,1,0,0,0,0,0,0,0,0,0,0,0,0,0,0,0,0,0,0,0,0,0,0,0,0,0,0,0,0,0,0,1,True
"Оболенский, Леонид Егорович",Запросы жизни,Роман,1881,мужской,0,социально-психологический,социальный,,,,,,0,3 лицо,"['дворяне', 'разночинцы']",,Отечественные записки,0,0,,"['дворяне', 'разночинцы']",0,1,0,1,0,0,0,0,0,0,0,0,0,0,0,0,0,0,0,0,0,0,0,0,0,0,0,0,0,0,0,0,0,0,0,0,2,True
"Окрейц, Станислав Станиславович",Во мраке,роман в 3 частях,1881,мужской,0,,,,,,,,0,,['nan'],Санкт-Петербург,Отд. изд.,1,0,,['nan'],1,0,0,0,0,0,0,0,0,0,0,0,0,0,0,0,0,0,0,0,0,0,0,0,0,0,0,0,0,0,0,0,0,0,0,0,1,True
"Пушкин, Александр Сергеевич",Роман на кавказских водах,роман,1881,мужской,0,"любовный, семейная хроника",любовный,любовный,светский,семейный,бытовой,,1,3 лицо,['дворяне'],,Русский Архив,0,1,pushkin_a_roman_na_kavkazskikh_vodakh_1881.txt,['дворяне'],0,1,0,0,0,0,0,0,0,0,0,0,0,0,0,0,0,0,0,0,0,0,0,0,0,0,0,0,0,0,0,0,0,0,0,0,1,True
"Салиас, Евгений Андреевич",Принцесса Володимирская (Самозванка),роман,1881,мужской,1,"исторический, авантюрный",исторический,,,,,,0,3 лицо,['легендарные исторические фигуры'],,Огонек,0,0,,['легендарные исторические фигуры'],0,0,0,0,1,0,0,0,0,0,0,0,0,0,0,0,0,0,0,0,0,0,0,0,0,0,0,0,0,0,0,0,0,0,0,0,1,True
"Салманов, Петр Алексеевич",Князь Борис Щеглятев,"исторический роман XIII века, из времен нашествия Батыя на Россию",1881,мужской,0,исторический,исторический,,,,,,0,3 лицо,"['легендарные исторические фигуры', 'аристократия прошлого']",Санкт-Петербург,Отд. изд.,1,0,,"['легендарные исторические фигуры', 'аристократы']",0,0,1,0,1,0,0,0,0,0,0,0,0,0,0,0,0,0,0,0,0,0,0,0,0,0,0,0,0,0,0,0,0,0,0,0,2,True
"Северин, Н.",История одного развода,роман,1881,женский,1,семейная хроника,семейный,семейный,социально-психологический,адюльтерный,,,0,3 лицо,['дворяне'],,Русская мысль,0,1,merder_n_istoriya_odnogo_razvoda_1881.txt,['дворяне'],0,1,0,0,0,0,0,0,0,0,0,0,0,0,0,0,0,0,0,0,0,0,0,0,0,0,0,0,0,0,0,0,0,0,0,0,1,True
"Станюкович, Константин Михайлович",Омут,Роман,1881,мужской,0,социально-психологический,социальный,,,,,,0,3 лицо,['промышленники'],,Дело,0,0,,['купцы'],0,0,0,0,0,0,0,1,0,0,0,0,0,0,0,0,0,0,0,0,0,0,0,0,0,0,0,0,0,0,0,0,0,0,0,0,1,True
"Стахеев, Дмитрий Иванович",Законный брак,Роман,1881,мужской,0,любовный,любовный,,,,,,0,3 лицо,['чиновники'],,Слово,0,0,,['чиновники'],0,0,0,0,0,0,0,0,1,0,0,0,0,0,0,0,0,0,0,0,0,0,0,0,0,0,0,0,0,0,0,0,0,0,0,0,1,True
"Тверской, П.",Не к полю ягоды. Две недели в медвежьем углу,,1881,мужской,1,,,,,,,,0,3 лицо,['nan'],,Вестник Европы,0,0,,['nan'],1,0,0,0,0,0,0,0,0,0,0,0,0,0,0,0,0,0,0,0,0,0,0,0,0,0,0,0,0,0,0,0,0,0,0,0,1,True
"Толстой, Феофил Матвеевич",Золотой телец,Роман в 2 ч. Ростислава,1881,мужской,0,,,,,,,,0,,['nan'],Санкт-Петербург,Отд. изд.,1,0,,['nan'],1,0,0,0,0,0,0,0,0,0,0,0,0,0,0,0,0,0,0,0,0,0,0,0,0,0,0,0,0,0,0,0,0,0,0,0,1,True
"Шабельский, А.",Горе побежденным,Роман в 3 частях,1881,женский,1,социально-психологический,социальный,,,,,,0,3 лицо,"['дворяне', 'буржуа', 'чиновники']",,Дело,0,0,,"['дворяне', 'купцы', 'чиновники']",0,1,0,0,0,0,0,1,1,0,0,0,0,0,0,0,0,0,0,0,0,0,0,0,0,0,0,0,0,0,0,0,0,0,0,0,3,True
"Шардин, А. (псевд.)","Княжна Владимирская (Тараканова), или Зацепинские капиталы",Исторический роман в 4 частях [в изд 1882],1881,мужской,1,исторический,исторический,исторический,авантюрный,биографический,,,0,3 лицо,['легендарные исторические фигуры'],,Русская речь,0,1,sukhonin_p_knyazhna_vladimirskaya_tarakanova_ili_zazepinskie_kapitaly_1881.txt,['легендарные исторические фигуры'],0,0,0,0,1,0,0,0,0,0,0,0,0,0,0,0,0,0,0,0,0,0,0,0,0,0,0,0,0,0,0,0,0,0,0,0,1,True
"Шаховская, Людмила Дмитриевна",Карфаген и Рим,Исторический роман в 3 частях,1881,женский,0,исторический,исторический,,,,,,0,,['nan'],Москва,Отд. изд.,1,0,,['nan'],1,0,0,0,0,0,0,0,0,0,0,0,0,0,0,0,0,0,0,0,0,0,0,0,0,0,0,0,0,0,0,0,0,0,0,0,1,True
"Шаховская, Людмила Дмитриевна","Сивилла, волшебница Кумского грота",Исторический роман,1881,женский,0,исторический,исторический,исторический,мистический,,,,0,3 лицо,['римляне'],Москва,Отд. изд.,1,1,shakhovskaya_l_sivilla_volshebniza_kumskogo_grota_1881.txt,['народности и этнические группы'],0,0,0,0,0,0,0,0,0,1,0,0,0,0,0,0,0,0,0,0,0,0,0,0,0,0,0,0,0,0,0,0,0,0,0,0,1,True
"Эвальд, Аркадий Васильевич",Император Византии,Исторический роман из эпохи имп. Александра I,1881,мужской,0,исторический,исторический,,,,,,0,,['nan'],Санкт-Петербург,Отд. изд.,1,0,,['nan'],1,0,0,0,0,0,0,0,0,0,0,0,0,0,0,0,0,0,0,0,0,0,0,0,0,0,0,0,0,0,0,0,0,0,0,0,1,True
"Альминский, П.",Мирные времена,Роман в 3 частях,1882,мужской,1,автобиографический,биографический,,,,,,0,3 лицо,['nan'],,Дело,0,0,,['nan'],1,0,0,0,0,0,0,0,0,0,0,0,0,0,0,0,0,0,0,0,0,0,0,0,0,0,0,0,0,0,0,0,0,0,0,0,1,True
"Бешенцов, Александр Николаевич",Освобожденная,Роман в 3 частях,1882,мужской,0,,,,,,,,0,,['военные'],Москва,Отд. изд.,1,0,,['военные'],0,0,0,0,0,1,0,0,0,0,0,0,0,0,0,0,0,0,0,0,0,0,0,0,0,0,0,0,0,0,0,0,0,0,0,0,1,True
"Боборыкин, Петр Дмитриевич",Китай-город,Роман,1882,мужской,0,соц.-психологический,социальный,социально-психологический,бытовой,нравоописательный,,,0,3 лицо,"['купцы', 'дворяне']",Санкт-Петербург,Вестник Европы,1,1,boborykin_p_kitajgorod_1882.txt,"['купцы', 'дворяне']",0,1,0,0,0,0,0,1,0,0,0,0,0,0,0,0,0,0,0,0,0,0,0,0,0,0,0,0,0,0,0,0,0,0,0,0,2,True
"Валуев, Петр Александрович",Лорин,Роман,1882,мужской,0,светский,светский,,,,,,0,3 лицо,"['дворяне', 'чиновники']",Санкт-Петербург,Отд. изд.,1,0,,"['дворяне', 'чиновники']",0,1,0,0,0,0,0,0,1,0,0,0,0,0,0,0,0,0,0,0,0,0,0,0,0,0,0,0,0,0,0,0,0,0,0,0,2,True
"Головин (Орловский), Константин Федорович",Вне колеи,Роман,1882,мужской,1,романы о нигилистах,социальный,,,,,,0,3 лицо,"['дворянство', 'великосветское общество']",Москва,Русский вестник,1,0,,['дворяне'],0,1,0,0,0,0,0,0,0,0,0,0,0,0,0,0,0,0,0,0,0,0,0,0,0,0,0,0,0,0,0,0,0,0,0,0,1,True
"Кондратьев, Иван Кузьмич",Иерихонская роза,Исторический роман из быта русских тайных сектантов,1882,мужской,0,"приключенческий, ист., религ.",приключенческий,,,,,,0,3 лицо,['nan'],,Свет и тени,0,0,,['nan'],1,0,0,0,0,0,0,0,0,0,0,0,0,0,0,0,0,0,0,0,0,0,0,0,0,0,0,0,0,0,0,0,0,0,0,0,1,True
"Лермонтов, Михаил Юрьевич",Княгиня Лиговская,роман,1882,мужской,0,социально-психологический,социальный,светский,социально-психологический,бытовой,,,1,3 лицо,['nan'],,Русский вестник,0,1,lermontov_m_knyaginya_ligovskaya_1882.txt,['nan'],1,0,0,0,0,0,0,0,0,0,0,0,0,0,0,0,0,0,0,0,0,0,0,0,0,0,0,0,0,0,0,0,0,0,0,0,1,True
"Летнев, П.",Современный недуг,Роман в 3 ч.,1882,женский,1,"социальный, буржуазия",социальный,социально-психологический,идеологический,,,,0,3 лицо,['nan'],,Наблюдатель,0,1,lachinova_p_sovremennyj_nedug_1882.txt,['nan'],1,0,0,0,0,0,0,0,0,0,0,0,0,0,0,0,0,0,0,0,0,0,0,0,0,0,0,0,0,0,0,0,0,0,0,0,1,True
"Марков, Владислав Львович",Лихолетье,Исторический роман,1882,мужской,0,исторический роман,исторический,,,,,,0,3 лицо,['аристократия прошлого'],,Исторический вестник,0,0,,['аристократы'],0,0,1,0,0,0,0,0,0,0,0,0,0,0,0,0,0,0,0,0,0,0,0,0,0,0,0,0,0,0,0,0,0,0,0,0,1,True
"Марков, Владислав Львович",Однодворцы,Повесть,1882,мужской,0,исторический,исторический,,,,,,0,3 лицо,['крестьяне'],,Наблюдатель,0,0,,['крестьяне'],0,0,0,0,0,0,1,0,0,0,0,0,0,0,0,0,0,0,0,0,0,0,0,0,0,0,0,0,0,0,0,0,0,0,0,0,1,True
"Мещерский, Владимир Петрович",Княгиня Лиза,Роман,1882,мужской,0,сатирический,юмористический,,,,,,0,,['дворяне'],Санкт-Петербург,Отд. изд.,1,0,,['дворяне'],0,1,0,0,0,0,0,0,0,0,0,0,0,0,0,0,0,0,0,0,0,0,0,0,0,0,0,0,0,0,0,0,0,0,0,0,1,True
"Мордовцев, Даниил Лукич",Господин Великий Новгород,Историческая повесть,1882,мужской,0,исторический,исторический,исторический,этнографический,,,,0,3 лицо,"['новгородцы', 'легендарные исторические фигуры']",Москва,Отд. изд.,1,1,mordovzev_d_gospodin_velikij_novgorod_1882.txt,"['народности и этнические группы', 'легендарные исторические фигуры']",0,0,0,0,1,0,0,0,0,1,0,0,0,0,0,0,0,0,0,0,0,0,0,0,0,0,0,0,0,0,0,0,0,0,0,0,2,True
"Мордовцев, Даниил Лукич",Сагайдачный,Историческая повесть,1882,мужской,0,исторический,исторический,,,,,,0,3 лицо,['запорожское казачество'],Санкт-Петербург,Отд. изд.,1,0,,['казаки'],0,0,0,0,0,0,0,0,0,0,0,0,0,0,0,0,0,0,0,0,0,1,0,0,0,0,0,0,0,0,0,0,0,0,0,0,1,True
"Пастухов, Николай Иванович",Разбойник Чуркин,Народное сказание: в 3 частях,1882,мужской,0,авантюрный,приключенческий,,,,,,0,3 лицо,"['разбойники', 'крестьяне']",Москва,Московский листок,1,0,,"['криминальный мир', 'крестьяне']",0,0,0,0,0,0,1,0,0,0,1,0,0,0,0,0,0,0,0,0,0,0,0,0,0,0,0,0,0,0,0,0,0,0,0,0,2,True
"Соколов, Александр Алексеевич","История ""розового негодяя""","Хроника-роман [4 часть романа ""Театральные болота""]",1882,мужской,1,,,,,,,,0,,['nan'],Санкт-Петербург,Отд. изд.,1,0,,['nan'],1,0,0,0,0,0,0,0,0,0,0,0,0,0,0,0,0,0,0,0,0,0,0,0,0,0,0,0,0,0,0,0,0,0,0,0,1,True
"Соколова, Александра Ивановна",На дне пропасти,,1882,женский,0,"светский, уголовный",светский,,,,,,0,3 лицо,['высший свет'],Москва,Московский листок,1,0,,['дворяне'],0,1,0,0,0,0,0,0,0,0,0,0,0,0,0,0,0,0,0,0,0,0,0,0,0,0,0,0,0,0,0,0,0,0,0,0,1,True
"Соколова, Александра Ивановна",Последний визит,(Из хроники забытых дел),1882,женский,0,"светский, уголовный",светский,,,,,,0,3 лицо,['высший свет'],Москва,Московский листок,1,0,,['дворяне'],0,1,0,0,0,0,0,0,0,0,0,0,0,0,0,0,0,0,0,0,0,0,0,0,0,0,0,0,0,0,0,0,0,0,0,0,1,True
"Соловьев, Всеволод Сергеевич",Сергей Горбатов,Исторический роман-хроника конца XVIII в. в 2 частях,1882,мужской,0,"исторический роман, xviii в.",исторический,исторический,авантюрный,психологический,,,0,3 лицо,"['дворяне', 'исторические личности']",Санкт-Петербург,Отд. изд.,1,1,solovev_v_sergej_gorbatov_1882.txt,"['дворяне', 'легендарные исторические фигуры']",0,1,0,0,1,0,0,0,0,0,0,0,0,0,0,0,0,0,0,0,0,0,0,0,0,0,0,0,0,0,0,0,0,0,0,0,2,True
"Стахеев, Дмитрий Иванович",Торжество правосудия,Роман,1882,мужской,0,,,,,,,,0,3 лицо,['nan'],,Наблюдатель,0,0,,['nan'],1,0,0,0,0,0,0,0,0,0,0,0,0,0,0,0,0,0,0,0,0,0,0,0,0,0,0,0,0,0,0,0,0,0,0,0,1,True
"Тимофеева-Починковская, Варвара Васильевна",За себя и за других,Роман в трех частях,1882,женский,0,,,,,,,,0,3 лицо,['nan'],,Книжки Недели,0,0,,['nan'],1,0,0,0,0,0,0,0,0,0,0,0,0,0,0,0,0,0,0,0,0,0,0,0,0,0,0,0,0,0,0,0,0,0,0,0,1,True
"Толстая, Алексанра Леонтьевна",Неугомонное сердце,Роман в 2 частях,1882,женский,0,социально-психологический,социальный,,,,,,0,,['дворяне'],Санкт-Петербург,Отд. изд.,1,0,,['дворяне'],0,1,0,0,0,0,0,0,0,0,0,0,0,0,0,0,0,0,0,0,0,0,0,0,0,0,0,0,0,0,0,0,0,0,0,0,1,True
"Хрущев-Сокольников, Гавриил Александрович","История сторублевой бумажки № 131, 313",(Фантазия),1882,мужской,0,,,,,,,,0,,['nan'],,Мирской толк,0,0,,['nan'],1,0,0,0,0,0,0,0,0,0,0,0,0,0,0,0,0,0,0,0,0,0,0,0,0,0,0,0,0,0,0,0,0,0,0,0,1,True
"Хрущев-Сокольников, Гавриил Александрович",Кто?,Повесть,1882,мужской,0,,,,,,,,0,3 лицо,['nan'],Москва,Свет и тени,1,0,,['nan'],1,0,0,0,0,0,0,0,0,0,0,0,0,0,0,0,0,0,0,0,0,0,0,0,0,0,0,0,0,0,0,0,0,0,0,0,1,True
"Шаховская, Людмила Дмитриевна",Над бездной,Исторический роман эпохи Цицерона,1882,женский,0,исторический,исторический,исторический,психологический,философский,,,0,3 лицо,"['цицерон', 'юлий цезарь']",Москва,Отд. изд.,1,1,shakhovskaya_l_nad_bezdnoj_1882.txt,['легендарные исторические фигуры'],0,0,0,0,1,0,0,0,0,0,0,0,0,0,0,0,0,0,0,0,0,0,0,0,0,0,0,0,0,0,0,0,0,0,0,0,1,True
"Шеллер-Михайлов, Александр Константинович",Голь,Роман,1882,мужской,1,"социально-бытовой, дидактический роман",социальный,бытовой,нравоучительный,дидактический,,,0,3 лицо,"['дворяне', 'разночинцы']",,Русская мысль,0,1,sheller-mikhajlov_a_gol_1882.txt,"['дворяне', 'разночинцы']",0,1,0,1,0,0,0,0,0,0,0,0,0,0,0,0,0,0,0,0,0,0,0,0,0,0,0,0,0,0,0,0,0,0,0,0,2,True
"Шкляревский, Александр Андреевич",Князь Амалат-Бек,Роман из уголовной хроники,1882,мужской,0,уголовный,криминальный,,,,,,0,,['чиновники'],Санкт-Петербург,Отд. изд.,1,0,,['чиновники'],0,0,0,0,0,0,0,0,1,0,0,0,0,0,0,0,0,0,0,0,0,0,0,0,0,0,0,0,0,0,0,0,0,0,0,0,1,True
"Альбов, Михаил Николаевич",Ряса,Роман из жизни отца Петра Елеонского,1883,мужской,0,соц.-психологический роман,социальный,,,,,,0,3 лицо,['духовенство'],,Дело,0,0,,['духовенство'],0,0,0,0,0,0,0,0,0,0,0,0,1,0,0,0,0,0,0,0,0,0,0,0,0,0,0,0,0,0,0,0,0,0,0,0,1,True
"Альминский, П.",Петербургская саранча,Роман,1883,мужской,1,авантюрный,приключенческий,,,,,,0,3 лицо,"['дворяне', 'криминальный мир', 'разночинцы']",,Новое время,0,0,,"['дворяне', 'криминальный мир', 'разночинцы']",0,1,0,1,0,0,0,0,0,0,1,0,0,0,0,0,0,0,0,0,0,0,0,0,0,0,0,0,0,0,0,0,0,0,0,0,3,True
"Гриневич, Н.",На заре жизни,Роман,1883,мужской,0,исторический,исторический,,,,,,0,3 лицо,['nan'],Санкт-Петербург,Русское богатство,1,0,,['nan'],1,0,0,0,0,0,0,0,0,0,0,0,0,0,0,0,0,0,0,0,0,0,0,0,0,0,0,0,0,0,0,0,0,0,0,0,1,True
"Данилевский, Григорий Петрович",Княжна Тараканова,"Историческая повесть, в 2 частях",1883,мужской,0,исторический,исторический,исторический,биографический,авантюрный,,,0,1 лицо,"['дворяне', 'легендарные исторические фигуры', 'романовы']",,Вестник Европы,0,1,danilevskij_g_knyazhna_tarakanova_1883.txt,"['дворяне', 'легендарные исторические фигуры']",0,1,0,0,1,0,0,0,0,0,0,0,0,0,0,0,0,0,0,0,0,0,0,0,0,0,0,0,0,0,0,0,0,0,0,0,2,True
"Загуляев, Михаил Андреевич",Странная история,,1883,мужской,0,исторический,исторический,,,,,,0,1 лицо,['дворяне'],,Вестник Европы,0,0,,['дворяне'],0,1,0,0,0,0,0,0,0,0,0,0,0,0,0,0,0,0,0,0,0,0,0,0,0,0,0,0,0,0,0,0,0,0,0,0,1,True
"Иванов, Федор Константинович",Скелет в замке,(Из уголовной хроники),1883,мужской,0,"уголовный, исторический",криминальный,,,,,,0,1 лицо,['криминальный мир'],,Московский листок,0,0,,['криминальный мир'],0,0,0,0,0,0,0,0,0,0,1,0,0,0,0,0,0,0,0,0,0,0,0,0,0,0,0,0,0,0,0,0,0,0,0,0,1,True
"Ковалевский, Павел Михайлович",Итоги жизни,Повесть,1883,мужской,0,социальный роман,социальный,социально-психологический,философский,,,,0,3 лицо,['вольнодумцы'],,Вестник Европы,0,1,kovalevskij_p_itogi_zhizni_1883.txt,['революционеры'],0,0,0,0,0,0,0,0,0,0,0,1,0,0,0,0,0,0,0,0,0,0,0,0,0,0,0,0,0,0,0,0,0,0,0,0,1,True
"Кондратьев, Иван Кузьмич",Самозванная княжна,Исторический роман из быта русских тайных сектантов,1883,мужской,0,"приключенческий, ист., религ.",приключенческий,,,,,,0,3 лицо,['сектанты'],Москва,Свет и тени,1,0,,['сектанты'],0,0,0,0,0,0,0,0,0,0,0,0,0,0,0,0,0,0,0,1,0,0,0,0,0,0,0,0,0,0,0,0,0,0,0,0,1,True
Кот Мурлыка,К свету,Из семейной хроники 60-х годов,1883,мужской,1,"соц.-психологический, мистический",социальный,философский,социально-психологический,мистический,фантастический,,0,3 лицо,['дворяне'],Москва,Русская мысль,1,1,vagner_n_k_svetu_1883.txt,['дворяне'],0,1,0,0,0,0,0,0,0,0,0,0,0,0,0,0,0,0,0,0,0,0,0,0,0,0,0,0,0,0,0,0,0,0,0,0,1,True
Кот Мурлыка,Тёмный путь,Роман-хроника: в 4 частях,1883,мужской,1,антинигилистический,социальный,антинигилистический,мистический,философский,,,0,1 лицо,"['дворяне', 'разночинцы']",Санкт-Петербург,Ребус,1,1,vagner_n_temnyj_put_1883.txt,"['дворяне', 'разночинцы']",0,1,0,1,0,0,0,0,0,0,0,0,0,0,0,0,0,0,0,0,0,0,0,0,0,0,0,0,0,0,0,0,0,0,0,0,2,True
"Ланская, Н.",Обрусители,Роман из общественной жизни Западного края. В 2 частях,1883,женский,1,социально-бытовой,социальный,бытовой,политический,идеологический,,,0,3 лицо,['крестьяне'],Санкт-Петербург,Отд. изд.,1,1,yakovleva_n_obrusiteli_1883.txt,['крестьяне'],0,0,0,0,0,0,1,0,0,0,0,0,0,0,0,0,0,0,0,0,0,0,0,0,0,0,0,0,0,0,0,0,0,0,0,0,1,True
"Лебедев, Николай Константинович",Бароцейская королева,Роман Н.К. Л-ва,1883,мужской,0,бытописательный,описательный,,,,,,0,3 лицо,['nan'],,"Литературное приложение к ""Гражданину""",0,0,,['nan'],1,0,0,0,0,0,0,0,0,0,0,0,0,0,0,0,0,0,0,0,0,0,0,0,0,0,0,0,0,0,0,0,0,0,0,0,1,True
"Линев, Дмитрий Александрович",Фантазер,Роман в двух частях Д.А. Линева,1883,мужской,0,социально-психологический,социальный,,,,,,0,3 лицо,['nan'],,Россия,0,0,,['nan'],1,0,0,0,0,0,0,0,0,0,0,0,0,0,0,0,0,0,0,0,0,0,0,0,0,0,0,0,0,0,0,0,0,0,0,0,1,True
"Мамин-Сибиряк, Дмитрий Наркисович",Приваловские миллионы,Роман,1883,мужской,1,"социально-психологический, этнографический",социальный,социально-психологический,этнографический,бытовой,,,0,3 лицо,"['дворяне. народ', 'промышленники']",,Дело,0,1,mamin-sibiryak_d_privalovskie_milliony_1883.txt,"['дворяне', 'купцы']",0,1,0,0,0,0,0,1,0,0,0,0,0,0,0,0,0,0,0,0,0,0,0,0,0,0,0,0,0,0,0,0,0,0,0,0,2,True
"Маркевич, Болеслав Михайлович",Бездна,Правдивая история,1883,мужской,0,"антинигилистический, социально-психологический",социальный,антинигилистический,социально-психологический,политический,идеологический,,0,3 лицо,['дворяне'],,Русский вестник,0,1,markevich_b_bezdna_1883.txt,['дворяне'],0,1,0,0,0,0,0,0,0,0,0,0,0,0,0,0,0,0,0,0,0,0,0,0,0,0,0,0,0,0,0,0,0,0,0,0,1,True
"Назарьева, Капитолина Валериановна",Кривой дорогой,Повесть в 2-х частях,1883,женский,0,,,,,,,,0,3 лицо,['nan'],Санкт-Петербург,Гражданин,1,0,,['nan'],1,0,0,0,0,0,0,0,0,0,0,0,0,0,0,0,0,0,0,0,0,0,0,0,0,0,0,0,0,0,0,0,0,0,0,0,1,True
"Немирович-Данченко, Василий Иванович",Вперед!,Роман из событий последней турецкой войны,1883,мужской,0,"приключенческий, авантюрный",приключенческий,приключенческий,авантюрный,,,,0,3 лицо,"['военные', 'народности и этнические группы']",Санкт-Петербург,Отд. изд.,1,1,nemirovich-danchenko_v_vpered_1883.txt,"['военные', 'народности и этнические группы']",0,0,0,0,0,1,0,0,0,1,0,0,0,0,0,0,0,0,0,0,0,0,0,0,0,0,0,0,0,0,0,0,0,0,0,0,2,True
"Оболенский, Леонид Егорович",Два полюса,Роман,1883,мужской,0,социально-психологический,социальный,,,,,,0,3 лицо,['nan'],,Мысль,0,0,,['nan'],1,0,0,0,0,0,0,0,0,0,0,0,0,0,0,0,0,0,0,0,0,0,0,0,0,0,0,0,0,0,0,0,0,0,0,0,1,True
"Петров, Пётр Николаевич",Белые и чёрные,Исторический роман,1883,мужской,0,исторический,исторический,исторический,политический,,,,0,3 лицо,"['дворяне', 'придворные', 'исторические фигуры']",,Всемирная иллюстрация,0,1,petrov_p_belye_i_chernye_1883.txt,"['дворяне', 'легендарные исторические фигуры']",0,1,0,0,1,0,0,0,0,0,0,0,0,0,0,0,0,0,0,0,0,0,0,0,0,0,0,0,0,0,0,0,0,0,0,0,2,True
"Полежаев, Петр Васильевич",150 лет назад (Бирон и Волынский),исторический роман времен Анны Иоанновны,1883,мужской,0,историческая проза,исторический,исторический,биографический,политический,,,0,3 лицо,"['придворные', 'легендарные исторические фигуры']",Санкт-Петербург,Отд. изд.,1,1,polezhaev_p__let_nazad_biron_i_volynskij_1883.txt,['легендарные исторические фигуры'],0,0,0,0,1,0,0,0,0,0,0,0,0,0,0,0,0,0,0,0,0,0,0,0,0,0,0,0,0,0,0,0,0,0,0,0,1,True
"Полежаев, Петр Васильевич",Лопухинское дело,историческая повесть,1883,мужской,0,историческая проза,исторический,исторический,политический,,,,0,3 лицо,"['придворные', 'легендарные исторические фигуры']",Санкт-Петербург,Отд. изд.,1,1,polezhaev_p_lopukhinskoe_delo_1883.txt,['легендарные исторические фигуры'],0,0,0,0,1,0,0,0,0,0,0,0,0,0,0,0,0,0,0,0,0,0,0,0,0,0,0,0,0,0,0,0,0,0,0,0,1,True
"Прохоров-Риваль, Владимир Алексеевич",Людоеды,Роман,1883,мужской,1,уголовный,криминальный,,,,,,0,3 лицо,['nan'],,Новости дня,0,0,,['nan'],1,0,0,0,0,0,0,0,0,0,0,0,0,0,0,0,0,0,0,0,0,0,0,0,0,0,0,0,0,0,0,0,0,0,0,0,1,True
"Романов, Вадим Владимирович",За Урал!,Рассказ из воспоминаний о Сибири,1883,мужской,0,"роман воспитания, приключенческий",воспитания,,,,,,0,3 лицо,['дворяне-золотопромышленники'],,Русский вестник,0,0,,['дворяне'],0,1,0,0,0,0,0,0,0,0,0,0,0,0,0,0,0,0,0,0,0,0,0,0,0,0,0,0,0,0,0,0,0,0,0,0,1,True
"Салиас, Евгений Андреевич",Найденыш,Исторический роман. В 2 частях,1883,мужской,1,исторический,исторический,исторический,авантюрный,приключенческий,,,0,3 лицо,"['казаки', 'военные', 'легендарная историческая фигура']",,Русский вестник,0,1,salias-de-turnemir_e_najdenysh_1883-1884.txt,"['казаки', 'военные', 'легендарные исторические фигуры']",0,0,0,0,1,1,0,0,0,0,0,0,0,0,0,0,0,0,0,0,0,1,0,0,0,0,0,0,0,0,0,0,0,0,0,0,3,True
"Симонова, Людмила Христофоровна",Убила,роман в 2 частях,1883,женский,0,социально-психологический (эмансипация),социальный,социально-психологический,феминистский,бытовой,,,0,3 лицо,['nan'],,Живописное обозрение,0,1,simonova_l_ubila_1883.txt,['nan'],1,0,0,0,0,0,0,0,0,0,0,0,0,0,0,0,0,0,0,0,0,0,0,0,0,0,0,0,0,0,0,0,0,0,0,0,1,True
"Соколов, Александр Алексеевич",Два мужа,Уголовный роман в 3 частях,1883,мужской,1,уголовный,криминальный,,,,,,0,,['nan'],,Петербургский листок,0,0,,['nan'],1,0,0,0,0,0,0,0,0,0,0,0,0,0,0,0,0,0,0,0,0,0,0,0,0,0,0,0,0,0,0,0,0,0,0,0,1,True
"Соколова, Александра Ивановна",Чужое счастье,,1883,женский,0,"светский, уголовный",светский,,,,,,0,3 лицо,['nan'],,Московский листок,0,0,,['nan'],1,0,0,0,0,0,0,0,0,0,0,0,0,0,0,0,0,0,0,0,0,0,0,0,0,0,0,0,0,0,0,0,0,0,0,0,1,True
"Соловьев, Всеволод Сергеевич",Вольтерьянец,Исторический роман конца XVIII в. в 2 ч. (Продолжение романа «Сергей Горбатов»),1883,мужской,0,"исторический роман, xviii в.",исторический,исторический,идеологический,философский,психологический,,0,3 лицо,['дворяне'],Санкт-Петербург,Отд. изд. (СС),1,1,solovev_v_volteryanez_1883.txt,['дворяне'],0,1,0,0,0,0,0,0,0,0,0,0,0,0,0,0,0,0,0,0,0,0,0,0,0,0,0,0,0,0,0,0,0,0,0,0,1,True
"Стахеев, Дмитрий Иванович",Избранник сердца,Роман,1883,мужской,0,"социальный, нравоописательный",социальный,,,,,,0,3 лицо,['разночинцы'],,Наблюдатель,0,0,,['разночинцы'],0,0,0,1,0,0,0,0,0,0,0,0,0,0,0,0,0,0,0,0,0,0,0,0,0,0,0,0,0,0,0,0,0,0,0,0,1,True
"Чмырев, Николай Андреевич",Во святой обители,Исторический роман из времен Петра Великого в 4 ч.,1883,мужской,0,исторический роман,исторический,,,,,,0,,"['дворяне', 'исторические фигуры']",Москва,Отд. изд.,1,0,,"['дворяне', 'легендарные исторические фигуры']",0,1,0,0,1,0,0,0,0,0,0,0,0,0,0,0,0,0,0,0,0,0,0,0,0,0,0,0,0,0,0,0,0,0,0,0,2,True
"Шардин, А. (псевд.)",На рубеже столетий,Исторический роман,1883,мужской,1,исторический роман,исторический,исторический,политический,,,,0,3 лицо,"['аристократия прошлого', 'легендарные исторические фигуры']",,Век,0,1,sukhonin_p_na_rubezhe_stoletij_1883.txt,"['аристократы', 'легендарные исторические фигуры']",0,0,1,0,1,0,0,0,0,0,0,0,0,0,0,0,0,0,0,0,0,0,0,0,0,0,0,0,0,0,0,0,0,0,0,0,2,True
"Шеллер-Михайлов, Александр Константинович",Над обрывом,Роман,1883,мужской,1,"социальный, семейная драма (оскудение дворянских гнезд)",социальный,социально-психологический,семейный,бытовой,,,0,3 лицо,"['дворяне', 'разночинцы']",,Живописное обозрение,0,1,sheller-mikhajlov_a_nad_obryvom_1883.txt,"['дворяне', 'разночинцы']",0,1,0,1,0,0,0,0,0,0,0,0,0,0,0,0,0,0,0,0,0,0,0,0,0,0,0,0,0,0,0,0,0,0,0,0,2,True
"Авсеенко, Василий Григорьевич",Вавилонское пленение,na,1884,мужской,0,психологический роман,психологический,,,,,,0,,['nan'],,Санкт-Петербургские ведомости,0,0,,['nan'],1,0,0,0,0,0,0,0,0,0,0,0,0,0,0,0,0,0,0,0,0,0,0,0,0,0,0,0,0,0,0,0,0,0,0,0,1,True
Ардов,Руфина Каздоева,Роман в 5 частях,1884,женский,1,любовный,любовный,,,,,,0,3 лицо,['дворяне'],,Дело,0,0,,['дворяне'],0,1,0,0,0,0,0,0,0,0,0,0,0,0,0,0,0,0,0,0,0,0,0,0,0,0,0,0,0,0,0,0,0,0,0,0,1,True
"Ахшарумов, Николай Дмитриевич",Потомок рода Ветрищевых,Роман,1884,мужской,0,любовный,любовный,,,,,,0,3 лицо,['дворяне'],,Дело,0,0,,['дворяне'],0,1,0,0,0,0,0,0,0,0,0,0,0,0,0,0,0,0,0,0,0,0,0,0,0,0,0,0,0,0,0,0,0,0,0,0,1,True
"Дубровина, Екатерина Оскаровна",В тумане жизни,Роман,1884,женский,0,социальный,социальный,,,,,,0,,"['средние слои', 'женщины из народа']",Санкт-Петербург,Отд. изд.,1,0,,"['мещане', 'женщины']",0,0,0,0,0,0,0,0,0,0,0,0,0,0,0,1,0,0,0,0,1,0,0,0,0,0,0,0,0,0,0,0,0,0,0,0,2,True
"Карнович, Евгений Петрович",Пагуба,Исторический роман [в изд 1887],1884,мужской,0,исторический роман,исторический,исторический,авантюрный,нравоописательный,,,0,3 лицо,['военные'],,Русский мир,0,1,karnovich_e_paguba_1884.txt,['военные'],0,0,0,0,0,1,0,0,0,0,0,0,0,0,0,0,0,0,0,0,0,0,0,0,0,0,0,0,0,0,0,0,0,0,0,0,1,True
"Крыжановский, Николай Андреевич",Дочь Алаяр-хана,Рассказ о трех различных воспитаниях,1884,мужской,0,"приключенчески-нравоописательный, антинигилистический",приключенческий,,,,,,0,3 лицо,"['военные', 'хан', 'эмиры', 'народности и этнические группы']",,Русский вестник,0,0,,"['военные', 'народности и этнические группы']",0,0,0,0,0,1,0,0,0,1,0,0,0,0,0,0,0,0,0,0,0,0,0,0,0,0,0,0,0,0,0,0,0,0,0,0,2,True
"Лебедев, Николай Константинович",Калиф на час,Роман,1884,мужской,0,бытописательный,описательный,,,,,,0,3 лицо,['nan'],,Новое время,0,0,,['nan'],1,0,0,0,0,0,0,0,0,0,0,0,0,0,0,0,0,0,0,0,0,0,0,0,0,0,0,0,0,0,0,0,0,0,0,0,1,True
"Мамин-Сибиряк, Дмитрий Наркисович",Горное гнездо,Из уральской жизни,1884,мужской,1,сатиристический,юмористический,сатирический,бытовой,,,,0,3 лицо,['промышленники'],,Отечественные записки,0,1,mamin-sibiryak_d_gornoe_gnezdo_1884.txt,['купцы'],0,0,0,0,0,0,0,1,0,0,0,0,0,0,0,0,0,0,0,0,0,0,0,0,0,0,0,0,0,0,0,0,0,0,0,0,1,True
"Мамин-Сибиряк, Дмитрий Наркисович",Жилка,Из рассказов о золоте,1884,мужской,1,социально-психологический,социальный,социально-психологический,бытовой,,,,0,3 лицо,"['купцы', 'промышленники']",,Вестник Европы,0,1,mamin-sibiryak_d_dikoe_schaste_1884.txt,['купцы'],0,0,0,0,0,0,0,1,0,0,0,0,0,0,0,0,0,0,0,0,0,0,0,0,0,0,0,0,0,0,0,0,0,0,0,0,1,True
"Марков, Владислав Львович",Знакомые люди,Роман,1884,мужской,0,,,,,,,,0,,['nan'],,Наблюдатель,0,0,,['nan'],1,0,0,0,0,0,0,0,0,0,0,0,0,0,0,0,0,0,0,0,0,0,0,0,0,0,0,0,0,0,0,0,0,0,0,0,1,True
"Назарьева, Капитолина Валериановна",В когтях нищеты,Уголовный роман из русской жизни в 2 частях,1884,женский,0,уголовный,криминальный,,,,,,0,,['nan'],Санкт-Петербург,Отд. изд.,1,0,,['nan'],1,0,0,0,0,0,0,0,0,0,0,0,0,0,0,0,0,0,0,0,0,0,0,0,0,0,0,0,0,0,0,0,0,0,0,0,1,True
"Назарьева, Капитолина Валериановна","Из огня, да в полымя",Роман в 2 частях,1884,женский,0,,,,,,,,0,,['nan'],Санкт-Петербург,Отд. изд.,1,0,,['nan'],1,0,0,0,0,0,0,0,0,0,0,0,0,0,0,0,0,0,0,0,0,0,0,0,0,0,0,0,0,0,0,0,0,0,0,0,1,True
"Полежаев, Петр Васильевич",Фавор и опала,исторический роман,1884,мужской,0,исторический,исторический,исторический,политический,биографический,,,0,3 лицо,['аристократия прошлого'],Санкт-Петербург,Отд. изд.,1,1,polezhaev_p_favor_i_opala_1884.txt,['аристократы'],0,0,1,0,0,0,0,0,0,0,0,0,0,0,0,0,0,0,0,0,0,0,0,0,0,0,0,0,0,0,0,0,0,0,0,0,1,True
"Прохоров-Риваль, Владимир Алексеевич",Лесной бродяга,Роман,1884,мужской,1,криминальный,криминальный,,,,,,0,3 лицо,['nan'],,Волна,0,0,,['nan'],1,0,0,0,0,0,0,0,0,0,0,0,0,0,0,0,0,0,0,0,0,0,0,0,0,0,0,0,0,0,0,0,0,0,0,0,1,True
"Прохоров-Риваль, Владимир Алексеевич",Отцеубийца,Роман,1884,мужской,1,криминальный,криминальный,,,,,,0,3 лицо,['nan'],,Новости дня,0,0,,['nan'],1,0,0,0,0,0,0,0,0,0,0,0,0,0,0,0,0,0,0,0,0,0,0,0,0,0,0,0,0,0,0,0,0,0,0,0,1,True
"Симонова, Людмила Христофоровна",На поисках за богатством,Роман в 3-х частях К.И. Соборного,1884,женский,0,"социально-психологический, эмансипация",социальный,,,,,,0,3 лицо,['nan'],,Живописное обозрение,0,0,,['nan'],1,0,0,0,0,0,0,0,0,0,0,0,0,0,0,0,0,0,0,0,0,0,0,0,0,0,0,0,0,0,0,0,0,0,0,0,1,True
"Симонова, Людмила Христофоровна",Сам,Роман,1884,женский,0,"соц.-психологический, эмансипация",социальный,,,,,,0,3 лицо,['nan'],,Еженедельное обозрение,0,0,,['nan'],1,0,0,0,0,0,0,0,0,0,0,0,0,0,0,0,0,0,0,0,0,0,0,0,0,0,0,0,0,0,0,0,0,0,0,0,1,True
"Соколов, Александр Алексеевич",Бескровное убийство,Роман в 2 частях,1884,мужской,1,уголовный,криминальный,,,,,,0,,['nan'],Санкт-Петербург,Отд. изд.,1,0,,['nan'],1,0,0,0,0,0,0,0,0,0,0,0,0,0,0,0,0,0,0,0,0,0,0,0,0,0,0,0,0,0,0,0,0,0,0,0,1,True
"Соколова, Александра Ивановна",Современная драма,роман,1884,женский,0,уголовный,криминальный,,,,,,0,,['nan'],Москва,Отд. изд.,1,0,,['nan'],1,0,0,0,0,0,0,0,0,0,0,0,0,0,0,0,0,0,0,0,0,0,0,0,0,0,0,0,0,0,0,0,0,0,0,0,1,True
"Соловьев, Всеволод Сергеевич",Старый дом,Исторический роман начала царствования императора НИколая I,1884,мужской,0,"исторический,",исторический,исторический,семейный,бытовой,,,0,3 лицо,"['военные', 'дворяне']",Санкт-Петербург,Отд. изд.,1,1,solovev_v_staryj_dom_1884.txt,"['военные', 'дворяне']",0,1,0,0,0,1,0,0,0,0,0,0,0,0,0,0,0,0,0,0,0,0,0,0,0,0,0,0,0,0,0,0,0,0,0,0,2,True
"Толстой, Лев Николаевич",Декабристы,,1884,мужской,0,,,исторический,политический,социально-психологический,,,1,3 лицо,['nan'],Санкт-Петербург,XXV лет [сборник],1,1,tolstoj_l_dekabristy_1884.txt,['nan'],1,0,0,0,0,0,0,0,0,0,0,0,0,0,0,0,0,0,0,0,0,0,0,0,0,0,0,0,0,0,0,0,0,0,0,0,1,True
"Тхоржевский, Корнелий Владиславович",Тенета,Роман,1884,мужской,0,,,,,,,,0,,['nan'],,Гражданин,0,0,,['nan'],1,0,0,0,0,0,0,0,0,0,0,0,0,0,0,0,0,0,0,0,0,0,0,0,0,0,0,0,0,0,0,0,0,0,0,0,1,True
"Хрущев-Сокольников, Гавриил Александрович",Степной философ,,1884,мужской,0,,,,,,,,0,,['nan'],Санкт-Петербург,Отд. изд.,1,0,,['nan'],1,0,0,0,0,0,0,0,0,0,0,0,0,0,0,0,0,0,0,0,0,0,0,0,0,0,0,0,0,0,0,0,0,0,0,0,1,True
"Хрущев-Сокольников, Гавриил Александрович",Осада столицы,роман из текущей уголовной хроники,1884,мужской,0,,,,,,,,0,3 лицо,['nan'],,Эхо,0,0,,['nan'],1,0,0,0,0,0,0,0,0,0,0,0,0,0,0,0,0,0,0,0,0,0,0,0,0,0,0,0,0,0,0,0,0,0,0,0,1,True
"Чехов, Антон Павлович",Драма на охоте,Истинное происшествие,1884,мужской,0,"детективный, социально-психологический",криминальный,детективный,социально-психологический,пародийный,,,1,1 лицо,"['чиновники', 'граф']",,Новости дня,0,1,chekhov_a_drama_na_okhote_1884.txt,"['чиновники', 'графы']",0,0,0,0,0,0,0,0,1,0,0,0,0,0,0,0,0,0,0,0,0,0,0,0,0,0,0,0,0,0,0,0,1,0,0,0,2,True
"Чмырев, Николай Андреевич","Ермак, атаман волжских разбойников, князь Сибирский",Исторический роман из времен Иоанна Грозного в 4 частях,1884,мужской,0,исторический роман; россия времен ивана грозного,исторический,,,,,,0,3 лицо,"['военные', 'легендарная историческая фигура']",Москва,Отд. изд.,1,0,,"['военные', 'легендарные исторические фигуры']",0,0,0,0,1,1,0,0,0,0,0,0,0,0,0,0,0,0,0,0,0,0,0,0,0,0,0,0,0,0,0,0,0,0,0,0,2,True
"Шаховская, Людмила Дмитриевна",Жребий брошен,Исторический роман эпохи Юлия Цезаря,1884,женский,0,"исторический, юлий цезарь",исторический,исторический,биографический,политический,философский,,0,3 лицо,['история в романах'],Москва,Отд. изд.,1,1,shakhovskaya_l_zhrebij_broshen_1884.txt,['другое'],0,0,0,0,0,0,0,0,0,0,0,0,0,0,0,0,0,1,0,0,0,0,0,0,0,0,0,0,0,0,0,0,0,0,0,0,1,True
"Шеллер-Михайлов, Александр Константинович","И молотом, и золотом",Роман,1884,мужской,1,"цикл ""семья муратовых"", социально-психологический",психологический,социально-психологический,семейный,бытовой,,,0,3 лицо,['дворяне'],,Живописное обозрение,0,1,sheller-mikhajlov_a_i_molotom_i_zolotom_1884.txt,['дворяне'],0,1,0,0,0,0,0,0,0,0,0,0,0,0,0,0,0,0,0,0,0,0,0,0,0,0,0,0,0,0,0,0,0,0,0,0,1,True
"Шеллер-Михайлов, Александр Константинович",Наша первая любовь,роман,1884,мужской,1,"социально-психологический, любовный",социальный,социально-психологический,любовный,роман воспитания,,,0,1 лицо,['дворяне'],Санкт-Петербург,Отд. изд.,1,1,sheller-mikhajlov_a_nasha_pervaya_lyubov_1884.txt,['дворяне'],0,1,0,0,0,0,0,0,0,0,0,0,0,0,0,0,0,0,0,0,0,0,0,0,0,0,0,0,0,0,0,0,0,0,0,0,1,True
"Гейнце, Николай Эдуардович",В тине адвокатуры,Роман конца века,1885,мужской,0,"уголовный, любовный",криминальный,уголовный,любовный,нравоописательный,,,0,3 лицо,"['разночинцы', 'чиновники']",,Приложение к журналу Луч,0,1,gejnze_n_v_tine_advokatury_1885.txt,"['разночинцы', 'чиновники']",0,0,0,1,0,0,0,0,1,0,0,0,0,0,0,0,0,0,0,0,0,0,0,0,0,0,0,0,0,0,0,0,0,0,0,0,2,True
"Голицын (Муравлин), Дмитрий Петрович",Тенор,роман,1885,мужской,0,"социально-психологический, аристократия",социальный,,,,,,0,,['nan'],Санкт-Петербург,Отд. изд.,1,0,,['nan'],1,0,0,0,0,0,0,0,0,0,0,0,0,0,0,0,0,0,0,0,0,0,0,0,0,0,0,0,0,0,0,0,0,0,0,0,1,True
"Голицын (Муравлин), Дмитрий Петрович",Баба,Роман,1885,мужской,0,"приключенческий, путешественники",приключенческий,приключенческий,авантюрный,этнографический,экзотический,,0,3 лицо,['nan'],Санкт-Петербург,Отд. изд.,1,1,golizyn_d_baba_1885.txt,['nan'],1,0,0,0,0,0,0,0,0,0,0,0,0,0,0,0,0,0,0,0,0,0,0,0,0,0,0,0,0,0,0,0,0,0,0,0,1,True
"Желиховская, Вера Петровна","Было, прошло и быльем поросло",Роман на старый лад,1885,женский,0,"любовный, роман воспитания",любовный,,,,,,0,3 лицо,['аристократы'],Одесса,Отд. изд.,1,0,,['аристократы'],0,0,1,0,0,0,0,0,0,0,0,0,0,0,0,0,0,0,0,0,0,0,0,0,0,0,0,0,0,0,0,0,0,0,0,0,1,True
"Засодимский, Павел Владимирович",По градам и весям (из истории нашего времени),Роман,1885,мужской,0,исторический,исторический,,,,,,0,3 лицо,"['крестьяне', 'мещане']",,Наблюдатель,0,0,,"['крестьяне', 'мещане']",0,0,0,0,0,0,1,0,0,0,0,0,0,0,0,0,0,0,0,0,1,0,0,0,0,0,0,0,0,0,0,0,0,0,0,0,2,True
Зео,Свыше сил,Роман в 2 частях,1885,женский,1,"социально-психологический, женщины",социальный,,,,,,0,,['nan'],Одесса,Отд. изд.,1,0,,['nan'],1,0,0,0,0,0,0,0,0,0,0,0,0,0,0,0,0,0,0,0,0,0,0,0,0,0,0,0,0,0,0,0,0,0,0,0,1,True
"Иванов, Федор Константинович",В погоню за миллионами,Из уголовной хроники,1885,мужской,0,"криминальный, преступники",криминальный,,,,,,0,,['nan'],,Московский листок,0,0,,['nan'],1,0,0,0,0,0,0,0,0,0,0,0,0,0,0,0,0,0,0,0,0,0,0,0,0,0,0,0,0,0,0,0,0,0,0,0,1,True
"Каратыгин, Петр Петрович",Чернокнижники,Роман из времен царствования Павла I,1885,мужской,0,исторический,исторический,,,,,,0,,['эпоха павла i'],Санкт-Петербург,Отд. изд.,1,0,,['легендарные исторические фигуры'],0,0,0,0,1,0,0,0,0,0,0,0,0,0,0,0,0,0,0,0,0,0,0,0,0,0,0,0,0,0,0,0,0,0,0,0,1,True
"Карнович, Евгений Петрович",Придворное кружево,Исторический роман,1885,мужской,0,"исторический, 1720-е",исторический,исторический,авантюрный,политический,бытовой,,0,3 лицо,['nan'],Санкт-Петербург; Москва,Отд. изд.,1,1,karnovich_e_pridvornoe_kruzhevo_1885.txt,['nan'],1,0,0,0,0,0,0,0,0,0,0,0,0,0,0,0,0,0,0,0,0,0,0,0,0,0,0,0,0,0,0,0,0,0,0,0,1,True
"Крестовский, В.-псевдоним",Обязанности,,1885,женский,1,,,,,,,,0,3 лицо,['nan'],,Северный вестник,0,0,,['nan'],1,0,0,0,0,0,0,0,0,0,0,0,0,0,0,0,0,0,0,0,0,0,0,0,0,0,0,0,0,0,0,0,0,0,0,0,1,True
"Ланская, Н.",Лавры и тернии,Роман из времен русского-турецкой войны в 2 частях,1885,женский,1,исторический,исторический,,,,,,0,,['nan'],Санкт-Петербург,Отд. изд.,1,0,,['nan'],1,0,0,0,0,0,0,0,0,0,0,0,0,0,0,0,0,0,0,0,0,0,0,0,0,0,0,0,0,0,0,0,0,0,0,0,1,True
"Леонтьев, Константин Николаевич",Две избранницы,Роман К.Н. Леонтьева,1885,мужской,0,"полит., психологический, дворяне",социальный,,,,,,0,3 лицо,['nan'],,Россия,0,0,,['nan'],1,0,0,0,0,0,0,0,0,0,0,0,0,0,0,0,0,0,0,0,0,0,0,0,0,0,0,0,0,0,0,0,0,0,0,0,1,True
"Мещерский, Владимир Петрович",Дневник Ольги Николаевны,В.П. Мещерского,1885,мужской,0,сатирический роман,юмористический,,,,,,0,,['nan'],Санкт-Петербург,Отд. изд.,1,0,,['nan'],1,0,0,0,0,0,0,0,0,0,0,0,0,0,0,0,0,0,0,0,0,0,0,0,0,0,0,0,0,0,0,0,0,0,0,0,1,True
"Мещерский, Владимир Петрович",Недоразумение,"Роман. 3 ч. : Продолжение романа ""Женщины петербургского большого света""",1885,мужской,0,сатирический роман. высший свет,юмористический,,,,,,0,,['nan'],Санкт-Петербург,Отд. изд.,1,0,,['nan'],1,0,0,0,0,0,0,0,0,0,0,0,0,0,0,0,0,0,0,0,0,0,0,0,0,0,0,0,0,0,0,0,0,0,0,0,1,True
"Назарьева, Капитолина Валериановна",Скорбный путь,Роман в 2 частях,1885,женский,0,"семейный, детектив",семейный,,,,,,0,,['nan'],Санкт-Петербург,Отд. изд.,1,0,,['nan'],1,0,0,0,0,0,0,0,0,0,0,0,0,0,0,0,0,0,0,0,0,0,0,0,0,0,0,0,0,0,0,0,0,0,0,0,1,True
"Окрейц, Станислав Станиславович",Старосветские помещики,Очерки Западного края,1885,мужской,0,,,,,,,,0,,['nan'],Санкт-Петербург,Отд. изд.,1,0,,['nan'],1,0,0,0,0,0,0,0,0,0,0,0,0,0,0,0,0,0,0,0,0,0,0,0,0,0,0,0,0,0,0,0,0,0,0,0,1,True
"Пазухин, Николай Михайлович",Ермак - покоритель Сибири,Исторический роман из времен Иоанна Грозного,1885,мужской,0,исторический,исторический,,,,,,0,,['легендарная историческая фигура'],Москва,Отд. изд.,1,0,,['легендарные исторические фигуры'],0,0,0,0,1,0,0,0,0,0,0,0,0,0,0,0,0,0,0,0,0,0,0,0,0,0,0,0,0,0,0,0,0,0,0,0,1,True
"Пазухин, Николай Михайлович","Князь Серебряный, или Радостный гость",Исторический роман времен Иоанна Грозного,1885,мужской,0,переработка произв. а.к. толстого,,,,,,,0,,['nan'],Москва,Отд. изд.,1,0,,['nan'],1,0,0,0,0,0,0,0,0,0,0,0,0,0,0,0,0,0,0,0,0,0,0,0,0,0,0,0,0,0,0,0,0,0,0,0,1,True
"Позняк, Дмитрий Михайлович",Дорогою ценой,Роман,1885,мужской,0,светский,светский,,,,,,0,3 лицо,"['аристократы', 'чиновники']",,Русский вестник,0,0,,"['аристократы', 'чиновники']",0,0,1,0,0,0,0,0,1,0,0,0,0,0,0,0,0,0,0,0,0,0,0,0,0,0,0,0,0,0,0,0,0,0,0,0,2,True
"Полежаев, Петр Васильевич",Царевич Алексей Петрович,Исторический роман,1885,мужской,0,исторический,исторический,исторический,биографический,политический,психологический,,0,3 лицо,['историческая фигура'],Санкт-Петербург,Отд. изд.,1,1,polezhaev_p_zarevich_aleksej_petrovich_1885.txt,['легендарные исторические фигуры'],0,0,0,0,1,0,0,0,0,0,0,0,0,0,0,0,0,0,0,0,0,0,0,0,0,0,0,0,0,0,0,0,0,0,0,0,1,True
"Прохоров-Риваль, Владимир Алексеевич",Любовь и преступление,Роман,1885,мужской,1,"криминальный, детективный",криминальный,,,,,,0,3 лицо,['nan'],,Голос Москвы,0,0,,['nan'],1,0,0,0,0,0,0,0,0,0,0,0,0,0,0,0,0,0,0,0,0,0,0,0,0,0,0,0,0,0,0,0,0,0,0,0,1,True
"Салиас, Евгений Андреевич",Атаман Устя,Поволжская быль XVIII в. (времен Пугачева),1885,мужской,1,"историческая повесть, xviii в., пугачевское восстание, поволжье",исторический,исторический,авантюрный,приключенческий,этнографический,,0,3 лицо,['nan'],Санкт-Петербург,Отд. изд.,1,1,salias-de-turnemir_e_ataman_ustya_1885.txt,['nan'],1,0,0,0,0,0,0,0,0,0,0,0,0,0,0,0,0,0,0,0,0,0,0,0,0,0,0,0,0,0,0,0,0,0,0,0,1,True
"Салиас, Евгений Андреевич",Миллион,Роман,1885,мужской,1,исторический,исторический,исторический,авантюрный,,,,0,3 лицо,['аристократия прошлого'],,Нива,0,1,salias-de-turnemir_e_million_1885.txt,['аристократы'],0,0,1,0,0,0,0,0,0,0,0,0,0,0,0,0,0,0,0,0,0,0,0,0,0,0,0,0,0,0,0,0,0,0,0,0,1,True
"Северин, Н.",Вся чужая,роман,1885,женский,1,семейная хроника,семейный,семейный,социально-психологический,бытовой,,,0,3 лицо,['дворяне'],,Русская мысль,0,1,merder_n_vsya_chuzhaya_1885.txt,['дворяне'],0,1,0,0,0,0,0,0,0,0,0,0,0,0,0,0,0,0,0,0,0,0,0,0,0,0,0,0,0,0,0,0,0,0,0,0,1,True
"Симонова, Людмила Христофоровна",Оля,Роман,1885,женский,0,"соц.-психологический, эмансипация",социальный,,,,,,0,3 лицо,['nan'],,Еженедельное обозрение,0,0,,['nan'],1,0,0,0,0,0,0,0,0,0,0,0,0,0,0,0,0,0,0,0,0,0,0,0,0,0,0,0,0,0,0,0,0,0,0,0,1,True
"Симонова, Людмила Христофоровна",Спутница,Роман Л. Симоновой,1885,женский,0,"социально-псизологический, эмансипация",социальный,,,,,,0,3 лицо,['nan'],,Живописное обозрение,0,0,,['nan'],1,0,0,0,0,0,0,0,0,0,0,0,0,0,0,0,0,0,0,0,0,0,0,0,0,0,0,0,0,0,0,0,0,0,0,0,1,True
"Соллогуб, Владимир Александрович",Через край,Роман,1885,мужской,0,"любовный, социально-психологический",любовный,,,,,,1,,['nan'],,Новь,0,0,,['nan'],1,0,0,0,0,0,0,0,0,0,0,0,0,0,0,0,0,0,0,0,0,0,0,0,0,0,0,0,0,0,0,0,0,0,0,0,1,True
"Соловьев, Всеволод Сергеевич",Изгнанник,Роман в 2 частях,1885,мужской,0,"исторический, семейная хроника",исторический,исторический,семейный,авантюрный,психологический,,0,3 лицо,"['аристократия', 'дворяне']",Санкт-Петербург,Отд. изд.,1,1,solovev_v_izgnannik_1885.txt,"['аристократы', 'дворяне']",0,1,1,0,0,0,0,0,0,0,0,0,0,0,0,0,0,0,0,0,0,0,0,0,0,0,0,0,0,0,0,0,0,0,0,0,2,True
"Фирсов, Николай Николаевич",Куда ни кинь все клин,Роман,1885,мужской,0,,,,,,,,0,3 лицо,['nan'],,Северный вестник,0,0,,['nan'],1,0,0,0,0,0,0,0,0,0,0,0,0,0,0,0,0,0,0,0,0,0,0,0,0,0,0,0,0,0,0,0,0,0,0,0,1,True
"Чмырев, Николай Андреевич",Александр Невский и Новгородская вольница,Исторический роман,1885,мужской,0,исторический роман; россия времен александра невского,исторический,исторический,биографический,политический,,,0,3 лицо,['легендарная историческая фигура'],Москва,Отд. изд.,1,1,chmyrev_n_aleksandr_nevskij_i_novgorodskaya_volniza_1885.txt,['легендарные исторические фигуры'],0,0,0,0,1,0,0,0,0,0,0,0,0,0,0,0,0,0,0,0,0,0,0,0,0,0,0,0,0,0,0,0,0,0,0,0,1,True
"Шеллер-Михайлов, Александр Константинович",Господин пророк,Роман,1885,мужской,1,роман воспитания,воспитания,роман воспитания,идеологический,сатирический,,,0,1 лицо,"['разночинцы', 'чиновники']",,Живописное обозрение,0,1,sheller-mikhajlov_a_gospodin_prorok_1885.txt,"['разночинцы', 'чиновники']",0,0,0,1,0,0,0,0,1,0,0,0,0,0,0,0,0,0,0,0,0,0,0,0,0,0,0,0,0,0,0,0,0,0,0,0,2,True
"Ясинский, Иероним Иеронимович",Добрая фея,роман,1885,мужской,0,"теория малых дел, народничество",социальный,,,,,,0,,['nan'],,Новь,0,0,,['nan'],1,0,0,0,0,0,0,0,0,0,0,0,0,0,0,0,0,0,0,0,0,0,0,0,0,0,0,0,0,0,0,0,0,0,0,0,1,True
"Беломор, А.","Крейсер ""Русская надежда""",роман,1886,мужской,1,"утопический, фантастический",утопический,,,,,,0,3 лицо,['моряки'],,Русское судоходство,0,0,,['моряки'],0,0,0,0,0,0,0,0,0,0,0,0,0,0,0,0,0,0,0,0,0,0,0,0,0,0,0,1,0,0,0,0,0,0,0,0,1,True
"Вашков, Иван Андреевич",Сила солому ломит,роман-фельетон,1886,мужской,0,сатирический,юмористический,,,,,,0,,['nan'],,Московский листок,0,0,,['nan'],1,0,0,0,0,0,0,0,0,0,0,0,0,0,0,0,0,0,0,0,0,0,0,0,0,0,0,0,0,0,0,0,0,0,0,0,1,True
"Голицын (Муравлин), Дмитрий Петрович",Мрак,роман,1886,мужской,0,социально-психологический,социальный,,,,,,0,,['nan'],Санкт-Петербург,Отд. изд.,1,0,,['nan'],1,0,0,0,0,0,0,0,0,0,0,0,0,0,0,0,0,0,0,0,0,0,0,0,0,0,0,0,0,0,0,0,0,0,0,0,1,True
"Голицын (Муравлин), Дмитрий Петрович",Хворь,петербургская история,1886,мужской,0,исторический,исторический,,,,,,0,3 лицо,"['военные', 'казаки', 'полководцы']",Санкт-Петербург,Отд. изд.,1,0,,"['военные', 'казаки']",0,0,0,0,0,1,0,0,0,0,0,0,0,0,0,0,0,0,0,0,0,1,0,0,0,0,0,0,0,0,0,0,0,0,0,0,2,True
"Головин (Орловский), Константин Федорович",Дядюшка Михаил Петрович,роман,1886,мужской,1,любовный,любовный,,,,,,0,1 лицо,['разночинцы'],,Русский вестник,0,0,,['разночинцы'],0,0,0,1,0,0,0,0,0,0,0,0,0,0,0,0,0,0,0,0,0,0,0,0,0,0,0,0,0,0,0,0,0,0,0,0,1,True
"Данилевский, Григорий Петрович",Сожженная Москва,Роман,1886,мужской,0,исторический,исторический,исторический,военный,бытовой,,,0,3 лицо,['офицеры'],,Русская мысль,0,1,danilevskij_g_sozhzhennaya_moskva_1886.txt,['военные'],0,0,0,0,0,1,0,0,0,0,0,0,0,0,0,0,0,0,0,0,0,0,0,0,0,0,0,0,0,0,0,0,0,0,0,0,1,True
"Доганович, Анна Никитична",Печальник земли русской,Историческая повесть: для школьного и семейного чтения,1886,женский,0,исторический,исторический,,,,,,0,3 лицо,"['легендарные исторические фигуры', 'духовенство']",Санкт-Петербург,Отд. изд.,1,0,,"['легендарные исторические фигуры', 'духовенство']",0,0,0,0,1,0,0,0,0,0,0,0,1,0,0,0,0,0,0,0,0,0,0,0,0,0,0,0,0,0,0,0,0,0,0,0,2,True
"Желиховская, Вера Петровна",На весенней заре,Повесть для юношества,1886,женский,0,светский,светский,,,,,,0,3 лицо,['дворяне'],Санкт-Петербург,Нива,1,0,,['дворяне'],0,1,0,0,0,0,0,0,0,0,0,0,0,0,0,0,0,0,0,0,0,0,0,0,0,0,0,0,0,0,0,0,0,0,0,0,1,True
"Зарина, Екатерина Ивановна",Разбитая жизнь (Николай Бронской),роман,1886,женский,0,социально-психологический,социальный,,,,,,0,3 лицо,['помещики'],,"Литературное приложение к ""Гражданину""",0,0,,['помещики'],0,0,0,0,0,0,0,0,0,0,0,0,0,0,0,0,1,0,0,0,0,0,0,0,0,0,0,0,0,0,0,0,0,0,0,0,1,True
"Иванов, Федор Константинович",Ценою жизни,Уголовный роман,1886,мужской,0,криминальный,криминальный,,,,,,0,,['преступники'],,Московский листок,0,0,,['криминальный мир'],0,0,0,0,0,0,0,0,0,0,1,0,0,0,0,0,0,0,0,0,0,0,0,0,0,0,0,0,0,0,0,0,0,0,0,0,1,True
"Икскуль фон Гильдебранд, Варвара Ивановна",На туманном севере,роман,1886,женский,0,мелодрама/светский,любовный,,,,,,0,3 лицо,['дворяне'],Санкт-Петербург,Северный вестник,1,0,,['дворяне'],0,1,0,0,0,0,0,0,0,0,0,0,0,0,0,0,0,0,0,0,0,0,0,0,0,0,0,0,0,0,0,0,0,0,0,0,1,True
"Ильин, Николай Дмитриевич",В новом краю,роман-хроника,1886,мужской,0,исторический/приключенческий,исторический,,,,,,0,,"['чиновники', 'разночинцы']",,Книжки Недели,0,0,,"['чиновники', 'разночинцы']",0,0,0,1,0,0,0,0,1,0,0,0,0,0,0,0,0,0,0,0,0,0,0,0,0,0,0,0,0,0,0,0,0,0,0,0,2,True
"Иогель/Йогель, Михаил Константинович",Сестры Кудеяровы,роман в 2 частях,1886,мужской,0,семейный,семейный,,,,,,0,3 лицо,['nan'],,Новости дня,0,0,,['nan'],1,0,0,0,0,0,0,0,0,0,0,0,0,0,0,0,0,0,0,0,0,0,0,0,0,0,0,0,0,0,0,0,0,0,0,0,1,True
"Каратыгин, Петр Петрович",Заколдованное зеркало,роман,1886,мужской,0,исторический,исторический,,,,,,0,,['эпоха александра i'],Санкт-Петербург,Отд. изд.,1,0,,['легендарные исторические фигуры'],0,0,0,0,1,0,0,0,0,0,0,0,0,0,0,0,0,0,0,0,0,0,0,0,0,0,0,0,0,0,0,0,0,0,0,0,1,True
"Карнович, Евгений Петрович",Смелая жизнь,роман,1886,мужской,0,"социально-психологический, бояре",социальный,,,,,,0,,['nan'],,Новь,0,0,,['nan'],1,0,0,0,0,0,0,0,0,0,0,0,0,0,0,0,0,0,0,0,0,0,0,0,0,0,0,0,0,0,0,0,0,0,0,0,1,True
"Лебедев, Николай Константинович",Сандрильона,роман,1886,мужской,0,социально-психологический,социальный,,,,,,0,3 лицо,"['забитые', 'униженные дети']",,Нива,0,0,,['другое'],0,0,0,0,0,0,0,0,0,0,0,0,0,0,0,0,0,1,0,0,0,0,0,0,0,0,0,0,0,0,0,0,0,0,0,0,1,True
"Линев, Дмитрий Александрович",Виктор Муханов,роман,1886,мужской,0,социально-психологический,социальный,,,,,,0,,['nan'],,Эпоха,0,0,,['nan'],1,0,0,0,0,0,0,0,0,0,0,0,0,0,0,0,0,0,0,0,0,0,0,0,0,0,0,0,0,0,0,0,0,0,0,0,1,True
"Лунский, Евгений (С.К.)",Князь Родановский,Роман,1886,женский,1,"бульварный роман,",,,,,,,0,,['аристократия'],,Колосья,0,0,,['аристократы'],0,0,1,0,0,0,0,0,0,0,0,0,0,0,0,0,0,0,0,0,0,0,0,0,0,0,0,0,0,0,0,0,0,0,0,0,1,True
"Мамин-Сибиряк, Дмитрий Наркисович",Бурный поток (На улице),роман,1886,мужской,1,социально-психологический,социальный,,,,,,0,3 лицо,['петербургские газетчики'],,Русская мысль,0,0,,['горожане'],0,0,0,0,0,0,0,0,0,0,0,0,0,0,0,0,0,0,1,0,0,0,0,0,0,0,0,0,0,0,0,0,0,0,0,0,1,True
"Мещерский, Владимир Петрович",Курсистка,повесть,1886,мужской,0,сатирический роман,юмористический,,,,,,0,3 лицо,['нигилисты'],Санкт-Петербург,Отд. изд.,1,0,,['революционеры'],0,0,0,0,0,0,0,0,0,0,0,1,0,0,0,0,0,0,0,0,0,0,0,0,0,0,0,0,0,0,0,0,0,0,0,0,1,True
"Мордовцев, Даниил Лукич",Авантюристы,Историческая повесть времени царствования Екатерины II,1886,мужской,0,исторический,исторический,исторический,авантюрный,приключенческий,бытовой,,0,3 лицо,"['дворяне', 'легендарные исторические фигуры']",Санкт-Петербург,Отд. изд.,1,1,mordovzev_d_avantyuristy_1886.txt,"['дворяне', 'легендарные исторические фигуры']",0,1,0,0,1,0,0,0,0,0,0,0,0,0,0,0,0,0,0,0,0,0,0,0,0,0,0,0,0,0,0,0,0,0,0,0,2,True
"Мордовцев, Даниил Лукич",Похороны,Исторический роман,1886,мужской,0,исторический,исторический,,,,,,0,3 лицо,"['военные', 'народности и этнические группы']",Санкт-Петербург,Отд. изд.,1,0,,"['военные', 'народности и этнические группы']",0,0,0,0,0,1,0,0,0,1,0,0,0,0,0,0,0,0,0,0,0,0,0,0,0,0,0,0,0,0,0,0,0,0,0,0,2,True
"Немирович-Данченко, Василий Иванович",Кулисы,роман,1886,мужской,0,"социально-психологический, актеры",социальный,,,,,,0,3 лицо,['nan'],Санкт-Петербург,Отд. изд.,1,0,,['nan'],1,0,0,0,0,0,0,0,0,0,0,0,0,0,0,0,0,0,0,0,0,0,0,0,0,0,0,0,0,0,0,0,0,0,0,0,1,True
"Немирович-Данченко, Василий Иванович",Цари биржи (Каиново племя в наши дни),роман,1886,мужской,0,социально-психологический,социальный,,,,,,0,3 лицо,['дельцы'],Санкт-Петербург,Отд. изд.,1,0,,['купцы'],0,0,0,0,0,0,0,1,0,0,0,0,0,0,0,0,0,0,0,0,0,0,0,0,0,0,0,0,0,0,0,0,0,0,0,0,1,True
"Пазухин, Николай Михайлович","Любовь и война, или грудью за Родину",историческая повесть,1886,мужской,0,исторический,исторический,,,,,,0,3 лицо,['nan'],Москва,Отд. изд.,1,0,,['nan'],1,0,0,0,0,0,0,0,0,0,0,0,0,0,0,0,0,0,0,0,0,0,0,0,0,0,0,0,0,0,0,0,0,0,0,0,1,True
"Пазухин, Николай Михайлович",Блуждающий вечный жид,роман,1886,мужской,0,переработка прикл. романа э. сю,,,,,,,0,,['nan'],Москва,Отд. изд.,1,0,,['nan'],1,0,0,0,0,0,0,0,0,0,0,0,0,0,0,0,0,0,0,0,0,0,0,0,0,0,0,0,0,0,0,0,0,0,0,0,1,True
"Позняков, Николай Иванович",Тайна,роман,1886,мужской,0,,,,,,,,0,,['nan'],Санкт-Петербург,Отд. изд.,1,0,,['nan'],1,0,0,0,0,0,0,0,0,0,0,0,0,0,0,0,0,0,0,0,0,0,0,0,0,0,0,0,0,0,0,0,0,0,0,0,1,True
"Полонский, Яков Петрович",Нечаянно,Повесть в 2-х частях,1886,мужской,0,,,,,,,,0,3 лицо,['nan'],,Отд. изд. (СС),0,0,,['nan'],1,0,0,0,0,0,0,0,0,0,0,0,0,0,0,0,0,0,0,0,0,0,0,0,0,0,0,0,0,0,0,0,0,0,0,0,1,True
"Правдин, В.",Спиритка-убийца,роман,1886,мужской,1,авантюрный,приключенческий,,,,,,0,,['криминальный мир'],Санкт-Петербург,Родина,1,0,,['криминальный мир'],0,0,0,0,0,0,0,0,0,0,1,0,0,0,0,0,0,0,0,0,0,0,0,0,0,0,0,0,0,0,0,0,0,0,0,0,1,True
"Прохоров-Риваль, Владимир Алексеевич",Отверженный,Роман,1886,мужской,1,"криминальный, детективный",криминальный,,,,,,0,3 лицо,['nan'],,Голос Москвы,0,0,,['nan'],1,0,0,0,0,0,0,0,0,0,0,0,0,0,0,0,0,0,0,0,0,0,0,0,0,0,0,0,0,0,0,0,0,0,0,0,1,True
"Прохоров-Риваль, Владимир Алексеевич",Две смерти,Повесть,1886,мужской,1,"криминальный, детективный",криминальный,,,,,,0,3 лицо,['nan'],,Новости дня,0,0,,['nan'],1,0,0,0,0,0,0,0,0,0,0,0,0,0,0,0,0,0,0,0,0,0,0,0,0,0,0,0,0,0,0,0,0,0,0,0,1,True
"Прохоров-Риваль, Владимир Алексеевич",Дочь актрисы,повесть,1886,мужской,1,"социальный, богема",социальный,,,,,,0,1 лицо,['nan'],,Театр и жизнь,0,0,,['nan'],1,0,0,0,0,0,0,0,0,0,0,0,0,0,0,0,0,0,0,0,0,0,0,0,0,0,0,0,0,0,0,0,0,0,0,0,1,True
"Прохоров-Риваль, Владимир Алексеевич",Тайны сердца,Роман,1886,мужской,1,"социальный, богема, любовный",социальный,,,,,,0,3 лицо,['актеры'],Москва,Отд. изд.,1,0,,['творческие люди'],0,0,0,0,0,0,0,0,0,0,0,0,0,1,0,0,0,0,0,0,0,0,0,0,0,0,0,0,0,0,0,0,0,0,0,0,1,True
"Салиас, Евгений Андреевич",Кудесник,Исторический роман,1886,мужской,1,исторический,исторический,исторический,авантюрный,мистический,,,0,3 лицо,['купцы'],,Нива,0,1,salias-de-turnemir_e_kudesnik_1886.txt,['купцы'],0,0,0,0,0,0,0,1,0,0,0,0,0,0,0,0,0,0,0,0,0,0,0,0,0,0,0,0,0,0,0,0,0,0,0,0,1,True
"Салиас, Евгений Андреевич",Свадебный бунт (1705 г.),Исторический роман,1886,мужской,1,исторический,исторический,исторический,авантюрный,бытовой,,,0,3 лицо,"['легендарные исторические личности', 'петр первый']",Санкт-Петербург,Исторический вестник,1,1,salias-de-turnemir_e_svadebnyj_bunt_g_1886.txt,['легендарные исторические фигуры'],0,0,0,0,1,0,0,0,0,0,0,0,0,0,0,0,0,0,0,0,0,0,0,0,0,0,0,0,0,0,0,0,0,0,0,0,1,True
"Соколов, Александр Алексеевич",Кузьма Миронов,Роман из крестьянской жизни,1886,мужской,1,"социальный,",социальный,,,,,,0,,['крестьяне'],Санкт-Петербург,Отд. изд.,1,0,,['крестьяне'],0,0,0,0,0,0,1,0,0,0,0,0,0,0,0,0,0,0,0,0,0,0,0,0,0,0,0,0,0,0,0,0,0,0,0,0,1,True
"Станюкович, Константин Михайлович",В места не столь отдаленные,роман,1886,мужской,0,детективный роман,криминальный,сатирический,социально-психологический,уголовный,,,0,3 лицо,['заключенные'],,Сибирская газета,0,1,stanyukovich_k_v_mesta_ne_stol_otdalennye_1886-1887.txt,['криминальный мир'],0,0,0,0,0,0,0,0,0,0,1,0,0,0,0,0,0,0,0,0,0,0,0,0,0,0,0,0,0,0,0,0,0,0,0,0,1,True
"Хрущев-Сокольников, Гавриил Александрович",Стенька Разин,Исторический роман,1886,мужской,0,исторический,исторический,,,,,,0,3 лицо,['легендарные исторические фигуры'],Санкт-Петербург,Отд. изд.,1,0,,['легендарные исторические фигуры'],0,0,0,0,1,0,0,0,0,0,0,0,0,0,0,0,0,0,0,0,0,0,0,0,0,0,0,0,0,0,0,0,0,0,0,0,1,True
"Хрущев-Сокольников, Гавриил Александрович",Рубцов возвратился,роман,1886,мужской,0,,,,,,,,0,,['nan'],,Свет,0,0,,['nan'],1,0,0,0,0,0,0,0,0,0,0,0,0,0,0,0,0,0,0,0,0,0,0,0,0,0,0,0,0,0,0,0,0,0,0,0,1,True
"Хрущев-Сокольников, Гавриил Александрович",Петербургские крокодилы,Роман в 4 частях с прологами,1886,мужской,0,,,,,,,,0,3 лицо,['nan'],,Свет,0,0,,['nan'],1,0,0,0,0,0,0,0,0,0,0,0,0,0,0,0,0,0,0,0,0,0,0,0,0,0,0,0,0,0,0,0,0,0,0,0,1,True
"Хрущев-Сокольников, Гавриил Александрович",Герои и предатели,русский исторический роман XVIII века.,1886,мужской,0,,,,,,,,0,3 лицо,['nan'],,Свет,0,0,,['nan'],1,0,0,0,0,0,0,0,0,0,0,0,0,0,0,0,0,0,0,0,0,0,0,0,0,0,0,0,0,0,0,0,0,0,0,0,1,True
"Хрущев-Сокольников, Гавриил Александрович",Чудо-богатырь,Исторический роман,1886,мужской,0,"исторический роман, xviii в.",исторический,,,,,,0,3 лицо,"['военные', 'легендарные исторические фигуры']",Санкт-Петербург,Отд. изд.,1,0,,"['военные', 'легендарные исторические фигуры']",0,0,0,0,1,1,0,0,0,0,0,0,0,0,0,0,0,0,0,0,0,0,0,0,0,0,0,0,0,0,0,0,0,0,0,0,2,True
"Шапир, Ольга Андреевна",Без любви,Роман,1886,женский,0,"социально-психологический, любовный",социальный,,,,,,0,3 лицо,"['чиновники', 'разночинцы']",,Вестник Европы,0,0,,"['чиновники', 'разночинцы']",0,0,0,1,0,0,0,0,1,0,0,0,0,0,0,0,0,0,0,0,0,0,0,0,0,0,0,0,0,0,0,0,0,0,0,0,2,True
"Шаховская, Людмила Дмитриевна",Молодость Цезаря Октавиана Августа,исторический роман,1886,женский,0,исторический,исторический,,,,,,0,3 лицо,['легендарные исторические фигуры'],Москва,Отд. изд.,1,0,,['легендарные исторические фигуры'],0,0,0,0,1,0,0,0,0,0,0,0,0,0,0,0,0,0,0,0,0,0,0,0,0,0,0,0,0,0,0,0,0,0,0,0,1,True
"Шаховская, Людмила Дмитриевна",Под властью Тиверия,роман,1886,женский,0,исторический,исторический,,,,,,0,3 лицо,['легендарные исторические фигуры'],Москва,Отд. изд.,1,0,,['легендарные исторические фигуры'],0,0,0,0,1,0,0,0,0,0,0,0,0,0,0,0,0,0,0,0,0,0,0,0,0,0,0,0,0,0,0,0,0,0,0,0,1,True
"Шкляревский, Александр Андреевич",Новая метла,Уголовный роман,1886,мужской,0,"уголовный, детективный",криминальный,,,,,,0,3 лицо,['аристократы'],Санкт-Петербург,Отд. изд.,1,0,,['аристократы'],0,0,1,0,0,0,0,0,0,0,0,0,0,0,0,0,0,0,0,0,0,0,0,0,0,0,0,0,0,0,0,0,0,0,0,0,1,True
"Щепкина, Александра Владимировна",На заре,Очерк из быта времен Елизаветы,1886,женский,0,исторический,исторический,,,,,,0,3 лицо,['дворяне'],Москва,Отд. изд.,1,0,,['дворяне'],0,1,0,0,0,0,0,0,0,0,0,0,0,0,0,0,0,0,0,0,0,0,0,0,0,0,0,0,0,0,0,0,0,0,0,0,1,True
"Ясинский, Иероним Иеронимович",Путеводная звезда,,1886,мужской,0,социально-психологический,социальный,,,,,,0,3 лицо,['nan'],Киев,Отд. изд.,1,0,,['nan'],1,0,0,0,0,0,0,0,0,0,0,0,0,0,0,0,0,0,0,0,0,0,0,0,0,0,0,0,0,0,0,0,0,0,0,0,1,True
"Ясинский, Иероним Иеронимович",Старый сад,,1886,мужской,0,социально-психологический,социальный,социально-психологический,бытовой,,,,0,3 лицо,"['дворяне', 'крестьяне']",Киев,Отд. изд.,1,1,yasinskij_i_staryj_sad_1886.txt,"['дворяне', 'крестьяне']",0,1,0,0,0,0,1,0,0,0,0,0,0,0,0,0,0,0,0,0,0,0,0,0,0,0,0,0,0,0,0,0,0,0,0,0,2,True
"Ясинский, Иероним Иеронимович",Иринарх Плутархов,роман,1886,мужской,0,сатирический роман-памфлет,юмористический,,,,,,0,3 лицо,['писатели. критики'],,Новь,0,0,,['творческие люди'],0,0,0,0,0,0,0,0,0,0,0,0,0,1,0,0,0,0,0,0,0,0,0,0,0,0,0,0,0,0,0,0,0,0,0,0,1,True
"Баранцевич, Казимир Станиславович",Раба,Роман,1887,мужской,0,бытописательный роман,описательный,,,,,,0,1 лицо,['чиновник'],,Дело,0,0,,['чиновники'],0,0,0,0,0,0,0,0,1,0,0,0,0,0,0,0,0,0,0,0,0,0,0,0,0,0,0,0,0,0,0,0,0,0,0,0,1,True
"Безродная, Юлия Ивановна",Минувшее,роман в духе семейной хроники,1887,женский,0,"семейный, автобиография, социально-психологический",семейный,,,,,,0,3 лицо,"['современная женщина', 'чиновники', 'поэты']",,Северный вестник,0,0,,"['женщины', 'чиновники', 'творческие люди']",0,0,0,0,0,0,0,0,1,0,0,0,0,1,0,1,0,0,0,0,0,0,0,0,0,0,0,0,0,0,0,0,0,0,0,0,3,True
"Бибиков, Виктор Иванович",Чистая любовь,роман,1887,мужской,0,натуралистический,социальный,,,,,,0,3 лицо,['дочь чиновника'],Санкт-Петербург,Отд. изд.,1,0,,['женщины'],0,0,0,0,0,0,0,0,0,0,0,0,0,0,0,1,0,0,0,0,0,0,0,0,0,0,0,0,0,0,0,0,0,0,0,0,1,True
"Боборыкин, Петр Дмитриевич",Из новых,роман,1887,мужской,0,соц.-психологический,социальный,,,,,,0,3 лицо,"['дворяне', 'интеллигенция']",Санкт-Петербург,Вестник Европы,1,0,,"['дворяне', 'разночинцы']",0,1,0,1,0,0,0,0,0,0,0,0,0,0,0,0,0,0,0,0,0,0,0,0,0,0,0,0,0,0,0,0,0,0,0,0,2,True
"Боборыкина, Софья Александровна",Своим трудом,роман,1887,женский,0,"социальный, богема",социальный,,,,,,0,,['актеры'],Санкт-Петербург,Новь,1,0,,['творческие люди'],0,0,0,0,0,0,0,0,0,0,0,0,0,1,0,0,0,0,0,0,0,0,0,0,0,0,0,0,0,0,0,0,0,0,0,0,1,True
"Вашков, Иван Андреевич",Жертва прихоти,роман-фельетон,1887,мужской,0,сатирический,юмористический,,,,,,0,,['nan'],Москва,Московский листок,1,0,,['nan'],1,0,0,0,0,0,0,0,0,0,0,0,0,0,0,0,0,0,0,0,0,0,0,0,0,0,0,0,0,0,0,0,0,0,0,0,1,True
"Голицын (Муравлин), Дмитрий Петрович",Около любви,роман,1887,мужской,0,социально-психологический,социальный,,,,,,0,,['дворяне'],Санкт-Петербург,Отд. изд.,1,0,,['дворяне'],0,1,0,0,0,0,0,0,0,0,0,0,0,0,0,0,0,0,0,0,0,0,0,0,0,0,0,0,0,0,0,0,0,0,0,0,1,True
"Головин (Орловский), Константин Федорович",Молодежь,роман,1887,мужской,1,социальнно-психологический,социальный,,,,,,0,,['nan'],Москва,Русский вестник,1,0,,['nan'],1,0,0,0,0,0,0,0,0,0,0,0,0,0,0,0,0,0,0,0,0,0,0,0,0,0,0,0,0,0,0,0,0,0,0,0,1,True
"Григорович, Дмитрий Васильевич",Петербург прошлого времени,роман,1887,мужской,0,"социально-психологический, петербург",социальный,,,,,,0,1 лицо,['горожане петербурга'],Москва,Русская мысль,1,0,,['горожане'],0,0,0,0,0,0,0,0,0,0,0,0,0,0,0,0,0,0,1,0,0,0,0,0,0,0,0,0,0,0,0,0,0,0,0,0,1,True
"Казина, Александра Никандровна",Чья вина?,роман,1887,женский,0,"семейный , социально-психологический",семейный,,,,,,0,3 лицо,['дворяне среднего достатка'],Санкт-Петербург,Северный вестник,1,0,,['дворяне'],0,1,0,0,0,0,0,0,0,0,0,0,0,0,0,0,0,0,0,0,0,0,0,0,0,0,0,0,0,0,0,0,0,0,0,0,1,True
"Кашкаров, Иван Дмитриевич",Обновленная жизнь: Посвящается русскому дворянству,Роман в 4 частях,1887,мужской,0,соц.-психологический,социальный,,,,,,0,3 лицо,"['дворяне', 'крестьяне']",Санкт-Петербург,Отд. изд.,1,0,,"['дворяне', 'крестьяне']",0,1,0,0,0,0,1,0,0,0,0,0,0,0,0,0,0,0,0,0,0,0,0,0,0,0,0,0,0,0,0,0,0,0,0,0,2,True
"Кондратьев, Иван Кузьмич",Церковная крамольница,Исторический роман в 3 ч. из эпохи старообрядческих смут,1887,мужской,0,исторический,исторический,,,,,,0,3 лицо,['старообрядцы'],Москва,Отд. изд.,1,0,,['сектанты'],0,0,0,0,0,0,0,0,0,0,0,0,0,0,0,0,0,0,0,1,0,0,0,0,0,0,0,0,0,0,0,0,0,0,0,0,1,True
"Лобковская, Софья Михайловна",Дочь священника,роман,1887,женский,0,соц.-психологический,социальный,,,,,,0,3 лицо,['женщины'],,Всемирная иллюстрация,0,0,,['женщины'],0,0,0,0,0,0,0,0,0,0,0,0,0,0,0,1,0,0,0,0,0,0,0,0,0,0,0,0,0,0,0,0,0,0,0,0,1,True
"Лунин, Виктор Алексеевич","Купленный выстрел, или Шайка отравителей",уголовный роман,1887,мужской,0,уголовный,криминальный,,,,,,0,3 лицо,['nan'],Москва,Отд. изд.,1,0,,['nan'],1,0,0,0,0,0,0,0,0,0,0,0,0,0,0,0,0,0,0,0,0,0,0,0,0,0,0,0,0,0,0,0,0,0,0,0,1,True
"Макашовский, Н.","Измена графини, или Самоубийство из мести",Уголовный роман,1887,мужской,0,,,,,,,,0,3 лицо,['nan'],Москва,Отд. изд.,1,0,,['nan'],1,0,0,0,0,0,0,0,0,0,0,0,0,0,0,0,0,0,0,0,0,0,0,0,0,0,0,0,0,0,0,0,0,0,0,0,1,True
"Мордовцев, Даниил Лукич",Кум Иван,Историческая быль,1887,мужской,0,историческая повесть,исторический,исторический,этнографический,авантюрный,,,0,3 лицо,['легендарные исторические фигуры'],,Исторический вестник,0,1,mordovzev_d_kum_ivan_1887.txt,['легендарные исторические фигуры'],0,0,0,0,1,0,0,0,0,0,0,0,0,0,0,0,0,0,0,0,0,0,0,0,0,0,0,0,0,0,0,0,0,0,0,0,1,True
"Мордовцев, Даниил Лукич",Из прошлого,Роман. 4 ч.,1887,мужской,0,исторический,исторический,,,,,,0,1 лицо,['дворяне'],Санкт-Петербург,Отд. изд.,1,0,,['дворяне'],0,1,0,0,0,0,0,0,0,0,0,0,0,0,0,0,0,0,0,0,0,0,0,0,0,0,0,0,0,0,0,0,0,0,0,0,1,True
"Окрейц, Станислав Станиславович",Преступник,Роман,1887,мужской,0,,,,,,,,0,,['nan'],Санкт-Петербург,Луч,1,0,,['nan'],1,0,0,0,0,0,0,0,0,0,0,0,0,0,0,0,0,0,0,0,0,0,0,0,0,0,0,0,0,0,0,0,0,0,0,0,1,True
"Пазухин, Николай Михайлович",Боярин Орша или Страшная месть отца,роман,1887,мужской,0,переработка произ. м.ю. лермонтова,,,,,,,0,3 лицо,['nan'],Москва,Отд. изд.,1,0,,['nan'],1,0,0,0,0,0,0,0,0,0,0,0,0,0,0,0,0,0,0,0,0,0,0,0,0,0,0,0,0,0,0,0,0,0,0,0,1,True
"Пазухин, Николай Михайлович",Князь Скопин Шуйский,роман,1887,мужской,0,исторический,исторический,,,,,,0,3 лицо,['легендарные исторические фигуры'],Москва,Отд. изд.,1,0,,['легендарные исторические фигуры'],0,0,0,0,1,0,0,0,0,0,0,0,0,0,0,0,0,0,0,0,0,0,0,0,0,0,0,0,0,0,0,0,0,0,0,0,1,True
"Пазухин, Николай Михайлович",Страшная месть,Историческая повесть из жизни южных славян,1887,мужской,0,исторический,исторический,,,,,,0,3 лицо,"['народности и этнические группы', 'южные славяне']",Москва,Отд. изд.,1,0,,['народности и этнические группы'],0,0,0,0,0,0,0,0,0,1,0,0,0,0,0,0,0,0,0,0,0,0,0,0,0,0,0,0,0,0,0,0,0,0,0,0,1,True
"Позняк, Дмитрий Михайлович",Сквозь огонь страсти,роман,1887,мужской,0,светский,светский,,,,,,0,1 лицо,['аристократы'],Москва,Русский вестник,1,0,,['аристократы'],0,0,1,0,0,0,0,0,0,0,0,0,0,0,0,0,0,0,0,0,0,0,0,0,0,0,0,0,0,0,0,0,0,0,0,0,1,True
"Прохоров-Риваль, Владимир Алексеевич",Московский полусвет,роман,1887,мужской,1,социально-психологический,социальный,,,,,,0,3 лицо,['кокотки'],,Новости дня,0,0,,['женщины'],0,0,0,0,0,0,0,0,0,0,0,0,0,0,0,1,0,0,0,0,0,0,0,0,0,0,0,0,0,0,0,0,0,0,0,0,1,True
"Прохоров-Риваль, Владимир Алексеевич",Под звон цепей,роман из жизни ссыльнокаторжных,1887,мужской,1,"любовный, криминальный",любовный,,,,,,0,3 лицо,['каторжные'],,Новости дня,0,0,,['криминальный мир'],0,0,0,0,0,0,0,0,0,0,1,0,0,0,0,0,0,0,0,0,0,0,0,0,0,0,0,0,0,0,0,0,0,0,0,0,1,True
"Салиас, Евгений Андреевич",Донские гишпанцы,Историческая повесть,1887,мужской,1,исторический,исторический,исторический,этнографический,авантюрный,военный,,0,3 лицо,"['барская конфедерация', 'польша']",Санкт-Петербург,Исторический вестник,1,1,salias-de-turnemir_e_donskie_gishpanzy_1887.txt,['легендарные исторические фигуры'],0,0,0,0,1,0,0,0,0,0,0,0,0,0,0,0,0,0,0,0,0,0,0,0,0,0,0,0,0,0,0,0,0,0,0,0,1,True
"Салиас, Евгений Андреевич",Яун-Кундзе,роман,1887,мужской,1,исторический роман,исторический,исторический,этнографический,авантюрный,,,0,3 лицо,"['дворяне', 'аристократия прошлого', 'легендарные исторические фигуры']",Москва,Нива,1,1,salias-de-turnemir_e_yaun-kundze_1887.txt,"['дворяне', 'аристократы', 'легендарные исторические фигуры']",0,1,1,0,1,0,0,0,0,0,0,0,0,0,0,0,0,0,0,0,0,0,0,0,0,0,0,0,0,0,0,0,0,0,0,0,3,True
"Северин, Н.",Брошенные,роман,1887,женский,1,иронический,юмористический,,,,,,0,3 лицо,['передовая женщина'],,Живописное обозрение,0,0,,['революционеры'],0,0,0,0,0,0,0,0,0,0,0,1,0,0,0,0,0,0,0,0,0,0,0,0,0,0,0,0,0,0,0,0,0,0,0,0,1,True
"Седельников, Николай Михайлович","Жизнь, что морская пучина",роман,1887,мужской,0,уголовный роман; авантюры,криминальный,,,,,,0,,['nan'],Москва,Отд. изд.,1,0,,['nan'],1,0,0,0,0,0,0,0,0,0,0,0,0,0,0,0,0,0,0,0,0,0,0,0,0,0,0,0,0,0,0,0,0,0,0,0,1,True
"Соколов, Александр Алексеевич",Бородино,Исторический роман,1887,мужской,1,исторический,исторический,,,,,,0,3 лицо,['nan'],Санкт-Петербург,Отд. изд.,1,0,,['nan'],1,0,0,0,0,0,0,0,0,0,0,0,0,0,0,0,0,0,0,0,0,0,0,0,0,0,0,0,0,0,0,0,0,0,0,0,1,True
"Соколов, Александр Алексеевич","По локоть в золоте, по локоть в крови",Роман в 2 ч.,1887,мужской,1,уголовный,криминальный,,,,,,0,,['nan'],Санкт-Петербург,Отд. изд.,1,0,,['nan'],1,0,0,0,0,0,0,0,0,0,0,0,0,0,0,0,0,0,0,0,0,0,0,0,0,0,0,0,0,0,0,0,0,0,0,0,1,True
"Соловьев, Всеволод Сергеевич",Последние Горбатовы,Роман семидесятых годов,1887,мужской,0,исторический,исторический,исторический,семейный,хроникальный,психологический,,0,3 лицо,['nan'],Санкт-Петербург,Отд. изд. (СС),1,1,solovev_v_poslednie_gorbatovy_1887.txt,['nan'],1,0,0,0,0,0,0,0,0,0,0,0,0,0,0,0,0,0,0,0,0,0,0,0,0,0,0,0,0,0,0,0,0,0,0,0,1,True
"Стахеев, Дмитрий Иванович",Студенты,роман,1887,мужской,0,,,,,,,,0,1 лицо,['nan'],,Новь,0,0,,['nan'],1,0,0,0,0,0,0,0,0,0,0,0,0,0,0,0,0,0,0,0,0,0,0,0,0,0,0,0,0,0,0,0,0,0,0,0,1,True
"Тур, Евгения",Дети короля Людовика XVI,,1887,женский,1,исторический,исторический,,,,,,0,3 лицо,['легендарные исторические фигуры'],Москва,Отд. изд.,1,0,,['легендарные исторические фигуры'],0,0,0,0,1,0,0,0,0,0,0,0,0,0,0,0,0,0,0,0,0,0,0,0,0,0,0,0,0,0,0,0,0,0,0,0,1,True
"Филиппов, Михаил Авраамович",Под небом Украйны,Историческая повесть,1887,мужской,0,исторический,исторический,,,,,,0,3 лицо,['nan'],Санкт-Петербург,Отд. изд.,1,0,,['nan'],1,0,0,0,0,0,0,0,0,0,0,0,0,0,0,0,0,0,0,0,0,0,0,0,0,0,0,0,0,0,0,0,0,0,0,0,1,True
"Хрущев-Сокольников, Гавриил Александрович",Пугачев,Исторический роман-хроника,1887,мужской,0,,,,,,,,0,3 лицо,['nan'],,Свет,0,0,,['nan'],1,0,0,0,0,0,0,0,0,0,0,0,0,0,0,0,0,0,0,0,0,0,0,0,0,0,0,0,0,0,0,0,0,0,0,0,1,True
"Хрущев-Сокольников, Гавриил Александрович",Робинзоны,фантастический роман,1887,мужской,0,,,,,,,,0,3 лицо,['nan'],,Звезда,0,0,,['nan'],1,0,0,0,0,0,0,0,0,0,0,0,0,0,0,0,0,0,0,0,0,0,0,0,0,0,0,0,0,0,0,0,0,0,0,0,1,True
"Шеллер-Михайлов, Александр Константинович",Алчущие,роман,1887,мужской,1,социально-психологический,социальный,социально-психологический,идеологический,нравоописательный,,,0,3 лицо,['дворяне'],,Живописное обозрение,0,1,sheller-mikhajlov_a_alchushie_1887.txt,['дворяне'],0,1,0,0,0,0,0,0,0,0,0,0,0,0,0,0,0,0,0,0,0,0,0,0,0,0,0,0,0,0,0,0,0,0,0,0,1,True
"Эвальд, Аркадий Васильевич",Из-за наследства,Уголовный роман,1887,мужской,0,детективный,криминальный,,,,,,0,3 лицо,['nan'],,Петербургский Листок,0,0,,['nan'],1,0,0,0,0,0,0,0,0,0,0,0,0,0,0,0,0,0,0,0,0,0,0,0,0,0,0,0,0,0,0,0,0,0,0,0,1,True
"Ясинский, Иероним Иеронимович",Старый друг,роман,1887,мужской,0,,,,,,,,0,,['nan'],,Вестник Европы,0,0,,['nan'],1,0,0,0,0,0,0,0,0,0,0,0,0,0,0,0,0,0,0,0,0,0,0,0,0,0,0,0,0,0,0,0,0,0,0,0,1,True
"Ясинский, Иероним Иеронимович",Великий человек,роман,1887,мужской,0,,,,,,,,0,,['nan'],,Новь,0,0,,['nan'],1,0,0,0,0,0,0,0,0,0,0,0,0,0,0,0,0,0,0,0,0,0,0,0,0,0,0,0,0,0,0,0,0,0,0,0,1,True
"Аничкова, Идалия Мечиславовна",Наташа Озерова,Роман из современных русских нравов,1888,женский,0,,,,,,,,0,,['nan'],Санкт-Петербург,Отд. изд.,1,0,,['nan'],1,0,0,0,0,0,0,0,0,0,0,0,0,0,0,0,0,0,0,0,0,0,0,0,0,0,0,0,0,0,0,0,0,0,0,0,1,True
"Анютин, М.",Наших полей ягоды,повесть,1888,мужской,1,соц.-психологический,социальный,социально-психологический,бытовой,крестьянский,,,0,3 лицо,"['дворяне', 'духовенство', 'свещенники']",,Русская мысль,0,1,remezov_m_nashikh_polej_yagody_1888.txt,"['дворяне', 'духовенство']",0,1,0,0,0,0,0,0,0,0,0,0,1,0,0,0,0,0,0,0,0,0,0,0,0,0,0,0,0,0,0,0,0,0,0,0,2,True
"Апраксин, Александр Дмитриевич",Алзаковы,роман из великосветского быта,1888,мужской,0,социально-психологический,социальный,,,,,,0,3 лицо,['аристократия прошлого'],Санкт-Петербург,Отд. изд.,1,0,,['аристократы'],0,0,1,0,0,0,0,0,0,0,0,0,0,0,0,0,0,0,0,0,0,0,0,0,0,0,0,0,0,0,0,0,0,0,0,0,1,True
"Березин, Владимир Петрович",Под чужим флагом,роман,1888,мужской,0,,,,,,,,0,,['nan'],Санкт-Петербург,Отд. изд.,1,0,,['nan'],1,0,0,0,0,0,0,0,0,0,0,0,0,0,0,0,0,0,0,0,0,0,0,0,0,0,0,0,0,0,0,0,0,0,0,0,1,True
"Вашков, Иван Андреевич",Кровь за кровь,роман,1888,мужской,0,детективный,криминальный,,,,,,0,,['nan'],Москва,Московский листок,1,0,,['nan'],1,0,0,0,0,0,0,0,0,0,0,0,0,0,0,0,0,0,0,0,0,0,0,0,0,0,0,0,0,0,0,0,0,0,0,0,1,True
"Волокос, А. (псевдоним)",За что ее убили,Роман в 2 частях,1888,мужской,1,уголовный,криминальный,,,,,,0,3 лицо,['криминальный мир'],Санкт-Петербург,Отд. изд.,1,0,,['криминальный мир'],0,0,0,0,0,0,0,0,0,0,1,0,0,0,0,0,0,0,0,0,0,0,0,0,0,0,0,0,0,0,0,0,0,0,0,0,1,True
"Вольский, А.",Жена,роман,1888,женский,1,,,,,,,,0,,['nan'],Санкт-Петербург,Отд. изд.,1,0,,['nan'],1,0,0,0,0,0,0,0,0,0,0,0,0,0,0,0,0,0,0,0,0,0,0,0,0,0,0,0,0,0,0,0,0,0,0,0,1,True
"Ге, Григорий Николаевич",Софья Малич: между старым и новым,роман в 4-х ч,1888,мужской,0,соц.-психологический,социальный,,,,,,0,3 лицо,['еврейка протагонист'],Санкт-Петербург,Отд. изд.,1,0,,['женщины'],0,0,0,0,0,0,0,0,0,0,0,0,0,0,0,1,0,0,0,0,0,0,0,0,0,0,0,0,0,0,0,0,0,0,0,0,1,True
"Данилевский, Григорий Петрович",Черный год,роман,1888,мужской,0,исторический,исторический,,,,,,0,3 лицо,['легендарные исторические фигуры'],,Русская мысль,0,0,,['легендарные исторические фигуры'],0,0,0,0,1,0,0,0,0,0,0,0,0,0,0,0,0,0,0,0,0,0,0,0,0,0,0,0,0,0,0,0,0,0,0,0,1,True
"Добров, Ф.","Владимир Красное Солнышко, или девятьсот лет назад",роман,1888,мужской,1,исторический,исторический,,,,,,0,,"['аристократия прошлого', 'легендарные исторические фигуры']",Санкт-Петербург,Отд. изд.,1,0,,"['аристократы', 'легендарные исторические фигуры']",0,0,1,0,1,0,0,0,0,0,0,0,0,0,0,0,0,0,0,0,0,0,0,0,0,0,0,0,0,0,0,0,0,0,0,0,2,True
"Добров, Ф.",Перст судьбы,роман,1888,мужской,1,социальный,социальный,,,,,,0,,['разночинцы'],Санкт-Петербург,Отд. изд.,1,0,,['разночинцы'],0,0,0,1,0,0,0,0,0,0,0,0,0,0,0,0,0,0,0,0,0,0,0,0,0,0,0,0,0,0,0,0,0,0,0,0,1,True
"Дубровина, Екатерина Оскаровна",Мертвецы-мстители,роман,1888,женский,0,"готический роман, ужасы",фантастический,,,,,,0,,['nan'],Санкт-Петербург,Отд. изд.,1,0,,['nan'],1,0,0,0,0,0,0,0,0,0,0,0,0,0,0,0,0,0,0,0,0,0,0,0,0,0,0,0,0,0,0,0,0,0,0,0,1,True
"Дубровина, Екатерина Оскаровна",Рухнувший великан,Исторический роман XV века,1888,женский,0,исторический,исторический,,,,,,0,,['nan'],,Живописное обозрение,0,0,,['nan'],1,0,0,0,0,0,0,0,0,0,0,0,0,0,0,0,0,0,0,0,0,0,0,0,0,0,0,0,0,0,0,0,0,0,0,0,1,True
"Загуляев, Михаил Андреевич",Просветлённые,роман,1888,мужской,0,исторический,исторический,,,,,,0,,['nan'],,Новое время,0,0,,['nan'],1,0,0,0,0,0,0,0,0,0,0,0,0,0,0,0,0,0,0,0,0,0,0,0,0,0,0,0,0,0,0,0,0,0,0,0,1,True
Зео,Первая жена,роман в 2-х частях,1888,женский,1,социально-психологический,социальный,,,,,,0,,['nan'],,Новорос. Телеграф,0,0,,['nan'],1,0,0,0,0,0,0,0,0,0,0,0,0,0,0,0,0,0,0,0,0,0,0,0,0,0,0,0,0,0,0,0,0,0,0,0,1,True
"Иванов, Федор Константинович",Убийство в Зарядье,роман из уголовной хроники,1888,мужской,0,"исторический, уголовный",исторический,,,,,,0,,['криминальный мир'],,Московский листок,0,0,,['криминальный мир'],0,0,0,0,0,0,0,0,0,0,1,0,0,0,0,0,0,0,0,0,0,0,0,0,0,0,0,0,0,0,0,0,0,0,0,0,1,True
"Иогель/Йогель, Михаил Константинович",Царевна Софья,роман,1888,мужской,0,исторический,исторический,,,,,,0,,['nan'],Москва,Отд. изд.,1,0,,['nan'],1,0,0,0,0,0,0,0,0,0,0,0,0,0,0,0,0,0,0,0,0,0,0,0,0,0,0,0,0,0,0,0,0,0,0,0,1,True
"Каратыгин, Петр Петрович",Дела давно минувших дней,роман,1888,мужской,0,исторический,исторический,,,,,,0,,['легендарные исторические фигуры'],Санкт-Петербург,Отд. изд.,1,0,,['легендарные исторические фигуры'],0,0,0,0,1,0,0,0,0,0,0,0,0,0,0,0,0,0,0,0,0,0,0,0,0,0,0,0,0,0,0,0,0,0,0,0,1,True
"Каренин, Владимир",Муся,роман в 2-х частях,1888,женский,1,любовный,любовный,,,,,,0,3 лицо,['дворяне'],,Вестник Европы,0,0,,['дворяне'],0,1,0,0,0,0,0,0,0,0,0,0,0,0,0,0,0,0,0,0,0,0,0,0,0,0,0,0,0,0,0,0,0,0,0,0,1,True
"Кашкаров, Иван Дмитриевич",Без вести пропавший,Роман: В 2 ч.,1888,мужской,0,соц.-психологический,социальный,,,,,,0,,"['дворяне', 'крестьяне']",Санкт-Петербург,Отд. изд.,1,0,,"['дворяне', 'крестьяне']",0,1,0,0,0,0,1,0,0,0,0,0,0,0,0,0,0,0,0,0,0,0,0,0,0,0,0,0,0,0,0,0,0,0,0,0,2,True
"Кашкаров, Иван Дмитриевич",Дворянин Сумский,Роман,1888,мужской,0,соц.-психологический,социальный,,,,,,0,,"['дворяне', 'крестьяне']",Санкт-Петербург,Отд. изд.,1,0,,"['дворяне', 'крестьяне']",0,1,0,0,0,0,1,0,0,0,0,0,0,0,0,0,0,0,0,0,0,0,0,0,0,0,0,0,0,0,0,0,0,0,0,0,2,True
"Кондратьев, Иван Кузьмич",Салтычиха,"повесть в 3 ч., с эпилогом, из уголовных хроник XVIII в.",1888,мужской,0,"исторический, соц.-психологический",исторический,исторический,социально-психологический,бытовой,уголовный,,0,3 лицо,"['дворяне', 'крестьяне']",Москва,Развлечение,1,1,kondratev_i_saltychikha_1888.txt,"['дворяне', 'крестьяне']",0,1,0,0,0,0,1,0,0,0,0,0,0,0,0,0,0,0,0,0,0,0,0,0,0,0,0,0,0,0,0,0,0,0,0,0,2,True
"Коялович, Михаил Михайлович",Неоконсерваторы,na,1888,мужской,0,исторический,исторический,,,,,,0,,['nan'],,Правда,0,0,,['nan'],1,0,0,0,0,0,0,0,0,0,0,0,0,0,0,0,0,0,0,0,0,0,0,0,0,0,0,0,0,0,0,0,0,0,0,0,1,True
"Крестовский, Всеволод Владимирович",Тьма Египетская,роман,1888,мужской,0,исторический,исторический,,,,,,0,3 лицо,"['духовенство', 'народности и этнические группы']",,Русский вестник,0,0,,"['духовенство', 'народности и этнические группы']",0,0,0,0,0,0,0,0,0,1,0,0,1,0,0,0,0,0,0,0,0,0,0,0,0,0,0,0,0,0,0,0,0,0,0,0,2,True
"Мамин-Сибиряк, Дмитрий Наркисович",Именинник,роман,1888,мужской,1,социально-психологический,социальный,социально-психологический,бытовой,,,,0,3 лицо,['дворяне'],,Наблюдатель,0,1,mamin-sibiryak_d_imeninnik_1888.txt,['дворяне'],0,1,0,0,0,0,0,0,0,0,0,0,0,0,0,0,0,0,0,0,0,0,0,0,0,0,0,0,0,0,0,0,0,0,0,0,1,True
"Мордовцев, Даниил Лукич",Поиманы ести Богом и великим государем,исторический фреск 1509-1510 гг.,1888,мужской,0,историческая повесть,исторический,,,,,,0,3 лицо,['аристократия прошлого'],Санкт-Петербург,Исторический вестник,1,0,,['аристократы'],0,0,1,0,0,0,0,0,0,0,0,0,0,0,0,0,0,0,0,0,0,0,0,0,0,0,0,0,0,0,0,0,0,0,0,0,1,True
"Назарьева, Капитолина Валериановна",Чужая вина,Роман в трех частях,1888,женский,0,,,,,,,,0,3 лицо,['nan'],,Живописное обозрение,0,0,,['nan'],1,0,0,0,0,0,0,0,0,0,0,0,0,0,0,0,0,0,0,0,0,0,0,0,0,0,0,0,0,0,0,0,0,0,0,0,1,True
"Нестеров, Сергей Маркович",Под ярмом миллионов,роман из уголовных хроник,1888,мужской,0,уголовный,криминальный,,,,,,0,,['криминальный мир'],,Новости дня,0,0,,['криминальный мир'],0,0,0,0,0,0,0,0,0,0,1,0,0,0,0,0,0,0,0,0,0,0,0,0,0,0,0,0,0,0,0,0,0,0,0,0,1,True
"Окрейц, Станислав Станиславович",В Сибири,уголовный роман С.С. Окрейца,1888,мужской,0,уголовный,криминальный,,,,,,0,3 лицо,['криминальный мир'],Санкт-Петербург,Отд. изд.,1,0,,['криминальный мир'],0,0,0,0,0,0,0,0,0,0,1,0,0,0,0,0,0,0,0,0,0,0,0,0,0,0,0,0,0,0,0,0,0,0,0,0,1,True
"Пазухин, Николай Михайлович",Атаман Кирша: Повесть из времен XVI века,роман,1888,мужской,0,исторический,исторический,,,,,,0,,['nan'],Москва,Отд. изд.,1,0,,['nan'],1,0,0,0,0,0,0,0,0,0,0,0,0,0,0,0,0,0,0,0,0,0,0,0,0,0,0,0,0,0,0,0,0,0,0,0,1,True
"Пазухин, Николай Михайлович",Купец Иголкин и его подвиг,роман,1888,мужской,0,исторический,исторический,,,,,,0,,['nan'],Москва,Отд. изд.,1,0,,['nan'],1,0,0,0,0,0,0,0,0,0,0,0,0,0,0,0,0,0,0,0,0,0,0,0,0,0,0,0,0,0,0,0,0,0,0,0,1,True
"Полевой, Петр Николаевич",Братья-соперники,роман,1888,мужской,0,исторический,исторический,,,,,,0,3 лицо,['аристократия прошлого'],,Нива,0,0,,['аристократы'],0,0,1,0,0,0,0,0,0,0,0,0,0,0,0,0,0,0,0,0,0,0,0,0,0,0,0,0,0,0,0,0,0,0,0,0,1,True
"Пономарев, Иван Николаевич",Жертвы адвоката,роман в 2 частях,1888,мужской,0,авантюрный,приключенческий,,,,,,0,,['nan'],,Петербургский листок,0,0,,['nan'],1,0,0,0,0,0,0,0,0,0,0,0,0,0,0,0,0,0,0,0,0,0,0,0,0,0,0,0,0,0,0,0,0,0,0,0,1,True
"Пономарев, Иван Николаевич",Живой товар: (Из бердичевских тайн),роман в 3 частях,1888,мужской,0,уголовный,криминальный,,,,,,0,,['криминальный мир'],,Луч,0,0,,['криминальный мир'],0,0,0,0,0,0,0,0,0,0,1,0,0,0,0,0,0,0,0,0,0,0,0,0,0,0,0,0,0,0,0,0,0,0,0,0,1,True
"Прохоров-Риваль, Владимир Алексеевич",В пороховом дыму,роман,1888,мужской,1,социальный,социальный,,,,,,0,,['театральная и художественная богема'],,Новости дня,0,0,,['творческие люди'],0,0,0,0,0,0,0,0,0,0,0,0,0,1,0,0,0,0,0,0,0,0,0,0,0,0,0,0,0,0,0,0,0,0,0,0,1,True
"Прохоров-Риваль, Владимир Алексеевич",В погоню за счастьем,Роман,1888,мужской,1,авантюрный,приключенческий,,,,,,0,3 лицо,['nan'],,Новости дня,0,0,,['nan'],1,0,0,0,0,0,0,0,0,0,0,0,0,0,0,0,0,0,0,0,0,0,0,0,0,0,0,0,0,0,0,0,0,0,0,0,1,True
"Салиас, Евгений Андреевич",Аракчеевский сынок,роман,1888,мужской,1,исторический,исторический,исторический,биографический,политический,авантюрный,,0,3 лицо,['военные'],Санкт-Петербург,Исторический вестник,1,1,salias-de-turnemir_e_arakcheevskij_synok_1888.txt,['военные'],0,0,0,0,0,1,0,0,0,0,0,0,0,0,0,0,0,0,0,0,0,0,0,0,0,0,0,0,0,0,0,0,0,0,0,0,1,True
"Салиас, Евгений Андреевич",Бригадирская внучка,московская быль,1888,мужской,1,исторический,исторический,исторический,авантюрный,любовный,,,0,3 лицо,"['дворяне', 'военные']",Москва,Нива,1,1,salias-de-turnemir_e_brigardirskaya_vnuchka_1888.txt,"['дворяне', 'военные']",0,1,0,0,0,1,0,0,0,0,0,0,0,0,0,0,0,0,0,0,0,0,0,0,0,0,0,0,0,0,0,0,0,0,0,0,2,True
"Салиас, Евгений Андреевич",Камер-юнгфера,повесть,1888,мужской,1,историческая повесть,исторический,исторический,бытовой,любовный,,,0,3 лицо,['военные'],Санкт-Петербург,Отд. изд.,1,1,salias-de-turnemir_e_kamer-yungfera_1888.txt,['военные'],0,0,0,0,0,1,0,0,0,0,0,0,0,0,0,0,0,0,0,0,0,0,0,0,0,0,0,0,0,0,0,0,0,0,0,0,1,True
"Соколов, Александр Алексеевич",Белый генерал,роман,1888,мужской,1,исторический,исторический,,,,,,0,,['nan'],Санкт-Петербург,Отд. изд.,1,0,,['nan'],1,0,0,0,0,0,0,0,0,0,0,0,0,0,0,0,0,0,0,0,0,0,0,0,0,0,0,0,0,0,0,0,0,0,0,0,1,True
"Соколов, Александр Алексеевич",За честь и свободу,роман в 2 частях,1888,мужской,1,исторический,исторический,,,,,,0,,['nan'],Санкт-Петербург,Отд. изд.,1,0,,['nan'],1,0,0,0,0,0,0,0,0,0,0,0,0,0,0,0,0,0,0,0,0,0,0,0,0,0,0,0,0,0,0,0,0,0,0,0,1,True
"Соколов, Александр Алексеевич",Зиновий Богдан Хмельницкий — освободитель Малороссии,Исторический роман в 2 частях,1888,мужской,1,исторический,исторический,,,,,,0,,['nan'],Санкт-Петербург,Отд. изд.,1,0,,['nan'],1,0,0,0,0,0,0,0,0,0,0,0,0,0,0,0,0,0,0,0,0,0,0,0,0,0,0,0,0,0,0,0,0,0,0,0,1,True
"Соколов, Александр Алексеевич",Курсистка,роман в 3 частях,1888,мужской,1,социальный,социальный,,,,,,0,,['nan'],Санкт-Петербург,Отд. изд.,1,0,,['nan'],1,0,0,0,0,0,0,0,0,0,0,0,0,0,0,0,0,0,0,0,0,0,0,0,0,0,0,0,0,0,0,0,0,0,0,0,1,True
"Соколов, Александр Алексеевич",Устинья Федоровна (Устя) — атаман волжских головорезов,роман,1888,мужской,1,исторический,исторический,,,,,,0,,"['аристократия прошлого', 'легендарные исторические фигуры']",Санкт-Петербург,Отд. изд.,1,0,,"['аристократы', 'легендарные исторические фигуры']",0,0,1,0,1,0,0,0,0,0,0,0,0,0,0,0,0,0,0,0,0,0,0,0,0,0,0,0,0,0,0,0,0,0,0,0,2,True
"Хлопов, Николай Афанасьевич",Над бездной,роман,1888,мужской,0,детективный,криминальный,,,,,,0,,['nan'],,Новости дня,0,0,,['nan'],1,0,0,0,0,0,0,0,0,0,0,0,0,0,0,0,0,0,0,0,0,0,0,0,0,0,0,0,0,0,0,0,0,0,0,0,1,True
"Хрущев-Сокольников, Гавриил Александрович",Провинция,Роман,1888,мужской,0,социально-бытовой,социальный,,,,,,0,3 лицо,['дворяне'],Санкт-Петербург,Отд. изд.,1,0,,['дворяне'],0,1,0,0,0,0,0,0,0,0,0,0,0,0,0,0,0,0,0,0,0,0,0,0,0,0,0,0,0,0,0,0,0,0,0,0,1,True
"Хрущев-Сокольников, Гавриил Александрович",Месть и золото,роман из уголовной хроники,1888,мужской,0,,,,,,,,0,3 лицо,['nan'],,Свет,0,0,,['nan'],1,0,0,0,0,0,0,0,0,0,0,0,0,0,0,0,0,0,0,0,0,0,0,0,0,0,0,0,0,0,0,0,0,0,0,0,1,True
"Цеханович, Александр Николаевич",Новая сила,Роман А. Цехановича,1888,мужской,0,,,,,,,,0,3 лицо,['nan'],,Минута,0,0,,['nan'],1,0,0,0,0,0,0,0,0,0,0,0,0,0,0,0,0,0,0,0,0,0,0,0,0,0,0,0,0,0,0,0,0,0,0,0,1,True
"Шеллер-Михайлов, Александр Константинович",Отщепенец,роман,1888,мужской,1,,,социально-психологический,идеологический,нравоописательный,,,0,3 лицо,['nan'],,Живописное обозрение,0,1,sheller-mikhajlov_a_otshepenez_1888.txt,['nan'],1,0,0,0,0,0,0,0,0,0,0,0,0,0,0,0,0,0,0,0,0,0,0,0,0,0,0,0,0,0,0,0,0,0,0,0,1,True
"Ясинский, Иероним Иеронимович",Вечный праздник,роман,1888,мужской,0,,,,,,,,0,,['nan'],Санкт-Петербург,Отд. изд.,1,0,,['nan'],1,0,0,0,0,0,0,0,0,0,0,0,0,0,0,0,0,0,0,0,0,0,0,0,0,0,0,0,0,0,0,0,0,0,0,0,1,True
"Апраксин, Александр Дмитриевич",Праздные люди,роман,1889,мужской,0,семейная хроника,семейный,,,,,,0,3 лицо,['дворяне'],Санкт-Петербург,Отд. изд.,1,0,,['дворяне'],0,1,0,0,0,0,0,0,0,0,0,0,0,0,0,0,0,0,0,0,0,0,0,0,0,0,0,0,0,0,0,0,0,0,0,0,1,True
"Апраксин, Александр Дмитриевич",Каин и Авель,роман,1889,мужской,0,светский,светский,,,,,,0,3 лицо,['аристократия'],Санкт-Петербург,Отд. изд.,1,0,,['аристократы'],0,0,1,0,0,0,0,0,0,0,0,0,0,0,0,0,0,0,0,0,0,0,0,0,0,0,0,0,0,0,0,0,0,0,0,0,1,True
"Беломор, А.",Роковая война 18?? года,фантастический роман,1889,мужской,1,фантастический,фантастический,,,,,,0,,['военные'],Санкт-Петербург,Отд. изд.,1,0,,['военные'],0,0,0,0,0,1,0,0,0,0,0,0,0,0,0,0,0,0,0,0,0,0,0,0,0,0,0,0,0,0,0,0,0,0,0,0,1,True
"Бибиков, Виктор Иванович",Моя мать,"роман, ""Из семейной хроники Гартманова""",1889,мужской,0,,,,,,,,0,,['nan'],,Новь,0,0,,['nan'],1,0,0,0,0,0,0,0,0,0,0,0,0,0,0,0,0,0,0,0,0,0,0,0,0,0,0,0,0,0,0,0,0,0,0,0,1,True
"Вашков, Иван Андреевич",Безродная,роман-фельетон,1889,мужской,0,сатирический,юмористический,,,,,,0,,['nan'],Москва,Московский листок,1,0,,['nan'],1,0,0,0,0,0,0,0,0,0,0,0,0,0,0,0,0,0,0,0,0,0,0,0,0,0,0,0,0,0,0,0,0,0,0,0,1,True
"Вашков, Иван Андреевич",В пылу сражений,роман-фельетон,1889,мужской,0,сатирический,юмористический,,,,,,0,,['nan'],Москва,Московский листок,1,0,,['nan'],1,0,0,0,0,0,0,0,0,0,0,0,0,0,0,0,0,0,0,0,0,0,0,0,0,0,0,0,0,0,0,0,0,0,0,0,1,True
"Голицын (Муравлин), Дмитрий Петрович",Рубли,роман,1889,мужской,0,социально-психологический,социальный,,,,,,0,,['nan'],Санкт-Петербург,Отд. изд.,1,0,,['nan'],1,0,0,0,0,0,0,0,0,0,0,0,0,0,0,0,0,0,0,0,0,0,0,0,0,0,0,0,0,0,0,0,0,0,0,0,1,True
Зео,Три соперницы,роман в 2-х частях,1889,женский,1,социально-психологический,социальный,,,,,,0,,['nan'],Одесса,Новорос. Телеграф,1,0,,['nan'],1,0,0,0,0,0,0,0,0,0,0,0,0,0,0,0,0,0,0,0,0,0,0,0,0,0,0,0,0,0,0,0,0,0,0,0,1,True
"Иванов, Федор Константинович",Среди погибших,Рассказ из уголовной хроники,1889,мужской,0,,,,,,,,0,3 лицо,['nan'],,Московский листок,0,0,,['nan'],1,0,0,0,0,0,0,0,0,0,0,0,0,0,0,0,0,0,0,0,0,0,0,0,0,0,0,0,0,0,0,0,0,0,0,0,1,True
"Иванов, Федор Константинович",Темное дело,Рассказ. (Из уголовной хроники),1889,мужской,0,,,,,,,,0,3 лицо,['nan'],,Московский листок,0,0,,['nan'],1,0,0,0,0,0,0,0,0,0,0,0,0,0,0,0,0,0,0,0,0,0,0,0,0,0,0,0,0,0,0,0,0,0,0,0,1,True
"Иноземцева, Анна Андреевна",Отчего она переменила убеждения,из путевых заметок,1889,женский,0,,,,,,,,0,,['nan'],Санкт-Петербург,Родина,1,0,,['nan'],1,0,0,0,0,0,0,0,0,0,0,0,0,0,0,0,0,0,0,0,0,0,0,0,0,0,0,0,0,0,0,0,0,0,0,0,1,True
"Крестовский, Всеволод Владимирович",Тамара Бендавид,роман,1889,мужской,0,"социально-психологичский, исторический",социальный,социально-психологический,исторический,идеологический,,,0,3 лицо,['народности и этнические группы'],,Русский вестник,0,1,krestovskij_v_tamara_bendavid_1889.txt,['народности и этнические группы'],0,0,0,0,0,0,0,0,0,1,0,0,0,0,0,0,0,0,0,0,0,0,0,0,0,0,0,0,0,0,0,0,0,0,0,0,1,True
"Мордовцев, Даниил Лукич",Профессор Ратмиров,роман-быль,1889,мужской,0,социально-психологический,социальный,,,,,,0,,['nan'],,Книжки Недели,0,0,,['nan'],1,0,0,0,0,0,0,0,0,0,0,0,0,0,0,0,0,0,0,0,0,0,0,0,0,0,0,0,0,0,0,0,0,0,0,0,1,True
"Нагродская, Евдокия Аполлоновна",Черное дело,,1889,женский,0,уголовный,криминальный,,,,,,0,3 лицо,['nan'],Санкт-Петербург,Свет,1,0,,['nan'],1,0,0,0,0,0,0,0,0,0,0,0,0,0,0,0,0,0,0,0,0,0,0,0,0,0,0,0,0,0,0,0,0,0,0,0,1,True
"Нагродская, Евдокия Аполлоновна",Мертвая петля,роман,1889,женский,0,"уголовный, детективный",криминальный,,,,,,0,,"['духовенство', 'священники']",Санкт-Петербург,Свет,1,0,,['духовенство'],0,0,0,0,0,0,0,0,0,0,0,0,1,0,0,0,0,0,0,0,0,0,0,0,0,0,0,0,0,0,0,0,0,0,0,0,1,True
"Назарьева, Капитолина Валериановна","Брак, каких мало",Роман,1889,женский,0,семейная хроника,семейный,,,,,,0,3 лицо,['nan'],,Живописное обозрение,0,0,,['nan'],1,0,0,0,0,0,0,0,0,0,0,0,0,0,0,0,0,0,0,0,0,0,0,0,0,0,0,0,0,0,0,0,0,0,0,0,1,True
"Назарьева, Капитолина Валериановна",В тисках,роман,1889,женский,0,,,,,,,,0,,['nan'],Санкт-Петербург,Отд. изд.,1,0,,['nan'],1,0,0,0,0,0,0,0,0,0,0,0,0,0,0,0,0,0,0,0,0,0,0,0,0,0,0,0,0,0,0,0,0,0,0,0,1,True
"Немирович-Данченко, Василий Иванович",Исповедь женщины,роман в 3-х частях,1889,мужской,0,социально-психологический,социальный,,,,,,0,1 лицо,['дворяне'],Санкт-Петербург,Отд. изд.,1,0,,['дворяне'],0,1,0,0,0,0,0,0,0,0,0,0,0,0,0,0,0,0,0,0,0,0,0,0,0,0,0,0,0,0,0,0,0,0,0,0,1,True
"Немирович-Данченко, Василий Иванович",Семья богатырей,роман в 3-х частях,1889,мужской,0,социально-психологический,социальный,социально-психологический,семейный,бытовой,,,0,3 лицо,['дворяне'],Санкт-Петербург,Отд. изд.,1,1,nemirovich-danchenko_v_semya_bogatyrej_1889.txt,['дворяне'],0,1,0,0,0,0,0,0,0,0,0,0,0,0,0,0,0,0,0,0,0,0,0,0,0,0,0,0,0,0,0,0,0,0,0,0,1,True
"Николаев, Н.",Рабы вражды,Роман из времен польских заговоров и мятежа 1863 г.,1889,мужской,0,исторический,исторический,,,,,,0,,['nan'],Санкт-Петербург,Отд. изд.,1,0,,['nan'],1,0,0,0,0,0,0,0,0,0,0,0,0,0,0,0,0,0,0,0,0,0,0,0,0,0,0,0,0,0,0,0,0,0,0,0,1,True
"Пазухин, Николай Михайлович",Всадник без головы,Роман в 2 частях,1889,мужской,0,авантюрный,приключенческий,,,,,,0,,['nan'],Москва,Отд. изд.,1,0,,['nan'],1,0,0,0,0,0,0,0,0,0,0,0,0,0,0,0,0,0,0,0,0,0,0,0,0,0,0,0,0,0,0,0,0,0,0,0,1,True
"Пономарев, Иван Николаевич",Еврейская баронесса,роман,1889,мужской,0,уголовный,криминальный,,,,,,0,,['nan'],,Луч,0,0,,['nan'],1,0,0,0,0,0,0,0,0,0,0,0,0,0,0,0,0,0,0,0,0,0,0,0,0,0,0,0,0,0,0,0,0,0,0,0,1,True
"Пономарев, Иван Николаевич",Миллионер-преступник,уголовный роман,1889,мужской,0,уголовный,криминальный,,,,,,0,,['криминальный мир'],Санкт-Петербург,Родина,1,0,,['криминальный мир'],0,0,0,0,0,0,0,0,0,0,1,0,0,0,0,0,0,0,0,0,0,0,0,0,0,0,0,0,0,0,0,0,0,0,0,0,1,True
"Прохоров-Риваль, Владимир Алексеевич",В предсмертный час,Роман В.А. Риваля,1889,мужской,1,авантюрный,приключенческий,,,,,,0,3 лицо,['nan'],Москва,Развлечение,1,0,,['nan'],1,0,0,0,0,0,0,0,0,0,0,0,0,0,0,0,0,0,0,0,0,0,0,0,0,0,0,0,0,0,0,0,0,0,0,0,1,True
"Прохоров-Риваль, Владимир Алексеевич",Жертва чести,Роман,1889,мужской,1,авантюрный,приключенческий,,,,,,0,3 лицо,['nan'],,Новости дня,0,0,,['nan'],1,0,0,0,0,0,0,0,0,0,0,0,0,0,0,0,0,0,0,0,0,0,0,0,0,0,0,0,0,0,0,0,0,0,0,0,1,True
"Прохоров-Риваль, Владимир Алексеевич",За сто тысяч,Роман,1889,мужской,1,"уголовный, детективный",криминальный,,,,,,0,3 лицо,['криминальный мир'],,Новости дня,0,0,,['криминальный мир'],0,0,0,0,0,0,0,0,0,0,1,0,0,0,0,0,0,0,0,0,0,0,0,0,0,0,0,0,0,0,0,0,0,0,0,0,1,True
"Салиас, Евгений Андреевич",Аракчеевский подкидыш,роман,1889,мужской,1,исторический,исторический,исторический,авантюрный,политический,психологический,,0,3 лицо,['военные'],,Исторический вестник,0,1,salias-de-turnemir_e_arakcheevskij_podkidysh_1889.txt,['военные'],0,0,0,0,0,1,0,0,0,0,0,0,0,0,0,0,0,0,0,0,0,0,0,0,0,0,0,0,0,0,0,0,0,0,0,0,1,True
"Салиас, Евгений Андреевич",Барыни-крестьянки,роман в 2-х частях,1889,мужской,1,исторический,исторический,исторический,бытовой,,,,0,3 лицо,"['дворяне', 'крестьяне']",,Нива,0,1,salias-de-turnemir_e_baryni-krestyanki_1889.txt,"['дворяне', 'крестьяне']",0,1,0,0,0,0,1,0,0,0,0,0,0,0,0,0,0,0,0,0,0,0,0,0,0,0,0,0,0,0,0,0,0,0,0,0,2,True
"Соколов, Александр Алексеевич","Кровью, огнем и железом",роман,1889,мужской,1,исторический,исторический,,,,,,0,,['nan'],Санкт-Петербург,Отд. изд.,1,0,,['nan'],1,0,0,0,0,0,0,0,0,0,0,0,0,0,0,0,0,0,0,0,0,0,0,0,0,0,0,0,0,0,0,0,0,0,0,0,1,True
"Соколов, Александр Алексеевич",Старые и новые коммерсанты,роман в 3-х частях,1889,мужской,1,,,,,,,,0,,['nan'],Санкт-Петербург,Отд. изд.,1,0,,['nan'],1,0,0,0,0,0,0,0,0,0,0,0,0,0,0,0,0,0,0,0,0,0,0,0,0,0,0,0,0,0,0,0,0,0,0,0,1,True
"Соколова, Александра Ивановна",Примадонна,Роман,1889,женский,0,,,,,,,,0,3 лицо,['nan'],,Петербургский листок,0,0,,['nan'],1,0,0,0,0,0,0,0,0,0,0,0,0,0,0,0,0,0,0,0,0,0,0,0,0,0,0,0,0,0,0,0,0,0,0,0,1,True
"Соколова, Александра Ивановна",Золотая пыль,оригинальный роман из столичной жизни,1889,женский,0,,,,,,,,0,,['nan'],,Луч,0,0,,['nan'],1,0,0,0,0,0,0,0,0,0,0,0,0,0,0,0,0,0,0,0,0,0,0,0,0,0,0,0,0,0,0,0,0,0,0,0,1,True
"Таранский, Г.",Золотое сердце,роман,1889,мужской,1,социально-психологический,социальный,,,,,,0,3 лицо,['разночиинцы'],Санкт-Петербург,Отд. изд.,1,0,,['разночинцы'],0,0,0,1,0,0,0,0,0,0,0,0,0,0,0,0,0,0,0,0,0,0,0,0,0,0,0,0,0,0,0,0,0,0,0,0,1,True
"Филиппов, Михаил Михайлович",Осажденный Севастополь,исторический роман,1889,мужской,0,исторический,исторический,исторический,военный,,,,0,3 лицо,['дворяне'],Санкт-Петербург,Отд. изд.,1,1,filippov_m_osazhdennyj_sevastopol_1889.txt,['дворяне'],0,1,0,0,0,0,0,0,0,0,0,0,0,0,0,0,0,0,0,0,0,0,0,0,0,0,0,0,0,0,0,0,0,0,0,0,1,True
"Филиппов, Михаил Михайлович",Патриарх Никон,исторический роман,1889,мужской,0,исторический,исторический,исторический,биографический,религиозный,политический,,0,3 лицо,"['духовенство', 'священники']",Санкт-Петербург,Отд. изд.,1,1,filippov_m_patriarkh_nikon_1889.txt,['духовенство'],0,0,0,0,0,0,0,0,0,0,0,0,1,0,0,0,0,0,0,0,0,0,0,0,0,0,0,0,0,0,0,0,0,0,0,0,1,True
"Хованский, М. А.",Невестка Петра Великого (царевна Шарлотта),исторический роман,1889,мужской,0,исторический,исторический,,,,,,0,3 лицо,['аристократия прошлого'],Санкт-Петербург,Отд. изд.,1,0,,['аристократы'],0,0,1,0,0,0,0,0,0,0,0,0,0,0,0,0,0,0,0,0,0,0,0,0,0,0,0,0,0,0,0,0,0,0,0,0,1,True
"Хрущев-Сокольников, Гавриил Александрович",Фараоны,большой роман из уголовной хроники,1889,мужской,0,уголовный,криминальный,,,,,,0,,['nan'],Санкт-Петербург,Свет,1,0,,['nan'],1,0,0,0,0,0,0,0,0,0,0,0,0,0,0,0,0,0,0,0,0,0,0,0,0,0,0,0,0,0,0,0,0,0,0,0,1,True
"Хрущев-Сокольников, Гавриил Александрович",Грюнвальдский бой (Славяне и немцы),роман-хроника в 2-х частях,1889,мужской,0,исторический,исторический,исторический,военный,этнографический,,,0,3 лицо,['аристократия прошлого'],Санкт-Петербург,Отд. изд.,1,1,khrushov-sokolnikov_g_gryunvaldskij_boj_slavyane_i_nemzy_1889.txt,['аристократы'],0,0,1,0,0,0,0,0,0,0,0,0,0,0,0,0,0,0,0,0,0,0,0,0,0,0,0,0,0,0,0,0,0,0,0,0,1,True
"Хрущев-Сокольников, Гавриил Александрович",Гордиев узел,Роман из уголовной хроники Г.А. Хрущова-Сокольникова,1889,мужской,0,,,,,,,,0,3 лицо,['nan'],,Звезда,0,0,,['nan'],1,0,0,0,0,0,0,0,0,0,0,0,0,0,0,0,0,0,0,0,0,0,0,0,0,0,0,0,0,0,0,0,0,0,0,0,1,True
"Цеханович, Александр Николаевич",Звезда балета,Роман,1889,мужской,0,,,,,,,,0,3 лицо,['nan'],,Минута,0,0,,['nan'],1,0,0,0,0,0,0,0,0,0,0,0,0,0,0,0,0,0,0,0,0,0,0,0,0,0,0,0,0,0,0,0,0,0,0,0,1,True
"Шаховская, Людмила Дмитриевна",Нерон,исторический роман,1889,женский,0,исторический,исторический,,,,,,0,,['nan'],Москва,Отд. изд.,1,0,,['nan'],1,0,0,0,0,0,0,0,0,0,0,0,0,0,0,0,0,0,0,0,0,0,0,0,0,0,0,0,0,0,0,0,0,0,0,0,1,True
"Шеллер-Михайлов, Александр Константинович",Из-за власти,роман-хроника,1889,мужской,1,исторический,исторический,,,,,,0,,['nan'],,Живописное обозрение,0,0,,['nan'],1,0,0,0,0,0,0,0,0,0,0,0,0,0,0,0,0,0,0,0,0,0,0,0,0,0,0,0,0,0,0,0,0,0,0,0,1,True
"Шеллер-Михайлов, Александр Константинович",Победители,роман,1889,мужской,1,любовный,любовный,любовный,социально-психологический,бытовой,,,0,3 лицо,['чиновники'],,Северный вестник,0,1,sheller-mikhajlov_a_pobediteli_1889.txt,['чиновники'],0,0,0,0,0,0,0,0,1,0,0,0,0,0,0,0,0,0,0,0,0,0,0,0,0,0,0,0,0,0,0,0,0,0,0,0,1,True
"Эртель, Александр Иванович","Гарденины, их дворня, приверженцы и враги",роман,1889,мужской,0,социально-психологический,социальный,социально-психологический,бытовой,семейный,хроникальный,,0,3 лицо,"['дворяне', 'крестьяне']",,Русская мысль,0,1,ertel_a_gardeniny_ikh_dvornya_priverzhenzy_i_vragi_1889.txt,"['дворяне', 'крестьяне']",0,1,0,0,0,0,1,0,0,0,0,0,0,0,0,0,0,0,0,0,0,0,0,0,0,0,0,0,0,0,0,0,0,0,0,0,2,True
"Ясинский, Иероним Иеронимович",Свет погас,роман,1889,мужской,0,,,,,,,,0,,['nan'],Самара,Наблюдатель,1,0,,['nan'],1,0,0,0,0,0,0,0,0,0,0,0,0,0,0,0,0,0,0,0,0,0,0,0,0,0,0,0,0,0,0,0,0,0,0,0,1,True
"Ясинский, Иероним Иеронимович",Трагики,роман,1889,мужской,0,,,,,,,,0,,['разночинцы'],Санкт-Петербург,Отд. изд.,1,0,,['разночинцы'],0,0,0,1,0,0,0,0,0,0,0,0,0,0,0,0,0,0,0,0,0,0,0,0,0,0,0,0,0,0,0,0,0,0,0,0,1,True
"Авенариус, Василий Петрович",Три венца,Историческая повесть из времен первого самозванца,1890,мужской,0,исторический роман,исторический,,,,,,0,3 лицо,['лжедмитрий i'],,Неделя,0,0,,['легендарные исторические фигуры'],0,0,0,0,1,0,0,0,0,0,0,0,0,0,0,0,0,0,0,0,0,0,0,0,0,0,0,0,0,0,0,0,0,0,0,0,1,True
"Александров, Виктор",Медуза,роман из уголовной хроники,1890,мужской,0,уголовный,криминальный,,,,,,0,3 лицо,['дворяне'],Санкт-Петербург,Отд. изд.,1,0,,['дворяне'],0,1,0,0,0,0,0,0,0,0,0,0,0,0,0,0,0,0,0,0,0,0,0,0,0,0,0,0,0,0,0,0,0,0,0,0,1,True
"Амфитеатров, Александр Валентинович",Людмила Верховская,роман,1890,мужской,0,авантюрный,приключенческий,,,,,,0,3 лицо,['дворяне'],Москва,Отд. изд.,1,0,,['дворяне'],0,1,0,0,0,0,0,0,0,0,0,0,0,0,0,0,0,0,0,0,0,0,0,0,0,0,0,0,0,0,0,0,0,0,0,0,1,True
"Ахшарумов, Николай Дмитриевич",Блудный сын,Исповедь,1890,мужской,0,социально-психологический,социальный,,,,,,0,1 лицо,['nan'],,Русское обозрение,0,0,,['nan'],1,0,0,0,0,0,0,0,0,0,0,0,0,0,0,0,0,0,0,0,0,0,0,0,0,0,0,0,0,0,0,0,0,0,0,0,1,True
"Беломор, А.",Черноморский флот в ???? году,роман,1890,мужской,1,утопический,утопический,,,,,,0,,['военные'],,Русское судоходство,0,0,,['военные'],0,0,0,0,0,1,0,0,0,0,0,0,0,0,0,0,0,0,0,0,0,0,0,0,0,0,0,0,0,0,0,0,0,0,0,0,1,True
"Бибиков, Виктор Иванович",Друзья-приятели,роман,1890,мужской,0,социально-психологический,социальный,,,,,,0,1 лицо,['nan'],Санкт-Петербург,Живописное обозрение,1,0,,['nan'],1,0,0,0,0,0,0,0,0,0,0,0,0,0,0,0,0,0,0,0,0,0,0,0,0,0,0,0,0,0,0,0,0,0,0,0,1,True
"Боборыкин, Петр Дмитриевич",На ущербе,роман,1890,мужской,0,социально-психологический,социальный,,,,,,0,3 лицо,['роман о нигилистах'],,Вестник Европы,0,0,,['революционеры'],0,0,0,0,0,0,0,0,0,0,0,1,0,0,0,0,0,0,0,0,0,0,0,0,0,0,0,0,0,0,0,0,0,0,0,0,1,True
"Вашков, Иван Андреевич",Среди зла и преступлений,роман-фельетон,1890,мужской,0,сатирический,юмористический,,,,,,0,,['nan'],,Московский листок,0,0,,['nan'],1,0,0,0,0,0,0,0,0,0,0,0,0,0,0,0,0,0,0,0,0,0,0,0,0,0,0,0,0,0,0,0,0,0,0,0,1,True
"Вашков, Иван Андреевич",Роковой выстрел,(Разсказ),1890,мужской,0,,,,,,,,0,3 лицо,['nan'],,Московский листок,0,0,,['nan'],1,0,0,0,0,0,0,0,0,0,0,0,0,0,0,0,0,0,0,0,0,0,0,0,0,0,0,0,0,0,0,0,0,0,0,0,1,True
"Волконский, Михаил Николаевич",Семья Колениных,Роман,1890,мужской,0,социально-психологический,социальный,,,,,,0,3 лицо,['nan'],,Русское обозрение,0,0,,['nan'],1,0,0,0,0,0,0,0,0,0,0,0,0,0,0,0,0,0,0,0,0,0,0,0,0,0,0,0,0,0,0,0,0,0,0,0,1,True
"Вольский, А.",Мертвая хватка,роман,1890,женский,1,,,,,,,,0,,['nan'],Санкт-Петербург,Отд. изд.,1,0,,['nan'],1,0,0,0,0,0,0,0,0,0,0,0,0,0,0,0,0,0,0,0,0,0,0,0,0,0,0,0,0,0,0,0,0,0,0,0,1,True
"Голохвастов, К.К.","Одомар, или Литовский волк",историческая повесть,1890,мужской,0,исторический,исторический,,,,,,0,,['nan'],Санкт-Петербург,Отд. изд.,1,0,,['nan'],1,0,0,0,0,0,0,0,0,0,0,0,0,0,0,0,0,0,0,0,0,0,0,0,0,0,0,0,0,0,0,0,0,0,0,0,1,True
"Дмитриев, К.","Не в силе Бог, а в правде",исторический роман из времен Иоанна III,1890,мужской,0,исторический,исторический,исторический,религиозный,идеологический,,,0,3 лицо,['аристократия прошлого'],Санкт-Петербург,Отд. изд.,1,1,dmitriev_k_ne_v_sile_bog_a_v_pravde_1890.txt,['аристократы'],0,0,1,0,0,0,0,0,0,0,0,0,0,0,0,0,0,0,0,0,0,0,0,0,0,0,0,0,0,0,0,0,0,0,0,0,1,True
"Дубровина, Екатерина Оскаровна",Опальный,исторический роман в 2-х частях,1890,женский,0,исторический,исторический,,,,,,0,,['nan'],Санкт-Петербург,Отд. изд.,1,0,,['nan'],1,0,0,0,0,0,0,0,0,0,0,0,0,0,0,0,0,0,0,0,0,0,0,0,0,0,0,0,0,0,0,0,0,0,0,0,1,True
"Желиховская, Вера Петровна",Княжна Цхени,роман из кавказской жизни,1890,женский,0,авантюрный,приключенческий,,,,,,0,3 лицо,['народности и этнические группы'],Санкт-Петербург,Досуг и дело,1,0,,['народности и этнические группы'],0,0,0,0,0,0,0,0,0,1,0,0,0,0,0,0,0,0,0,0,0,0,0,0,0,0,0,0,0,0,0,0,0,0,0,0,1,True
"Желиховская, Вера Петровна",Ложь,современная быль,1890,женский,0,социально-психологический,социальный,,,,,,0,3 лицо,['дворяне'],Санкт-Петербург,Русское обозрение,1,0,,['дворяне'],0,1,0,0,0,0,0,0,0,0,0,0,0,0,0,0,0,0,0,0,0,0,0,0,0,0,0,0,0,0,0,0,0,0,0,0,1,True
"Лесков, Николай Семенович",Чертовы куклы,роман,1890,мужской,0,политический,социальный,политический,социально-психологический,сатирический,,,1,3 лицо,"['интеллигенция', 'художник', 'высшее общество']",,Русская мысль,0,1,leskov_n_chertovy_kukly_1890.txt,"['разночинцы', 'творческие люди', 'горожане']",0,0,0,1,0,0,0,0,0,0,0,0,0,1,0,0,0,0,1,0,0,0,0,0,0,0,0,0,0,0,0,0,0,0,0,0,3,True
"Лунский, Евгений",За грехи отца,оригинальный роман Евгения Лунского,1890,женский,1,любовный,любовный,,,,,,0,3 лицо,['аристократия'],Киев,Колосья,1,0,,['аристократы'],0,0,1,0,0,0,0,0,0,0,0,0,0,0,0,0,0,0,0,0,0,0,0,0,0,0,0,0,0,0,0,0,0,0,0,0,1,True
"Мамин-Сибиряк, Дмитрий Наркисович",Три конца,Уральская летопись,1890,мужской,1,"политический, социально-психологический",социальный,,,,,,0,3 лицо,['рабочие'],,Русская мысль,0,0,,['рабочие'],0,0,0,0,0,0,0,0,0,0,0,0,0,0,1,0,0,0,0,0,0,0,0,0,0,0,0,0,0,0,0,0,0,0,0,0,1,True
"Мещерский, Владимир Петрович",Один из наших Мольтке,этюд,1890,мужской,0,,,,,,,,0,,['nan'],Санкт-Петербург,Отд. изд.,1,0,,['nan'],1,0,0,0,0,0,0,0,0,0,0,0,0,0,0,0,0,0,0,0,0,0,0,0,0,0,0,0,0,0,0,0,0,0,0,0,1,True
"Нагродская, Евдокия Аполлоновна",Петербургские тайны,,1890,женский,0,уголовный,криминальный,,,,,,0,3 лицо,['nan'],,Свет,0,0,,['nan'],1,0,0,0,0,0,0,0,0,0,0,0,0,0,0,0,0,0,0,0,0,0,0,0,0,0,0,0,0,0,0,0,0,0,0,0,1,True
"Назарьева, Капитолина Валериановна",Развенчанная королева,роман из современной сербской придворной жизни в 2-х частях,1890,женский,0,,,,,,,,0,,['nan'],Санкт-Петербург,Отд. изд.,1,0,,['nan'],1,0,0,0,0,0,0,0,0,0,0,0,0,0,0,0,0,0,0,0,0,0,0,0,0,0,0,0,0,0,0,0,0,0,0,0,1,True
"Назарьева, Капитолина Валериановна",Рыцарь тьмы,роман,1890,женский,0,уголовный,криминальный,,,,,,0,,['nan'],Санкт-Петербург,Отд. изд.,1,0,,['nan'],1,0,0,0,0,0,0,0,0,0,0,0,0,0,0,0,0,0,0,0,0,0,0,0,0,0,0,0,0,0,0,0,0,0,0,0,1,True
"Назарьева, Капитолина Валериановна",Чертово гнездо,роман в 2 частях,1890,женский,0,,,,,,,,0,,['nan'],Санкт-Петербург,Отд. изд.,1,0,,['nan'],1,0,0,0,0,0,0,0,0,0,0,0,0,0,0,0,0,0,0,0,0,0,0,0,0,0,0,0,0,0,0,0,0,0,0,0,1,True
"Николаева, Е.",От плахи к почести,исторический роман из эпохи завоевания Сибири в 3-х частях,1890,женский,0,исторический,исторический,,,,,,0,,['военные'],Санкт-Петербург,Луч,1,0,,['военные'],0,0,0,0,0,1,0,0,0,0,0,0,0,0,0,0,0,0,0,0,0,0,0,0,0,0,0,0,0,0,0,0,0,0,0,0,1,True
"Окрейц, Станислав Станиславович",Крах (Таинственный иностранец),Роман в 2 ч.,1890,мужской,0,,,,,,,,0,,['nan'],Санкт-Петербург,Отд. изд.,1,0,,['nan'],1,0,0,0,0,0,0,0,0,0,0,0,0,0,0,0,0,0,0,0,0,0,0,0,0,0,0,0,0,0,0,0,0,0,0,0,1,True
"Пономарев, Иван Николаевич",Атаман-мститель,оригинальный роман в 2-х частях,1890,мужской,0,авантюрный,приключенческий,,,,,,0,,['военные'],Санкт-Петербург,Отд. изд.,1,0,,['военные'],0,0,0,0,0,1,0,0,0,0,0,0,0,0,0,0,0,0,0,0,0,0,0,0,0,0,0,0,0,0,0,0,0,0,0,0,1,True
"Пономарев, Иван Николаевич",Петербургские тузы,Роман,1890,мужской,0,уголовный,криминальный,,,,,,0,3 лицо,['nan'],,Петербургский листок,0,0,,['nan'],1,0,0,0,0,0,0,0,0,0,0,0,0,0,0,0,0,0,0,0,0,0,0,0,0,0,0,0,0,0,0,0,0,0,0,0,1,True
"Пономарев, Иван Николаевич",Тайны болгар­ского двора,Роман в трех частях,1890,мужской,0,авантюрно-приключенческий,приключенческий,,,,,,0,3 лицо,['nan'],Санкт-Петербург,Отд. изд.,1,0,,['nan'],1,0,0,0,0,0,0,0,0,0,0,0,0,0,0,0,0,0,0,0,0,0,0,0,0,0,0,0,0,0,0,0,0,0,0,0,1,True
"Попов, Николай Ардалионович",Русский гарибальдиец и дочь бандита,роман из недавнего прошлого,1890,мужской,0,исторический,исторический,,,,,,0,,['nan'],Санкт-Петербург,Отд. изд.,1,0,,['nan'],1,0,0,0,0,0,0,0,0,0,0,0,0,0,0,0,0,0,0,0,0,0,0,0,0,0,0,0,0,0,0,0,0,0,0,0,1,True
"Потапенко, Игнатий Николаевич",Здравые понятия,роман,1890,мужской,0,социально-психологический,социальный,социально-психологический,идеологический,бытовой,,,0,3 лицо,['дворяне'],,Северный вестник,0,1,potapenko_i_zdravye_ponyatiya_1890.txt,['дворяне'],0,1,0,0,0,0,0,0,0,0,0,0,0,0,0,0,0,0,0,0,0,0,0,0,0,0,0,0,0,0,0,0,0,0,0,0,1,True
"Прохоров-Риваль, Владимир Алексеевич",Жертвы страсти,Роман,1890,мужской,1,авантюрный,приключенческий,,,,,,0,3 лицо,['криминальный мир'],,Русский листок,0,0,,['криминальный мир'],0,0,0,0,0,0,0,0,0,0,1,0,0,0,0,0,0,0,0,0,0,0,0,0,0,0,0,0,0,0,0,0,0,0,0,0,1,True
"Салиас, Евгений Андреевич",Заира,роман,1890,мужской,1,исторический,исторический,исторический,любовный,авантюрный,,,0,3 лицо,['дворяне'],,Русское обозрение,0,1,salias-de-turnemir_e_zaira_1890.txt,['дворяне'],0,1,0,0,0,0,0,0,0,0,0,0,0,0,0,0,0,0,0,0,0,0,0,0,0,0,0,0,0,0,0,0,0,0,0,0,1,True
"Салиас, Евгений Андреевич",Пан Круль,исторический роман в 2-х частях,1890,мужской,1,исторический,исторический,исторический,авантюрный,этнографический,,,0,3 лицо,['аристократия прошлого'],,Нива,0,1,salias-de-turnemir_e_pan_krul_1890.txt,['аристократы'],0,0,1,0,0,0,0,0,0,0,0,0,0,0,0,0,0,0,0,0,0,0,0,0,0,0,0,0,0,0,0,0,0,0,0,0,1,True
"Соколова, Александра Ивановна",Без воли,,1890,женский,0,любовный,любовный,,,,,,0,3 лицо,['дворяне'],,Петербургский листок,0,0,,['дворяне'],0,1,0,0,0,0,0,0,0,0,0,0,0,0,0,0,0,0,0,0,0,0,0,0,0,0,0,0,0,0,0,0,0,0,0,0,1,True
"Соколова, Александра Ивановна",Без следа,уголовный роман,1890,женский,0,уголовный,криминальный,,,,,,0,,['nan'],Санкт-Петербург,Отд. изд.,1,0,,['nan'],1,0,0,0,0,0,0,0,0,0,0,0,0,0,0,0,0,0,0,0,0,0,0,0,0,0,0,0,0,0,0,0,0,0,0,0,1,True
"Соколова, Александра Ивановна",Каменное сердце,Роман,1890,женский,0,,,,,,,,0,1 лицо,['nan'],,Петербургский листок,0,0,,['nan'],1,0,0,0,0,0,0,0,0,0,0,0,0,0,0,0,0,0,0,0,0,0,0,0,0,0,0,0,0,0,0,0,0,0,0,0,1,True
"Соколова, Александра Ивановна",Из-за могилы,роман,1890,женский,0,,,,,,,,0,,['nan'],,Петербургский листок,0,0,,['nan'],1,0,0,0,0,0,0,0,0,0,0,0,0,0,0,0,0,0,0,0,0,0,0,0,0,0,0,0,0,0,0,0,0,0,0,0,1,True
"Соколова, Александра Ивановна",На смену былому,оригинальный роман,1890,женский,0,,,,,,,,0,,['nan'],Санкт-Петербург,Отд. изд.,1,0,,['nan'],1,0,0,0,0,0,0,0,0,0,0,0,0,0,0,0,0,0,0,0,0,0,0,0,0,0,0,0,0,0,0,0,0,0,0,0,1,True
"Толстой, Г.А.",Обитель святого Иосифа,роман из средневековой монастырской жизни,1890,мужской,1,исторический,исторический,,,,,,0,,"['духовенство', 'священники']",Санкт-Петербург,Отд. изд.,1,0,,['духовенство'],0,0,0,0,0,0,0,0,0,0,0,0,1,0,0,0,0,0,0,0,0,0,0,0,0,0,0,0,0,0,0,0,0,0,0,0,1,True
"Цеханович, Александр Николаевич",Драма в стенах больницы,Роман-хроника,1890,мужской,0,,,,,,,,0,,['nan'],Санкт-Петербург,Отд. изд.,1,0,,['nan'],1,0,0,0,0,0,0,0,0,0,0,0,0,0,0,0,0,0,0,0,0,0,0,0,0,0,0,0,0,0,0,0,0,0,0,0,1,True
"Шаховская, Людмила Дмитриевна",Весталка,Исторический роман,1890,женский,0,исторический,исторический,,,,,,0,,['nan'],Москва,Отд. изд.,1,0,,['nan'],1,0,0,0,0,0,0,0,0,0,0,0,0,0,0,0,0,0,0,0,0,0,0,0,0,0,0,0,0,0,0,0,0,0,0,0,1,True
"Шеллер-Михайлов, Александр Константинович",Дворец и монастырь,исторический роман-хроника времен Великого князя Василия Ивановича и царя Иоанна Грозного,1890,мужской,1,исторический,исторический,исторический,религиозный,политический,,,0,3 лицо,['аристократия прошлого'],,Живописное обозрение,0,1,sheller-mikhajlov_a_dvorez_i_monastyr_1890.txt,['аристократы'],0,0,1,0,0,0,0,0,0,0,0,0,0,0,0,0,0,0,0,0,0,0,0,0,0,0,0,0,0,0,0,0,0,0,0,0,1,True
"Шеллер-Михайлов, Александр Константинович",Ртищев,роман в 3-х частях,1890,мужской,1,исторический,исторический,исторический,биографический,авантюрный,,,0,3 лицо,['эмигранты'],,Северный вестник,0,1,sheller-mikhajlov_a_rtishev_1890.txt,['эмигранты'],0,0,0,0,0,0,0,0,0,0,0,0,0,0,0,0,0,0,0,0,0,0,0,0,0,0,0,0,1,0,0,0,0,0,0,0,1,True
"Шилов, В.",Лобановщина,роман,1890,женский,1,семейная хроника,семейный,,,,,,0,,['крестьяне'],,Вестник Европы,0,0,,['крестьяне'],0,0,0,0,0,0,1,0,0,0,0,0,0,0,0,0,0,0,0,0,0,0,0,0,0,0,0,0,0,0,0,0,0,0,0,0,1,True
"Ясинский, Иероним Иеронимович",Клад,роман,1890,мужской,0,,,,,,,,0,,['nan'],,Нива,0,0,,['nan'],1,0,0,0,0,0,0,0,0,0,0,0,0,0,0,0,0,0,0,0,0,0,0,0,0,0,0,0,0,0,0,0,0,0,0,0,1,True
"Ясинский, Иероним Иеронимович",На заре жизни,роман,1890,мужской,0,,,,,,,,0,,['nan'],,Живописное обозрение,0,0,,['nan'],1,0,0,0,0,0,0,0,0,0,0,0,0,0,0,0,0,0,0,0,0,0,0,0,0,0,0,0,0,0,0,0,0,0,0,0,1,True
"Апраксин, Александр Дмитриевич",На волоске,роман,1891,мужской,0,светский,светский,,,,,,0,3 лицо,['аристократия'],Санкт-Петербург,Отд. изд.,1,0,,['аристократы'],0,0,1,0,0,0,0,0,0,0,0,0,0,0,0,0,0,0,0,0,0,0,0,0,0,0,0,0,0,0,0,0,0,0,0,0,1,True
"Бажин, Николай Федотович",Клад,роман,1891,мужской,0,социальный роман,социальный,,,,,,0,,['интеллигенция'],,Наблюдатель,0,0,,['разночинцы'],0,0,0,1,0,0,0,0,0,0,0,0,0,0,0,0,0,0,0,0,0,0,0,0,0,0,0,0,0,0,0,0,0,0,0,0,1,True
"Валуев, Петр Александрович",Княжна Татьяна,роман,1891,мужской,0,светский,светский,,,,,,0,3 лицо,['аристократы'],,Русский вестник,0,0,,['аристократы'],0,0,1,0,0,0,0,0,0,0,0,0,0,0,0,0,0,0,0,0,0,0,0,0,0,0,0,0,0,0,0,0,0,0,0,0,1,True
"Вашков, Иван Андреевич",Кровавая месть,роман-фельетон,1891,мужской,0,сатирический,юмористический,,,,,,0,,['nan'],,Московский листок,0,0,,['nan'],1,0,0,0,0,0,0,0,0,0,0,0,0,0,0,0,0,0,0,0,0,0,0,0,0,0,0,0,0,0,0,0,0,0,0,0,1,True
"Волконский, Михаил Николаевич",Князь Никита Федорович,Исторический роман в трех частях,1891,мужской,0,историко-авантюрный роман,исторический,исторический,авантюрный,приключенческий,политический,,0,3 лицо,['бироновщица'],,"Ежемесячные литературные приложения к журналу ""Нива""",0,1,volkonskij_m_knyaz_nikita_federovich_1891.txt,['женщины'],0,0,0,0,0,0,0,0,0,0,0,0,0,0,0,1,0,0,0,0,0,0,0,0,0,0,0,0,0,0,0,0,0,0,0,0,1,True
"Волконский, Михаил Николаевич",Мальтийская цепь,Исторический роман Кн. М.Н. Волконского,1891,мужской,0,"историко-авантюрный роман, неофициальная история",исторический,исторический,авантюрный,приключенческий,политический,,0,3 лицо,['nan'],,"Ежемесячные литературные приложения к журналу ""Нива""",0,1,volkonskij_m_maltijskaya_zep_1891.txt,['nan'],1,0,0,0,0,0,0,0,0,0,0,0,0,0,0,0,0,0,0,0,0,0,0,0,0,0,0,0,0,0,0,0,0,0,0,0,1,True
"Гейнце, Николай Эдуардович",Малюта Скуратов,Исторический роман в 2-х частях,1891,мужской,0,исторический,исторический,исторический,биографический,авантюрный,политический,,0,3 лицо,['аристократы'],Санкт-Петербург,Отд. изд.,1,1,gejnze_n_malyuta_skuratov_1891.txt,['аристократы'],0,0,1,0,0,0,0,0,0,0,0,0,0,0,0,0,0,0,0,0,0,0,0,0,0,0,0,0,0,0,0,0,0,0,0,0,1,True
"Голубев, Александр Александрович",Бродячая вольница,Хроница-роман первой половины XVIII ст. в 2 томах,1891,мужской,0,"исторический роман, xviii в.",исторический,,,,,,0,,['nan'],Москва,Отд. изд.,1,0,,['nan'],1,0,0,0,0,0,0,0,0,0,0,0,0,0,0,0,0,0,0,0,0,0,0,0,0,0,0,0,0,0,0,0,0,0,0,0,1,True
"Дубровина, Екатерина Оскаровна",Заслуженная кара,Исторический роман времен Аракчеева,1891,женский,0,исторический роман,исторический,,,,,,0,3 лицо,"['графы', 'князья', 'аристократия']",Санкт-Петербург,Отд. изд.,1,0,,"['графы', 'князья', 'аристократы']",0,0,1,0,0,0,0,0,0,0,0,0,0,0,0,0,0,0,0,0,0,0,0,0,0,1,0,0,0,0,0,0,1,0,0,0,3,True
"Иванов, Федор Константинович",Золотое дело,(Разсказ),1891,мужской,0,,,,,,,,0,3 лицо,['nan'],,Московский листок,0,0,,['nan'],1,0,0,0,0,0,0,0,0,0,0,0,0,0,0,0,0,0,0,0,0,0,0,0,0,0,0,0,0,0,0,0,0,0,0,0,1,True
"Иогель/Йогель, Михаил Константинович",В старом доме,Повесть М.К. Иогеля,1891,мужской,0,социально-психологический/философский,социальный,,,,,,0,,['nan'],Москва,Отд. изд.,1,0,,['nan'],1,0,0,0,0,0,0,0,0,0,0,0,0,0,0,0,0,0,0,0,0,0,0,0,0,0,0,0,0,0,0,0,0,0,0,0,1,True
"Каразин, Николай Николаевич",Наль,роман в 3-х частях,1891,мужской,0,,,,,,,,0,3 лицо,['народности'],Санкт-Петербург,Нива,1,0,,['народности и этнические группы'],0,0,0,0,0,0,0,0,0,1,0,0,0,0,0,0,0,0,0,0,0,0,0,0,0,0,0,0,0,0,0,0,0,0,0,0,1,True
"Кафтырев, Семен Никанорович","Похищенный клад, или Потерянное счастье",Бытовой русский роман в 3-х частях,1891,мужской,0,соц.-психологический,социальный,,,,,,0,,['купцы'],Москва,Отд. изд.,1,0,,['купцы'],0,0,0,0,0,0,0,1,0,0,0,0,0,0,0,0,0,0,0,0,0,0,0,0,0,0,0,0,0,0,0,0,0,0,0,0,1,True
"Крестовская, Мария Всеволодовна",Артистка,Роман,1891,женский,0,"соц. психологичский, исторический",социальный,,,,,,0,3 лицо,"['разночинцы', 'интеллигенция']",,Вестник Европы,0,0,,['разночинцы'],0,0,0,1,0,0,0,0,0,0,0,0,0,0,0,0,0,0,0,0,0,0,0,0,0,0,0,0,0,0,0,0,0,0,0,0,1,True
"Крестовский, Всеволод Владимирович",Торжество Ваала,Роман,1891,мужской,0,исторический роман,исторический,исторический,политический,идеологический,,,0,3 лицо,['nan'],,Русский вестник,0,1,krestovskij_v_torzhestvo_vaala_1891.txt,['nan'],1,0,0,0,0,0,0,0,0,0,0,0,0,0,0,0,0,0,0,0,0,0,0,0,0,0,0,0,0,0,0,0,0,0,0,0,1,True
"Круглов, Александр Васильевич",Свои — чужие,роман,1891,мужской,0,"социально-психологический, мещане, мелкие чиновники",социальный,,,,,,0,,['nan'],,Наблюдатель,0,0,,['nan'],1,0,0,0,0,0,0,0,0,0,0,0,0,0,0,0,0,0,0,0,0,0,0,0,0,0,0,0,0,0,0,0,0,0,0,0,1,True
"Марков, Евгений Львович",Разбойница Орлиха,"роман в 3-х частях, из местных преданийXVIII в.",1891,мужской,0,исторический,исторический,,,,,,0,3 лицо,['nan'],,Русское обозрение,0,0,,['nan'],1,0,0,0,0,0,0,0,0,0,0,0,0,0,0,0,0,0,0,0,0,0,0,0,0,0,0,0,0,0,0,0,0,0,0,0,1,True
"Маслов, Николай Дмитриевич",Изъяны воли,роман в 3-х частях,1891,мужской,0,,,,,,,,0,3 лицо,['чиновник'],,"Ежемесячные литературные приложения к журналу ""Нива""",0,0,,['чиновники'],0,0,0,0,0,0,0,0,1,0,0,0,0,0,0,0,0,0,0,0,0,0,0,0,0,0,0,0,0,0,0,0,0,0,0,0,1,True
"Мердер (Северин), Надежда Ивановна",Фамильная хроника Воротынцевых,,1891,женский,1,историко-нравственный роман,исторический,исторический,семейный,хроникальный,нравоописательный,,0,3 лицо,"['дворяне', 'крестьяне']",,Исторический вестник,0,1,merder_n_familnaya_khronika_vorotynzevykh_1891.txt,"['дворяне', 'крестьяне']",0,1,0,0,0,0,1,0,0,0,0,0,0,0,0,0,0,0,0,0,0,0,0,0,0,0,0,0,0,0,0,0,0,0,0,0,2,True
"Мещерский, Владимир Петрович",Святоши большого света,этюд,1891,мужской,0,сатирический роман,юмористический,,,,,,0,,['nan'],Санкт-Петербург,Отд. изд.,1,0,,['nan'],1,0,0,0,0,0,0,0,0,0,0,0,0,0,0,0,0,0,0,0,0,0,0,0,0,0,0,0,0,0,0,0,0,0,0,0,1,True
"Михневич, Владимир Осипович",Москвичка,роман-фельетон из петербургских нравов,1891,мужской,0,социально-психологический,социальный,,,,,,0,3 лицо,['интеллигенция'],Санкт-Петербург,Отд. изд.,1,0,,['разночинцы'],0,0,0,1,0,0,0,0,0,0,0,0,0,0,0,0,0,0,0,0,0,0,0,0,0,0,0,0,0,0,0,0,0,0,0,0,1,True
"Мордовцев, Даниил Лукич",Замурованная царица,роман из жизни древнего Египта,1891,мужской,0,исторический,исторический,исторический,авантюрный,,,,0,3 лицо,['царица'],Санкт-Петербург,Отд. изд.,1,1,mordovzev_d_zamurovannaya_zariza_1891.txt,['легендарные исторические фигуры'],0,0,0,0,1,0,0,0,0,0,0,0,0,0,0,0,0,0,0,0,0,0,0,0,0,0,0,0,0,0,0,0,0,0,0,0,1,True
"Мордовцев, Даниил Лукич",Царь без царства,роман из истории последних дней царства Имеретинского,1891,мужской,0,исторический,исторический,,,,,,0,3 лицо,['царь'],Санкт-Петербург,Отд. изд.,1,0,,['легендарные исторические фигуры'],0,0,0,0,1,0,0,0,0,0,0,0,0,0,0,0,0,0,0,0,0,0,0,0,0,0,0,0,0,0,0,0,0,0,0,0,1,True
"Немирович-Данченко, Василий Иванович",На литературных хлебах,,1891,мужской,0,"социально-психологический, журналисты",социальный,,,,,,0,,['nan'],Москва,Отд. изд.,1,0,,['nan'],1,0,0,0,0,0,0,0,0,0,0,0,0,0,0,0,0,0,0,0,0,0,0,0,0,0,0,0,0,0,0,0,0,0,0,0,1,True
"Окрейц, Станислав Станиславович",Кто виноват?,роман в 2-х частях,1891,мужской,0,,,,,,,,0,,['nan'],Санкт-Петербург,Отд. изд.,1,0,,['nan'],1,0,0,0,0,0,0,0,0,0,0,0,0,0,0,0,0,0,0,0,0,0,0,0,0,0,0,0,0,0,0,0,0,0,0,0,1,True
"Пазухин, Алексей Михайлович",Ополченная Россия,исторический роман в 3-х частях,1891,мужской,0,"политический, любовный, исторический",социальный,,,,,,0,3 лицо,['военные'],Москва,Отд. изд.,1,0,,['военные'],0,0,0,0,0,1,0,0,0,0,0,0,0,0,0,0,0,0,0,0,0,0,0,0,0,0,0,0,0,0,0,0,0,0,0,0,1,True
"Полевой, Петр Николаевич",Корень зла,историческая повесть,1891,мужской,0,"исторический, правление годунова",исторический,,,,,,0,3 лицо,"['царская семья', 'бояре']",Санкт-Петербург,Нива,1,0,,"['легендарные исторические фигуры', 'бояре']",0,0,0,0,1,0,0,0,0,0,0,0,0,0,0,0,0,0,0,0,0,0,1,0,0,0,0,0,0,0,0,0,0,0,0,0,2,True
"Полевой, Петр Николаевич",Тальянская чертовка,историческая повесть,1891,мужской,0,исторический,исторический,,,,,,0,3 лицо,['князья'],,Исторический вестник,0,0,,['князья'],0,0,0,0,0,0,0,0,0,0,0,0,0,0,0,0,0,0,0,0,0,0,0,0,0,1,0,0,0,0,0,0,0,0,0,0,1,True
"Пономарев, Иван Николаевич",Столичные коршуны,Роман И. Н. Пономарева в 3-х частях,1891,мужской,0,,,,,,,,0,3 лицо,['nan'],,Петербургская газета,0,0,,['nan'],1,0,0,0,0,0,0,0,0,0,0,0,0,0,0,0,0,0,0,0,0,0,0,0,0,0,0,0,0,0,0,0,0,0,0,0,1,True
"Прохоров-Риваль, Владимир Алексеевич",Из времен русско-турецкой войны 1877-1878,роман,1891,мужской,1,исторический,исторический,,,,,,0,,['nan'],,Развлечение,0,0,,['nan'],1,0,0,0,0,0,0,0,0,0,0,0,0,0,0,0,0,0,0,0,0,0,0,0,0,0,0,0,0,0,0,0,0,0,0,0,1,True
"Ракшанин, Николай Осипович",Счастье,Роман,1891,мужской,1,любовно-приключенческий,любовный,,,,,,0,,"['дворяне', 'крестьяне']",,Новости дня,0,0,,"['дворяне', 'крестьяне']",0,1,0,0,0,0,1,0,0,0,0,0,0,0,0,0,0,0,0,0,0,0,0,0,0,0,0,0,0,0,0,0,0,0,0,0,2,True
"Рыскин, Сергей Федорович",Андрей Шутов,роман,1891,мужской,0,социально-психологический,социальный,,,,,,0,,['раскольники'],,Русский листок,0,0,,['сектанты'],0,0,0,0,0,0,0,0,0,0,0,0,0,0,0,0,0,0,0,1,0,0,0,0,0,0,0,0,0,0,0,0,0,0,0,0,1,True
"Рыскин, Сергей Федорович",Похождение лже-архиерея Савватия,современный очерк,1891,мужской,0,социально-психологический,социальный,,,,,,0,3 лицо,['раскольники'],,Русский листок,0,0,,['сектанты'],0,0,0,0,0,0,0,0,0,0,0,0,0,0,0,0,0,0,0,1,0,0,0,0,0,0,0,0,0,0,0,0,0,0,0,0,1,True
"Салиас, Евгений Андреевич",Граф Тятин-Балтийский,Историческая повесть XVIII века,1891,мужской,1,"историческая повесть, xviii в.",исторический,,,,,,0,,['nan'],Москва,Отд. изд. (СС),1,0,,['nan'],1,0,0,0,0,0,0,0,0,0,0,0,0,0,0,0,0,0,0,0,0,0,0,0,0,0,0,0,0,0,0,0,0,0,0,0,1,True
"Салиас, Евгений Андреевич",Былые гусары,повесть,1891,мужской,1,семейный,семейный,семейный,исторический,бытовой,нравоописательный,любовный,0,3 лицо,['военные'],,Русское обозрение,0,1,salias-de-turnemir_e_bylye_gusary_1891.txt,['военные'],0,0,0,0,0,1,0,0,0,0,0,0,0,0,0,0,0,0,0,0,0,0,0,0,0,0,0,0,0,0,0,0,0,0,0,0,1,True
"Салиас, Евгений Андреевич",Ведунья,Исторический роман в 2 частях,1891,мужской,1,"исторический роман, xviii в.",исторический,исторический,мистический,этнографический,фольклорный,,0,3 лицо,['nan'],Москва,Отд. изд. (СС),1,1,salias-de-turnemir_e_vedunya_1891.txt,['nan'],1,0,0,0,0,0,0,0,0,0,0,0,0,0,0,0,0,0,0,0,0,0,0,0,0,0,0,0,0,0,0,0,0,0,0,0,1,True
"Салиас, Евгений Андреевич",Филозоф,историческая повесть,1891,мужской,1,"историческая повесть, xviii в.",исторический,исторический,философский,идеологический,бытовой,,0,3 лицо,['nan'],Санкт-Петербург,Отд. изд. (СС),1,1,salias-de-turnemir_e_filozof_1891.txt,['nan'],1,0,0,0,0,0,0,0,0,0,0,0,0,0,0,0,0,0,0,0,0,0,0,0,0,0,0,0,0,0,0,0,0,0,0,0,1,True
"Соколова, Александра Ивановна",Беспросветная тьма,Роман,1891,женский,0,,,,,,,,0,3 лицо,['nan'],,Петербургский листок,0,0,,['nan'],1,0,0,0,0,0,0,0,0,0,0,0,0,0,0,0,0,0,0,0,0,0,0,0,0,0,0,0,0,0,0,0,0,0,0,0,1,True
"Станюкович, Константин Михайлович",Первые шаги,роман,1891,мужской,0,,,,,,,,0,3 лицо,['разночинцы'],,Вестник Европы,0,0,,['разночинцы'],0,0,0,1,0,0,0,0,0,0,0,0,0,0,0,0,0,0,0,0,0,0,0,0,0,0,0,0,0,0,0,0,0,0,0,0,1,True
"Стахеев, Дмитрий Иванович",Обновленный храм,повесть,1891,мужской,0,социально-психологический,социальный,,,,,,0,,"['купцы', 'промышленники']",,Русский вестник,0,0,,['купцы'],0,0,0,0,0,0,0,1,0,0,0,0,0,0,0,0,0,0,0,0,0,0,0,0,0,0,0,0,0,0,0,0,0,0,0,0,1,True
"Цеханович, Александр Николаевич",Метеор,роман,1891,мужской,0,,,,,,,,0,,['nan'],,"Романы оригинальные и переводные. Бесплатное прил. к газ. ,,Луч“",0,0,,['nan'],1,0,0,0,0,0,0,0,0,0,0,0,0,0,0,0,0,0,0,0,0,0,0,0,0,0,0,0,0,0,0,0,0,0,0,0,1,True
"Цеханович, Александр Николаевич",Русский Рокамболь,Роман из столичной жизни А. Цехановича,1891,мужской,0,,,авантюрный,приключенческий,уголовный,детективный,,0,3 лицо,['nan'],,Петербургская газета,0,1,zekhanovich_a_russkij_rokambol_1891.txt,['nan'],1,0,0,0,0,0,0,0,0,0,0,0,0,0,0,0,0,0,0,0,0,0,0,0,0,0,0,0,0,0,0,0,0,0,0,0,1,True
"Эртель, Александр Иванович",Смена,роман,1891,мужской,0,социально-психологический,социальный,социально-психологический,идеологический,бытовой,,,0,3 лицо,"['дворяне', 'крестьяне']",,Русская мысль,0,1,ertel_a_smena_1891.txt,"['дворяне', 'крестьяне']",0,1,0,0,0,0,1,0,0,0,0,0,0,0,0,0,0,0,0,0,0,0,0,0,0,0,0,0,0,0,0,0,0,0,0,0,2,True
"Ясинский, Иероним Иеронимович",Ординарный профессор,роман,1891,мужской,0,социально-психологический,социальный,,,,,,0,,['разночинцы'],,Наблюдатель,0,0,,['разночинцы'],0,0,0,1,0,0,0,0,0,0,0,0,0,0,0,0,0,0,0,0,0,0,0,0,0,0,0,0,0,0,0,0,0,0,0,0,1,True
"Арсеньев, Александр Васильевич",Князь Дмитрий Иоаннович Донской,Из эпохи грозного века. Исторический роман,1892,мужской,0,исторический роман; россия времен дмитрия донского,исторический,,,,,,0,,['nan'],,Родина,0,0,,['nan'],1,0,0,0,0,0,0,0,0,0,0,0,0,0,0,0,0,0,0,0,0,0,0,0,0,0,0,0,0,0,0,0,0,0,0,0,1,True
"Ахшарумов, Николай Дмитриевич",Старые счеты,Повесть,1892,мужской,0,социально-психологический,социальный,,,,,,0,3 лицо,['разночинцы'],Москва,Русское обозрение,1,0,,['разночинцы'],0,0,0,1,0,0,0,0,0,0,0,0,0,0,0,0,0,0,0,0,0,0,0,0,0,0,0,0,0,0,0,0,0,0,0,0,1,True
"Бажин, Николай Федотович",Итоги,роман,1892,мужской,0,социальный роман,социальный,,,,,,0,,['интеллигенция'],,Наблюдатель,0,0,,['разночинцы'],0,0,0,1,0,0,0,0,0,0,0,0,0,0,0,0,0,0,0,0,0,0,0,0,0,0,0,0,0,0,0,0,0,0,0,0,1,True
"Басанин, Марк",Клуб Козицкого дворянства,,1892,женский,1,антинигилистический роман,социальный,,,,,,0,3 лицо,"['разночинцы', 'студенты']",,Исторический вестник,0,0,,"['разночинцы', 'студенты']",0,0,0,1,0,0,0,0,0,0,0,0,0,0,0,0,0,0,0,0,0,0,0,1,0,0,0,0,0,0,0,0,0,0,0,0,2,True
"Боборыкин, Петр Дмитриевич",Василий Теркин,роман в 3-х частях,1892,мужской,0,соц.-психологический,социальный,,,,,,0,3 лицо,['молодая буржуазия'],,Вестник Европы,0,0,,['купцы'],0,0,0,0,0,0,0,1,0,0,0,0,0,0,0,0,0,0,0,0,0,0,0,0,0,0,0,0,0,0,0,0,0,0,0,0,1,True
"Вашков, Иван Андреевич",Среди чужих,Повесть для детей и юношества,1892,мужской,0,,,,,,,,0,,['nan'],Москва,Московский листок,1,0,,['nan'],1,0,0,0,0,0,0,0,0,0,0,0,0,0,0,0,0,0,0,0,0,0,0,0,0,0,0,0,0,0,0,0,0,0,0,0,1,True
"Гейнце, Николай Эдуардович",Женский яд,"роман-быль из московско-петербургской жизни, в 2-х частях, с прологом и эпилогом",1892,мужской,0,уголовно-бытовой,криминальный,,,,,,0,3 лицо,['разночинцы'],Санкт-Петербург,Отд. изд.,1,0,,['разночинцы'],0,0,0,1,0,0,0,0,0,0,0,0,0,0,0,0,0,0,0,0,0,0,0,0,0,0,0,0,0,0,0,0,0,0,0,0,1,True
"Голохвастов, К.К.",Рыцари степей,Повесть о запорожском гетмане Иване Свирговском и молдавском князе Ивоне,1892,мужской,0,исторический,исторический,,,,,,0,,['военные'],Санкт-Петербург,Отд. изд.,1,0,,['военные'],0,0,0,0,0,1,0,0,0,0,0,0,0,0,0,0,0,0,0,0,0,0,0,0,0,0,0,0,0,0,0,0,0,0,0,0,1,True
"Данилевский, Григорий Петрович",Царевич Алексей,,1892,мужской,0,исторический,исторический,,,,,,0,3 лицо,"['аристократия прошлого', 'легендарные исторические фигуры']",,Русская мысль,0,0,,"['аристократы', 'легендарные исторические фигуры']",0,0,1,0,1,0,0,0,0,0,0,0,0,0,0,0,0,0,0,0,0,0,0,0,0,0,0,0,0,0,0,0,0,0,0,0,2,True
"Дубровина, Екатерина Оскаровна",Из тьмы веков,Роман,1892,женский,0,исторический роман,исторический,,,,,,0,,['nan'],Санкт-Петербург,Отд. изд.,1,0,,['nan'],1,0,0,0,0,0,0,0,0,0,0,0,0,0,0,0,0,0,0,0,0,0,0,0,0,0,0,0,0,0,0,0,0,0,0,0,1,True
"Елец, Юлий Лукьянович",Болезнь века,Роман в 3-х частях,1892,мужской,0,документальный,исторический,,,,,,0,3 лицо,"['дворяне', 'военные']",Санкт-Петербург,Отд. изд.,1,0,,"['дворяне', 'военные']",0,1,0,0,0,1,0,0,0,0,0,0,0,0,0,0,0,0,0,0,0,0,0,0,0,0,0,0,0,0,0,0,0,0,0,0,2,True
"Желиховская, Вера Петровна",На берегах Невы и Темзы,Роман,1892,женский,0,"любовный, социально психологический",любовный,,,,,,0,3 лицо,['дворяне'],Санкт-Петербург,Нива,1,0,,['дворяне'],0,1,0,0,0,0,0,0,0,0,0,0,0,0,0,0,0,0,0,0,0,0,0,0,0,0,0,0,0,0,0,0,0,0,0,0,1,True
"Желиховская, Вера Петровна",На синеморских буграх,Роман,1892,женский,0,социально-психологический,социальный,,,,,,0,3 лицо,"['разночинцы', 'народности и этнические группы']",Санкт-Петербург,Нива,1,0,,"['разночинцы', 'народности и этнические группы']",0,0,0,1,0,0,0,0,0,1,0,0,0,0,0,0,0,0,0,0,0,0,0,0,0,0,0,0,0,0,0,0,0,0,0,0,2,True
"Зарин, Андрей Ефимович",Дочь пожарного,роман,1892,мужской,0,культурно-исторические,исторический,,,,,,0,,['мещане'],Санкт-Петербург,Отд. изд.,1,0,,['мещане'],0,0,0,0,0,0,0,0,0,0,0,0,0,0,0,0,0,0,0,0,1,0,0,0,0,0,0,0,0,0,0,0,0,0,0,0,1,True
"Иогель/Йогель, Михаил Константинович",Призраки,Роман,1892,мужской,0,,,,,,,,0,,['nan'],Москва,Семья,1,0,,['nan'],1,0,0,0,0,0,0,0,0,0,0,0,0,0,0,0,0,0,0,0,0,0,0,0,0,0,0,0,0,0,0,0,0,0,0,0,1,True
"Крыжановская (Рочестер), Вера Ивановна",Два сфинкса,Роман В.И. Крыжановской,1892,женский,0,исторический,исторический,исторический,мистический,любовный,психологический,оккультный,0,3 лицо,['древний египет'],Санкт-Петербург,Отд. изд.,1,1,kryzhanovskaya_v_dva_sfinksa_1892.txt,['народности и этнические группы'],0,0,0,0,0,0,0,0,0,1,0,0,0,0,0,0,0,0,0,0,0,0,0,0,0,0,0,0,0,0,0,0,0,0,0,0,1,True
"Леман, Анатолий Иванович",Порча жизни,Роман,1892,мужской,0,,,,,,,,0,,"['разночинцы', 'купцы']",Санкт-Петербург,Домашняя библиотека,1,0,,"['разночинцы', 'купцы']",0,0,0,1,0,0,0,1,0,0,0,0,0,0,0,0,0,0,0,0,0,0,0,0,0,0,0,0,0,0,0,0,0,0,0,0,2,True
"Луговой, Алексей Алексеевич",Грани жизни,роман,1892,мужской,1,социально-псизологический,социальный,социально-психологический,философский,бытовой,,,0,3 лицо,['дворяне'],,Северный вестник,0,1,tikhonov_a_grani_zhizni_1892.txt,['дворяне'],0,1,0,0,0,0,0,0,0,0,0,0,0,0,0,0,0,0,0,0,0,0,0,0,0,0,0,0,0,0,0,0,0,0,0,0,1,True
"Льдов, Константин",Лицедеи,Роман,1892,мужской,1,социально-психологический,социальный,,,,,,0,3 лицо,['разночинцы'],Санкт-Петербург,Отд. изд.,1,0,,['разночинцы'],0,0,0,1,0,0,0,0,0,0,0,0,0,0,0,0,0,0,0,0,0,0,0,0,0,0,0,0,0,0,0,0,0,0,0,0,1,True
"Мамин-Сибиряк, Дмитрий Наркисович",Золото,роман,1892,мужской,1,социально-психологический,социальный,,,,,,0,3 лицо,['рабочие'],,Северный вестник,0,0,,['рабочие'],0,0,0,0,0,0,0,0,0,0,0,0,0,0,1,0,0,0,0,0,0,0,0,0,0,0,0,0,0,0,0,0,0,0,0,0,1,True
"Мачтет, Григорий Александрович",На заре,Роман,1892,мужской,0,социально-психологический,социальный,,,,,,0,3 лицо,['революционеры'],,Русская мысль,0,0,,['революционеры'],0,0,0,0,0,0,0,0,0,0,0,1,0,0,0,0,0,0,0,0,0,0,0,0,0,0,0,0,0,0,0,0,0,0,0,0,1,True
"Немирович-Данченко, Василий Иванович",Контрабандисты,Роман,1892,мужской,0,"авантюрный, социально-психологический, любовный",приключенческий,,,,,,0,3 лицо,"['дворяне', 'народности и этнические группы']",Киев,Отд. изд.,1,0,,"['дворяне', 'народности и этнические группы']",0,1,0,0,0,0,0,0,0,1,0,0,0,0,0,0,0,0,0,0,0,0,0,0,0,0,0,0,0,0,0,0,0,0,0,0,2,True
"Павлов, Н.И.",В смутные годы,роман,1892,мужской,0,,,,,,,,0,,['nan'],,Русский вестник,0,0,,['nan'],1,0,0,0,0,0,0,0,0,0,0,0,0,0,0,0,0,0,0,0,0,0,0,0,0,0,0,0,0,0,0,0,0,0,0,0,1,True
"Полевой, Петр Николаевич",Где Бог и правда?,историческая повесть,1892,мужской,0,,,,,,,,0,,['nan'],Санкт-Петербург,Отд. изд.,1,0,,['nan'],1,0,0,0,0,0,0,0,0,0,0,0,0,0,0,0,0,0,0,0,0,0,0,0,0,0,0,0,0,0,0,0,0,0,0,0,1,True
"Полевой, Петр Николаевич",На рубеже поколений,роман,1892,мужской,0,исторический,исторический,,,,,,0,,['nan'],,Московский листок,0,0,,['nan'],1,0,0,0,0,0,0,0,0,0,0,0,0,0,0,0,0,0,0,0,0,0,0,0,0,0,0,0,0,0,0,0,0,0,0,0,1,True
"Полевой, Петр Николаевич",Птичка-невеличка,Роман,1892,мужской,0,исторический,исторический,,,,,,0,,['nan'],Санкт-Петербург,Исторический вестник,1,0,,['nan'],1,0,0,0,0,0,0,0,0,0,0,0,0,0,0,0,0,0,0,0,0,0,0,0,0,0,0,0,0,0,0,0,0,0,0,0,1,True
"Пономарев, Иван Николаевич",По кровавым следам,Уголовный роман,1892,мужской,0,уголовный,криминальный,,,,,,0,,['nan'],Санкт-Петербург,Отд. изд.,1,0,,['nan'],1,0,0,0,0,0,0,0,0,0,0,0,0,0,0,0,0,0,0,0,0,0,0,0,0,0,0,0,0,0,0,0,0,0,0,0,1,True
"Пономарев, Иван Николаевич",Предсмертное проклятие,Роман,1892,мужской,0,уголовный,криминальный,,,,,,0,,['nan'],Санкт-Петербург,Петербургская газета,1,0,,['nan'],1,0,0,0,0,0,0,0,0,0,0,0,0,0,0,0,0,0,0,0,0,0,0,0,0,0,0,0,0,0,0,0,0,0,0,0,1,True
"Ракшанин, Николай Осипович",Золотой дождь,Роман,1892,мужской,1,детективно-психологический,криминальный,,,,,,0,,['nan'],,Петербургский листок,0,0,,['nan'],1,0,0,0,0,0,0,0,0,0,0,0,0,0,0,0,0,0,0,0,0,0,0,0,0,0,0,0,0,0,0,0,0,0,0,0,1,True
"Ракшанин, Николай Осипович",Страшное дело,Роман,1892,мужской,1,детективный,криминальный,,,,,,0,,['nan'],Санкт-Петербург,Петербургский листок,1,0,,['nan'],1,0,0,0,0,0,0,0,0,0,0,0,0,0,0,0,0,0,0,0,0,0,0,0,0,0,0,0,0,0,0,0,0,0,0,0,1,True
"Ракшанин, Николай Осипович",Чужой грех,Роман,1892,мужской,1,детективный,криминальный,,,,,,0,,['nan'],Москва,Новости дня,1,0,,['nan'],1,0,0,0,0,0,0,0,0,0,0,0,0,0,0,0,0,0,0,0,0,0,0,0,0,0,0,0,0,0,0,0,0,0,0,0,1,True
"Рыскин, Сергей Федорович","Купленный митрополит, или Рогоженские миллионы",роман из истории раскола,1892,мужской,0,социально-психологический; раскольники,социальный,,,,,,0,3 лицо,['раскольники'],Москва,Русский листок,1,0,,['сектанты'],0,0,0,0,0,0,0,0,0,0,0,0,0,0,0,0,0,0,0,1,0,0,0,0,0,0,0,0,0,0,0,0,0,0,0,0,1,True
"Салиас, Евгений Андреевич",Новая Сандрильона,Роман (из современных французских нравов),1892,мужской,1,любовный,любовный,любовный,социально-психологический,,,,0,3 лицо,"['разночинцы', 'военные']",,Русское обозрение,0,1,salias-de-turnemir_e_novaya_sandrilona_1892-1893.txt,"['разночинцы', 'военные']",0,0,0,1,0,1,0,0,0,0,0,0,0,0,0,0,0,0,0,0,0,0,0,0,0,0,0,0,0,0,0,0,0,0,0,0,2,True
"Салиас, Евгений Андреевич",Служитель Бога,Исторический роман графа Е.А. Салиаса,1892,мужской,1,исторический,исторический,исторический,религиозный,философский,,,0,3 лицо,"['духовенство', 'аристократия прошлого']",Санкт-Петербург,Нива,1,1,salias-de-turnemir_e_sluzhitel_boga_1892.txt,"['духовенство', 'аристократы']",0,0,1,0,0,0,0,0,0,0,0,0,1,0,0,0,0,0,0,0,0,0,0,0,0,0,0,0,0,0,0,0,0,0,0,0,2,True
"Сафонов, Сергей Александрович",Немецкий прибой,Роман из современной русской жизни,1892,мужской,0,"фельетонный, социально-психологический",юмористический,,,,,,0,3 лицо,"['рабочие', 'народности и этнические группы']",Санкт-Петербург,Отд. изд.,1,0,,"['рабочие', 'народности и этнические группы']",0,0,0,0,0,0,0,0,0,1,0,0,0,0,1,0,0,0,0,0,0,0,0,0,0,0,0,0,0,0,0,0,0,0,0,0,2,True
"Соколов, Александр Алексеевич",Скрытое преступление,Роман,1892,мужской,1,уголовный,криминальный,,,,,,0,,['nan'],Санкт-Петербург,Отд. изд.,1,0,,['nan'],1,0,0,0,0,0,0,0,0,0,0,0,0,0,0,0,0,0,0,0,0,0,0,0,0,0,0,0,0,0,0,0,0,0,0,0,1,True
"Соколова, Александра Ивановна",Спетая песня,Роман. Из записок старого следователя,1892,женский,0,уголовный,криминальный,,,,,,0,,['nan'],Москва,Отд. изд.,1,0,,['nan'],1,0,0,0,0,0,0,0,0,0,0,0,0,0,0,0,0,0,0,0,0,0,0,0,0,0,0,0,0,0,0,0,0,0,0,0,1,True
"Соловьев, Всеволод Сергеевич",Великий Розенкрейцер,"Роман XVIII в., в 3 ч., с эпилогом Окончание ром. «Волхвы»",1892,мужской,0,"исторический роман, xviii в.",исторический,,,,,,0,3 лицо,"['императрица', 'цари']",Санкт-Петербург,Отд. изд.,1,0,,['легендарные исторические фигуры'],0,0,0,0,1,0,0,0,0,0,0,0,0,0,0,0,0,0,0,0,0,0,0,0,0,0,0,0,0,0,0,0,0,0,0,0,1,True
"Суворин, Алексей Сергеевич",В конце века. Любовь,роман,1892,мужской,0,,,,,,,,0,,['nan'],,Новое время,0,0,,['nan'],1,0,0,0,0,0,0,0,0,0,0,0,0,0,0,0,0,0,0,0,0,0,0,0,0,0,0,0,0,0,0,0,0,0,0,0,1,True
"Тихонов, Владимир Алексеевич",Светлые грезы,Роман в двух частях Вл. А. Тихонова,1892,мужской,0,,,,,,,,0,3 лицо,['nan'],,Север,0,0,,['nan'],1,0,0,0,0,0,0,0,0,0,0,0,0,0,0,0,0,0,0,0,0,0,0,0,0,0,0,0,0,0,0,0,0,0,0,0,1,True
"Тютчев, Федор Федорович",Кто прав?,роман,1892,мужской,0,,,социально-психологический,идеологический,нравоописательный,,,0,1 лицо,['nan'],Санкт-Петербург,Отд. изд.,1,1,tyutchev_f_kto_prav_iz_odnoj_biografii_1892.txt,['nan'],1,0,0,0,0,0,0,0,0,0,0,0,0,0,0,0,0,0,0,0,0,0,0,0,0,0,0,0,0,0,0,0,0,0,0,0,1,True
"Цеханович, Александр Николаевич",Вокруг миллиона,Роман А. Цехановича,1892,мужской,0,,,,,,,,0,3 лицо,['nan'],,"Романы оригинальные и переводные. Бесплатное прил. к газ. ,,Луч“",0,0,,['nan'],1,0,0,0,0,0,0,0,0,0,0,0,0,0,0,0,0,0,0,0,0,0,0,0,0,0,0,0,0,0,0,0,0,0,0,0,1,True
"Шелонский, Николай Николаевич",В мире будущего,фантастический роман,1892,мужской,0,"фантастика, утопия",фантастический,фантастический,утопический,философский,,,0,3 лицо,['nan'],,Вокруг света (ежемесячное приложение),0,1,shelonskij_n_v_mire_budushego_1892.txt,['nan'],1,0,0,0,0,0,0,0,0,0,0,0,0,0,0,0,0,0,0,0,0,0,0,0,0,0,0,0,0,0,0,0,0,0,0,0,1,True
"Шрекник, Евгений Федорович",Соперники,Исторический роман из времен царствования Василия Шуйского,1892,мужской,0,исторический,исторический,,,,,,0,3 лицо,['аристократия прошлого'],Санкт-Петербург,Отд. изд.,1,0,,['аристократы'],0,0,1,0,0,0,0,0,0,0,0,0,0,0,0,0,0,0,0,0,0,0,0,0,0,0,0,0,0,0,0,0,0,0,0,0,1,True
"Эвальд, Аркадий Васильевич",Завещание,Роман из петербургской жизни,1892,мужской,0,уголовный,криминальный,,,,,,0,,['nan'],,Петербургский Листок,0,0,,['nan'],1,0,0,0,0,0,0,0,0,0,0,0,0,0,0,0,0,0,0,0,0,0,0,0,0,0,0,0,0,0,0,0,0,0,0,0,1,True
"Ясинский, Иероним Иеронимович",По горячим следам,роман,1892,мужской,0,,,,,,,,0,,['народности и этнические группы'],,Труд. Вестник литературы и науки,0,0,,['народности и этнические группы'],0,0,0,0,0,0,0,0,0,1,0,0,0,0,0,0,0,0,0,0,0,0,0,0,0,0,0,0,0,0,0,0,0,0,0,0,1,True
"Ясинский, Иероним Иеронимович",Петербургские туманы,роман,1892,мужской,0,,,,,,,,0,,['nan'],,Наблюдатель,0,0,,['nan'],1,0,0,0,0,0,0,0,0,0,0,0,0,0,0,0,0,0,0,0,0,0,0,0,0,0,0,0,0,0,0,0,0,0,0,0,1,True
"Аверкиев, Дмитрий Васильевич",Художник Беспалов и нотариус Полещиков,комический роман,1893,мужской,0,"юмристический роман, художники, нотариусы",,,,,,,0,3 лицо,"['художники', 'рабочие', 'семейная пара']",,Русское обозрение,0,0,,"['творческие люди', 'рабочие', 'семейная пара']",0,0,0,0,0,0,0,0,0,0,0,0,0,1,1,0,0,0,0,0,0,0,0,0,0,0,0,0,0,0,1,0,0,0,0,0,3,True
"Ахшарумов, Николай Дмитриевич",К чему?,Роман,1893,мужской,0,,,,,,,,0,,['nan'],,Наблюдатель,0,0,,['nan'],1,0,0,0,0,0,0,0,0,0,0,0,0,0,0,0,0,0,0,0,0,0,0,0,0,0,0,0,0,0,0,0,0,0,0,0,1,True
"Ашешов, Николай Павлович",Бурное болото,Роман,1893,мужской,0,социально-психологический,социальный,,,,,,0,,['революционеры'],,Самарская газета,0,0,,['революционеры'],0,0,0,0,0,0,0,0,0,0,0,1,0,0,0,0,0,0,0,0,0,0,0,0,0,0,0,0,0,0,0,0,0,0,0,0,1,True
"Бажин, Николай Федотович",Ночь,роман,1893,мужской,0,социально-психологический,социальный,,,,,,0,,['nan'],,Наблюдатель,0,0,,['nan'],1,0,0,0,0,0,0,0,0,0,0,0,0,0,0,0,0,0,0,0,0,0,0,0,0,0,0,0,0,0,0,0,0,0,0,0,1,True
"Баранцевич, Казимир Станиславович",Семейный очаг,Роман,1893,мужской,0,семейная хроника,семейный,семейный,социально-психологический,бытовой,,,0,3 лицо,['дворяне'],,Северный вестник,0,1,baranzevich_k_semejnyj_ochag_1893.txt,['дворяне'],0,1,0,0,0,0,0,0,0,0,0,0,0,0,0,0,0,0,0,0,0,0,0,0,0,0,0,0,0,0,0,0,0,0,0,0,1,True
"Безобразов, Павел Владимирович",Дед и внук,роман,1893,мужской,0,семейная хроника,семейный,,,,,,0,3 лицо,['nan'],Санкт-Петербург,Труд. Вестник литературы и науки,1,0,,['nan'],1,0,0,0,0,0,0,0,0,0,0,0,0,0,0,0,0,0,0,0,0,0,0,0,0,0,0,0,0,0,0,0,0,0,0,0,1,True
"Волконский, Михаил Николаевич",Воля судьбы,Исторический роман в 3 ч.,1893,мужской,0,"исторический, авантюрный",исторический,,,,,,0,3 лицо,"['аристократия прошлого', 'легендарные исторические фигуры']",Санкт-Петербург,Нива,1,0,,"['аристократы', 'легендарные исторические фигуры']",0,0,1,0,1,0,0,0,0,0,0,0,0,0,0,0,0,0,0,0,0,0,0,0,0,0,0,0,0,0,0,0,0,0,0,0,2,True
"Гейнце, Николай Эдуардович",Аракчеев,роман,1893,мужской,0,исторический,исторический,исторический,биографический,политический,психологический,,0,3 лицо,"['аристократия прошлого', 'легендарные исторические фигуры']",Санкт-Петербург,Отд. изд.,1,1,gejnze_n_arakcheev_1893.txt,"['аристократы', 'легендарные исторические фигуры']",0,0,1,0,1,0,0,0,0,0,0,0,0,0,0,0,0,0,0,0,0,0,0,0,0,0,0,0,0,0,0,0,0,0,0,0,2,True
"Головин (Орловский), Константин Федорович",Сильный человек,Роман,1893,мужской,1,социально-психологический,социальный,,,,,,0,1 лицо,['дворяне'],Санкт-Петербург,Нива,1,0,,['дворяне'],0,1,0,0,0,0,0,0,0,0,0,0,0,0,0,0,0,0,0,0,0,0,0,0,0,0,0,0,0,0,0,0,0,0,0,0,1,True
"Голохвастов, К.К.",Али-паша Скутарийский,Ист. повесть из времен восстания славян против тур. владычества,1893,мужской,0,исторический,исторический,,,,,,0,,"['военные', 'легендарные исторические фигуры']",Санкт-Петербург,Отд. изд.,1,0,,"['военные', 'легендарные исторические фигуры']",0,0,0,0,1,1,0,0,0,0,0,0,0,0,0,0,0,0,0,0,0,0,0,0,0,0,0,0,0,0,0,0,0,0,0,0,2,True
"Голохвастов, К.К.",Матрос 30-го Черноморского экипажа Петр Кошка и другие доблестные защитники Севастополя,К. Голохвастова,1893,мужской,0,исторический,исторический,исторический,военный,биографический,,,0,3 лицо,"['военные', 'исторические фигуры']",Санкт-Петербург,Отд. изд.,1,1,golokhvastov_k_matros_-30go_chernomorskogo_ekipazha_petr_koshka_i_drugie_doblestnye_zashitniki_sevastopolya_1893.txt,"['военные', 'легендарные исторические фигуры']",0,0,0,0,1,1,0,0,0,0,0,0,0,0,0,0,0,0,0,0,0,0,0,0,0,0,0,0,0,0,0,0,0,0,0,0,2,True
"Зарин, Андрей Ефимович",Серые герои,Роман,1893,мужской,0,социально-психологический,социальный,,,,,,0,3 лицо,"['мещане', 'военные']",Санкт-Петербург,Отд. изд.,1,0,,"['мещане', 'военные']",0,0,0,0,0,1,0,0,0,0,0,0,0,0,0,0,0,0,0,0,1,0,0,0,0,0,0,0,0,0,0,0,0,0,0,0,2,True
"Засодимский, Павел Владимирович",Грех,роман,1893,мужской,0,психологический,психологический,,,,,,0,,['nan'],,Русское богатство,0,0,,['nan'],1,0,0,0,0,0,0,0,0,0,0,0,0,0,0,0,0,0,0,0,0,0,0,0,0,0,0,0,0,0,0,0,0,0,0,0,1,True
"Иванов, Ил.",Медальон,Роман,1893,мужской,0,,,,,,,,0,,['nan'],Москва,Новости дня,1,0,,['nan'],1,0,0,0,0,0,0,0,0,0,0,0,0,0,0,0,0,0,0,0,0,0,0,0,0,0,0,0,0,0,0,0,0,0,0,0,1,True
"Иогель/Йогель, Михаил Константинович",Мученики мира,Роман из жизни ваших знакомых,1893,мужской,0,"социально-психологический, философский",социальный,,,,,,0,,['nan'],Москва,Отд. изд.,1,0,,['nan'],1,0,0,0,0,0,0,0,0,0,0,0,0,0,0,0,0,0,0,0,0,0,0,0,0,0,0,0,0,0,0,0,0,0,0,0,1,True
"Карабчевский, Николай Платонович",Господин Арсков,Повесть,1893,мужской,0,"социально-психологический, философский",социальный,,,,,,0,3 лицо,['разночинцы'],,Вестник Европы,0,0,,['разночинцы'],0,0,0,1,0,0,0,0,0,0,0,0,0,0,0,0,0,0,0,0,0,0,0,0,0,0,0,0,0,0,0,0,0,0,0,0,1,True
"Крыжановская (Рочестер), Вера Ивановна",Месть еврея,Роман в 2 ч.,1893,женский,0,любовный,любовный,любовный,социально-психологический,идеологический,,,0,3 лицо,['дворяне'],Санкт-Петербург,Отд. изд.,1,1,kryzhanovskaya_v_mest_evreya_1893.txt,['дворяне'],0,1,0,0,0,0,0,0,0,0,0,0,0,0,0,0,0,0,0,0,0,0,0,0,0,0,0,0,0,0,0,0,0,0,0,0,1,True
"Крыжановская (Рочестер), Вера Ивановна",Торжище брака,роман,1893,женский,0,роман,,социально-психологический,нравоописательный,любовный,,,0,3 лицо,['исторический персонаж'],Санкт-Петербург,Отд. изд.,1,1,kryzhanovskaya_v_torzhishe_braka_1893.txt,['легендарные исторические фигуры'],0,0,0,0,1,0,0,0,0,0,0,0,0,0,0,0,0,0,0,0,0,0,0,0,0,0,0,0,0,0,0,0,0,0,0,0,1,True
"Крыжановская (Рочестер), Вера Ивановна",Сим победиши!,Роман,1893,женский,0,исторический,исторический,,,,,,0,,['легендарные исторические фигуры'],Санкт-Петербург,Отд. изд.,1,0,,['легендарные исторические фигуры'],0,0,0,0,1,0,0,0,0,0,0,0,0,0,0,0,0,0,0,0,0,0,0,0,0,0,0,0,0,0,0,0,0,0,0,0,1,True
"Леман, Анатолий Иванович",Старая скрипка,Повесть из быта музыкально-инструментальных мастеров-артистов,1893,мужской,0,,,,,,,,0,,['nan'],Санкт-Петербург,Отд. изд.,1,0,,['nan'],1,0,0,0,0,0,0,0,0,0,0,0,0,0,0,0,0,0,0,0,0,0,0,0,0,0,0,0,0,0,0,0,0,0,0,0,1,True
"Луговой, Алексей Алексеевич",Добей его! (Pollice verso),Параллели,1893,мужской,1,"исторический, социально-психологический",исторический,исторический,социально-психологический,философский,,,0,3 лицо,['разночинцы'],Москва,Отд. изд.,1,1,lugovoj_a_dobej_ego___1893.txt,['разночинцы'],0,0,0,1,0,0,0,0,0,0,0,0,0,0,0,0,0,0,0,0,0,0,0,0,0,0,0,0,0,0,0,0,0,0,0,0,1,True
"Лунский, Евгений",Ошибки и искупление,Роман,1893,женский,1,"любовный, социально-психологический",любовный,,,,,,0,,['nan'],Санкт-Петербург,Колосья,1,0,,['nan'],1,0,0,0,0,0,0,0,0,0,0,0,0,0,0,0,0,0,0,0,0,0,0,0,0,0,0,0,0,0,0,0,0,0,0,0,1,True
"Мамин-Сибиряк, Дмитрий Наркисович",Весенние грозы,Роман,1893,мужской,1,"роман воспитания, семейная хроника",воспитания,роман воспитания,семейный,социально-психологический,,,0,3 лицо,['чиновники'],,Мир божий,0,1,mamin-sibiryak_d_vesennie_grozy_1893.txt,['чиновники'],0,0,0,0,0,0,0,0,1,0,0,0,0,0,0,0,0,0,0,0,0,0,0,0,0,0,0,0,0,0,0,0,0,0,0,0,1,True
"Михеев, Василий Михайлович",Золотые россыпи,Роман в 2 ч.,1893,мужской,0,социально-психологический,социальный,,,,,,0,3 лицо,['рабочие'],Москва,Артист,1,0,,['рабочие'],0,0,0,0,0,0,0,0,0,0,0,0,0,0,1,0,0,0,0,0,0,0,0,0,0,0,0,0,0,0,0,0,0,0,0,0,1,True
"Окрейц, Станислав Станиславович",Мыканье,na,1893,мужской,0,социально-психологический,социальный,,,,,,0,,['nan'],Санкт-Петербург,Отд. изд.,1,0,,['nan'],1,0,0,0,0,0,0,0,0,0,0,0,0,0,0,0,0,0,0,0,0,0,0,0,0,0,0,0,0,0,0,0,0,0,0,0,1,True
"Полевой, Петр Николаевич",Под неотразимой десницей,Роман,1893,мужской,0,исторический,исторический,,,,,,0,3 лицо,"['аристократия прошлого', 'легендарные исторические фигуры']",Санкт-Петербург,Исторический вестник,1,0,,"['аристократы', 'легендарные исторические фигуры']",0,0,1,0,1,0,0,0,0,0,0,0,0,0,0,0,0,0,0,0,0,0,0,0,0,0,0,0,0,0,0,0,0,0,0,0,2,True
"Полевой, Петр Николаевич",Маринка-безбожница,Исторический роман XVII-го столетия,1893,мужской,0,исторический,исторический,,,,,,0,,['nan'],Санкт-Петербург,Отд. изд.,1,0,,['nan'],1,0,0,0,0,0,0,0,0,0,0,0,0,0,0,0,0,0,0,0,0,0,0,0,0,0,0,0,0,0,0,0,0,0,0,0,1,True
"Полежаев, Петр Васильевич",Тузы и двойки,Листки из столичной хроники 1780,1893,мужской,0,"исторический, авантюрист",исторический,,,,,,0,,['nan'],Санкт-Петербург,Отд. изд.,1,0,,['nan'],1,0,0,0,0,0,0,0,0,0,0,0,0,0,0,0,0,0,0,0,0,0,0,0,0,0,0,0,0,0,0,0,0,0,0,0,1,True
"Потапенко, Игнатий Николаевич",Звезда,Роман,1893,мужской,0,социально-психологический,социальный,,,,,,0,3 лицо,['дворяне'],Санкт-Петербург,Нива,1,0,,['дворяне'],0,1,0,0,0,0,0,0,0,0,0,0,0,0,0,0,0,0,0,0,0,0,0,0,0,0,0,0,0,0,0,0,0,0,0,0,1,True
"Прохоров-Риваль, Владимир Алексеевич",Судьба,Роман В. Риваля,1893,мужской,1,социально-психологический,социальный,,,,,,0,,['разночинцы'],Москва,Отд. изд.,1,0,,['разночинцы'],0,0,0,1,0,0,0,0,0,0,0,0,0,0,0,0,0,0,0,0,0,0,0,0,0,0,0,0,0,0,0,0,0,0,0,0,1,True
"Рыскин, Сергей Федорович","Загадочный самозванец, или Похождения „Опоньского владыки""",Роман,1893,мужской,0,,,,,,,,0,,['nan'],Москва,Русский листок,1,0,,['nan'],1,0,0,0,0,0,0,0,0,0,0,0,0,0,0,0,0,0,0,0,0,0,0,0,0,0,0,0,0,0,0,0,0,0,0,0,1,True
"Рыскин, Сергей Федорович",Московские трущобы,Роман,1893,мужской,0,социально-психологический,социальный,,,,,,0,,"['купцы', 'разночинцы']",Москва,Русский листок,1,0,,"['купцы', 'разночинцы']",0,0,0,1,0,0,0,1,0,0,0,0,0,0,0,0,0,0,0,0,0,0,0,0,0,0,0,0,0,0,0,0,0,0,0,0,2,True
"Салиас, Евгений Андреевич",Крутоярская царевна,Историческая повесть,1893,мужской,1,исторический,исторический,исторический,любовный,авантюрный,,,0,3 лицо,"['дворяне', 'военные']",Москва,Отд. изд.,1,1,salias-de-turnemir_e_krutoyarskaya_zarevna_1893.txt,"['дворяне', 'военные']",0,1,0,0,0,1,0,0,0,0,0,0,0,0,0,0,0,0,0,0,0,0,0,0,0,0,0,0,0,0,0,0,0,0,0,0,2,True
"Соловьев, Всеволод Сергеевич",Жених царевны,Роман-хроника XVII в. в 2 ч,1893,мужской,0,исторический,исторический,исторический,любовный,авантюрный,политический,,0,3 лицо,"['аристократия прошлого', 'легендарные исторические фигуры']",Санкт-Петербург,Отд. изд.,1,1,solovev_v_zhenikh_zarevny_1893.txt,"['аристократы', 'легендарные исторические фигуры']",0,0,1,0,1,0,0,0,0,0,0,0,0,0,0,0,0,0,0,0,0,0,0,0,0,0,0,0,0,0,0,0,0,0,0,0,2,True
"Соловьев, Всеволод Сергеевич",Царское посольство,Исторический роман XVII века: в 3 ч.,1893,мужской,0,исторический,исторический,исторический,политический,приключенческий,авантюрный,,0,3 лицо,"['исторические личности', 'поп']",Санкт-Петербург,Отд. изд.,1,1,solovev_v_zarskoe_posolstvo_1893.txt,"['легендарные исторические фигуры', 'духовенство']",0,0,0,0,1,0,0,0,0,0,0,0,1,0,0,0,0,0,0,0,0,0,0,0,0,0,0,0,0,0,0,0,0,0,0,0,2,True
"Соловьев, Всеволод Сергеевич",Злые вихри,роман в 2-х частях,1893,мужской,0,"семейный, социально-психологический; разночинцы, музыкант",семейный,,,,,,0,3 лицо,['nan'],,Русское обозрение,0,0,,['nan'],1,0,0,0,0,0,0,0,0,0,0,0,0,0,0,0,0,0,0,0,0,0,0,0,0,0,0,0,0,0,0,0,0,0,0,0,1,True
"Станюкович, Константин Михайлович",Откровенные,Роман в двух частях,1893,мужской,0,социальный роман,социальный,,,,,,0,3 лицо,"['19 век', 'чиновник', 'быт']",,Русская жизнь,0,0,,"['чиновники', 'другое']",0,0,0,0,0,0,0,0,1,0,0,0,0,0,0,0,0,1,0,0,0,0,0,0,0,0,0,0,0,0,0,0,0,0,0,0,2,True
"Стахеев, Дмитрий Иванович",Неугасающий свет,Роман,1893,мужской,0,социально-психологический,социальный,,,,,,0,,['купцы'],,Русский вестник,0,0,,['купцы'],0,0,0,0,0,0,0,1,0,0,0,0,0,0,0,0,0,0,0,0,0,0,0,0,0,0,0,0,0,0,0,0,0,0,0,0,1,True
"Тихонов, Владимир Алексеевич",Красота,Повесть Вл. А. Тихонова,1893,мужской,0,,,,,,,,0,3 лицо,['nan'],,Север,0,0,,['nan'],1,0,0,0,0,0,0,0,0,0,0,0,0,0,0,0,0,0,0,0,0,0,0,0,0,0,0,0,0,0,0,0,0,0,0,0,1,True
"Цеханович, Александр Николаевич",Петербургская Нана,Роман А. Цехановича,1893,мужской,0,,,,,,,,0,3 лицо,['nan'],Санкт-Петербург,Петербургская газета,1,0,,['nan'],1,0,0,0,0,0,0,0,0,0,0,0,0,0,0,0,0,0,0,0,0,0,0,0,0,0,0,0,0,0,0,0,0,0,0,0,1,True
"Цеханович, Александр Николаевич",В больнице,Роман,1893,мужской,0,,,,,,,,0,3 лицо,['nan'],,"Романы оригинальные и переводные. Бесплатное прил. к газ. ,,Луч“",0,0,,['nan'],1,0,0,0,0,0,0,0,0,0,0,0,0,0,0,0,0,0,0,0,0,0,0,0,0,0,0,0,0,0,0,0,0,0,0,0,1,True
"Цеханович, Александр Николаевич",Выходец из могилы,"Роман А. Цехановича (Продолжение романа ""Русский Ракамболь"")",1893,мужской,0,,,,,,,,0,3 лицо,['nan'],,"Романы оригинальные и переводные. Бесплатное прил. к газ. ,,Луч“",0,0,,['nan'],1,0,0,0,0,0,0,0,0,0,0,0,0,0,0,0,0,0,0,0,0,0,0,0,0,0,0,0,0,0,0,0,0,0,0,0,1,True
"Шеллер-Михайлов, Александр Константинович",Зачумленные,Роман,1893,мужской,1,,,,,,,,0,,['nan'],,Живописное обозрение,0,0,,['nan'],1,0,0,0,0,0,0,0,0,0,0,0,0,0,0,0,0,0,0,0,0,0,0,0,0,0,0,0,0,0,0,0,0,0,0,0,1,True
"Шеллер-Михайлов, Александр Константинович",Совесть,Роман,1893,мужской,1,"философский, социально-психологический",философский,,,,,,0,3 лицо,"['духовенство', 'дворяне']",,Наблюдатель,0,0,,"['духовенство', 'дворяне']",0,1,0,0,0,0,0,0,0,0,0,0,1,0,0,0,0,0,0,0,0,0,0,0,0,0,0,0,0,0,0,0,0,0,0,0,2,True
"Шелонский, Николай Николаевич",За крест и родину,Роман из эпохи борьбы за освобождение Греции: в 3 ч.,1893,мужской,0,исторический,исторический,,,,,,0,,['nan'],Москва,Отд. изд.,1,0,,['nan'],1,0,0,0,0,0,0,0,0,0,0,0,0,0,0,0,0,0,0,0,0,0,0,0,0,0,0,0,0,0,0,0,0,0,0,0,1,True
"Шрекник, Евгений Федорович",Христофор Колумб,Оригинальный исторический роман из эпохи открытия Америки,1893,мужской,0,исторический роман; открытие америки,исторический,,,,,,0,,['исторический персонаж'],Санкт-Петербург,Отд. изд.,1,0,,['легендарные исторические фигуры'],0,0,0,0,1,0,0,0,0,0,0,0,0,0,0,0,0,0,0,0,0,0,0,0,0,0,0,0,0,0,0,0,0,0,0,0,1,True
"Ясинский, Иероним Иеронимович",Лицемеры,роман,1893,мужской,0,социально-психологический,социальный,,,,,,0,3 лицо,['дворяне'],,Наблюдатель,0,0,,['дворяне'],0,1,0,0,0,0,0,0,0,0,0,0,0,0,0,0,0,0,0,0,0,0,0,0,0,0,0,0,0,0,0,0,0,0,0,0,1,True
"Арсеньев, Александр Васильевич",Жестокое испытание,роман,1894,мужской,0,исторический роман,исторический,,,,,,0,,['nan'],,Родина,0,0,,['nan'],1,0,0,0,0,0,0,0,0,0,0,0,0,0,0,0,0,0,0,0,0,0,0,0,0,0,0,0,0,0,0,0,0,0,0,0,1,True
"Бажин, Николай Федотович",Жизнь сызнова,роман,1894,мужской,0,"социальный роман, интеллигенция",социальный,,,,,,0,,['интеллигенция'],,Наблюдатель,0,0,,['разночинцы'],0,0,0,1,0,0,0,0,0,0,0,0,0,0,0,0,0,0,0,0,0,0,0,0,0,0,0,0,0,0,0,0,0,0,0,0,1,True
"Басанин, Марк",Ильинское наследство. Сибирский гость,роман,1894,женский,1,антинигилистический роман,социальный,,,,,,0,,['nan'],Санкт-Петербург,Отд. изд.,1,0,,['nan'],1,0,0,0,0,0,0,0,0,0,0,0,0,0,0,0,0,0,0,0,0,0,0,0,0,0,0,0,0,0,0,0,0,0,0,0,1,True
"Безобразов, Павел Владимирович",Жених двух невест,роман,1894,мужской,0,роман,,,,,,,0,3 лицо,['философский'],Москва,Отд. изд.,1,0,,['другое'],0,0,0,0,0,0,0,0,0,0,0,0,0,0,0,0,0,1,0,0,0,0,0,0,0,0,0,0,0,0,0,0,0,0,0,0,1,True
"Бефани, Василий Павлович",Аракчеевец,роман,1894,мужской,0,"исторический, любовный",исторический,,,,,,0,,['nan'],,Петербургский листок,0,0,,['nan'],1,0,0,0,0,0,0,0,0,0,0,0,0,0,0,0,0,0,0,0,0,0,0,0,0,0,0,0,0,0,0,0,0,0,0,0,1,True
"Бефани, Василий Павлович",Жертвы страсти,Роман из столичной жизни,1894,мужской,0,любовный,любовный,,,,,,0,,['nan'],,Петербургский листок,0,0,,['nan'],1,0,0,0,0,0,0,0,0,0,0,0,0,0,0,0,0,0,0,0,0,0,0,0,0,0,0,0,0,0,0,0,0,0,0,0,1,True
"Боборыкин, Петр Дмитриевич",Перевал,роман,1894,мужской,0,соц.-психологический,социальный,,,,,,0,,['nan'],Санкт-Петербург,Вестник Европы,1,0,,['nan'],1,0,0,0,0,0,0,0,0,0,0,0,0,0,0,0,0,0,0,0,0,0,0,0,0,0,0,0,0,0,0,0,0,0,0,0,1,True
"Буренин, Виктор Павлович","Пипа и Пуся, или Горе от любви",роман,1894,мужской,0,"памфлет, сатира",юмористический,,,,,,0,3 лицо,['nan'],Санкт-Петербург,Отд. изд.,1,0,,['nan'],1,0,0,0,0,0,0,0,0,0,0,0,0,0,0,0,0,0,0,0,0,0,0,0,0,0,0,0,0,0,0,0,0,0,0,0,1,True
"Гейнце, Николай Эдуардович",Тайна высокого дома,Роман из сибирской жизни в 2 частях,1894,мужской,0,"детективный, социально-психологический",криминальный,детективный,социально-психологический,авантюрный,,,0,3 лицо,"['криминальный мир', 'купцы', 'промышленники']",Санкт-Петербург,Отд. изд.,1,1,gejnze_n_tajna_vysokogo_doma_1898.txt,"['криминальный мир', 'купцы']",0,0,0,0,0,0,0,1,0,0,1,0,0,0,0,0,0,0,0,0,0,0,0,0,0,0,0,0,0,0,0,0,0,0,0,0,2,True
"Гнедич, Петр Петрович",Китайские тени,Роман,1894,мужской,0,исторический роман,исторический,,,,,,0,3 лицо,"['история', 'пароход', 'дворяне']",Санкт-Петербург,Русский вестник,1,0,,"['другое', 'дворяне']",0,1,0,0,0,0,0,0,0,0,0,0,0,0,0,0,0,1,0,0,0,0,0,0,0,0,0,0,0,0,0,0,0,0,0,0,2,True
"Головин (Орловский), Константин Федорович",На весах,Роман,1894,мужской,1,,,,,,,,0,3 лицо,['nan'],Санкт-Петербург,Русский вестник,1,0,,['nan'],1,0,0,0,0,0,0,0,0,0,0,0,0,0,0,0,0,0,0,0,0,0,0,0,0,0,0,0,0,0,0,0,0,0,0,0,1,True
"Головин (Орловский), Константин Федорович",Погром,Роман,1894,мужской,1,,,,,,,,0,3 лицо,['nan'],Санкт-Петербург,Русское обозрение,1,0,,['nan'],1,0,0,0,0,0,0,0,0,0,0,0,0,0,0,0,0,0,0,0,0,0,0,0,0,0,0,0,0,0,0,0,0,0,0,0,1,True
"Голохвастов, К.К.",Шамиль,Повесть из времен покорения Кавказа,1894,мужской,0,"исторический, казаки",исторический,,,,,,0,1 лицо,"['история', 'война', 'кавказ']",Санкт-Петербург,Отд. изд.,1,0,,['другое'],0,0,0,0,0,0,0,0,0,0,0,0,0,0,0,0,0,1,0,0,0,0,0,0,0,0,0,0,0,0,0,0,0,0,0,0,1,True
"Гринев, Сергей Апполонович",Повстанцы,Роман из времени польского восстания 1863 г.,1894,мужской,0,исторический роман; польское восстание 1863 г.,исторический,,,,,,0,,['nan'],Киев,Отд. изд.,1,0,,['nan'],1,0,0,0,0,0,0,0,0,0,0,0,0,0,0,0,0,0,0,0,0,0,0,0,0,0,0,0,0,0,0,0,0,0,0,0,1,True
"Дан, Фёдор Ильич",Юлиан Отступник,Исторический роман,1894,мужской,0,исторический,исторический,,,,,,0,3 лицо,['nan'],,Наблюдатель,0,0,,['nan'],1,0,0,0,0,0,0,0,0,0,0,0,0,0,0,0,0,0,0,0,0,0,0,0,0,0,0,0,0,0,0,0,0,0,0,0,1,True
"Дубровина, Екатерина Оскаровна",Бескровная месть,Исторический роман,1894,женский,0,исторический роман,исторический,,,,,,0,,['nan'],Санкт-Петербург,Отд. изд.,1,0,,['nan'],1,0,0,0,0,0,0,0,0,0,0,0,0,0,0,0,0,0,0,0,0,0,0,0,0,0,0,0,0,0,0,0,0,0,0,0,1,True
"Каменская, Мария Федоровна",Бабушкин внук,Роман в 3-х частях М. Ф. Каменской,1894,женский,0,,,,,,,,0,3 лицо,['nan'],,Нива,0,0,,['nan'],1,0,0,0,0,0,0,0,0,0,0,0,0,0,0,0,0,0,0,0,0,0,0,0,0,0,0,0,0,0,0,0,0,0,0,0,1,True
"Красницкий, Александр Иванович",Петербургские бандиты,Роман А. Лаврова,1894,мужской,0,,,,,,,,0,3 лицо,['nan'],,Родина,0,0,,['nan'],1,0,0,0,0,0,0,0,0,0,0,0,0,0,0,0,0,0,0,0,0,0,0,0,0,0,0,0,0,0,0,0,0,0,0,0,1,True
"Крыжановская (Рочестер), Вера Ивановна",Рекенштейны,Роман,1894,женский,0,социальный роман,социальный,социально-психологический,семейный,нравоописательный,,,0,3 лицо,"['быт', 'общество']",Санкт-Петербург,Отд. изд.,1,1,kryzhanovskaya_v_rekenshtejny_1894.txt,"['другое', 'горожане']",0,0,0,0,0,0,0,0,0,0,0,0,0,0,0,0,0,1,1,0,0,0,0,0,0,0,0,0,0,0,0,0,0,0,0,0,2,True
"Крыжановская (Рочестер), Вера Ивановна",Царица Хатасу,Роман,1894,женский,0,"исторический, древний египет",исторический,исторический,экзотический,авантюрный,философский,,0,3 лицо,['царицы'],Санкт-Петербург,Отд. изд.,1,1,kryzhanovskaya_v_zariza_khatasu_1894.txt,['легендарные исторические фигуры'],0,0,0,0,1,0,0,0,0,0,0,0,0,0,0,0,0,0,0,0,0,0,0,0,0,0,0,0,0,0,0,0,0,0,0,0,1,True
"Крыжановская (Рочестер), Вера Ивановна",Геркуланум,Роман римской эпохи,1894,женский,0,"исторический, любовный, древний рим",исторический,,,,,,0,,['nan'],Санкт-Петербург,Отд. изд.,1,0,,['nan'],1,0,0,0,0,0,0,0,0,0,0,0,0,0,0,0,0,0,0,0,0,0,0,0,0,0,0,0,0,0,0,0,0,0,0,0,1,True
"Летнев, П.",Без воли,повесть,1894,женский,1,исторический,исторический,,,,,,0,,['nan'],,Книжки Недели,0,0,,['nan'],1,0,0,0,0,0,0,0,0,0,0,0,0,0,0,0,0,0,0,0,0,0,0,0,0,0,0,0,0,0,0,0,0,0,0,0,1,True
"Летнев, П.",На смену прошлого,,1894,женский,1,"социальный, буржуазия",социальный,,,,,,0,,['nan'],,Отд. изд.,0,0,,['nan'],1,0,0,0,0,0,0,0,0,0,0,0,0,0,0,0,0,0,0,0,0,0,0,0,0,0,0,0,0,0,0,0,0,0,0,0,1,True
"Льдов, Константин",Саранча,Роман,1894,мужской,1,роман о литературной среде,,,,,,,0,3 лицо,"['петербург', 'общество', 'творчество', 'литературная среда']",Санкт-Петербург,Отд. изд.,1,0,,"['горожане', 'творческие люди']",0,0,0,0,0,0,0,0,0,0,0,0,0,1,0,0,0,0,1,0,0,0,0,0,0,0,0,0,0,0,0,0,0,0,0,0,2,True
"Мамин-Сибиряк, Дмитрий Наркисович",Без названия,Роман,1894,мужской,1,"утопический, интеллигенция",утопический,утопический,идеологический,философский,,,0,3 лицо,['интеллигенция'],,Мир божий,0,1,mamin-sibiryak_d_bez_nazvaniya_1894.txt,['разночинцы'],0,0,0,1,0,0,0,0,0,0,0,0,0,0,0,0,0,0,0,0,0,0,0,0,0,0,0,0,0,0,0,0,0,0,0,0,1,True
"Мамин-Сибиряк, Дмитрий Наркисович",Черты из жизни Пепко,Роман,1894,мужской,1,автобиографический,биографический,социально-психологический,роман воспитания,,,,0,1 лицо,"['петербург', 'чахонка']",,Русское богатство,0,1,mamin-sibiryak_d_cherty_iz_zhizni_pepko_1894.txt,['горожане'],0,0,0,0,0,0,0,0,0,0,0,0,0,0,0,0,0,0,1,0,0,0,0,0,0,0,0,0,0,0,0,0,0,0,0,0,1,True
"Мердер, Надежда Ивановна",Танькина карьера,Роман из быта петербургской прислуги,1894,женский,1,"социально-психологический, дворяне",социальный,,,,,,0,3 лицо,"['крестьянка', 'прислуга', 'проститутув']",,Русское обозрение,0,0,,"['крестьяне', 'слуги', 'женщины']",0,0,0,0,0,0,1,0,0,0,0,0,0,0,0,1,0,0,0,0,0,0,0,0,0,0,0,0,0,0,0,0,0,1,0,0,3,True
"Нагродская, Евдокия Аполлоновна",Дочь дьявола,na,1894,женский,0,"мистический, аристократы",фантастический,,,,,,0,,['nan'],,"Сын отечества, еженед. прил.",0,0,,['nan'],1,0,0,0,0,0,0,0,0,0,0,0,0,0,0,0,0,0,0,0,0,0,0,0,0,0,0,0,0,0,0,0,0,0,0,0,1,True
"Немирович-Данченко, Василий Иванович",Мгла,Роман,1894,мужской,0,"социально-психологический, дворяне",социальный,,,,,,0,3 лицо,"['усадьба', 'москва', 'дворяне']",Москва,Артист,1,0,,"['другое', 'горожане', 'дворяне']",0,1,0,0,0,0,0,0,0,0,0,0,0,0,0,0,0,1,1,0,0,0,0,0,0,0,0,0,0,0,0,0,0,0,0,0,3,True
"Павлов, Н.И.",Развязка,Роман,1894,мужской,0,,,,,,,,0,1 лицо,['nan'],,Русский вестник,0,0,,['nan'],1,0,0,0,0,0,0,0,0,0,0,0,0,0,0,0,0,0,0,0,0,0,0,0,0,0,0,0,0,0,0,0,0,0,0,0,1,True
"Пономарев, Иван Николаевич",Защитник угнетенных,Роман в двух частях,1894,мужской,0,уголовный,криминальный,,,,,,0,3 лицо,['nan'],Санкт-Петербург,Отд. изд.,1,0,,['nan'],1,0,0,0,0,0,0,0,0,0,0,0,0,0,0,0,0,0,0,0,0,0,0,0,0,0,0,0,0,0,0,0,0,0,0,0,1,True
"Романов, Вадим Владимирович",Из недалекого прошлого,Роман в трех частях,1894,мужской,0,"беллетристика, дочь купца-татрина, дворяне",,,,,,,0,3 лицо,"['дочь купца-татрина', 'дворяне']",,Русский вестник,0,0,,"['женщины', 'дворяне']",0,1,0,0,0,0,0,0,0,0,0,0,0,0,0,1,0,0,0,0,0,0,0,0,0,0,0,0,0,0,0,0,0,0,0,0,2,True
"Рыскин, Сергей Федорович",Молодость Петра Великого,Исторический роман,1894,мужской,0,исторический,исторический,,,,,,0,3 лицо,['nan'],,Русский листок,0,0,,['nan'],1,0,0,0,0,0,0,0,0,0,0,0,0,0,0,0,0,0,0,0,0,0,0,0,0,0,0,0,0,0,0,0,0,0,0,0,1,True
"Рыскин, Сергей Федорович","Раскольничьи ""мощи""",Тайны лже-архиерейского подворья,1894,мужской,0,социально-психологический,социальный,,,,,,0,3 лицо,['старообрядцы'],,Петербургский листок,0,0,,['сектанты'],0,0,0,0,0,0,0,0,0,0,0,0,0,0,0,0,0,0,0,1,0,0,0,0,0,0,0,0,0,0,0,0,0,0,0,0,1,True
"Рыскин, Сергей Федорович",Чурбановские миллионы,Уголовный роман,1894,мужской,0,социально-психологический; старообрядцы,социальный,,,,,,0,3 лицо,['nan'],,Петербургский листок,0,0,,['nan'],1,0,0,0,0,0,0,0,0,0,0,0,0,0,0,0,0,0,0,0,0,0,0,0,0,0,0,0,0,0,0,0,0,0,0,0,1,True
"Салиас, Евгений Андреевич",Via facti,Исторический роман (1771-1773 гг.),1894,мужской,1,"исторический, барская конфедерация, польша",исторический,,,,,,0,3 лицо,['nan'],,Исторический вестник,0,0,,['nan'],1,0,0,0,0,0,0,0,0,0,0,0,0,0,0,0,0,0,0,0,0,0,0,0,0,0,0,0,0,0,0,0,0,0,0,0,1,True
"Соколов, Александр Алексеевич",Отец Алексей из Заозерья,Роман в 3 ч. Александра Соколова,1894,мужской,1,сельский священник,,,,,,,0,,['сельский священник'],Санкт-Петербург,Отд. изд.,1,0,,['духовенство'],0,0,0,0,0,0,0,0,0,0,0,0,1,0,0,0,0,0,0,0,0,0,0,0,0,0,0,0,0,0,0,0,0,0,0,0,1,True
"Соколов, Александр Алексеевич",Привязанный к боярышне,роман в 2 частях,1894,мужской,1,исторический,исторический,,,,,,0,,['nan'],Санкт-Петербург,Отд. изд.,1,0,,['nan'],1,0,0,0,0,0,0,0,0,0,0,0,0,0,0,0,0,0,0,0,0,0,0,0,0,0,0,0,0,0,0,0,0,0,0,0,1,True
"Стахеев, Дмитрий Иванович",Горы золота,Роман,1894,мужской,0,роман,,,,,,,0,3 лицо,"['историческая личность', 'биография']",,Русский вестник,0,0,,['легендарные исторические фигуры'],0,0,0,0,1,0,0,0,0,0,0,0,0,0,0,0,0,0,0,0,0,0,0,0,0,0,0,0,0,0,0,0,0,0,0,0,1,True
"Терпигорев, Сергей Николаевич",По старому руслу,Роман С.Н. Терпигорева,1894,мужской,0,крестьяне,,,,,,,0,3 лицо,['крестьяне'],,Родина,0,0,,['крестьяне'],0,0,0,0,0,0,1,0,0,0,0,0,0,0,0,0,0,0,0,0,0,0,0,0,0,0,0,0,0,0,0,0,0,0,0,0,1,True
"Цеханович, Александр Николаевич",Страшное дело,Роман,1894,мужской,0,,,детективный,социально-психологический,уголовный,,,0,3 лицо,['nan'],,Петербургский листок,0,1,zekhanovich_a_strashnoe_delo_1894.txt,['nan'],1,0,0,0,0,0,0,0,0,0,0,0,0,0,0,0,0,0,0,0,0,0,0,0,0,0,0,0,0,0,0,0,0,0,0,0,1,True
"Ясинский, Иероним Иеронимович",Горный ручей,роман,1894,мужской,0,из жизни критиков и журналистов,описательный,,,,,,0,3 лицо,"['критики', 'журналисты']",,Наблюдатель,0,0,,['творческие люди'],0,0,0,0,0,0,0,0,0,0,0,0,0,1,0,0,0,0,0,0,0,0,0,0,0,0,0,0,0,0,0,0,0,0,0,0,1,True
"Амфитеатров, Александр Валентинович",Жар-цвет,Фантастический роман,1895,мужской,0,фантастический роман,фантастический,оккультный,мистический,психологический,любовный,фантастический,0,1 лицо,"['дворянин', 'покойница']",Берлин,Север,1,1,amfiteatrov_a_zhar-zvet_1895.txt,"['дворяне', 'женщины']",0,1,0,0,0,0,0,0,0,0,0,0,0,0,0,1,0,0,0,0,0,0,0,0,0,0,0,0,0,0,0,0,0,0,0,0,2,True
"Апраксин, Александр Дмитриевич",Больное место,Роман А.Д. Апраксина,1895,мужской,0,обнищание крестьянства,социальный,,,,,,0,3 лицо,"['петербург', 'дворяне', 'крестьяне']",Москва,Отд. изд.,1,0,,"['горожане', 'дворяне', 'крестьяне']",0,1,0,0,0,0,1,0,0,0,0,0,0,0,0,0,0,0,1,0,0,0,0,0,0,0,0,0,0,0,0,0,0,0,0,0,3,True
"Бажин, Николай Федотович",Злое дело,роман,1895,мужской,0,"социальный роман, интеллигенция",социальный,,,,,,0,3 лицо,['интеллигенция'],,Наблюдатель,0,0,,['разночинцы'],0,0,0,1,0,0,0,0,0,0,0,0,0,0,0,0,0,0,0,0,0,0,0,0,0,0,0,0,0,0,0,0,0,0,0,0,1,True
"Басанин, Марк",Конец «Голубятни»,,1895,женский,1,антинигилистический роман,социальный,,,,,,0,3 лицо,"['рабочие', 'разночинцы']",,Исторический вестник,0,0,,"['рабочие', 'разночинцы']",0,0,0,1,0,0,0,0,0,0,0,0,0,0,1,0,0,0,0,0,0,0,0,0,0,0,0,0,0,0,0,0,0,0,0,0,2,True
"Боборыкин, Петр Дмитриевич",Ходок,Роман в 3 частях,1895,мужской,0,соц.-психологический,социальный,,,,,,0,3 лицо,['дворяне'],,Вестник Европы,0,0,,['дворяне'],0,1,0,0,0,0,0,0,0,0,0,0,0,0,0,0,0,0,0,0,0,0,0,0,0,0,0,0,0,0,0,0,0,0,0,0,1,True
"Волконский, Михаил Николаевич",Брат герцога,Исторический роман графа М.Н. Волконского,1895,мужской,0,"историко-авантюрный роман, неофициальная история",исторический,,,,,,0,3 лицо,['nan'],Санкт-Петербург,Нива,1,0,,['nan'],1,0,0,0,0,0,0,0,0,0,0,0,0,0,0,0,0,0,0,0,0,0,0,0,0,0,0,0,0,0,0,0,0,0,0,0,1,True
"Гейнце, Николай Эдуардович",По трупам,Соврем. уголов. роман : В 2 частях,1895,мужской,0,уголовно-бытовой,криминальный,,,,,,0,,['nan'],Санкт-Петербург,Отд. изд.,1,0,,['nan'],1,0,0,0,0,0,0,0,0,0,0,0,0,0,0,0,0,0,0,0,0,0,0,0,0,0,0,0,0,0,0,0,0,0,0,0,1,True
"Гейнце, Николай Эдуардович",Князь Тавриды,Исторический роман в трех частях,1895,мужской,0,исторический,исторический,,,,,,0,3 лицо,['аристократы'],Санкт-Петербург,Отд. изд.,1,0,,['аристократы'],0,0,1,0,0,0,0,0,0,0,0,0,0,0,0,0,0,0,0,0,0,0,0,0,0,0,0,0,0,0,0,0,0,0,0,0,1,True
"Гейнце, Николай Эдуардович",Коронованный рыцарь (Тайны Таврического сада),Историч. роман из времен царствования имп. Павла I : В 3 ч.,1895,мужской,0,исторический,исторический,исторический,авантюрный,политический,психологический,,0,3 лицо,"['аристократы', 'легендарные исторические фигуры']",Санкт-Петербург,Отд. изд.,1,1,gejnze_n_koronovannyj_ryzar_tajny_tavricheskogo_sada_1895.txt,"['аристократы', 'легендарные исторические фигуры']",0,0,1,0,1,0,0,0,0,0,0,0,0,0,0,0,0,0,0,0,0,0,0,0,0,0,0,0,0,0,0,0,0,0,0,0,2,True
"Гейнце, Николай Эдуардович",Новгородская вольница,Исторический роман из времен Иоанна III. В 2 частях,1895,мужской,0,исторический,исторический,исторический,авантюрный,политический,,,0,3 лицо,['аристократия прошлого'],Санкт-Петербург,Отд. изд.,1,1,gejnze_n_novgorodskaya_volniza_1895.txt,['аристократы'],0,0,1,0,0,0,0,0,0,0,0,0,0,0,0,0,0,0,0,0,0,0,0,0,0,0,0,0,0,0,0,0,0,0,0,0,1,True
"Голицын (Муравлин), Дмитрий Петрович",Поэзия,,1895,мужской,0,социально-психологический,социальный,,,,,,0,3 лицо,['дворяне'],Санкт-Петербург,Отд. изд.,1,0,,['дворяне'],0,1,0,0,0,0,0,0,0,0,0,0,0,0,0,0,0,0,0,0,0,0,0,0,0,0,0,0,0,0,0,0,0,0,0,0,1,True
"Гуревич, Любовь Яковлевна",Плоскогорье,роман,1895,женский,0,социально-психологический,социальный,,,,,,0,3 лицо,['интелигенция'],,Северный Вестник,0,0,,['разночинцы'],0,0,0,1,0,0,0,0,0,0,0,0,0,0,0,0,0,0,0,0,0,0,0,0,0,0,0,0,0,0,0,0,0,0,0,0,1,True
"Животов, Николай Николаевич",Тайны двух клубов,Роман в 2-х частях с эпилогом,1895,мужской,0,детективный,криминальный,,,,,,0,,['nan'],Санкт-Петербург,Отд. изд.,1,0,,['nan'],1,0,0,0,0,0,0,0,0,0,0,0,0,0,0,0,0,0,0,0,0,0,0,0,0,0,0,0,0,0,0,0,0,0,0,0,1,True
"Зарин, Андрей Ефимович",Под корень,Роман,1895,мужской,0,культурно-исторические,исторический,,,,,,0,3 лицо,"['мещане', 'рабочие']",Санкт-Петербург,Отд. изд.,1,0,,"['мещане', 'рабочие']",0,0,0,0,0,0,0,0,0,0,0,0,0,0,1,0,0,0,0,0,1,0,0,0,0,0,0,0,0,0,0,0,0,0,0,0,2,True
"Красницкий, Александр Иванович",В тумане тысячелетия,Исторический роман из эпохи образования русского государства,1895,мужской,0,исторический роман,исторический,исторический,,,,,0,3 лицо,['nan'],Санкт-Петербург,"Ежемесячное приложение к ""Родине""",1,1,krasnizkij_a_v_tumane_tysyacheletiya_1895.txt,['nan'],1,0,0,0,0,0,0,0,0,0,0,0,0,0,0,0,0,0,0,0,0,0,0,0,0,0,0,0,0,0,0,0,0,0,0,0,1,True
"Круглов, Александр Васильевич",Немудреное счастье,Роман в 2 ч,1895,мужской,0,социально-психологический,социальный,,,,,,0,,"['мещане', 'мелкие чиновники']",Санкт-Петербург,Отд. изд.,1,0,,"['мещане', 'чиновники']",0,0,0,0,0,0,0,0,1,0,0,0,0,0,0,0,0,0,0,0,1,0,0,0,0,0,0,0,0,0,0,0,0,0,0,0,2,True
"Летнев, П.",В наше смутное время,Роман в 3 ч.,1895,женский,1,"социальный, буржуазия",социальный,,,,,,0,,['nan'],Киев,Отд. изд.,1,0,,['nan'],1,0,0,0,0,0,0,0,0,0,0,0,0,0,0,0,0,0,0,0,0,0,0,0,0,0,0,0,0,0,0,0,0,0,0,0,1,True
"Литвин, Савелий Константинович",В лесах и подпольях,Исторический роман,1895,мужской,1,исторический роман,исторический,,,,,,0,3 лицо,"['дворяне', 'военные', 'евреи']",Санкт-Петербург,Отд. изд.,1,0,,"['дворяне', 'военные', 'народности и этнические группы']",0,1,0,0,0,1,0,0,0,1,0,0,0,0,0,0,0,0,0,0,0,0,0,0,0,0,0,0,0,0,0,0,0,0,0,0,3,True
"Луговой, Алексей Алексеевич",Тенета,Роман,1895,мужской,1,социально-психологический,социальный,,,,,,0,,['дворяне'],,Артист; Северный курьер; Отд. изд.,0,0,,['дворяне'],0,1,0,0,0,0,0,0,0,0,0,0,0,0,0,0,0,0,0,0,0,0,0,0,0,0,0,0,0,0,0,0,0,0,0,0,1,True
"Мамин-Сибиряк, Дмитрий Наркисович",Хлеб,Роман,1895,мужской,1,социально-психологический,социальный,,,,,,0,3 лицо,['крестьяне'],,Русская мысль,0,0,,['крестьяне'],0,0,0,0,0,0,1,0,0,0,0,0,0,0,0,0,0,0,0,0,0,0,0,0,0,0,0,0,0,0,0,0,0,0,0,0,1,True
"Марков, Владислав Львович",Мечты и жизнь,Роман,1895,мужской,0,,,,,,,,0,3 лицо,['nan'],,Русское обозрение,0,0,,['nan'],1,0,0,0,0,0,0,0,0,0,0,0,0,0,0,0,0,0,0,0,0,0,0,0,0,0,0,0,0,0,0,0,0,0,0,0,1,True
"Мережковский, Дмитрий Сергеевич",Смерть богов. (Юлиан Отступник),Исторический роман в 2 частях,1895,мужской,0,"трилогия ""христос и антихрист"". исторический, религиозно-философский роман",философский,исторический,философский,религиозный,символистский,,1,3 лицо,['легендарные исторические фигуры'],,Северный вестник,0,1,merezhkovskij_d_smert_bogov_yulian_otstupnik_1895.txt,['легендарные исторические фигуры'],0,0,0,0,1,0,0,0,0,0,0,0,0,0,0,0,0,0,0,0,0,0,0,0,0,0,0,0,0,0,0,0,0,0,0,0,1,True
"Мордовцев, Даниил Лукич",Богиня Изида-сваха,,1895,мужской,0,"исторический, богиня",исторический,,,,,,0,3 лицо,['история'],Санкт-Петербург,Отд. изд.,1,0,,['другое'],0,0,0,0,0,0,0,0,0,0,0,0,0,0,0,0,0,1,0,0,0,0,0,0,0,0,0,0,0,0,0,0,0,0,0,0,1,True
"Морозов, Михаил Абрамович",В потемках,роман,1895,мужской,0,"социально-психологический, автобиография, купечество",социальный,,,,,,0,,['nan'],Санкт-Петербург,Отд. изд.,1,0,,['nan'],1,0,0,0,0,0,0,0,0,0,0,0,0,0,0,0,0,0,0,0,0,0,0,0,0,0,0,0,0,0,0,0,0,0,0,0,1,True
"Немирович-Данченко, Василий Иванович",Горные орлы,Исторический роман из времен Кавказской войны,1895,мужской,0,"исторический, лезгины, военные",исторический,,,,,,0,3 лицо,['nan'],Санкт-Петербург,Отд. изд.,1,0,,['nan'],1,0,0,0,0,0,0,0,0,0,0,0,0,0,0,0,0,0,0,0,0,0,0,0,0,0,0,0,0,0,0,0,0,0,0,0,1,True
"Немирович-Данченко, Василий Иванович",Забытая крепость,Исторический роман из времен Кавказской войны,1895,мужской,0,"исторический, военные",исторический,,,,,,0,3 лицо,"['история', 'александр македонский']",Санкт-Петербург,Отд. изд.,1,0,,"['другое', 'легендарные исторические фигуры']",0,0,0,0,1,0,0,0,0,0,0,0,0,0,0,0,0,1,0,0,0,0,0,0,0,0,0,0,0,0,0,0,0,0,0,0,2,True
"Немирович-Данченко, Василий Иванович",Старый дом (Мертвая ткань),,1895,мужской,0,социально-психологический,социальный,,,,,,0,3 лицо,['дворяне'],Москва,Отд. изд.,1,0,,['дворяне'],0,1,0,0,0,0,0,0,0,0,0,0,0,0,0,0,0,0,0,0,0,0,0,0,0,0,0,0,0,0,0,0,0,0,0,0,1,True
"Пазухин, Алексей Михайлович",Купленная невеста,Повесть,1895,мужской,0,"политический, любовный",социальный,,,,,,0,3 лицо,"['дворяне', 'крестьяне']",Москва,Отд. изд.,1,0,,"['дворяне', 'крестьяне']",0,1,0,0,0,0,1,0,0,0,0,0,0,0,0,0,0,0,0,0,0,0,0,0,0,0,0,0,0,0,0,0,0,0,0,0,2,True
"Писемский, Алексей Феофилактович",Люди сороковых годов,Роман в пяти частях,1895,мужской,0,исторический роман,исторический,,,,,,0,3 лицо,['дворяне'],,Отд. изд. (СС),0,0,,['дворяне'],0,1,0,0,0,0,0,0,0,0,0,0,0,0,0,0,0,0,0,0,0,0,0,0,0,0,0,0,0,0,0,0,0,0,0,0,1,True
"Раменский, Н.",Братья-изгои,роман в 3 частях,1895,мужской,1,"соц.-психологический, воспитатель-гимназист",социальный,,,,,,0,3 лицо,"['гимназия', 'быт', 'общество']",Москва,Отд. изд.,1,0,,"['другое', 'горожане']",0,0,0,0,0,0,0,0,0,0,0,0,0,0,0,0,0,1,1,0,0,0,0,0,0,0,0,0,0,0,0,0,0,0,0,0,2,True
"Ромер, Федор Эмильевич",Нерешенные задачи,Роман в 4-х частях,1895,мужской,0,соц.-психологический,социальный,,,,,,0,3 лицо,"['молодые', 'атеистично настроенные революционеры']",,Новое слово,0,0,,"['студенты', 'революционеры']",0,0,0,0,0,0,0,0,0,0,0,1,0,0,0,0,0,0,0,0,0,0,0,1,0,0,0,0,0,0,0,0,0,0,0,0,2,True
"Рыскин, Сергей Федорович",Греховодники,Тайны лжепоповщины,1895,мужской,0,социально-психологический; старообрядцы,социальный,,,,,,0,3 лицо,['nan'],,Петербургский листок,0,0,,['nan'],1,0,0,0,0,0,0,0,0,0,0,0,0,0,0,0,0,0,0,0,0,0,0,0,0,0,0,0,0,0,0,0,0,0,0,0,1,True
"Светлов, Валериан Яковлевич",Золоченая богема,Роман из петербургской жизни,1895,мужской,1,социальный роман,социальный,,,,,,0,3 лицо,"['быт', 'общество']",Санкт-Петербург,Отд. изд.,1,0,,"['другое', 'горожане']",0,0,0,0,0,0,0,0,0,0,0,0,0,0,0,0,0,1,1,0,0,0,0,0,0,0,0,0,0,0,0,0,0,0,0,0,2,True
"Севастьянов, Александр Николаевич",Любовь и деньги,Роман А. Н. Севастьянова,1895,мужской,0,криминальный,криминальный,,,,,,0,3 лицо,['nan'],,Романы оригинальные и переводные,0,0,,['nan'],1,0,0,0,0,0,0,0,0,0,0,0,0,0,0,0,0,0,0,0,0,0,0,0,0,0,0,0,0,0,0,0,0,0,0,0,1,True
"Соколов, Александр Алексеевич",В недрах раскола,роман в 2 частях,1895,мужской,1,раскольники,социальный,,,,,,0,,['раскольники'],Санкт-Петербург,Отд. изд.,1,0,,['сектанты'],0,0,0,0,0,0,0,0,0,0,0,0,0,0,0,0,0,0,0,1,0,0,0,0,0,0,0,0,0,0,0,0,0,0,0,0,1,True
"Соловьев, Всеволод Сергеевич",Цветы бездны,Роман,1895,мужской,0,социально-психологический,социальный,,,,,,0,3 лицо,['дворяне разночинцы'],,Русский вестник,0,0,,['дворяне'],0,1,0,0,0,0,0,0,0,0,0,0,0,0,0,0,0,0,0,0,0,0,0,0,0,0,0,0,0,0,0,0,0,0,0,0,1,True
"Сологуб, Федор Кузьмич",Тяжелые сны,Роман,1895,мужской,1,"социально-психологический, декадентский;",социальный,,,,,,1,3 лицо,"['разночинцы', 'дворяне']",,Северный вестник,0,0,,"['разночинцы', 'дворяне']",0,1,0,1,0,0,0,0,0,0,0,0,0,0,0,0,0,0,0,0,0,0,0,0,0,0,0,0,0,0,0,0,0,0,0,0,2,True
"Станюкович, Константин Михайлович",История одной жизни,Роман,1895,мужской,0,"роман о пролетариате, рабочих",социальный,,,,,,0,3 лицо,"['господин', 'дворяне', 'петербург', 'пролетариат', 'рабочие']",,Мир Божий,0,0,,"['помещики', 'дворяне', 'горожане', 'рабочие']",0,1,0,0,0,0,0,0,0,0,0,0,0,0,1,0,1,0,1,0,0,0,0,0,0,0,0,0,0,0,0,0,0,0,0,0,4,True
"Старицкий, Михаил Петрович",Перед бурей,Исторический роман из времен Хмельниччины,1895,мужской,0,,,исторический,политический,этнографический,,,0,3 лицо,['nan'],,Московский листок,0,1,starizkij_m_pered_burej_1895.txt,['nan'],1,0,0,0,0,0,0,0,0,0,0,0,0,0,0,0,0,0,0,0,0,0,0,0,0,0,0,0,0,0,0,0,0,0,0,0,1,True
"Тхоржевский, Корнелий Владиславович",В боевых трудах и на покое,,1895,мужской,0,,,,,,,,0,3 лицо,['nan'],,Разведчик,0,0,,['nan'],1,0,0,0,0,0,0,0,0,0,0,0,0,0,0,0,0,0,0,0,0,0,0,0,0,0,0,0,0,0,0,0,0,0,0,0,1,True
"Фирсов, В.Н.",Две сестры,Роман,1895,мужской,0,,,,,,,,0,1 лицо,['nan'],,Русский вестник,0,0,,['nan'],1,0,0,0,0,0,0,0,0,0,0,0,0,0,0,0,0,0,0,0,0,0,0,0,0,0,0,0,0,0,0,0,0,0,0,0,1,True
"Цеханович, Александр Николаевич",Темный Петербург,Роман,1895,мужской,0,,,,,,,,0,,['nan'],,"Романы оригинальные и переводные. Бесплатное прил. к газ. ,,Луч“",0,0,,['nan'],1,0,0,0,0,0,0,0,0,0,0,0,0,0,0,0,0,0,0,0,0,0,0,0,0,0,0,0,0,0,0,0,0,0,0,0,1,True
"Цеханович, Александр Николаевич",Кровавый туз,Роман А. Цехановича,1895,мужской,0,,,,,,,,0,3 лицо,['nan'],,Петербургская газета,0,0,,['nan'],1,0,0,0,0,0,0,0,0,0,0,0,0,0,0,0,0,0,0,0,0,0,0,0,0,0,0,0,0,0,0,0,0,0,0,0,1,True
"Цеханович, Александр Николаевич",В дебрях таинственного,Роман А. Цехановича,1895,мужской,0,,,,,,,,0,3 лицо,['nan'],,Петербургская газета,0,0,,['nan'],1,0,0,0,0,0,0,0,0,0,0,0,0,0,0,0,0,0,0,0,0,0,0,0,0,0,0,0,0,0,0,0,0,0,0,0,1,True
"Шеллер-Михайлов, Александр Константинович",Тернистый путь,Роман Михайлова (А. К. Шеллера),1895,мужской,1,,,,,,,,0,3 лицо,['nan'],,Живописное обозрение,0,0,,['nan'],1,0,0,0,0,0,0,0,0,0,0,0,0,0,0,0,0,0,0,0,0,0,0,0,0,0,0,0,0,0,0,0,0,0,0,0,1,True
"Александров, Виктор",Без исхода,Роман в 2 частях,1896,мужской,0,детективный,криминальный,,,,,,0,,['nan'],Санкт-Петербург,Отд. изд.,1,0,,['nan'],1,0,0,0,0,0,0,0,0,0,0,0,0,0,0,0,0,0,0,0,0,0,0,0,0,0,0,0,0,0,0,0,0,0,0,0,1,True
"Алексеев, Николай Николаевич",Татарский отпрыск,Исторический роман в четырех частях,1896,мужской,0,исторический роман,исторический,,,,,,0,3 лицо,['аристократия прошлого'],Санкт-Петербург,Отд. изд.,1,0,,['аристократы'],0,0,1,0,0,0,0,0,0,0,0,0,0,0,0,0,0,0,0,0,0,0,0,0,0,0,0,0,0,0,0,0,0,0,0,0,1,True
"Аничкова, Идалия Мечиславовна",Рингильда,Исторический роман тринадцатого столетия,1896,женский,0,"исторический, любовный",исторический,исторический,любовный,авантюрный,,,0,3 лицо,"['духовенство', 'священники', 'дворяне']",Санкт-Петербург,Отд. изд.,1,1,anichkova_i_ringilda_1896.txt,"['духовенство', 'дворяне']",0,1,0,0,0,0,0,0,0,0,0,0,1,0,0,0,0,0,0,0,0,0,0,0,0,0,0,0,0,0,0,0,0,0,0,0,2,True
"Бажин, Николай Федотович",Трус,Роман Н. Ф. Бажина,1896,мужской,0,социальный роман,социальный,,,,,,0,3 лицо,['интеллигенция'],,Наблюдатель,0,0,,['разночинцы'],0,0,0,1,0,0,0,0,0,0,0,0,0,0,0,0,0,0,0,0,0,0,0,0,0,0,0,0,0,0,0,0,0,0,0,0,1,True
"Баранцевич, Казимир Станиславович",Борцы,Роман,1896,мужской,0,бытописательный роман,описательный,,,,,,0,3 лицо,['военные'],,Русское богатство,0,0,,['военные'],0,0,0,0,0,1,0,0,0,0,0,0,0,0,0,0,0,0,0,0,0,0,0,0,0,0,0,0,0,0,0,0,0,0,0,0,1,True
"Баранцевич, Казимир Станиславович","Вавилонская башня. История возникновения, существования и падения одного фантастического общества",Юмористический роман в 2-х частях,1896,мужской,0,юмористический роман,юмористический,,,,,,0,3 лицо,"['дворяне', 'разночинцы', 'крестьяне']",Москва,Отд. изд.,1,0,,"['дворяне', 'разночинцы', 'крестьяне']",0,1,0,1,0,0,1,0,0,0,0,0,0,0,0,0,0,0,0,0,0,0,0,0,0,0,0,0,0,0,0,0,0,0,0,0,3,True
"Боборыкин, Петр Дмитриевич",Княгиня,Роман в 2 частях,1896,мужской,0,соц.-психологический,социальный,,,,,,0,3 лицо,['дворяне'],,Вестник Европы,0,0,,['дворяне'],0,1,0,0,0,0,0,0,0,0,0,0,0,0,0,0,0,0,0,0,0,0,0,0,0,0,0,0,0,0,0,0,0,0,0,0,1,True
"Волконский, Михаил Николаевич",Кольцо императрицы,Исторический роман эпохи XVIII столетия,1896,мужской,0,"историко-авантюрный роман, неофициальная история",исторический,,,,,,0,3 лицо,['аристократия прошлого'],,Нива,0,0,,['аристократы'],0,0,1,0,0,0,0,0,0,0,0,0,0,0,0,0,0,0,0,0,0,0,0,0,0,0,0,0,0,0,0,0,0,0,0,0,1,True
"Гейнце, Николай Эдуардович",Генералиссимус Суворов,Исторический роман XVIII столетия : В 3-х частях,1896,мужской,0,исторический,исторический,исторический,биографический,военный,,,0,3 лицо,"['аристократы', 'военные']",Санкт-Петербург,Отд. изд.,1,1,gejnze_n_generalissimus_suvorov_1896.txt,"['аристократы', 'военные']",0,0,1,0,0,1,0,0,0,0,0,0,0,0,0,0,0,0,0,0,0,0,0,0,0,0,0,0,0,0,0,0,0,0,0,0,2,True
"Гейнце, Николай Эдуардович",Герой конца века,Роман-хроника в трех частях,1896,мужской,0,"любовный, исторический, уголовно-бытовой",любовный,,,,,,0,3 лицо,['аристократы'],Санкт-Петербург,Отд. изд.,1,0,,['аристократы'],0,0,1,0,0,0,0,0,0,0,0,0,0,0,0,0,0,0,0,0,0,0,0,0,0,0,0,0,0,0,0,0,0,0,0,0,1,True
"Гейнце, Николай Эдуардович",Под гнетом страсти,Роман в 3-х ч,1896,мужской,0,"любовный, уголовно-бытовой",любовный,любовный,уголовный,авантюрный,нравоописательный,светский,0,1 лицо,"['криминальный мир', 'дворяне', 'разночинцы']",Санкт-Петербург,Отд. изд.,1,1,gejnze_n_pod_gnetom_strasti_1896.txt,"['криминальный мир', 'дворяне', 'разночинцы']",0,1,0,1,0,0,0,0,0,0,1,0,0,0,0,0,0,0,0,0,0,0,0,0,0,0,0,0,0,0,0,0,0,0,0,0,3,True
"Ельцова, К.",В чужом гнезде,Роман,1896,женский,1,социально-психологический,социальный,,,,,,0,3 лицо,['дворяне'],,Новое слово,0,0,,['дворяне'],0,1,0,0,0,0,0,0,0,0,0,0,0,0,0,0,0,0,0,0,0,0,0,0,0,0,0,0,0,0,0,0,0,0,0,0,1,True
"Животов, Николай Николаевич",Цыган Яшка,роман в 3 частях,1896,мужской,0,детективный,криминальный,,,,,,0,,"['купцы', 'цыгане']",Санкт-Петербург,Отд. изд.,1,0,,"['купцы', 'народности и этнические группы']",0,0,0,0,0,0,0,1,0,1,0,0,0,0,0,0,0,0,0,0,0,0,0,0,0,0,0,0,0,0,0,0,0,0,0,0,2,True
"Животов, Николай Николаевич",Леший барин,роман в 2 частях,1896,мужской,0,детективный,криминальный,,,,,,0,,['nan'],Санкт-Петербург,Отд. изд.,1,0,,['nan'],1,0,0,0,0,0,0,0,0,0,0,0,0,0,0,0,0,0,0,0,0,0,0,0,0,0,0,0,0,0,0,0,0,0,0,0,1,True
"Животов, Николай Николаевич",Макарка-Душегуб,Роман из петербургской жизни,1896,мужской,0,детективный,криминальный,детективный,уголовный,авантюрный,,,0,3 лицо,['разночинцы'],Санкт-Петербург,Отд. изд.,1,1,zhivotov_n_makarka-dushegub_1896.txt,['разночинцы'],0,0,0,1,0,0,0,0,0,0,0,0,0,0,0,0,0,0,0,0,0,0,0,0,0,0,0,0,0,0,0,0,0,0,0,0,1,True
"Зарин, Андрей Ефимович",Ложный след,Роман,1896,мужской,0,детективный,криминальный,,,,,,0,3 лицо,['мещане'],Санкт-Петербург,Отд. изд.,1,0,,['мещане'],0,0,0,0,0,0,0,0,0,0,0,0,0,0,0,0,0,0,0,0,1,0,0,0,0,0,0,0,0,0,0,0,0,0,0,0,1,True
"Кондратьев, Иван Кузьмич",Бич Божий,Исторический роман из жизни славян IV-го и V-го столетий,1896,мужской,0,"приключенческий, ист.",приключенческий,исторический,приключенческий,авантюрный,,,0,3 лицо,['гунны'],Москва,Отд. изд.,1,1,kalashnikov_i_bich_bozhij_1896.txt,['народности и этнические группы'],0,0,0,0,0,0,0,0,0,1,0,0,0,0,0,0,0,0,0,0,0,0,0,0,0,0,0,0,0,0,0,0,0,0,0,0,1,True
"Кондратьев, Иван Кузьмич",Раскольничьи гнезда,Исторический роман-хроника,1896,мужской,0,"приключенческий, ист., детективный,",приключенческий,,,,,,0,3 лицо,"['военные', 'раскольники', 'аристократия прошлого']",Москва,Отд. изд.,1,0,,"['военные', 'сектанты', 'аристократы']",0,0,1,0,0,1,0,0,0,0,0,0,0,0,0,0,0,0,0,1,0,0,0,0,0,0,0,0,0,0,0,0,0,0,0,0,3,True
"Красницкий, Александр Иванович",Матсмайские пленники,Исторический роман,1896,мужской,0,исторический роман,исторический,,,,,,0,3 лицо,['nan'],Москва,Отд. изд.,1,0,,['nan'],1,0,0,0,0,0,0,0,0,0,0,0,0,0,0,0,0,0,0,0,0,0,0,0,0,0,0,0,0,0,0,0,0,0,0,0,1,True
"Красницкий, Александр Иванович",Столичные тайны,na,1896,мужской,0,уголовный роман,криминальный,,,,,,0,,['nan'],Санкт-Петербург,Отд. изд.,1,0,,['nan'],1,0,0,0,0,0,0,0,0,0,0,0,0,0,0,0,0,0,0,0,0,0,0,0,0,0,0,0,0,0,0,0,0,0,0,0,1,True
"Краснов, Петр Николаевич",Атаман Платов,Новый исторический роман в двух частях из времен отечественной войны. П. Н. Краснова,1896,мужской,0,"историческая повесть, военная повесть, война 1812",исторический,,,,,,0,3 лицо,"['дворяне', 'военные']",,Домашняя библиотека,0,0,,"['дворяне', 'военные']",0,1,0,0,0,1,0,0,0,0,0,0,0,0,0,0,0,0,0,0,0,0,0,0,0,0,0,0,0,0,0,0,0,0,0,0,2,True
"Крушеван, Павел Александрович",Дело Артабанова,,1896,мужской,1,криминально-психологический,криминальный,,,,,,0,,['аристократы'],Москва,Отд. изд.,1,0,,['аристократы'],0,0,1,0,0,0,0,0,0,0,0,0,0,0,0,0,0,0,0,0,0,0,0,0,0,0,0,0,0,0,0,0,0,0,0,0,1,True
"Крыжановская (Рочестер), Вера Ивановна",Варфоломеевская ночь,Роман в 3 ч.,1896,женский,0,"исторический, средневековье",исторический,,,,,,0,,['nan'],Санкт-Петербург,Отд. изд.,1,0,,['nan'],1,0,0,0,0,0,0,0,0,0,0,0,0,0,0,0,0,0,0,0,0,0,0,0,0,0,0,0,0,0,0,0,0,0,0,0,1,True
"Мамин-Сибиряк, Дмитрий Наркисович",По новому пути,Роман Д. Мамина-Сибиряка,1896,мужской,1,социально-психологический,социальный,,,,,,0,3 лицо,['курсистка'],,Мир божий,0,0,,['женщины'],0,0,0,0,0,0,0,0,0,0,0,0,0,0,0,1,0,0,0,0,0,0,0,0,0,0,0,0,0,0,0,0,0,0,0,0,1,True
"Мордовцев, Даниил Лукич",Железом и кровью,Роман из истории завоевания Кавказа при Еромолове,1896,мужской,0,"исторический, военные",исторический,,,,,,0,3 лицо,"['военные', 'народности и этнические группы']",Санкт-Петербург,Отд. изд.,1,0,,"['военные', 'народности и этнические группы']",0,0,0,0,0,1,0,0,0,1,0,0,0,0,0,0,0,0,0,0,0,0,0,0,0,0,0,0,0,0,0,0,0,0,0,0,2,True
"Мордовцев, Даниил Лукич",Свету больше!,исторический роман,1896,мужской,0,исторический,исторический,,,,,,0,3 лицо,"['бояре', 'царская семья']",Санкт-Петербург,Отд. изд.,1,0,,"['бояре', 'легендарные исторические фигуры']",0,0,0,0,1,0,0,0,0,0,0,0,0,0,0,0,0,0,0,0,0,0,1,0,0,0,0,0,0,0,0,0,0,0,0,0,2,True
"Немирович-Данченко, Василий Иванович",Драма за сценой,Повесть,1896,мужской,0,социально-психологический,социальный,,,,,,0,3 лицо,['актеры'],,Русская мысль,0,0,,['творческие люди'],0,0,0,0,0,0,0,0,0,0,0,0,0,1,0,0,0,0,0,0,0,0,0,0,0,0,0,0,0,0,0,0,0,0,0,0,1,True
"Пазухин, Алексей Михайлович",Московский коршуны,Роман,1896,мужской,0,социально-психологический,социальный,,,,,,0,3 лицо,['аристократы'],Москва,Отд. изд.,1,0,,['аристократы'],0,0,1,0,0,0,0,0,0,0,0,0,0,0,0,0,0,0,0,0,0,0,0,0,0,0,0,0,0,0,0,0,0,0,0,0,1,True
"Пазухин, Алексей Михайлович",На обрывах Поволжья,Роман А. Пазухина,1896,мужской,0,уголовный роман,криминальный,,,,,,0,,['nan'],Москва,Отд. изд.,1,0,,['nan'],1,0,0,0,0,0,0,0,0,0,0,0,0,0,0,0,0,0,0,0,0,0,0,0,0,0,0,0,0,0,0,0,0,0,0,0,1,True
"Потапенко, Игнатий Николаевич",Не герой,Роман в двух частях,1896,мужской,0,социально-психологический,социальный,,,,,,0,3 лицо,['разночинцы'],Москва,Отд. изд.,1,0,,['разночинцы'],0,0,0,1,0,0,0,0,0,0,0,0,0,0,0,0,0,0,0,0,0,0,0,0,0,0,0,0,0,0,0,0,0,0,0,0,1,True
"Потапенко, Игнатий Николаевич",Один,Роман,1896,мужской,0,социально-психологический,социальный,,,,,,0,3 лицо,"['дворяне', 'крестьяне', 'разночинцы']",Москва,Отд. изд.,1,0,,"['дворяне', 'крестьяне', 'разночинцы']",0,1,0,1,0,0,1,0,0,0,0,0,0,0,0,0,0,0,0,0,0,0,0,0,0,0,0,0,0,0,0,0,0,0,0,0,3,True
"Рышков, Виктор Александрович",В паутине,Землевладельч. эпопея,1896,мужской,0,,,,,,,,0,,['nan'],Москва,Отд. изд.,1,0,,['nan'],1,0,0,0,0,0,0,0,0,0,0,0,0,0,0,0,0,0,0,0,0,0,0,0,0,0,0,0,0,0,0,0,0,0,0,0,1,True
"Светлов, Валериан Яковлевич",Белые цветы,Оригинальный роман из времен французской революции,1896,мужской,1,,,,,,,,0,,['nan'],Москва,Отд. изд.,1,0,,['nan'],1,0,0,0,0,0,0,0,0,0,0,0,0,0,0,0,0,0,0,0,0,0,0,0,0,0,0,0,0,0,0,0,0,0,0,0,1,True
"Светлов, Валериан Яковлевич",Призраки минувшего,Роман,1896,мужской,1,,,,,,,,0,,['nan'],Санкт-Петербург,Отд. изд.,1,0,,['nan'],1,0,0,0,0,0,0,0,0,0,0,0,0,0,0,0,0,0,0,0,0,0,0,0,0,0,0,0,0,0,0,0,0,0,0,0,1,True
"Светлов, Валериан Яковлевич",Семья или сцена?,Роман,1896,мужской,1,,,,,,,,0,,['актеры'],Санкт-Петербург,Отд. изд.,1,0,,['творческие люди'],0,0,0,0,0,0,0,0,0,0,0,0,0,1,0,0,0,0,0,0,0,0,0,0,0,0,0,0,0,0,0,0,0,0,0,0,1,True
"Старицкий, Михаил Петрович",Буря,Исторический роман из времен Хмельниччины,1896,мужской,0,,,исторический,политический,этнографический,,,0,3 лицо,['nan'],,Московский листок,0,1,starizkij_m_burya_1896.txt,['nan'],1,0,0,0,0,0,0,0,0,0,0,0,0,0,0,0,0,0,0,0,0,0,0,0,0,0,0,0,0,0,0,0,0,0,0,0,1,True
"Стахеев, Дмитрий Иванович",Духа не угашайте,Роман,1896,мужской,0,,,,,,,,0,3 лицо,['купечество'],,Русский вестник,0,0,,['купцы'],0,0,0,0,0,0,0,1,0,0,0,0,0,0,0,0,0,0,0,0,0,0,0,0,0,0,0,0,0,0,0,0,0,0,0,0,1,True
"Хрущев-Сокольников, Гавриил Александрович",Москва без маски,Роман Г.А. Хрущова-Сокольникова.,1896,мужской,0,,,,,,,,0,3 лицо,['дворяне'],Санкт-Петербург,Отд. изд.,1,0,,['дворяне'],0,1,0,0,0,0,0,0,0,0,0,0,0,0,0,0,0,0,0,0,0,0,0,0,0,0,0,0,0,0,0,0,0,0,0,0,1,True
"Череванский, Владимир Павлович",Любовь под боевым огнем,Историческая хроника,1896,мужской,0,,,,,,,,0,,['nan'],Санкт-Петербург,Отд. изд.,1,0,,['nan'],1,0,0,0,0,0,0,0,0,0,0,0,0,0,0,0,0,0,0,0,0,0,0,0,0,0,0,0,0,0,0,0,0,0,0,0,1,True
"Шаховская, Людмила Дмитриевна",Кесарь Адриан,Исторический роман,1896,женский,0,исторический,исторический,,,,,,0,,['nan'],Москва,Отд. изд.,1,0,,['nan'],1,0,0,0,0,0,0,0,0,0,0,0,0,0,0,0,0,0,0,0,0,0,0,0,0,0,0,0,0,0,0,0,0,0,0,0,1,True
"Ясинский, Иероним Иеронимович",Нечистая сила,роман,1896,мужской,0,,,,,,,,0,3 лицо,['nan'],,Родина,0,0,,['nan'],1,0,0,0,0,0,0,0,0,0,0,0,0,0,0,0,0,0,0,0,0,0,0,0,0,0,0,0,0,0,0,0,0,0,0,0,1,True
"Ясинский, Иероним Иеронимович",Юрьева могила,роман,1896,мужской,0,,,,,,,,0,,['nan'],,Свет,0,0,,['nan'],1,0,0,0,0,0,0,0,0,0,0,0,0,0,0,0,0,0,0,0,0,0,0,0,0,0,0,0,0,0,0,0,0,0,0,0,1,True
"Алексеев, Николай Николаевич",Преступный путь,Роман в 3 частях,1897,мужской,0,детективный,криминальный,,,,,,0,,['nan'],Санкт-Петербург,Отд. изд.,1,0,,['nan'],1,0,0,0,0,0,0,0,0,0,0,0,0,0,0,0,0,0,0,0,0,0,0,0,0,0,0,0,0,0,0,0,0,0,0,0,1,True
"Алексеев, Николай Николаевич",Среди бед,Исторический роман (1395-1407 гг.): В 2 ч,1897,мужской,0,исторический роман,исторический,,,,,,0,,['nan'],Санкт-Петербург,Отд. изд.,1,0,,['nan'],1,0,0,0,0,0,0,0,0,0,0,0,0,0,0,0,0,0,0,0,0,0,0,0,0,0,0,0,0,0,0,0,0,0,0,0,1,True
"Апраксин, Александр Дмитриевич",Светлые дни,Роман А.Д. Апраксина,1897,мужской,0,"криминальный, социальный",криминальный,,,,,,0,3 лицо,['дворяне'],Москва,Отд. изд.,1,0,,['дворяне'],0,1,0,0,0,0,0,0,0,0,0,0,0,0,0,0,0,0,0,0,0,0,0,0,0,0,0,0,0,0,0,0,0,0,0,0,1,True
"Апраксин, Александр Дмитриевич",Тяжкие миллионы,,1897,мужской,0,уголовный,криминальный,,,,,,0,3 лицо,['криминальный мир'],Москва,Отд. изд.,1,0,,['криминальный мир'],0,0,0,0,0,0,0,0,0,0,1,0,0,0,0,0,0,0,0,0,0,0,0,0,0,0,0,0,0,0,0,0,0,0,0,0,1,True
"Бажин, Николай Федотович",В начале жизни,роман,1897,мужской,0,социальный роман,социальный,,,,,,0,3 лицо,['интеллегенция'],,Наблюдатель,0,0,,['разночинцы'],0,0,0,1,0,0,0,0,0,0,0,0,0,0,0,0,0,0,0,0,0,0,0,0,0,0,0,0,0,0,0,0,0,0,0,0,1,True
"Боборыкин, Петр Дмитриевич",По-другому,Роман в 2 частях,1897,мужской,0,соц.-психологический,социальный,,,,,,0,3 лицо,['nan'],,Вестник Европы,0,0,,['nan'],1,0,0,0,0,0,0,0,0,0,0,0,0,0,0,0,0,0,0,0,0,0,0,0,0,0,0,0,0,0,0,0,0,0,0,0,1,True
"Булыгин, Петр Павлович",Расплата,Роман в трех частях,1897,мужской,0,социально-психологический,социальный,,,,,,0,,['дворяне'],Санкт-Петербург,Русское богатство,1,0,,['дворяне'],0,1,0,0,0,0,0,0,0,0,0,0,0,0,0,0,0,0,0,0,0,0,0,0,0,0,0,0,0,0,0,0,0,0,0,0,1,True
"Волконский, Михаил Николаевич",Записки прадеда,Роман,1897,мужской,0,исторический авантюрный роман,исторический,исторический,авантюрный,семейный,,,0,3 лицо,['nan'],Санкт-Петербург,Родина,1,1,volkonskij_m_zapiski_pradeda_1897.txt,['nan'],1,0,0,0,0,0,0,0,0,0,0,0,0,0,0,0,0,0,0,0,0,0,0,0,0,0,0,0,0,0,0,0,0,0,0,0,1,True
"Гейнце, Николай Эдуардович",Первый русский самодержец,Исторический роман в 2 частях,1897,мужской,0,исторический,исторический,,,,,,0,3 лицо,['аристократия прошлого'],Санкт-Петербург,Отд. изд.,1,0,,['аристократы'],0,0,1,0,0,0,0,0,0,0,0,0,0,0,0,0,0,0,0,0,0,0,0,0,0,0,0,0,0,0,0,0,0,0,0,0,1,True
"Гейнце, Николай Эдуардович",Тайна любви,Роман в 3-х частях,1897,мужской,0,любовный,любовный,любовный,социально-психологический,бытовой,,,0,3 лицо,['nan'],Санкт-Петербург,Отд. изд.,1,1,gejnze_n_tajna_lyubvi_1897.txt,['nan'],1,0,0,0,0,0,0,0,0,0,0,0,0,0,0,0,0,0,0,0,0,0,0,0,0,0,0,0,0,0,0,0,0,0,0,0,1,True
"Гнедич, Петр Петрович",Ноша мира сего,Роман,1897,мужской,0,социально-психологический,социальный,,,,,,0,1 лицо,['разночинцы'],,Книжки Недели,0,0,,['разночинцы'],0,0,0,1,0,0,0,0,0,0,0,0,0,0,0,0,0,0,0,0,0,0,0,0,0,0,0,0,0,0,0,0,0,0,0,0,1,True
"Дубровина, Екатерина Оскаровна",Жертва трех честолюбий,Исторический роман Е. О. Дубровиной в 2 частях,1897,женский,0,исторический роман,исторический,,,,,,0,3 лицо,['аристократия прошлого'],Санкт-Петербург,Родина,1,0,,['аристократы'],0,0,1,0,0,0,0,0,0,0,0,0,0,0,0,0,0,0,0,0,0,0,0,0,0,0,0,0,0,0,0,0,0,0,0,0,1,True
"Емельянов-Коханский, Александр Николаевич",Клеопатра,,1897,мужской,0,,,,,,,,0,,['nan'],Москва,Отд. изд.,1,0,,['nan'],1,0,0,0,0,0,0,0,0,0,0,0,0,0,0,0,0,0,0,0,0,0,0,0,0,0,0,0,0,0,0,0,0,0,0,0,1,True
"Емельянов-Коханский, Александр Николаевич",Сумерки века,,1897,мужской,0,,,,,,,,0,,['nan'],Москва,Отд. изд.,1,0,,['nan'],1,0,0,0,0,0,0,0,0,0,0,0,0,0,0,0,0,0,0,0,0,0,0,0,0,0,0,0,0,0,0,0,0,0,0,0,1,True
"Животов, Николай Николаевич",Дочь трактирщика,роман,1897,мужской,0,детективный,криминальный,,,,,,0,,['nan'],Санкт-Петербург,Отд. изд.,1,0,,['nan'],1,0,0,0,0,0,0,0,0,0,0,0,0,0,0,0,0,0,0,0,0,0,0,0,0,0,0,0,0,0,0,0,0,0,0,0,1,True
"Красницкий, Александр Иванович",Роковые миллионы,Роман,1897,мужской,0,детективный роман,криминальный,,,,,,0,,['nan'],Санкт-Петербург,Отд. изд.,1,0,,['nan'],1,0,0,0,0,0,0,0,0,0,0,0,0,0,0,0,0,0,0,0,0,0,0,0,0,0,0,0,0,0,0,0,0,0,0,0,1,True
"Крыжановский, Николай Андреевич",На берегу Черного моря,Роман,1897,мужской,0,любовный,любовный,,,,,,0,1 лицо,['духовенство\\священники'],,Русское обозрение,0,0,,['духовенство'],0,0,0,0,0,0,0,0,0,0,0,0,1,0,0,0,0,0,0,0,0,0,0,0,0,0,0,0,0,0,0,0,0,0,0,0,1,True
"Лухманова, Надежда Александровна",В порыве страстей,,1897,женский,0,любовный роман,любовный,,,,,,0,,['nan'],Санкт-Петербург,Отд. изд.,1,0,,['nan'],1,0,0,0,0,0,0,0,0,0,0,0,0,0,0,0,0,0,0,0,0,0,0,0,0,0,0,0,0,0,0,0,0,0,0,0,1,True
"Мещерский, Владимир Петрович",Мужчины петербуржского большого света,na,1897,мужской,0,сатирический роман,юмористический,,,,,,0,,['nan'],Санкт-Петербург,Отд. изд.,1,0,,['nan'],1,0,0,0,0,0,0,0,0,0,0,0,0,0,0,0,0,0,0,0,0,0,0,0,0,0,0,0,0,0,0,0,0,0,0,0,1,True
"Мещерский, Владимир Петрович",Письма от отца к сыну (старого правоведа к новому) и сына (министра) к отцу,(Из прошлого),1897,мужской,0,сатирический роман,юмористический,,,,,,0,,['nan'],Санкт-Петербург,Отд. изд.,1,0,,['nan'],1,0,0,0,0,0,0,0,0,0,0,0,0,0,0,0,0,0,0,0,0,0,0,0,0,0,0,0,0,0,0,0,0,0,0,0,1,True
"Мордовцев, Даниил Лукич",Ирод,Исторический роман,1897,мужской,0,исторический роман,исторический,исторический,религиозный,психологический,,,0,3 лицо,['аристократия прошлого'],Санкт-Петербург,Отд. изд.,1,1,mordovzev_d_irod_1897.txt,['аристократы'],0,0,1,0,0,0,0,0,0,0,0,0,0,0,0,0,0,0,0,0,0,0,0,0,0,0,0,0,0,0,0,0,0,0,0,0,1,True
"Мордовцев, Даниил Лукич",Прометеево потомство,Роман из истории последних дней независимости Абхазии в трех частях,1897,мужской,0,исторический,исторический,,,,,,0,3 лицо,['народности и этнические группы'],Санкт-Петербург,Отд. изд.,1,0,,['народности и этнические группы'],0,0,0,0,0,0,0,0,0,1,0,0,0,0,0,0,0,0,0,0,0,0,0,0,0,0,0,0,0,0,0,0,0,0,0,0,1,True
"Немирович-Данченко, Василий Иванович",На пути к счастью,Роман в двух частях,1897,мужской,0,,,социально-психологический,любовный,нравоописательный,,,0,3 лицо,['nan'],,Нива,0,1,nemirovich-danchenko_v_na_puti_k_schastyu_1897.txt,['nan'],1,0,0,0,0,0,0,0,0,0,0,0,0,0,0,0,0,0,0,0,0,0,0,0,0,0,0,0,0,0,0,0,0,0,0,0,1,True
"Немирович-Данченко, Василий Иванович",Волчья сыть,Роман в трех частях,1897,мужской,0,социально-психологический,социальный,социально-психологический,бытовой,идеологический,,,0,1 лицо,['дельцы'],Санкт-Петербург,Отд. изд.,1,1,nemirovich-danchenko_v_volchya_syt_1897.txt,['купцы'],0,0,0,0,0,0,0,1,0,0,0,0,0,0,0,0,0,0,0,0,0,0,0,0,0,0,0,0,0,0,0,0,0,0,0,0,1,True
"Немирович-Данченко, Василий Иванович",Пекло,роман,1897,мужской,0,социально-психологический,социальный,,,,,,0,,['рабочие'],Одесса,Одесские новости,1,0,,['рабочие'],0,0,0,0,0,0,0,0,0,0,0,0,0,0,1,0,0,0,0,0,0,0,0,0,0,0,0,0,0,0,0,0,0,0,0,0,1,True
"Окрейц, Станислав Станиславович",Сквозь огонь и воду,Роман,1897,мужской,0,,,,,,,,0,3 лицо,['nan'],,Наблюдатель,0,0,,['nan'],1,0,0,0,0,0,0,0,0,0,0,0,0,0,0,0,0,0,0,0,0,0,0,0,0,0,0,0,0,0,0,0,0,0,0,0,1,True
"Ольшанин, Дмитрий",Невменяемые,Роман,1897,мужской,0,,,,,,,,0,3 лицо,['nan'],,Русский вестник,0,0,,['nan'],1,0,0,0,0,0,0,0,0,0,0,0,0,0,0,0,0,0,0,0,0,0,0,0,0,0,0,0,0,0,0,0,0,0,0,0,1,True
"Потапенко, Игнатий Николаевич",Счастье поневоле,,1897,мужской,0,социально-психологический,социальный,,,,,,0,3 лицо,['выпускник института'],Москва,Отд. изд.,1,0,,['разночинцы'],0,0,0,1,0,0,0,0,0,0,0,0,0,0,0,0,0,0,0,0,0,0,0,0,0,0,0,0,0,0,0,0,0,0,0,0,1,True
"Прохоров-Риваль, Владимир Алексеевич",Искра счастья,Роман,1897,мужской,1,"социальный, биржевики",социальный,,,,,,0,3 лицо,['nan'],,Русский листок,0,0,,['nan'],1,0,0,0,0,0,0,0,0,0,0,0,0,0,0,0,0,0,0,0,0,0,0,0,0,0,0,0,0,0,0,0,0,0,0,0,1,True
"Пружанский, Николай Осипович",Новый Моисей,Роман в двух частях из современной русско-еврейской жизни,1897,мужской,1,социально-психологический,социальный,,,,,,0,3 лицо,['народности и этнические группы'],Санкт-Петербург,Отд. изд.,1,0,,['народности и этнические группы'],0,0,0,0,0,0,0,0,0,1,0,0,0,0,0,0,0,0,0,0,0,0,0,0,0,0,0,0,0,0,0,0,0,0,0,0,1,True
"Салиас, Евгений Андреевич",Экзотики,Роман в трех частях,1897,мужской,1,любовный,любовный,,,,,,0,1 лицо,['дворяне'],,Вестник Европы,0,0,,['дворяне'],0,1,0,0,0,0,0,0,0,0,0,0,0,0,0,0,0,0,0,0,0,0,0,0,0,0,0,0,0,0,0,0,0,0,0,0,1,True
"Северин, Н.",Из далекого прошлого,Роман,1897,женский,1,,,,,,,,0,3 лицо,['nan'],,Русский вестник,0,0,,['nan'],1,0,0,0,0,0,0,0,0,0,0,0,0,0,0,0,0,0,0,0,0,0,0,0,0,0,0,0,0,0,0,0,0,0,0,0,1,True
"Соколова, Александра Ивановна",До седьмого колена,Роман,1897,женский,0,,,,,,,,0,3 лицо,['nan'],,Петербургский листок,0,0,,['nan'],1,0,0,0,0,0,0,0,0,0,0,0,0,0,0,0,0,0,0,0,0,0,0,0,0,0,0,0,0,0,0,0,0,0,0,0,1,True
"Станюкович, Константин Михайлович",Жрецы,,1897,мужской,0,университетская среда,,,,,,,0,3 лицо,"['студенты университета', 'преподаватели']",,Русское богатство,0,0,,"['студенты', 'учителя']",0,0,0,0,0,0,0,0,0,0,0,0,0,0,0,0,0,0,0,0,0,0,0,1,0,0,1,0,0,0,0,0,0,0,0,0,2,True
"Старицкий, Михаил Петрович",У пристани,Исторический роман из времен Хмельниччины,1897,мужской,0,,,социально-психологический,семейный,бытовой,,,0,3 лицо,['nan'],,Московский листок,0,1,starizkij_m_u_pristani_1897.txt,['nan'],1,0,0,0,0,0,0,0,0,0,0,0,0,0,0,0,0,0,0,0,0,0,0,0,0,0,0,0,0,0,0,0,0,0,0,0,1,True
"Фёдоров, Александр Митрофанович",Степь сказалась,Новый роман А. М. Федорова,1897,мужской,0,,,,,,,,0,3 лицо,['nan'],,Живописное обозрение,0,0,,['nan'],1,0,0,0,0,0,0,0,0,0,0,0,0,0,0,0,0,0,0,0,0,0,0,0,0,0,0,0,0,0,0,0,0,0,0,0,1,True
"Щепкина, Александра Владимировна",Бояре Стародубские,Исторический роман из времен царя Алексея Михайловича,1897,женский,0,исторический,исторический,,,,,,0,3 лицо,"['военные', 'дворяне']",Москва,Отд. изд.,1,0,,"['военные', 'дворяне']",0,1,0,0,0,1,0,0,0,0,0,0,0,0,0,0,0,0,0,0,0,0,0,0,0,0,0,0,0,0,0,0,0,0,0,0,2,True
"Ясинский, Иероним Иеронимович",Нежеланные дети,Роман И.И. Ясинского (Максима Белинского) : В 3 ч.,1897,мужской,0,,,,,,,,0,,['nan'],Санкт-Петербург,Отд. изд.,1,0,,['nan'],1,0,0,0,0,0,0,0,0,0,0,0,0,0,0,0,0,0,0,0,0,0,0,0,0,0,0,0,0,0,0,0,0,0,0,0,1,True
"Алексеев, Николай Николаевич",Розы и тернии,Исторический роман в двух частях,1898,мужской,0,исторический роман,исторический,исторический,любовный,социально-психологический,,,0,3 лицо,"['аристократия прошлого', 'крестьяне']",Санкт-Петербург,Отд. изд.,1,1,alekseev_n_rozy_i_ternii_1898.txt,"['аристократы', 'крестьяне']",0,0,1,0,0,0,1,0,0,0,0,0,0,0,0,0,0,0,0,0,0,0,0,0,0,0,0,0,0,0,0,0,0,0,0,0,2,True
"Апраксин, Александр Дмитриевич","325,000 рублей",роман,1898,мужской,0,уголовный роман,криминальный,,,,,,0,3 лицо,['банковский служащий'],Москва,Отд. изд.,1,0,,['чиновники'],0,0,0,0,0,0,0,0,1,0,0,0,0,0,0,0,0,0,0,0,0,0,0,0,0,0,0,0,0,0,0,0,0,0,0,0,1,True
"Беляев, Иван Степанович",Искушение,Исторический роман XVIII века,1898,мужской,0,"исторический роман, xviii в.",исторический,,,,,,0,,['nan'],Москва,Отд. изд.,1,0,,['nan'],1,0,0,0,0,0,0,0,0,0,0,0,0,0,0,0,0,0,0,0,0,0,0,0,0,0,0,0,0,0,0,0,0,0,0,0,1,True
"Боборыкин, Петр Дмитриевич",Тяга,Роман в 2 частях,1898,мужской,0,социально-психологический,социальный,,,,,,0,3 лицо,['nan'],,Вестник Европы,0,0,,['nan'],1,0,0,0,0,0,0,0,0,0,0,0,0,0,0,0,0,0,0,0,0,0,0,0,0,0,0,0,0,0,0,0,0,0,0,0,1,True
"Вербицкая, Анастасия Алексеевна",Вавочка,Повесть в 3-х частях,1898,женский,0,,,,,,,,0,3 лицо,['nan'],Санкт-Петербург,Жизнь,1,0,,['nan'],1,0,0,0,0,0,0,0,0,0,0,0,0,0,0,0,0,0,0,0,0,0,0,0,0,0,0,0,0,0,0,0,0,0,0,0,1,True
"Волконский, Михаил Николаевич",Мертвые и живые,Роман,1898,мужской,0,социально-психологический роман,социальный,,,,,,0,3 лицо,['nan'],,Русский вестник,0,0,,['nan'],1,0,0,0,0,0,0,0,0,0,0,0,0,0,0,0,0,0,0,0,0,0,0,0,0,0,0,0,0,0,0,0,0,0,0,0,1,True
"Вроцкий, Н.А.",Под ударами судьбы,Роман,1898,мужской,1,мелодраматический,любовный,,,,,,0,,['nan'],Санкт-Петербург,Отд. изд.,1,0,,['nan'],1,0,0,0,0,0,0,0,0,0,0,0,0,0,0,0,0,0,0,0,0,0,0,0,0,0,0,0,0,0,0,0,0,0,0,0,1,True
"Гейнце, Николай Эдуардович",Власть женщины,Повесть,1898,мужской,0,любовный,любовный,,,,,,0,3 лицо,['аристократия прошлого'],Санкт-Петербург,Отд. изд.,1,0,,['аристократы'],0,0,1,0,0,0,0,0,0,0,0,0,0,0,0,0,0,0,0,0,0,0,0,0,0,0,0,0,0,0,0,0,0,0,0,0,1,True
"Гейнце, Николай Эдуардович",Современный самозванец,Роман-хроника в 3-х частях,1898,мужской,0,"уголовный, любовный",криминальный,уголовный,любовный,авантюрный,,,0,3 лицо,['криминальный мир'],Санкт-Петербург,Отд. изд.,1,1,gejnze_n_sovremennyj_samozvanez_1898.txt,['криминальный мир'],0,0,0,0,0,0,0,0,0,0,1,0,0,0,0,0,0,0,0,0,0,0,0,0,0,0,0,0,0,0,0,0,0,0,0,0,1,True
"Гейнце, Николай Эдуардович",Людоедка,Исторический роман XVIII в. : В 3 частях,1898,мужской,0,уголовно-бытовой,криминальный,уголовный,бытовой,социально-психологический,,,0,3 лицо,"['духовенство', 'священники', 'аристократия прошлого', 'легендарные исторические фигуры']",Санкт-Петербург,Отд. изд.,1,1,gejnze_n_lyudoedka_1898.txt,"['духовенство', 'аристократы', 'легендарные исторические фигуры']",0,0,1,0,1,0,0,0,0,0,0,0,1,0,0,0,0,0,0,0,0,0,0,0,0,0,0,0,0,0,0,0,0,0,0,0,3,True
"Животов, Николай Николаевич",Подложный жених,роман в 3 частях,1898,мужской,0,детективный,криминальный,,,,,,0,,['nan'],Санкт-Петербург,Отд. изд.,1,0,,['nan'],1,0,0,0,0,0,0,0,0,0,0,0,0,0,0,0,0,0,0,0,0,0,0,0,0,0,0,0,0,0,0,0,0,0,0,0,1,True
И.Р.,Любовь победила,Роман в 2 частях,1898,unknown,1,,,,,,,,0,1 лицо,['nan'],,Русский вестник,0,0,,['nan'],1,0,0,0,0,0,0,0,0,0,0,0,0,0,0,0,0,0,0,0,0,0,0,0,0,0,0,0,0,0,0,0,0,0,0,0,1,True
"Кондратьев, Иван Кузьмич",Трифон-Сокольник,Историческая быль XVI столетия в двух частях с эпилогом,1898,мужской,0,исторический,исторический,,,,,,0,,['nan'],Москва,Отд. изд.,1,0,,['nan'],1,0,0,0,0,0,0,0,0,0,0,0,0,0,0,0,0,0,0,0,0,0,0,0,0,0,0,0,0,0,0,0,0,0,0,0,1,True
"Красницкий, Александр Иванович",Гроза Византии,,1898,мужской,0,исторический роман,исторический,исторический,военный,авантюрный,политический,,0,3 лицо,['nan'],Санкт-Петербург,Отд. изд.,1,1,krasnizkij_a_groza_vizantii_1898.txt,['nan'],1,0,0,0,0,0,0,0,0,0,0,0,0,0,0,0,0,0,0,0,0,0,0,0,0,0,0,0,0,0,0,0,0,0,0,0,1,True
"Лебедев, М.","За Богом молитва, за царем служба не пропадают",Исторический роман-хроника из эпохи отечественной войны (1812 г.),1898,мужской,0,исторический роман,исторический,,,,,,0,,['nan'],Санкт-Петербург,Отд. изд.,1,0,,['nan'],1,0,0,0,0,0,0,0,0,0,0,0,0,0,0,0,0,0,0,0,0,0,0,0,0,0,0,0,0,0,0,0,0,0,0,0,1,True
"Луговой, Алексей Алексеевич",Возврат,Роман колеблющихся настроений,1898,мужской,1,социально-психологический,социальный,,,,,,0,,['nan'],,Русская мысль,0,0,,['nan'],1,0,0,0,0,0,0,0,0,0,0,0,0,0,0,0,0,0,0,0,0,0,0,0,0,0,0,0,0,0,0,0,0,0,0,0,1,True
"Микулич, В.",Мимочка,Очерк,1898,женский,1,социально-психологический,социальный,социально-психологический,бытовой,,,,0,3 лицо,['дворяне'],,Северный вестник,0,1,veselitskaya_l_mimochka_1898.txt,['дворяне'],0,1,0,0,0,0,0,0,0,0,0,0,0,0,0,0,0,0,0,0,0,0,0,0,0,0,0,0,0,0,0,0,0,0,0,0,1,True
"Назарьева, Капитолина Валериановна",Дорогой ценой,Роман,1898,женский,0,соц.-психологический,социальный,,,,,,0,,"['разночинцы', 'врачи']",Санкт-Петербург,Отд. изд.,1,0,,"['разночинцы', 'врачи']",0,0,0,1,0,0,0,0,0,0,0,0,0,0,0,0,0,0,0,0,0,0,0,0,0,0,0,0,0,0,0,0,0,0,1,0,2,True
"Невежин, Пётр Михайлович",Приманка,Роман,1898,мужской,0,социально-психологический,социальный,,,,,,0,3 лицо,['разночинцы'],Москва,Отд. изд.,1,0,,['разночинцы'],0,0,0,1,0,0,0,0,0,0,0,0,0,0,0,0,0,0,0,0,0,0,0,0,0,0,0,0,0,0,0,0,0,0,0,0,1,True
"Немирович-Данченко, Василий Иванович",На пути к вечности,Роман,1898,мужской,0,социально-психологический,социальный,,,,,,0,3 лицо,"['дворяне', 'разночинцы']",,Нива,0,0,,"['дворяне', 'разночинцы']",0,1,0,1,0,0,0,0,0,0,0,0,0,0,0,0,0,0,0,0,0,0,0,0,0,0,0,0,0,0,0,0,0,0,0,0,2,True
"Немирович-Данченко, Василий Иванович",Великий старик,Роман,1898,мужской,0,социально-психологический,социальный,,,,,,0,3 лицо,['разночинцы'],Санкт-Петербург,Отд. изд.,1,0,,['разночинцы'],0,0,0,1,0,0,0,0,0,0,0,0,0,0,0,0,0,0,0,0,0,0,0,0,0,0,0,0,0,0,0,0,0,0,0,0,1,True
"Пазухин, Алексей Михайлович",После грозы,Роман,1898,мужской,0,социально-психологический,социальный,,,,,,0,3 лицо,"['купцы', 'промышленники']",Москва,Отд. изд.,1,0,,['купцы'],0,0,0,0,0,0,0,1,0,0,0,0,0,0,0,0,0,0,0,0,0,0,0,0,0,0,0,0,0,0,0,0,0,0,0,0,1,True
"Пазухин, Алексей Михайлович",Тайна Воробьевых гор,Повесть,1898,мужской,0,"социально-психологический, купцы",социальный,,,,,,0,3 лицо,['купцы'],Москва,Отд. изд.,1,0,,['купцы'],0,0,0,0,0,0,0,1,0,0,0,0,0,0,0,0,0,0,0,0,0,0,0,0,0,0,0,0,0,0,0,0,0,0,0,0,1,True
"Пазухин, Алексей Михайлович",Драма на Волге,Роман,1898,мужской,0,социально-психологический,социальный,,,,,,0,,['аристократия прошлого'],Москва,Отд. изд.,1,0,,['аристократы'],0,0,1,0,0,0,0,0,0,0,0,0,0,0,0,0,0,0,0,0,0,0,0,0,0,0,0,0,0,0,0,0,0,0,0,0,1,True
"Полевой, Петр Николаевич",Бесово отродье,Историческая повесть для юношества,1898,мужской,0,исторический,исторический,,,,,,0,3 лицо,['nan'],,Московский листок,0,0,,['nan'],1,0,0,0,0,0,0,0,0,0,0,0,0,0,0,0,0,0,0,0,0,0,0,0,0,0,0,0,0,0,0,0,0,0,0,0,1,True
"Полевой, Петр Николаевич",На роковом просторе,,1898,мужской,0,исторический,исторический,,,,,,0,,['nan'],Санкт-Петербург,Отд. изд.,1,0,,['nan'],1,0,0,0,0,0,0,0,0,0,0,0,0,0,0,0,0,0,0,0,0,0,0,0,0,0,0,0,0,0,0,0,0,0,0,0,1,True
"Потапенко, Игнатий Николаевич",Через любовь,Роман И. Н. Потапенко,1898,мужской,0,,,,,,,,0,3 лицо,['nan'],,Нива,0,0,,['nan'],1,0,0,0,0,0,0,0,0,0,0,0,0,0,0,0,0,0,0,0,0,0,0,0,0,0,0,0,0,0,0,0,0,0,0,0,1,True
"Потапенко, Игнатий Николаевич",Два счастья,Роман в трех частях,1898,мужской,0,социально-психологический,социальный,,,,,,0,3 лицо,['дворяне'],Москва,Отд. изд.,1,0,,['дворяне'],0,1,0,0,0,0,0,0,0,0,0,0,0,0,0,0,0,0,0,0,0,0,0,0,0,0,0,0,0,0,0,0,0,0,0,0,1,True
"Потапенко, Игнатий Николаевич",Живая жизнь,Роман,1898,мужской,0,социально-психологический,социальный,,,,,,0,3 лицо,['разночинец'],Москва,Отд. изд.,1,0,,['разночинцы'],0,0,0,1,0,0,0,0,0,0,0,0,0,0,0,0,0,0,0,0,0,0,0,0,0,0,0,0,0,0,0,0,0,0,0,0,1,True
"Потапенко, Игнатий Николаевич",Записки молодого человека,,1898,мужской,0,"социально-психологический, любовный",социальный,,,,,,0,1 лицо,"['разночинцы', 'купцы', 'промышленники']",Москва,Отд. изд.,1,0,,"['разночинцы', 'купцы']",0,0,0,1,0,0,0,1,0,0,0,0,0,0,0,0,0,0,0,0,0,0,0,0,0,0,0,0,0,0,0,0,0,0,0,0,2,True
"Потапенко, Игнатий Николаевич",Слово и дело,Отрывок из воспоминаний,1898,мужской,0,социально-психологический,социальный,социально-психологический,идеологический,нравоописательный,,,0,3 лицо,['аристократия прошлого'],Санкт-Петербург,Отд. изд.,1,1,potapenko_i_slovo_i_delo_1898.txt,['аристократы'],0,0,1,0,0,0,0,0,0,0,0,0,0,0,0,0,0,0,0,0,0,0,0,0,0,0,0,0,0,0,0,0,0,0,0,0,1,True
"Ромер, Федор Эмильевич",Под разными флагами,Роман в трех частях,1898,мужской,0,"соц.-психологический, молодые, атеистично настроенные революционеры",социальный,,,,,,0,3 лицо,['nan'],,Русское обозрение,0,0,,['nan'],1,0,0,0,0,0,0,0,0,0,0,0,0,0,0,0,0,0,0,0,0,0,0,0,0,0,0,0,0,0,0,0,0,0,0,0,1,True
"Светлов, Валериан Яковлевич",Уголок Колхиды,Роман,1898,мужской,1,семейно-бытовой,семейный,,,,,,0,,['nan'],Санкт-Петербург,Отд. изд.,1,0,,['nan'],1,0,0,0,0,0,0,0,0,0,0,0,0,0,0,0,0,0,0,0,0,0,0,0,0,0,0,0,0,0,0,0,0,0,0,0,1,True
"Светлов, Валериан Яковлевич",Пустынное сердце,,1898,мужской,1,социально-психологический,социальный,социально-психологический,философский,идеологический,,,0,3 лицо,['военные'],,Русская мысль,0,1,svetlov_v_pustynnoe_serdze_1898.txt,['военные'],0,0,0,0,0,1,0,0,0,0,0,0,0,0,0,0,0,0,0,0,0,0,0,0,0,0,0,0,0,0,0,0,0,0,0,0,1,True
"Северин, Н.",Коржинские коршуны,Роман-хроника,1898,женский,1,"социально-психологический, дворяне",социальный,,,,,,0,,['nan'],Санкт-Петербург,Отд. изд.,1,0,,['nan'],1,0,0,0,0,0,0,0,0,0,0,0,0,0,0,0,0,0,0,0,0,0,0,0,0,0,0,0,0,0,0,0,0,0,0,0,1,True
"Сергеенко, Петр Алексеевич",Дэзи,Роман,1898,мужской,0,,,,,,,,0,,['nan'],Москва,Отд. изд.,1,0,,['nan'],1,0,0,0,0,0,0,0,0,0,0,0,0,0,0,0,0,0,0,0,0,0,0,0,0,0,0,0,0,0,0,0,0,0,0,0,1,True
"Сизова, А.К.",Ксения Годунова,Исторический роман,1898,женский,0,исторический роман,исторический,исторический,биографический,психологический,политический,,0,3 лицо,"['аристократия прошлого', 'легендарные исторические фигуры']",,Литературные Вечера Нового Мира,0,1,sizova_a_kseniya_godunova_1898.txt,"['аристократы', 'легендарные исторические фигуры']",0,0,1,0,1,0,0,0,0,0,0,0,0,0,0,0,0,0,0,0,0,0,0,0,0,0,0,0,0,0,0,0,0,0,0,0,2,True
"Соколов, Александр Алексеевич",Под властью тьмы,Уголовный роман,1898,мужской,1,уголовный,криминальный,,,,,,0,,['nan'],Санкт-Петербург,Отд. изд.,1,0,,['nan'],1,0,0,0,0,0,0,0,0,0,0,0,0,0,0,0,0,0,0,0,0,0,0,0,0,0,0,0,0,0,0,0,0,0,0,0,1,True
"Старицкий, Михаил Петрович",Молодость Мазепы,роман,1898,мужской,0,,,исторический,биографический,авантюрный,этнографический,,0,3 лицо,['nan'],,Московский листок,0,1,starizkij_m_molodost_mazepy_1898.txt,['nan'],1,0,0,0,0,0,0,0,0,0,0,0,0,0,0,0,0,0,0,0,0,0,0,0,0,0,0,0,0,0,0,0,0,0,0,0,1,True
"Степняк-Кравчинский, Сергей Михайлович",Андрей Кожухов,Роман,1898,мужской,1,роман о нигилисте,социальный,идеологический,политический,социально-психологический,,,0,3 лицо,['nan'],Женева,Отд. изд.,1,1,stepnyak-kravchinskij_s_andrej_kozhukhov_1898.txt,['nan'],1,0,0,0,0,0,0,0,0,0,0,0,0,0,0,0,0,0,0,0,0,0,0,0,0,0,0,0,0,0,0,0,0,0,0,0,1,True
"Тихонов, Владимир Алексеевич",В деревне (Пустоцвет),Роман,1898,мужской,0,,,,,,,,0,,['nan'],,Новое время,0,0,,['nan'],1,0,0,0,0,0,0,0,0,0,0,0,0,0,0,0,0,0,0,0,0,0,0,0,0,0,0,0,0,0,0,0,0,0,0,0,1,True
"Фёдоров, Александр Митрофанович",Наследство,Роман,1898,мужской,0,,,,,,,,0,3 лицо,['nan'],Санкт-Петербург,Отд. изд.,1,0,,['nan'],1,0,0,0,0,0,0,0,0,0,0,0,0,0,0,0,0,0,0,0,0,0,0,0,0,0,0,0,0,0,0,0,0,0,0,0,1,True
"Шаховская, Людмила Дмитриевна",Лев-победитель,Первый в русской литературе исторический роман из абиссинской жизни,1898,женский,0,исторический роман,исторический,,,,,,0,,['nan'],Санкт-Петербург,Отд. изд.,1,0,,['nan'],1,0,0,0,0,0,0,0,0,0,0,0,0,0,0,0,0,0,0,0,0,0,0,0,0,0,0,0,0,0,0,0,0,0,0,0,1,True
"Шелонский, Николай Николаевич",Севастополь в осаде,Роман-хроника,1898,мужской,0,"исторический, военные",исторический,,,,,,0,,['nan'],Москва,Отд. изд.,1,0,,['nan'],1,0,0,0,0,0,0,0,0,0,0,0,0,0,0,0,0,0,0,0,0,0,0,0,0,0,0,0,0,0,0,0,0,0,0,0,1,True
"Шелонский, Николай Николаевич",Братья Святого Креста,Роман,1898,мужской,0,"исторический, фантастика, авантюрный",исторический,исторический,фантастический,авантюрный,мистический,,0,3 лицо,['народности и этнические группы'],Москва,Отд. изд.,1,1,shelonskij_n_bratya_svyatogo_kresta_1898.txt,['народности и этнические группы'],0,0,0,0,0,0,0,0,0,1,0,0,0,0,0,0,0,0,0,0,0,0,0,0,0,0,0,0,0,0,0,0,0,0,0,0,1,True
"Янов, А.Д.",Директор-Прошка,"(хроника сада ""Альгамбра"") Роман в 3-х частях из увеселительной жизни Петербурга. А. Д. Янова.",1898,мужской,1,"криминальный, уголовники",криминальный,,,,,,0,3 лицо,['nan'],,Петербургский листок,0,0,,['nan'],1,0,0,0,0,0,0,0,0,0,0,0,0,0,0,0,0,0,0,0,0,0,0,0,0,0,0,0,0,0,0,0,0,0,0,0,1,True
"Янов, А.Д.",Из-за денег,Роман из петербургской жизни в 3-х частях. А. Д. Янова.,1898,мужской,1,"криминальный, уголовники",криминальный,,,,,,0,3 лицо,['nan'],,Петербургский листок,0,0,,['nan'],1,0,0,0,0,0,0,0,0,0,0,0,0,0,0,0,0,0,0,0,0,0,0,0,0,0,0,0,0,0,0,0,0,0,0,0,1,True
"Алексеев, Николай Николаевич",Лжецаревич,Исторический роман в двух частях,1899,мужской,0,"исторический, авантюрный",исторический,,,,,,0,3 лицо,"['аристократия прошлого', 'крестьяне']",Санкт-Петербург,Отд. изд.,1,0,,"['аристократы', 'крестьяне']",0,0,1,0,0,0,1,0,0,0,0,0,0,0,0,0,0,0,0,0,0,0,0,0,0,0,0,0,0,0,0,0,0,0,0,0,2,True
"Алексеев, Николай Николаевич",Рабы и владыки,Историческая повесть,1899,мужской,0,"исторический роман, социально-психологический (россия времен федора иоанновича)",исторический,,,,,,0,3 лицо,"['крестьяне', 'разночинцы', 'аристократия прошлого']",,Литературные Вечера Нового Мира,0,0,,"['крестьяне', 'разночинцы', 'аристократы']",0,0,1,1,0,0,1,0,0,0,0,0,0,0,0,0,0,0,0,0,0,0,0,0,0,0,0,0,0,0,0,0,0,0,0,0,3,True
"Боборыкин, Петр Дмитриевич",Куда идти?,Роман в 2 частях,1899,мужской,0,психологический,психологический,,,,,,0,,['nan'],,Вестник Европы,0,0,,['nan'],1,0,0,0,0,0,0,0,0,0,0,0,0,0,0,0,0,0,0,0,0,0,0,0,0,0,0,0,0,0,0,0,0,0,0,0,1,True
"Вербицкая, Анастасия Алексеевна",Освободилась,Роман в 3 частях,1899,женский,0,,,,,,,,0,,['nan'],,Мир божий,0,0,,['nan'],1,0,0,0,0,0,0,0,0,0,0,0,0,0,0,0,0,0,0,0,0,0,0,0,0,0,0,0,0,0,0,0,0,0,0,0,1,True
"Волконский, Михаил Николаевич",Одержимые,Роман,1899,мужской,0,социально-психологический роман,социальный,,,,,,0,3 лицо,['nan'],,Русский вестник,0,0,,['nan'],1,0,0,0,0,0,0,0,0,0,0,0,0,0,0,0,0,0,0,0,0,0,0,0,0,0,0,0,0,0,0,0,0,0,0,0,1,True
"Вроцкий, Н.А.",Каждому свое,Роман в трех частях,1899,мужской,1,мелодраматический,любовный,,,,,,0,,['nan'],Санкт-Петербург,Отд. изд.,1,0,,['nan'],1,0,0,0,0,0,0,0,0,0,0,0,0,0,0,0,0,0,0,0,0,0,0,0,0,0,0,0,0,0,0,0,0,0,0,0,1,True
"Гейнце, Николай Эдуардович",В чаду измены,Исторический роман конца XVII столетия в трех частях,1899,мужской,0,,,,,,,,0,,['nan'],Санкт-Петербург,Отд. изд.,1,0,,['nan'],1,0,0,0,0,0,0,0,0,0,0,0,0,0,0,0,0,0,0,0,0,0,0,0,0,0,0,0,0,0,0,0,0,0,0,0,1,True
"Гейнце, Николай Эдуардович",В царстве приведений,Роман в трех частях,1899,мужской,0,"уголовной, социально-психологический",криминальный,,,,,,0,3 лицо,"['аристократия прошлого', 'разночинцы', 'криминальный мир']",Санкт-Петербург,Отд. изд.,1,0,,"['аристократы', 'разночинцы', 'криминальный мир']",0,0,1,1,0,0,0,0,0,0,1,0,0,0,0,0,0,0,0,0,0,0,0,0,0,0,0,0,0,0,0,0,0,0,0,0,3,True
"Гнедич, Петр Петрович",Туманы,Роман,1899,мужской,0,социально-психологический,социальный,,,,,,0,3 лицо,['разночинцы'],,Книжки Недели,0,0,,['разночинцы'],0,0,0,1,0,0,0,0,0,0,0,0,0,0,0,0,0,0,0,0,0,0,0,0,0,0,0,0,0,0,0,0,0,0,0,0,1,True
"Горький, Максим",Фома Гордеев,,1899,мужской,1,социально-психологический,социальный,социально-психологический,идеологический,нравоописательный,,,1,3 лицо,['разночинцы'],,Жизнь,0,1,gorkij_m_foma_gordeev_1899.txt,['разночинцы'],0,0,0,1,0,0,0,0,0,0,0,0,0,0,0,0,0,0,0,0,0,0,0,0,0,0,0,0,0,0,0,0,0,0,0,0,1,True
"Дмитриев, Дмитрий Савватиевич",Государева невеста,Роман Д. Дмитриева,1899,мужской,0,"исторический, придворные",исторический,,,,,,0,,['nan'],Москва,Отд. изд.,1,0,,['nan'],1,0,0,0,0,0,0,0,0,0,0,0,0,0,0,0,0,0,0,0,0,0,0,0,0,0,0,0,0,0,0,0,0,0,0,0,1,True
"Дмитриев, Дмитрий Савватиевич",Иван Мазепа,Исторический роман времен Петра I,1899,мужской,0,"исторический, военные",исторический,,,,,,0,,['nan'],Москва,Отд. изд.,1,0,,['nan'],1,0,0,0,0,0,0,0,0,0,0,0,0,0,0,0,0,0,0,0,0,0,0,0,0,0,0,0,0,0,0,0,0,0,0,0,1,True
"Дубровина, Екатерина Оскаровна",Под натиском страсти,Роман,1899,женский,0,роман,,,,,,,0,,['nan'],Санкт-Петербург,Отд. изд.,1,0,,['nan'],1,0,0,0,0,0,0,0,0,0,0,0,0,0,0,0,0,0,0,0,0,0,0,0,0,0,0,0,0,0,0,0,0,0,0,0,1,True
"Животов, Николай Николаевич",Живой покойник,роман,1899,мужской,0,детективный,криминальный,,,,,,0,,['nan'],Санкт-Петербург,Отд. изд.,1,0,,['nan'],1,0,0,0,0,0,0,0,0,0,0,0,0,0,0,0,0,0,0,0,0,0,0,0,0,0,0,0,0,0,0,0,0,0,0,0,1,True
"Животов, Николай Николаевич",Пират Влас,роман в 2 частях,1899,мужской,0,,,,,,,,0,,['nan'],Санкт-Петербург,Отд. изд.,1,0,,['nan'],1,0,0,0,0,0,0,0,0,0,0,0,0,0,0,0,0,0,0,0,0,0,0,0,0,0,0,0,0,0,0,0,0,0,0,0,1,True
"Животов, Николай Николаевич",Разрытая могила,роман в 2 частях с прологом,1899,мужской,0,детективный,криминальный,,,,,,0,,['nan'],Санкт-Петербург,Отд. изд.,1,0,,['nan'],1,0,0,0,0,0,0,0,0,0,0,0,0,0,0,0,0,0,0,0,0,0,0,0,0,0,0,0,0,0,0,0,0,0,0,0,1,True
"Караскевич-Ющенко, Стефания Стефановна",Неготовыми дорогами,Роман в четырех частях,1899,женский,0,в романе будет затрагиваться женский вопрос,женский,,,,,,0,3 лицо,['nan'],,Ежемесячн лит приложение к Живописному обозрению,0,0,,['nan'],1,0,0,0,0,0,0,0,0,0,0,0,0,0,0,0,0,0,0,0,0,0,0,0,0,0,0,0,0,0,0,0,0,0,0,0,1,True
"Кондратьев, Иван Кузьмич",Лютая година,Историческая повесть в двух частях с прологом и эпилогом,1899,мужской,0,исторический,исторический,,,,,,0,,['nan'],Москва,Отд. изд.,1,0,,['nan'],1,0,0,0,0,0,0,0,0,0,0,0,0,0,0,0,0,0,0,0,0,0,0,0,0,0,0,0,0,0,0,0,0,0,0,0,1,True
"Крыжановская (Рочестер), Вера Ивановна",Железный канцлер древнего Египта,Роман в двух частях,1899,женский,0,исторический,исторический,исторический,авантюрный,экзотический,мистический,,0,3 лицо,['народности и этнические группы'],,Наблюдатель,0,1,kryzhanovskaya_v_zheleznyj_kanzler_drevnego_egipta_1899.txt,['народности и этнические группы'],0,0,0,0,0,0,0,0,0,1,0,0,0,0,0,0,0,0,0,0,0,0,0,0,0,0,0,0,0,0,0,0,0,0,0,0,1,True
"Лунин, Виктор Алексеевич",Таинственный монах,Исторический роман из времен царствования Петра I в двух частях,1899,мужской,0,исторический роман (времен петра i),исторический,,,,,,0,3 лицо,"['крестьяне', 'аристократия прошлого', 'легендарные исторические фигуры']",Москва,Отд. изд.,1,0,,"['крестьяне', 'аристократы', 'легендарные исторические фигуры']",0,0,1,0,1,0,1,0,0,0,0,0,0,0,0,0,0,0,0,0,0,0,0,0,0,0,0,0,0,0,0,0,0,0,0,0,3,True
"Лухманова, Надежда Александровна",Инна Воронцова,Психологический роман в двух частях,1899,женский,0,психологический роман,психологический,,,,,,0,3 лицо,"['дворяне', 'разночинцы']",Санкт-Петербург,Отд. изд.,1,0,,"['дворяне', 'разночинцы']",0,1,0,1,0,0,0,0,0,0,0,0,0,0,0,0,0,0,0,0,0,0,0,0,0,0,0,0,0,0,0,0,0,0,0,0,2,True
"Лухманова, Надежда Александровна",Институтка,Роман,1899,женский,0,"психол.-автобиографический роман, институтки пансиона",психологический,,,,,,0,3 лицо,['nan'],,Возрождение,0,0,,['nan'],1,0,0,0,0,0,0,0,0,0,0,0,0,0,0,0,0,0,0,0,0,0,0,0,0,0,0,0,0,0,0,0,0,0,0,0,1,True
"Максимов, Александр Яковлевич",В погоню за свободным трудом,Роман в двух частях,1899,мужской,0,"криминальный, политический, русские социалисты, американские работорговцы",криминальный,,,,,,0,,['nan'],Санкт-Петербург,Отд. изд.,1,0,,['nan'],1,0,0,0,0,0,0,0,0,0,0,0,0,0,0,0,0,0,0,0,0,0,0,0,0,0,0,0,0,0,0,0,0,0,0,0,1,True
"Максимов, Александр Яковлевич",Роковой поцелуй,,1899,мужской,0,"политический, социально-психологический",социальный,,,,,,0,,['nan'],Санкт-Петербург,Отд. изд.,1,0,,['nan'],1,0,0,0,0,0,0,0,0,0,0,0,0,0,0,0,0,0,0,0,0,0,0,0,0,0,0,0,0,0,0,0,0,0,0,0,1,True
"Мамин-Сибиряк, Дмитрий Наркисович",Падающие звезды,Рассказ,1899,мужской,1,"любовный, социально-психологический",любовный,любовный,социально-психологический,бытовой,,,0,3 лицо,['разночинцы'],,Русское богатство,0,1,mamin-sibiryak_d_padayushie_zvezdy_1899.txt,['разночинцы'],0,0,0,1,0,0,0,0,0,0,0,0,0,0,0,0,0,0,0,0,0,0,0,0,0,0,0,0,0,0,0,0,0,0,0,0,1,True
"Мордовцев, Даниил Лукич",Державный плотник,Исторический роман,1899,мужской,0,исторический,исторический,исторический,биографический,политический,,,0,3 лицо,['легендарные исторические фигуры'],Санкт-Петербург,Отд. изд.,1,1,mordovzev_d_derzhavnyj_plotnik_1899.txt,['легендарные исторические фигуры'],0,0,0,0,1,0,0,0,0,0,0,0,0,0,0,0,0,0,0,0,0,0,0,0,0,0,0,0,0,0,0,0,0,0,0,0,1,True
"Невежин, Пётр Михайлович",Знаменитость,Роман,1899,мужской,0,"социально-психологический, музыканты",социальный,,,,,,0,,['nan'],Москва,Отд. изд.,1,0,,['nan'],1,0,0,0,0,0,0,0,0,0,0,0,0,0,0,0,0,0,0,0,0,0,0,0,0,0,0,0,0,0,0,0,0,0,0,0,1,True
"Немирович-Данченко, Василий Иванович",Старые письма,Роман,1899,мужской,0,социально-психологический,социальный,,,,,,0,1 лицо,['разночинцы'],Санкт-Петербург,Отд. изд.,1,0,,['разночинцы'],0,0,0,1,0,0,0,0,0,0,0,0,0,0,0,0,0,0,0,0,0,0,0,0,0,0,0,0,0,0,0,0,0,0,0,0,1,True
"Осипов, А.А.",Наместник,Исторический роман из времен XVI века,1899,мужской,0,исторический,исторический,,,,,,0,,['nan'],,Русский вестник,0,0,,['nan'],1,0,0,0,0,0,0,0,0,0,0,0,0,0,0,0,0,0,0,0,0,0,0,0,0,0,0,0,0,0,0,0,0,0,0,0,1,True
"Пазухин, Алексей Михайлович",Дисконтер,Роман,1899,мужской,0,социально-психологический,социальный,,,,,,0,3 лицо,"['дворяне', 'разночинцы']",Москва,Отд. изд.,1,0,,"['дворяне', 'разночинцы']",0,1,0,1,0,0,0,0,0,0,0,0,0,0,0,0,0,0,0,0,0,0,0,0,0,0,0,0,0,0,0,0,0,0,0,0,2,True
"Пазухин, Алексей Михайлович",Медовый месяц,Роман,1899,мужской,0,социально-психологический,социальный,,,,,,0,3 лицо,"['купцы', 'промышленники']",Москва,Отд. изд.,1,0,,['купцы'],0,0,0,0,0,0,0,1,0,0,0,0,0,0,0,0,0,0,0,0,0,0,0,0,0,0,0,0,0,0,0,0,0,0,0,0,1,True
"Пазухин, Алексей Михайлович",Три счастья,Роман,1899,мужской,0,,,,,,,,0,,['nan'],Москва,Отд. изд.,1,0,,['nan'],1,0,0,0,0,0,0,0,0,0,0,0,0,0,0,0,0,0,0,0,0,0,0,0,0,0,0,0,0,0,0,0,0,0,0,0,1,True
"Полевой, Петр Николаевич",Избранник божий,Историческая повесть,1899,мужской,0,"исторический, социально-психологический",исторический,исторический,социально-психологический,религиозный,,,0,3 лицо,"['крестьяне', 'легендарные исторические фигуры']",Санкт-Петербург,Отд. изд.,1,1,polevoj_p_izbrannik_bozhij_1899.txt,"['крестьяне', 'легендарные исторические фигуры']",0,0,0,0,1,0,1,0,0,0,0,0,0,0,0,0,0,0,0,0,0,0,0,0,0,0,0,0,0,0,0,0,0,0,0,0,2,True
"Потапенко, Игнатий Николаевич",Встреча,Роман,1899,мужской,0,"социально-психологический, студенты",социальный,,,,,,0,,['nan'],,Русская мысль,0,0,,['nan'],1,0,0,0,0,0,0,0,0,0,0,0,0,0,0,0,0,0,0,0,0,0,0,0,0,0,0,0,0,0,0,0,0,0,0,0,1,True
"Потапенко, Игнатий Николаевич",Светлый луч,Роман,1899,мужской,0,"социально-психологический, любовный",социальный,,,,,,0,3 лицо,['разночинцы'],Санкт-Петербург,Отд. изд.,1,0,,['разночинцы'],0,0,0,1,0,0,0,0,0,0,0,0,0,0,0,0,0,0,0,0,0,0,0,0,0,0,0,0,0,0,0,0,0,0,0,0,1,True
"Салиас, Евгений Андреевич",Владимирские мономахи,Роман в четырех частях,1899,мужской,1,"исторический, социально-психологический (выксунские заводы?)",исторический,исторический,социально-психологический,бытовой,,,0,3 лицо,"['аристократия прошлого', 'революционеры']",,Исторический вестник,0,1,salias-de-turnemir_e_vladimirskie_monomakhi_1899.txt,"['аристократы', 'революционеры']",0,0,1,0,0,0,0,0,0,0,0,1,0,0,0,0,0,0,0,0,0,0,0,0,0,0,0,0,0,0,0,0,0,0,0,0,2,True
"Сафонов, Сергей Александрович",Мура,Роман,1899,мужской,0,социально-психологический,социальный,,,,,,0,3 лицо,"['чиновники', 'разночинцы']",,Торгово-промышленная газета,0,0,,"['чиновники', 'разночинцы']",0,0,0,1,0,0,0,0,1,0,0,0,0,0,0,0,0,0,0,0,0,0,0,0,0,0,0,0,0,0,0,0,0,0,0,0,2,True
"Светлов, Валериан Яковлевич",Обманы жизни,Роман в трех частях,1899,мужской,1,семейно-бытовой,семейный,,,,,,0,,['nan'],Санкт-Петербург,Отд. изд.,1,0,,['nan'],1,0,0,0,0,0,0,0,0,0,0,0,0,0,0,0,0,0,0,0,0,0,0,0,0,0,0,0,0,0,0,0,0,0,0,0,1,True
"Светлов, Валериан Яковлевич",Недостроенный храм,Флорентийский роман,1899,мужской,1,"исторический роман (италия, флоренция)",исторический,,,,,,0,3 лицо,"['духовенство', 'священники', 'военные']",Санкт-Петербург,Отд. изд.,1,0,,"['духовенство', 'военные']",0,0,0,0,0,1,0,0,0,0,0,0,1,0,0,0,0,0,0,0,0,0,0,0,0,0,0,0,0,0,0,0,0,0,0,0,2,True
"Светлов, Валериан Яковлевич",Пути жизни,Роман в 2-х частях В. Я. Светлова,1899,мужской,1,,,,,,,,0,3 лицо,['nan'],,Нива,0,0,,['nan'],1,0,0,0,0,0,0,0,0,0,0,0,0,0,0,0,0,0,0,0,0,0,0,0,0,0,0,0,0,0,0,0,0,0,0,0,1,True
"Северин, Н.",Авантюристы,Роман,1899,женский,1,историко-нравственный роман,исторический,исторический,авантюрный,нравоописательный,приключенческий,,0,3 лицо,['nan'],Санкт-Петербург,Отд. изд. (СС),1,1,merder_n_avantyuristy_1899.txt,['nan'],1,0,0,0,0,0,0,0,0,0,0,0,0,0,0,0,0,0,0,0,0,0,0,0,0,0,0,0,0,0,0,0,0,0,0,0,1,True
"Соколов, Александр Алексеевич",Сожженные степи,Исторический роман,1899,мужской,1,исторический,исторический,,,,,,0,,['nan'],Санкт-Петербург,Отд. изд.,1,0,,['nan'],1,0,0,0,0,0,0,0,0,0,0,0,0,0,0,0,0,0,0,0,0,0,0,0,0,0,0,0,0,0,0,0,0,0,0,0,1,True
"Станюкович, Константин Михайлович",Равнодушные,Роман,1899,мужской,0,социально-психолгический (против разложения семьи и свободных браков),социальный,социально-психологический,семейный,нравоописательный,,,0,3 лицо,"['купцы', 'промышленники', 'рабочие']",,Мир Божий,0,1,stanyukovich_k_ravnodushnye_1899.txt,"['купцы', 'рабочие']",0,0,0,0,0,0,0,1,0,0,0,0,0,0,1,0,0,0,0,0,0,0,0,0,0,0,0,0,0,0,0,0,0,0,0,0,2,True
"Старицкий, Михаил Петрович",Руина,Исторический роман конца XVII века,1899,мужской,0,,,,,,,,0,3 лицо,['nan'],,Московский листок,0,0,,['nan'],1,0,0,0,0,0,0,0,0,0,0,0,0,0,0,0,0,0,0,0,0,0,0,0,0,0,0,0,0,0,0,0,0,0,0,0,1,True
"Толстой, Лев Николаевич",Воскресение,Роман графа Л. Н. Толстого,1899,мужской,0,"социально-психологический, уголовный",социальный,социально-психологический,уголовный,философский,религиозный,,1,3 лицо,"['дворяне', 'криминальный мир', 'разночинцы']",,Нива,0,1,tolstoj_l_voskresenie_1899.txt,"['дворяне', 'криминальный мир', 'разночинцы']",0,1,0,1,0,0,0,0,0,0,1,0,0,0,0,0,0,0,0,0,0,0,0,0,0,0,0,0,0,0,0,0,0,0,0,0,3,True
"Алексеев, Николай Николаевич",Заморский выходец,Исторический роман в трех частях,1900,мужской,0,исторический,исторический,,,,,,0,3 лицо,"['аристократия прошлого', 'эмигранты', 'разночинцы']",Санкт-Петербург,Отд. изд.,1,0,,"['аристократы', 'эмигранты', 'разночинцы']",0,0,1,1,0,0,0,0,0,0,0,0,0,0,0,0,0,0,0,0,0,0,0,0,0,0,0,0,1,0,0,0,0,0,0,0,3,True
"Альбов, Михаил Николаевич",Тайна Мамаева,Романтическая история,1900,мужской,0,,,,,,,,0,,['nan'],Москва,Отд. изд.,1,0,,['nan'],1,0,0,0,0,0,0,0,0,0,0,0,0,0,0,0,0,0,0,0,0,0,0,0,0,0,0,0,0,0,0,0,0,0,0,0,1,True
"Антонов, М.",Дубровин,Роман из крестьянской жизни,1900,мужской,0,"социально-психологический, крестьяне",социальный,,,,,,0,,['крестьяне'],,Вестник Европы,0,0,,['крестьяне'],0,0,0,0,0,0,1,0,0,0,0,0,0,0,0,0,0,0,0,0,0,0,0,0,0,0,0,0,0,0,0,0,0,0,0,0,1,True
"Баранцевич, Казимир Станиславович",Кровь,Роман,1900,мужской,0,"социально-психологический, семейная хроника?",социальный,,,,,,0,3 лицо,"['чиновники', 'разночинцы']",,Жизнь,0,0,,"['чиновники', 'разночинцы']",0,0,0,1,0,0,0,0,1,0,0,0,0,0,0,0,0,0,0,0,0,0,0,0,0,0,0,0,0,0,0,0,0,0,0,0,2,True
"Будищев, Алексей Николаевич",Пробужденная совесть,Роман,1900,мужской,0,авантюрный,приключенческий,,,,,,0,3 лицо,['дворяне'],Санкт-Петербург,Отд. изд.,1,0,,['дворяне'],0,1,0,0,0,0,0,0,0,0,0,0,0,0,0,0,0,0,0,0,0,0,0,0,0,0,0,0,0,0,0,0,0,0,0,0,1,True
"Волконский, Михаил Николаевич",Вязниковский самодур,Роман,1900,мужской,0,"исторический, авантюрный (неофициальная история?)",исторический,исторический,авантюрный,бытовой,,,0,3 лицо,['аристократия прошлого'],,Родина,0,1,volkonskij_m_vyaznikovskij_samodur_1900.txt,['аристократы'],0,0,1,0,0,0,0,0,0,0,0,0,0,0,0,0,0,0,0,0,0,0,0,0,0,0,0,0,0,0,0,0,0,0,0,0,1,True
"Гейнце, Николай Эдуардович",Ермак Тимофеевич,Исторический роман в двух частях,1900,мужской,0,исторический (аристократы),исторический,,,,,,0,3 лицо,"['военные', 'аристократия прошлого']",Санкт-Петербург,Отд. изд.,1,0,,"['военные', 'аристократы']",0,0,1,0,0,1,0,0,0,0,0,0,0,0,0,0,0,0,0,0,0,0,0,0,0,0,0,0,0,0,0,0,0,0,0,0,2,True
"Гейнце, Николай Эдуардович",По пятачку,Роман из жизни газетных труженников. В трех частях,1900,мужской,0,детективный,криминальный,,,,,,0,3 лицо,"['разночинцы', 'дворяне']",Санкт-Петербург,Отд. изд.,1,0,,"['разночинцы', 'дворяне']",0,1,0,1,0,0,0,0,0,0,0,0,0,0,0,0,0,0,0,0,0,0,0,0,0,0,0,0,0,0,0,0,0,0,0,0,2,True
"Гнедич, Петр Петрович",Купальные огни,Роман,1900,мужской,0,социально-психологический,социальный,,,,,,0,3 лицо,"['дворяне', 'чиновники']",,Книжки Недели,0,0,,"['дворяне', 'чиновники']",0,1,0,0,0,0,0,0,1,0,0,0,0,0,0,0,0,0,0,0,0,0,0,0,0,0,0,0,0,0,0,0,0,0,0,0,2,True
"Голицын (Муравлин), Дмитрий Петрович",Вавилоняне,Роман,1900,мужской,0,"социально-психологический, чиновничество?",социальный,,,,,,0,3 лицо,['nan'],,Русский вестник,0,0,,['nan'],1,0,0,0,0,0,0,0,0,0,0,0,0,0,0,0,0,0,0,0,0,0,0,0,0,0,0,0,0,0,0,0,0,0,0,0,1,True
"Голохвастов, К.К.","Ванька Каин, знаменитый московский сыщик (фискал)",Рассказ,1900,мужской,0,"детективный, воры",криминальный,,,,,,0,,['криминальный мир'],Санкт-Петербург,Отд. изд.,1,0,,['криминальный мир'],0,0,0,0,0,0,0,0,0,0,1,0,0,0,0,0,0,0,0,0,0,0,0,0,0,0,0,0,0,0,0,0,0,0,0,0,1,True
"Горький, Максим",Трое,Повесть М. Горького,1900,мужской,1,"социально-психологический, уголовный",социальный,социально-психологический,уголовный,идеологический,,,1,3 лицо,"['рабочие', 'криминальный мир', 'духовенство']",,Жизнь,0,1,gorkij_m_troe_1900.txt,"['рабочие', 'криминальный мир', 'духовенство']",0,0,0,0,0,0,0,0,0,0,1,0,1,0,1,0,0,0,0,0,0,0,0,0,0,0,0,0,0,0,0,0,0,0,0,0,3,True
"Дингельштедт, Николай Федорович, фон",Жертвы страсти (Тангейзер нашего времени),Роман,1900,мужской,0,светский,светский,,,,,,0,,['nan'],Санкт-Петербург,Отд. изд.,1,0,,['nan'],1,0,0,0,0,0,0,0,0,0,0,0,0,0,0,0,0,0,0,0,0,0,0,0,0,0,0,0,0,0,0,0,0,0,0,0,1,True
"Животов, Николай Николаевич",Тотализатор и тотошники,роман 2 частях,1900,мужской,0,,,,,,,,0,,['nan'],Санкт-Петербург,Отд. изд.,1,0,,['nan'],1,0,0,0,0,0,0,0,0,0,0,0,0,0,0,0,0,0,0,0,0,0,0,0,0,0,0,0,0,0,0,0,0,0,0,0,1,True
"Иогель/Йогель, Михаил Константинович",Мрак и свет,Роман в 2-х частях,1900,мужской,0,социально-психологический (утопический?),социальный,,,,,,0,3 лицо,"['дворяне', 'разночинцы']",Москва,Отд. изд.,1,0,,"['дворяне', 'разночинцы']",0,1,0,1,0,0,0,0,0,0,0,0,0,0,0,0,0,0,0,0,0,0,0,0,0,0,0,0,0,0,0,0,0,0,0,0,2,True
"Красницкий, Александр Иванович",По исполнительному листу,повесть,1900,мужской,0,детективный роман,криминальный,,,,,,0,,['nan'],Санкт-Петербург,Отд. изд.,1,0,,['nan'],1,0,0,0,0,0,0,0,0,0,0,0,0,0,0,0,0,0,0,0,0,0,0,0,0,0,0,0,0,0,0,0,0,0,0,0,1,True
"Красницкий, Александр Иванович",Чудо-богатыри,исторический роман-хроника : в трех частях с прологом,1900,мужской,0,исторический роман,исторический,,,,,,0,,['nan'],Санкт-Петербург,Отд. изд.,1,0,,['nan'],1,0,0,0,0,0,0,0,0,0,0,0,0,0,0,0,0,0,0,0,0,0,0,0,0,0,0,0,0,0,0,0,0,0,0,0,1,True
"Лебедев, Владимир Петрович",За святую обитель,Исторический роман из Смутного времени,1900,мужской,0,"исторический, социально-психологический",исторический,исторический,социально-психологический,религиозный,,,0,3 лицо,"['рабочие', 'военные', 'духовенство', 'крестьяне']",Москва,Отд. изд.,1,1,lebedev_v_za_svyatuyu_obitel_1900.txt,"['рабочие', 'военные', 'духовенство', 'крестьяне']",0,0,0,0,0,1,1,0,0,0,0,0,1,0,1,0,0,0,0,0,0,0,0,0,0,0,0,0,0,0,0,0,0,0,0,0,4,True
"Маклецова, Наталия Петровна",Революционер (История одной души),Роман из эпохи Великой французской революции,1900,женский,0,"исторический, французские революионеры",исторический,,,,,,0,,['nan'],Москва,Отд. изд.,1,0,,['nan'],1,0,0,0,0,0,0,0,0,0,0,0,0,0,0,0,0,0,0,0,0,0,0,0,0,0,0,0,0,0,0,0,0,0,0,0,1,True
"Немирович-Данченко, Василий Иванович",Рядовой Неручев,Роман,1900,мужской,0,"исторический, социально-пстхологический",исторический,,,,,,0,3 лицо,['военные'],Санкт-Петербург,Отд. изд.,1,0,,['военные'],0,0,0,0,0,1,0,0,0,0,0,0,0,0,0,0,0,0,0,0,0,0,0,0,0,0,0,0,0,0,0,0,0,0,0,0,1,True
"Никитин, П.",Сверхсыщик,Из последних приключений Шерлока Холмса в России,1900,мужской,0,,,,,,,,0,,['nan'],Москва,Отд. изд.,1,0,,['nan'],1,0,0,0,0,0,0,0,0,0,0,0,0,0,0,0,0,0,0,0,0,0,0,0,0,0,0,0,0,0,0,0,0,0,0,0,1,True
"Новиков, Александр Иванович",По закону,Роман из деревенской жизни,1900,мужской,0,"любовный, социально-психологический",любовный,,,,,,0,3 лицо,"['крестьяне', 'дворяне']",,Вестник Европы,0,0,,"['крестьяне', 'дворяне']",0,1,0,0,0,0,1,0,0,0,0,0,0,0,0,0,0,0,0,0,0,0,0,0,0,0,0,0,0,0,0,0,0,0,0,0,2,True
"Опочинин, Пётр Алексеевич",Водопад,Роман в 2-х частях,1900,мужской,0,,,,,,,,0,,['nan'],,Кавказский вестник,0,0,,['nan'],1,0,0,0,0,0,0,0,0,0,0,0,0,0,0,0,0,0,0,0,0,0,0,0,0,0,0,0,0,0,0,0,0,0,0,0,1,True
"Осипов, Н.",Господа миллионеры,Роман в двух частях,1900,мужской,1,"социально-психологический, детективный",социальный,,,,,,0,3 лицо,"['купцы', 'промышленники']",Москва,Отд. изд.,1,0,,['купцы'],0,0,0,0,0,0,0,1,0,0,0,0,0,0,0,0,0,0,0,0,0,0,0,0,0,0,0,0,0,0,0,0,0,0,0,0,1,True
"Пазухин, Алексей Михайлович",Вторая весна,Роман,1900,мужской,0,"социально-психологический, любовный",социальный,,,,,,0,3 лицо,"['купцы', 'промышленники']",Москва,Отд. изд.,1,0,,['купцы'],0,0,0,0,0,0,0,1,0,0,0,0,0,0,0,0,0,0,0,0,0,0,0,0,0,0,0,0,0,0,0,0,0,0,0,0,1,True
"Пазухин, Алексей Михайлович",Бархатные дамы,Роман А. Пазухина,1900,мужской,0,,,,,,,,0,,['nan'],Москва,Отд. изд.,1,0,,['nan'],1,0,0,0,0,0,0,0,0,0,0,0,0,0,0,0,0,0,0,0,0,0,0,0,0,0,0,0,0,0,0,0,0,0,0,0,1,True
"Пономарев, Иван Николаевич",Преступная мать,роман в 3-х частях. И. Н. Пономарева,1900,мужской,0,,,,,,,,0,3 лицо,['nan'],,Свет,0,0,,['nan'],1,0,0,0,0,0,0,0,0,0,0,0,0,0,0,0,0,0,0,0,0,0,0,0,0,0,0,0,0,0,0,0,0,0,0,0,1,True
"Ракшанин, Николай Осипович",Жертва нижегородских дельцов,Ярмарочный роман,1900,мужской,1,детективно-психологический,криминальный,,,,,,0,,['nan'],Москва,Отд. изд.,1,0,,['nan'],1,0,0,0,0,0,0,0,0,0,0,0,0,0,0,0,0,0,0,0,0,0,0,0,0,0,0,0,0,0,0,0,0,0,0,0,1,True
"Рышков, Виктор Александрович",Женихи,роман,1900,мужской,0,,,,,,,,0,,['nan'],Санкт-Петербург,Отд. изд.,1,0,,['nan'],1,0,0,0,0,0,0,0,0,0,0,0,0,0,0,0,0,0,0,0,0,0,0,0,0,0,0,0,0,0,0,0,0,0,0,0,1,True
"Салиас, Евгений Андреевич",Змей-Горыныч. Село Уютное,Роман,1900,мужской,1,,,,,,,,0,3 лицо,['nan'],,Русский вестник,0,0,,['nan'],1,0,0,0,0,0,0,0,0,0,0,0,0,0,0,0,0,0,0,0,0,0,0,0,0,0,0,0,0,0,0,0,0,0,0,0,1,True
"Светлов, Валериан Яковлевич",Гибель кумиров,na,1900,мужской,1,социально-психологический,социальный,,,,,,0,,['nan'],,Вестник Европы,0,0,,['nan'],1,0,0,0,0,0,0,0,0,0,0,0,0,0,0,0,0,0,0,0,0,0,0,0,0,0,0,0,0,0,0,0,0,0,0,0,1,True
"Светлов, Валериан Яковлевич",По призванию,Роман,1900,мужской,1,семейно-бытовой,семейный,,,,,,0,,['nan'],Санкт-Петербург,Отд. изд.,1,0,,['nan'],1,0,0,0,0,0,0,0,0,0,0,0,0,0,0,0,0,0,0,0,0,0,0,0,0,0,0,0,0,0,0,0,0,0,0,0,1,True
"Сизова, А.К.",Дочь солнца. Тысячу лет назад,Историческая повесть в двух частях,1900,женский,0,историческая повесть,исторический,,,,,,0,,['nan'],Москва,Отд. изд.,1,0,,['nan'],1,0,0,0,0,0,0,0,0,0,0,0,0,0,0,0,0,0,0,0,0,0,0,0,0,0,0,0,0,0,0,0,0,0,0,0,1,True
"Соколова, Александра Ивановна",Москва конца века,Роман в трех частях,1900,женский,0,,,,,,,,0,,['nan'],Санкт-Петербург,Отд. изд.,1,0,,['nan'],1,0,0,0,0,0,0,0,0,0,0,0,0,0,0,0,0,0,0,0,0,0,0,0,0,0,0,0,0,0,0,0,0,0,0,0,1,True
"Степняк-Кравчинский, Сергей Михайлович",Штундист Павел Руденко,Роман,1900,мужской,1,"социально-психологический (жизнь сектантов, гонения?)",социальный,социально-психологический,религиозный,идеологический,,,0,3 лицо,['раскольники'],Женева,Отд. изд.,1,1,stepnyak-kravchinskij_s_shtundist_pavel_rudenko_1900.txt,['сектанты'],0,0,0,0,0,0,0,0,0,0,0,0,0,0,0,0,0,0,0,1,0,0,0,0,0,0,0,0,0,0,0,0,0,0,0,0,1,True
"Тимофеева-Починковская, Варвара Васильевна",Очерки прошлого,,1900,женский,0,,,,,,,,0,3 лицо,['nan'],,Книжки Недели,0,0,,['nan'],1,0,0,0,0,0,0,0,0,0,0,0,0,0,0,0,0,0,0,0,0,0,0,0,0,0,0,0,0,0,0,0,0,0,0,0,1,True
"Червинский, Федор Алексеевич",Пустоцвет,Роман,1900,мужской,0,,,,,,,,0,3 лицо,['nan'],,Живописное обозрение,0,0,,['nan'],1,0,0,0,0,0,0,0,0,0,0,0,0,0,0,0,0,0,0,0,0,0,0,0,0,0,0,0,0,0,0,0,0,0,0,0,1,True
"Янов, А.Д.",Под гнётом раскола,роман из современной жизни в 2- х частях. А. Д. Янова.,1900,мужской,1,"криминальный, уголовники",криминальный,,,,,,0,3 лицо,['nan'],,Петербургский листок,0,0,,['nan'],1,0,0,0,0,0,0,0,0,0,0,0,0,0,0,0,0,0,0,0,0,0,0,0,0,0,0,0,0,0,0,0,0,0,0,0,1,True
"Ясинский, Иероним Иеронимович",1 марта 1881,Роман,1900,мужской,0,антинароднический роман?,социальный,,,,,,0,3 лицо,['nan'],,Ежемесячные сочинения,0,0,,['nan'],1,0,0,0,0,0,0,0,0,0,0,0,0,0,0,0,0,0,0,0,0,0,0,0,0,0,0,0,0,0,0,0,0,0,0,0,1,True
"Ясинский, Иероним Иеронимович",Прекрасные уроды,Из записок Ивана Антоныча. Роман.,1900,мужской,0,роман о декадентах,,,,,,,0,1 лицо,['декаданты'],,Русский вестник,0,0,,['творческие люди'],0,0,0,0,0,0,0,0,0,0,0,0,0,1,0,0,0,0,0,0,0,0,0,0,0,0,0,0,0,0,0,0,0,0,0,0,1,True
"Басанин, Марк",На чужбине. Записки эмигранта в Южной Америке,Роман,1901,женский,1,приключенческий,приключенческий,,,,,,0,1 лицо,['эмигранты'],,Исторический вестник,0,0,,['эмигранты'],0,0,0,0,0,0,0,0,0,0,0,0,0,0,0,0,0,0,0,0,0,0,0,0,0,0,0,0,1,0,0,0,0,0,0,0,1,True
"Брешко-Брешковский, Николай Николаевич",Записки проходимца,Прерванный роман,1901,мужской,0,"социально-психологический, роман воспитания",социальный,,,,,,0,1 лицо,['разночинцы'],Санкт-Петербург,Отд. изд.,1,0,,['разночинцы'],0,0,0,1,0,0,0,0,0,0,0,0,0,0,0,0,0,0,0,0,0,0,0,0,0,0,0,0,0,0,0,0,0,0,0,0,1,True
"Будищев, Алексей Николаевич",Лучший друг,Роман,1901,мужской,0,социально-психологический,социальный,социально-психологический,нравоописательный,бытовой,,,0,3 лицо,['дворяне'],Санкт-Петербург,Отд. изд.,1,1,budishev_a_luchshij_drug_1901.txt,['дворяне'],0,1,0,0,0,0,0,0,0,0,0,0,0,0,0,0,0,0,0,0,0,0,0,0,0,0,0,0,0,0,0,0,0,0,0,0,1,True
"Волконский, Михаил Николаевич",Черный человек,Роман,1901,мужской,0,историко-авантюрный роман,исторический,исторический,авантюрный,мистический,психологический,,0,3 лицо,['дворяне'],,Родина,0,1,volkonskij_m_chernyj_chelovek_1901.txt,['дворяне'],0,1,0,0,0,0,0,0,0,0,0,0,0,0,0,0,0,0,0,0,0,0,0,0,0,0,0,0,0,0,0,0,0,0,0,0,1,True
"Голицын (Муравлин), Дмитрий Петрович",От смутных дней,Роман,1901,мужской,0,социально-психологический,социальный,,,,,,0,3 лицо,['дворяне'],,Русский вестник,0,0,,['дворяне'],0,1,0,0,0,0,0,0,0,0,0,0,0,0,0,0,0,0,0,0,0,0,0,0,0,0,0,0,0,0,0,0,0,0,0,0,1,True
"Голохвастов, К.К.",Черный монах,Повесть из жизни чернигорцев,1901,мужской,0,"исторический, монахи",исторический,,,,,,0,,['nan'],Санкт-Петербург,Отд. изд.,1,0,,['nan'],1,0,0,0,0,0,0,0,0,0,0,0,0,0,0,0,0,0,0,0,0,0,0,0,0,0,0,0,0,0,0,0,0,0,0,0,1,True
"Голохвастов, К.К.",Приключения петербургского Макарки Душегуба,Уголовный роман из современной жизни,1901,мужской,0,детективный,криминальный,,,,,,0,,['криминальный мир'],Санкт-Петербург,Отд. изд.,1,0,,['криминальный мир'],0,0,0,0,0,0,0,0,0,0,1,0,0,0,0,0,0,0,0,0,0,0,0,0,0,0,0,0,0,0,0,0,0,0,0,0,1,True
"Дмитриев, Дмитрий Савватиевич",Таинственный дом,Исторический роман из эпохи императрицы Екатерины Великой,1901,мужской,0,исторический,исторический,,,,,,0,,['дворяне'],Москва,Отд. изд.,1,0,,['дворяне'],0,1,0,0,0,0,0,0,0,0,0,0,0,0,0,0,0,0,0,0,0,0,0,0,0,0,0,0,0,0,0,0,0,0,0,0,1,True
"Зарин, Андрей Ефимович",На изломе,Исторический роман из времен царя Алексея Михайловича (1653–1673 г.),1901,мужской,0,исторический,исторический,исторический,социально-психологический,политический,,,0,3 лицо,"['военные', 'аристократия прошлого']",Санкт-Петербург,Отд. изд.,1,1,zarin_a_na_izlome_1901.txt,"['военные', 'аристократы']",0,0,1,0,0,1,0,0,0,0,0,0,0,0,0,0,0,0,0,0,0,0,0,0,0,0,0,0,0,0,0,0,0,0,0,0,2,True
"Зарин, Андрей Ефимович",Кровавый пир (1669—1672): Бунт Стеньки Разина,Исторический роман в 6 частях,1901,мужской,0,исторический,исторический,исторический,авантюрный,политический,этнографический,,0,3 лицо,['военные'],Ростов на Дону,Отд. изд.,1,1,zarin_a_krovavyj_pir_-_bunt_stenki_razina_1901.txt,['военные'],0,0,0,0,0,1,0,0,0,0,0,0,0,0,0,0,0,0,0,0,0,0,0,0,0,0,0,0,0,0,0,0,0,0,0,0,1,True
"Казина, Александра Никандровна",Мысли и думы,,1901,женский,1,"семейный, дворяне среднего достатка, дневник",семейный,,,,,,0,1 лицо,['дворяне'],Санкт-Петербург,Отд. изд.,1,0,,['дворяне'],0,1,0,0,0,0,0,0,0,0,0,0,0,0,0,0,0,0,0,0,0,0,0,0,0,0,0,0,0,0,0,0,0,0,0,0,1,True
"Колышко, Иосиф Иосифович",Волки и овцы,Роман в трех частях,1901,мужской,0,социально-психологический,социальный,,,,,,0,3 лицо,"['рабочие', 'разночинцы']",Санкт-Петербург,Отд. изд.,1,0,,"['рабочие', 'разночинцы']",0,0,0,1,0,0,0,0,0,0,0,0,0,0,1,0,0,0,0,0,0,0,0,0,0,0,0,0,0,0,0,0,0,0,0,0,2,True
"Крыжановская (Рочестер), Вера Ивановна",Жизненный эликсир,,1901,женский,0,"социально-психологический, философский",социальный,философский,мистический,оккультный,,,0,3 лицо,['разночинцы'],Санкт-Петербург,Отд. изд.,1,1,kryzhanovskaya_v_zhiznennyj_eliksir_1901.txt,['разночинцы'],0,0,0,1,0,0,0,0,0,0,0,0,0,0,0,0,0,0,0,0,0,0,0,0,0,0,0,0,0,0,0,0,0,0,0,0,1,True
"Крыжановская (Рочестер), Вера Ивановна",На рубеже,(Нарв. предание),1901,женский,0,исторический,исторический,,,,,,0,,['nan'],Санкт-Петербург,Отд. изд.,1,0,,['nan'],1,0,0,0,0,0,0,0,0,0,0,0,0,0,0,0,0,0,0,0,0,0,0,0,0,0,0,0,0,0,0,0,0,0,0,0,1,True
"Мережковский, Дмитрий Сергеевич",Воскресшие боги. (Леонардо да Винчи),,1901,мужской,0,"исторический, философский (трилогия ""христос и антихрист"")",исторический,исторический,философский,символистский,религиозный,биографический,1,3 лицо,['легендарные исторические фигуры'],Санкт-Петербург,Отд. изд.,1,1,merezhkovskij_d_voskresshie_bogi_leonardo_da_vinchi_1901.txt,['легендарные исторические фигуры'],0,0,0,0,1,0,0,0,0,0,0,0,0,0,0,0,0,0,0,0,0,0,0,0,0,0,0,0,0,0,0,0,0,0,0,0,1,True
"Минцлов, Сергей Рудольфович",На заре века,Историческая повесть С. Минцлова,1901,мужской,0,исторический роман,исторический,,,,,,0,,['исторические фигуры'],Санкт-Петербург,Отд. изд.,1,0,,['легендарные исторические фигуры'],0,0,0,0,1,0,0,0,0,0,0,0,0,0,0,0,0,0,0,0,0,0,0,0,0,0,0,0,0,0,0,0,0,0,0,0,1,True
"Назарьева, Капитолина Валериановна",Личное счастье,Сказка,1901,женский,0,,,,,,,,0,3 лицо,['nan'],,Родина,0,0,,['nan'],1,0,0,0,0,0,0,0,0,0,0,0,0,0,0,0,0,0,0,0,0,0,0,0,0,0,0,0,0,0,0,0,0,0,0,0,1,True
"Нарский, С.",Железнодорожные громилы,Роман из современной жизни С. Нарского.,1901,мужской,1,"криминальный, уголовники",криминальный,,,,,,0,3 лицо,['nan'],,Петербургский листок,0,0,,['nan'],1,0,0,0,0,0,0,0,0,0,0,0,0,0,0,0,0,0,0,0,0,0,0,0,0,0,0,0,0,0,0,0,0,0,0,0,1,True
"Немирович-Данченко, Василий Иванович",Царица Тамара,Роман из кавказской войны. С 26 рисунками. Для старшего возраста,1901,мужской,0,исторический,исторический,,,,,,0,1 лицо,['военные'],Москва,Отд. изд.,1,0,,['военные'],0,0,0,0,0,1,0,0,0,0,0,0,0,0,0,0,0,0,0,0,0,0,0,0,0,0,0,0,0,0,0,0,0,0,0,0,1,True
"Окрейц, Станислав Станиславович",Во что бы то ни стало,Роман в 2-х частях,1901,мужской,0,,,,,,,,0,3 лицо,['nan'],,Наблюдатель,0,0,,['nan'],1,0,0,0,0,0,0,0,0,0,0,0,0,0,0,0,0,0,0,0,0,0,0,0,0,0,0,0,0,0,0,0,0,0,0,0,1,True
"Павлов, Александр Петрович",У ступеней трона,Исторический роман: В 3-х ч.,1901,мужской,0,исторический роман,исторический,исторический,политический,авантюрный,психологический,,0,3 лицо,['дворяене'],Санкт-Петербург,Отд. изд.,1,1,pavlov_a_u_stupenej_trona_1901.txt,['дворяне'],0,1,0,0,0,0,0,0,0,0,0,0,0,0,0,0,0,0,0,0,0,0,0,0,0,0,0,0,0,0,0,0,0,0,0,0,1,True
"Песковский, Матвей Леонтьевич",Мужик. До освобождения крестьян,Роман,1901,мужской,0,бытовой,описательный,,,,,,0,,['дворяне'],Санкт-Петербург,Отд. изд.,1,0,,['дворяне'],0,1,0,0,0,0,0,0,0,0,0,0,0,0,0,0,0,0,0,0,0,0,0,0,0,0,0,0,0,0,0,0,0,0,0,0,1,True
"Пономарев, Иван Николаевич",Под давлением судьбы,Роман в трех частях. (Из петербургской жизни). И. Н. Пономарева.,1901,мужской,0,,,,,,,,0,3 лицо,['nan'],,Свет,0,0,,['nan'],1,0,0,0,0,0,0,0,0,0,0,0,0,0,0,0,0,0,0,0,0,0,0,0,0,0,0,0,0,0,0,0,0,0,0,0,1,True
"Ракшанин, Николай Осипович",За веру и братьев,Роман из эпохи войны 1877-78 гг.,1901,мужской,1,исторический,исторический,,,,,,0,,['nan'],Москва,Отд. изд.,1,0,,['nan'],1,0,0,0,0,0,0,0,0,0,0,0,0,0,0,0,0,0,0,0,0,0,0,0,0,0,0,0,0,0,0,0,0,0,0,0,1,True
"Светлов, Валериан Яковлевич",В вратах Эдема,Роман,1901,мужской,1,,,,,,,,0,,['nan'],Санкт-Петербург,Отд. изд.,1,0,,['nan'],1,0,0,0,0,0,0,0,0,0,0,0,0,0,0,0,0,0,0,0,0,0,0,0,0,0,0,0,0,0,0,0,0,0,0,0,1,True
"Соколов, Александр Алексеевич",Пугачевская смута,Исторический роман,1901,мужской,1,исторический,исторический,,,,,,0,,['nan'],Москва,Отд. изд.,1,0,,['nan'],1,0,0,0,0,0,0,0,0,0,0,0,0,0,0,0,0,0,0,0,0,0,0,0,0,0,0,0,0,0,0,0,0,0,0,0,1,True
"Старицкий, Михаил Петрович",Последние орлы,Историческая повесть из времен гайдамачины,1901,мужской,0,,,,,,,,0,3 лицо,['nan'],,Московский листок,0,0,,['nan'],1,0,0,0,0,0,0,0,0,0,0,0,0,0,0,0,0,0,0,0,0,0,0,0,0,0,0,0,0,0,0,0,0,0,0,0,1,True
"Старостин, Василий Григорьевич","Наше счастие, или Некоторые черты из жизни невеликого человека, как он сам написал, с присовокуплении табели о счастии и моих собственных замечаний",роман,1901,мужской,0,социальный,социальный,сатирический,философский,,,,0,1 лицо,['крестьяне'],Санкт-Петербург,Отд. изд.,1,1,starostin_v_nashe_schastie_ili_nekotorye_cherty_iz_zhizni_nevelikogo_cheloveka_kak_on_sam_napisal_s_prisovokuplenii_tabeli_o_schastii_i_moikh_sobstvennykh_zamechanij_1901.txt,['крестьяне'],0,0,0,0,0,0,1,0,0,0,0,0,0,0,0,0,0,0,0,0,0,0,0,0,0,0,0,0,0,0,0,0,0,0,0,0,1,True
"Стахеев, Дмитрий Иванович",Золотой полуимпериал,na,1901,мужской,0,,,,,,,,0,,['nan'],Санкт-Петербург,Васильки [сборник],1,0,,['nan'],1,0,0,0,0,0,0,0,0,0,0,0,0,0,0,0,0,0,0,0,0,0,0,0,0,0,0,0,0,0,0,0,0,0,0,0,1,True
"Цеханович, Александр Николаевич",Доктор Курганов,Роман из быта врачей,1901,мужской,0,,,,,,,,0,,['nan'],Санкт-Петербург,Отд. изд.,1,0,,['nan'],1,0,0,0,0,0,0,0,0,0,0,0,0,0,0,0,0,0,0,0,0,0,0,0,0,0,0,0,0,0,0,0,0,0,0,0,1,True
"Цеханович, Александр Николаевич",Богатырь-Кирилла,na,1901,мужской,0,,,,,,,,0,,['nan'],Санкт-Петербург,Отд. изд.,1,0,,['nan'],1,0,0,0,0,0,0,0,0,0,0,0,0,0,0,0,0,0,0,0,0,0,0,0,0,0,0,0,0,0,0,0,0,0,0,0,1,True
"Янов, А.Д.",Мужья и жёны,роман из современной московской жизни в 2-х частях,1901,мужской,1,семейный,семейный,,,,,,0,3 лицо,['разночинцы'],,Русское слово,0,0,,['разночинцы'],0,0,0,1,0,0,0,0,0,0,0,0,0,0,0,0,0,0,0,0,0,0,0,0,0,0,0,0,0,0,0,0,0,0,0,0,1,True
"Янов, А.Д.",Горюны,Роман из современной петербургской жизни в 2-х частях А. Д. Янова.,1901,мужской,1,"криминальный, уголовники",криминальный,,,,,,0,3 лицо,['nan'],,Петербургский листок,0,0,,['nan'],1,0,0,0,0,0,0,0,0,0,0,0,0,0,0,0,0,0,0,0,0,0,0,0,0,0,0,0,0,0,0,0,0,0,0,0,1,True
"Янов, А.Д.",Падчерица,Роман из современной жизни в 2-х частях. Сергея Нарского,1901,мужской,1,детективный,криминальный,,,,,,0,3 лицо,['криминальный мир'],,Петербургский листок,0,0,,['криминальный мир'],0,0,0,0,0,0,0,0,0,0,1,0,0,0,0,0,0,0,0,0,0,0,0,0,0,0,0,0,0,0,0,0,0,0,0,0,1,True
"Алексеев, Николай Николаевич",В грозу народную,Роман XVII века Н.Н. Алексеева,1902,мужской,0,исторический роман,исторический,,,,,,0,3 лицо,['аристократия прошлого'],Санкт-Петербург; Москва,Отд. изд.,1,0,,['аристократы'],0,0,1,0,0,0,0,0,0,0,0,0,0,0,0,0,0,0,0,0,0,0,0,0,0,0,0,0,0,0,0,0,0,0,0,0,1,True
"Апраксин, Александр Дмитриевич",Графиня Негрянская,роман,1902,мужской,0,исторический,исторический,,,,,,0,3 лицо,['аристократия прошлого'],Санкт-Петербург,Отд. изд.,1,0,,['аристократы'],0,0,1,0,0,0,0,0,0,0,0,0,0,0,0,0,0,0,0,0,0,0,0,0,0,0,0,0,0,0,0,0,0,0,0,0,1,True
"Апраксин, Александр Дмитриевич",Захудалые,роман,1902,мужской,0,социально-психологический,социальный,,,,,,0,3 лицо,['дворяне'],Санкт-Петербург,Отд. изд. (СС),1,0,,['дворяне'],0,1,0,0,0,0,0,0,0,0,0,0,0,0,0,0,0,0,0,0,0,0,0,0,0,0,0,0,0,0,0,0,0,0,0,0,1,True
"Апраксин, Александр Дмитриевич",Князь Червонский,роман,1902,мужской,0,социально-психологический,социальный,,,,,,0,3 лицо,['дворяне'],Санкт-Петербург,Отд. изд.,1,0,,['дворяне'],0,1,0,0,0,0,0,0,0,0,0,0,0,0,0,0,0,0,0,0,0,0,0,0,0,0,0,0,0,0,0,0,0,0,0,0,1,True
"Волконский, Михаил Николаевич",Два мага,Роман из эпохи XVIII столетия,1902,мужской,0,историко-авантюрный роман,исторический,исторический,авантюрный,мистический,философский,,0,3 лицо,['nan'],,Родина,0,1,volkonskij_m_dva_maga_1902.txt,['nan'],1,0,0,0,0,0,0,0,0,0,0,0,0,0,0,0,0,0,0,0,0,0,0,0,0,0,0,0,0,0,0,0,0,0,0,0,1,True
"Волконский, Михаил Николаевич",Капитан корабля Дедалуса,Роман князя М. Н. Волконского,1902,мужской,0,"приключенческий, авантюрный",приключенческий,,,,,,0,3 лицо,['дворяне'],,Вокруг света,0,0,,['дворяне'],0,1,0,0,0,0,0,0,0,0,0,0,0,0,0,0,0,0,0,0,0,0,0,0,0,0,0,0,0,0,0,0,0,0,0,0,1,True
"Волконский, Михаил Николаевич",Тайна герцога,Исторический роман из эпохи бироновщины,1902,мужской,0,историко-авантюрный роман,исторический,исторический,авантюрный,детективный,политический,,0,3 лицо,['дворяне'],,Родина,0,1,volkonskij_m_tajna_gerzoga_1902.txt,['дворяне'],0,1,0,0,0,0,0,0,0,0,0,0,0,0,0,0,0,0,0,0,0,0,0,0,0,0,0,0,0,0,0,0,0,0,0,0,1,True
"Гейнце, Николай Эдуардович",Женщина-демон,Роман из петербургской жизни,1902,мужской,0,"уголовный, социально-психологический, любовный",криминальный,,,,,,0,1 и 3 лицо,"['дворяне', 'разночинцы']",Санкт-Петербург,Отд. изд.,1,0,,"['дворяне', 'разночинцы']",0,1,0,1,0,0,0,0,0,0,0,0,0,0,0,0,0,0,0,0,0,0,0,0,0,0,0,0,0,0,0,0,0,0,0,0,2,True
"Голицын (Муравлин), Дмитрий Петрович",На безлюдье,Роман,1902,мужской,0,социально-психологический,социальный,,,,,,0,,['nan'],Санкт-Петербург,Отд. изд.,1,0,,['nan'],1,0,0,0,0,0,0,0,0,0,0,0,0,0,0,0,0,0,0,0,0,0,0,0,0,0,0,0,0,0,0,0,0,0,0,0,1,True
"Дмитриев, Дмитрий Савватиевич",Золотой век,Исторический роман из царствования императрицы Екатерины II. В двух частях,1902,мужской,0,исторический,исторический,исторический,утопический,философский,идеологический,,0,3 лицо,['дворяне'],Москва,Отд. изд.,1,1,dmitriev_d_zolotoj_vek_1902.txt,['дворяне'],0,1,0,0,0,0,0,0,0,0,0,0,0,0,0,0,0,0,0,0,0,0,0,0,0,0,0,0,0,0,0,0,0,0,0,0,1,True
"Дубровина, Екатерина Оскаровна",Под гнетом контрастов,Роман,1902,женский,0,социально-психологический роман,социальный,,,,,,0,3 лицо,['дворяне'],Москва,Семья,1,0,,['дворяне'],0,1,0,0,0,0,0,0,0,0,0,0,0,0,0,0,0,0,0,0,0,0,0,0,0,0,0,0,0,0,0,0,0,0,0,0,1,True
"Дубровина, Екатерина Оскаровна",Идиллия на Волге,,1902,женский,0,,,,,,,,0,,['nan'],Санкт-Петербург,Отд. изд.,1,0,,['nan'],1,0,0,0,0,0,0,0,0,0,0,0,0,0,0,0,0,0,0,0,0,0,0,0,0,0,0,0,0,0,0,0,0,0,0,0,1,True
"Зарин, Андрей Ефимович",Казнь,Роман,1902,мужской,0,детективный,криминальный,детективный,социально-психологический,уголовный,,,0,3 лицо,"['разночинцы', 'криминальный мир']",Санкт-Петербург,Отд. изд.,1,1,zarin_a_kazn_1902.txt,"['разночинцы', 'криминальный мир']",0,0,0,1,0,0,0,0,0,0,1,0,0,0,0,0,0,0,0,0,0,0,0,0,0,0,0,0,0,0,0,0,0,0,0,0,2,True
"Зарин, Андрей Ефимович",Спирит,Роман в 6 кл.,1902,мужской,0,фантастический,фантастический,,,,,,0,3 лицо,['дворяне'],Санкт-Петербург,Отд. изд.,1,0,,['дворяне'],0,1,0,0,0,0,0,0,0,0,0,0,0,0,0,0,0,0,0,0,0,0,0,0,0,0,0,0,0,0,0,0,0,0,0,0,1,True
"Зарин, Федор Ефимович",Джиакометта,Исторический рассказ,1902,мужской,0,исторический,исторический,,,,,,0,3 лицо,['nan'],,Детское чтение,0,0,,['nan'],1,0,0,0,0,0,0,0,0,0,0,0,0,0,0,0,0,0,0,0,0,0,0,0,0,0,0,0,0,0,0,0,0,0,0,0,1,True
"Киснемский, Семен Петрович",Темный рыцарь,Роман в 2 частях,1902,мужской,0,"авантюрный, юмористический",приключенческий,,,,,,0,,['nan'],Санкт-Петербург,Отд. изд.,1,0,,['nan'],1,0,0,0,0,0,0,0,0,0,0,0,0,0,0,0,0,0,0,0,0,0,0,0,0,0,0,0,0,0,0,0,0,0,0,0,1,True
"Красницкий, Александр Иванович",Под волнами Иматры,Роман,1902,мужской,0,детективный,криминальный,детективный,авантюрный,приключенческий,,,0,3 лицо,['рабочие'],Санкт-Петербург,Отд. изд.,1,1,krasnizkij_a_pod_volnami_imatry_1902.txt,['рабочие'],0,0,0,0,0,0,0,0,0,0,0,0,0,0,1,0,0,0,0,0,0,0,0,0,0,0,0,0,0,0,0,0,0,0,0,0,1,True
"Крыжановская (Рочестер), Вера Ивановна",Маги,Роман В.И. Крыжановской (Рочестер),1902,женский,0,"философский, фантастический",философский,философский,фантастический,мистический,оккультный,,0,3 лицо,['nan'],Санкт-Петербург,Отд. изд.,1,1,kryzhanovskaya_v_magi_1902.txt,['nan'],1,0,0,0,0,0,0,0,0,0,0,0,0,0,0,0,0,0,0,0,0,0,0,0,0,0,0,0,0,0,0,0,0,0,0,0,1,True
"Крыжановская (Рочестер), Вера Ивановна",Кобра Капелла (Рафаэла),Роман В.И. Крыжановской (Рочестер),1902,женский,0,женский роман,женский,,,,,,0,,['nan'],Санкт-Петербург,Отд. изд.,1,0,,['nan'],1,0,0,0,0,0,0,0,0,0,0,0,0,0,0,0,0,0,0,0,0,0,0,0,0,0,0,0,0,0,0,0,0,0,0,0,1,True
"Лунин, Виктор Алексеевич",Стрельцы,Роман из времен Петра Великого: В 2 ч.,1902,мужской,0,исторический роман,исторический,,,,,,0,,['исторические личности'],Москва,Отд. изд.,1,0,,['легендарные исторические фигуры'],0,0,0,0,1,0,0,0,0,0,0,0,0,0,0,0,0,0,0,0,0,0,0,0,0,0,0,0,0,0,0,0,0,0,0,0,1,True
"Максимов, Александр Яковлевич","Без руля, компаса и ветрил",Роман в двух частях,1902,мужской,0,"политический, социально-психологический",социальный,,,,,,0,3 лицо,"['дворяне', 'чиновники']",Санкт-Петербург,Отд. изд.,1,0,,"['дворяне', 'чиновники']",0,1,0,0,0,0,0,0,1,0,0,0,0,0,0,0,0,0,0,0,0,0,0,0,0,0,0,0,0,0,0,0,0,0,0,0,2,True
"Мейснер, Александр Федорович",В забытых дебрях,Роман из быта северной деревни,1902,мужской,0,"любовный, психологический, крестьянка, помещик",любовный,,,,,,0,,['nan'],Санкт-Петербург,Отд. изд.,1,0,,['nan'],1,0,0,0,0,0,0,0,0,0,0,0,0,0,0,0,0,0,0,0,0,0,0,0,0,0,0,0,0,0,0,0,0,0,0,0,1,True
"Назарьева, Капитолина Валериановна",Потомки титанов,Исторический роман из эпохи Екатерины Великой,1902,женский,0,исторический роман,исторический,,,,,,0,3 лицо,['аристократия прошлого'],Санкт-Петербург,Отд. изд.,1,0,,['аристократы'],0,0,1,0,0,0,0,0,0,0,0,0,0,0,0,0,0,0,0,0,0,0,0,0,0,0,0,0,0,0,0,0,0,0,0,0,1,True
"Нарский, С.",На каторгу,Роман из современной жизни А. Д. Янова.,1902,мужской,1,криминальный,криминальный,,,,,,0,3 лицо,['криминальный мир'],,Петербургский листок,0,0,,['криминальный мир'],0,0,0,0,0,0,0,0,0,0,1,0,0,0,0,0,0,0,0,0,0,0,0,0,0,0,0,0,0,0,0,0,0,0,0,0,1,True
"Невежин, Пётр Михайлович",Озлобленные,Роман,1902,мужской,0,социально-психологический,социальный,,,,,,0,3 лицо,['дворяне'],Москва,Отд. изд.,1,0,,['дворяне'],0,1,0,0,0,0,0,0,0,0,0,0,0,0,0,0,0,0,0,0,0,0,0,0,0,0,0,0,0,0,0,0,0,0,0,0,1,True
"Светлов, Валериан Яковлевич",В будаевской усадьбе,Роман,1902,мужской,1,социально-психологический,социальный,,,,,,0,3 лицо,['дворяне'],,Вестник Европы,0,0,,['дворяне'],0,1,0,0,0,0,0,0,0,0,0,0,0,0,0,0,0,0,0,0,0,0,0,0,0,0,0,0,0,0,0,0,0,0,0,0,1,True
"Соколова, Александра Ивановна",Белые негры,Роман в 3 частях,1902,женский,0,криминальный,криминальный,,,,,,0,3 лицо,['криминальный мир'],Санкт-Петербург,Отд. изд.,1,0,,['криминальный мир'],0,0,0,0,0,0,0,0,0,0,1,0,0,0,0,0,0,0,0,0,0,0,0,0,0,0,0,0,0,0,0,0,0,0,0,0,1,True
"Тимофеева-Починковская, Варвара Васильевна",В шестидесятых годах,Повесть,1902,женский,0,,,,,,,,0,3 лицо,['nan'],,Новое дело,0,0,,['nan'],1,0,0,0,0,0,0,0,0,0,0,0,0,0,0,0,0,0,0,0,0,0,0,0,0,0,0,0,0,0,0,0,0,0,0,0,1,True
"Толстой, Лев Львович",Поиски и примирение,Роман в 4-х частях,1902,мужской,0,,,,,,,,0,3 лицо,['nan'],,Ежемесячные сочинения,0,0,,['nan'],1,0,0,0,0,0,0,0,0,0,0,0,0,0,0,0,0,0,0,0,0,0,0,0,0,0,0,0,0,0,0,0,0,0,0,0,1,True
"Тютчев, Федор Федорович",Беглец,Роман из пограничной жизни,1902,мужской,0,,,социально-психологический,приключенческий,идеологический,,,0,3 лицо,['nan'],Санкт-Петербург,Отд. изд.,1,1,tyutchev_f_beglez_1902.txt,['nan'],1,0,0,0,0,0,0,0,0,0,0,0,0,0,0,0,0,0,0,0,0,0,0,0,0,0,0,0,0,0,0,0,0,0,0,0,1,True
"Цеханович, Александр Николаевич",Убийственная любовь,Роман,1902,мужской,0,,,,,,,,0,,['nan'],Санкт-Петербург,Отд. изд.,1,0,,['nan'],1,0,0,0,0,0,0,0,0,0,0,0,0,0,0,0,0,0,0,0,0,0,0,0,0,0,0,0,0,0,0,0,0,0,0,0,1,True
"Янов, А.Д.",Золотые мухи,Роман-хроника А. Д. Янова.,1902,мужской,1,,,,,,,,0,3 лицо,['nan'],,Петербургский Листок,0,0,,['nan'],1,0,0,0,0,0,0,0,0,0,0,0,0,0,0,0,0,0,0,0,0,0,0,0,0,0,0,0,0,0,0,0,0,0,0,0,1,True
"Амфитеатров, Александр Валентинович",Марья Лусьева,,1903,мужской,0,криминальный,криминальный,уголовный,социально-психологический,нравоописательный,,,0,3 лицо,['проститутки'],,Приазовский край (г),0,1,amfiteatrov_a_mariya_luseva_1903.txt,['женщины'],0,0,0,0,0,0,0,0,0,0,0,0,0,0,0,1,0,0,0,0,0,0,0,0,0,0,0,0,0,0,0,0,0,0,0,0,1,True
"Апраксин, Александр Дмитриевич",Тернистый путь,Роман в 2-х частях,1903,мужской,0,психологический,психологический,,,,,,0,3 лицо,['дворяне'],Санкт-Петербург,Отд. изд.,1,0,,['дворяне'],0,1,0,0,0,0,0,0,0,0,0,0,0,0,0,0,0,0,0,0,0,0,0,0,0,0,0,0,0,0,0,0,0,0,0,0,1,True
"Богораз, Владимир Германович",Восемь племен,Роман,1903,мужской,0,исторический,исторический,исторический,этнографический,приключенческий,,,0,3 лицо,['древние народы'],,Мир божий,0,1,bogoraz_v_vosem_plemen_1903.txt,['народности и этнические группы'],0,0,0,0,0,0,0,0,0,1,0,0,0,0,0,0,0,0,0,0,0,0,0,0,0,0,0,0,0,0,0,0,0,0,0,0,1,True
"Будищев, Алексей Николаевич",Солнечные дни,Роман,1903,мужской,0,"социально-психологический, детективный, помещики",социальный,,,,,,0,3 лицо,['помещики'],Москва,Вестник Европы,1,0,,['помещики'],0,0,0,0,0,0,0,0,0,0,0,0,0,0,0,0,1,0,0,0,0,0,0,0,0,0,0,0,0,0,0,0,0,0,0,0,1,True
"Булгаковский, Дмитрий Гаврилович",Близнецы,роман в 2 частях,1903,мужской,0,социально-психологический,социальный,,,,,,0,,['аристократы'],Санкт-Петербург,Отд. изд.,1,0,,['аристократы'],0,0,1,0,0,0,0,0,0,0,0,0,0,0,0,0,0,0,0,0,0,0,0,0,0,0,0,0,0,0,0,0,0,0,0,0,1,True
"Волконский, Михаил Николаевич",Гамлет XVIII века,Роман из времен Павла I,1903,мужской,0,историко-авантюрный роман,исторический,исторический,авантюрный,психологический,философский,,0,3 лицо,['nan'],,Русский вестник,0,1,volkonskij_m_gamlet__veka_1903.txt,['nan'],1,0,0,0,0,0,0,0,0,0,0,0,0,0,0,0,0,0,0,0,0,0,0,0,0,0,0,0,0,0,0,0,0,0,0,0,1,True
"Волконский, Михаил Николаевич",Сокровище родины,Роман кн. М. Н. Волконского,1903,мужской,0,приключенческий роман,приключенческий,,,,,,0,3 лицо,['nan'],,Вокруг света,0,0,,['nan'],1,0,0,0,0,0,0,0,0,0,0,0,0,0,0,0,0,0,0,0,0,0,0,0,0,0,0,0,0,0,0,0,0,0,0,0,1,True
"Голицын (Муравлин), Дмитрий Петрович",На Руси,Роман,1903,мужской,0,социально-психологический,социальный,,,,,,0,3 лицо,['nan'],Санкт-Петербург,Русский вестник,1,0,,['nan'],1,0,0,0,0,0,0,0,0,0,0,0,0,0,0,0,0,0,0,0,0,0,0,0,0,0,0,0,0,0,0,0,0,0,0,0,1,True
"Красницкий, Александр Иванович",Манчжурское золото,Роман,1903,мужской,0,,,,,,,,0,,['nan'],Санкт-Петербург,Отд. изд.,1,0,,['nan'],1,0,0,0,0,0,0,0,0,0,0,0,0,0,0,0,0,0,0,0,0,0,0,0,0,0,0,0,0,0,0,0,0,0,0,0,1,True
"Круглов, Александр Васильевич",Веселые похороны,Роман,1903,мужской,0,"социально-психологический, мещане, мелкие чиновники",социальный,,,,,,0,,['nan'],Москва,Отд. изд.,1,0,,['nan'],1,0,0,0,0,0,0,0,0,0,0,0,0,0,0,0,0,0,0,0,0,0,0,0,0,0,0,0,0,0,0,0,0,0,0,0,1,True
"Крыжановская (Рочестер), Вера Ивановна",На соседней планете,Роман,1903,женский,0,"утопический, приключенческий, оккультный",утопический,утопический,приключенческий,фантастический,оккультный,,0,3 лицо,"['маги', 'индус', 'европейцы']",Санкт-Петербург,Отд. изд.,1,1,kryzhanovskaya_v_na_sosednej_planete_1903.txt,"['мифическое', 'народности и этнические группы']",0,0,0,0,0,0,0,0,0,1,0,0,0,0,0,0,0,0,0,0,0,0,0,0,1,0,0,0,0,0,0,0,0,0,0,0,2,True
"Крыжановская (Рочестер), Вера Ивановна",Светочи Чехии,Исторический роман из эпохи пробуждения чешского национального самосознания,1903,женский,0,"исторический, средневековье",исторический,исторический,религиозный,идеологический,,,0,3 лицо,['аристократы'],,Русский вестник,0,1,kryzhanovskaya_v_svetochi_chekhii_1903.txt,['аристократы'],0,0,1,0,0,0,0,0,0,0,0,0,0,0,0,0,0,0,0,0,0,0,0,0,0,0,0,0,0,0,0,0,0,0,0,0,1,True
"Кулиш, Пантелеймон Александрович",Искатели счастья,Посмертный роман П. А. Кулиша,1903,мужской,0,утопический,утопический,,,,,,0,1 лицо,['nan'],,Ежемесячные сочинения,0,0,,['nan'],1,0,0,0,0,0,0,0,0,0,0,0,0,0,0,0,0,0,0,0,0,0,0,0,0,0,0,0,0,0,0,0,0,0,0,0,1,True
"Лунин, Виктор Алексеевич",Былое время,Роман в 2-х ч,1903,мужской,0,,,,,,,,0,,['nan'],Москва,Отд. изд.,1,0,,['nan'],1,0,0,0,0,0,0,0,0,0,0,0,0,0,0,0,0,0,0,0,0,0,0,0,0,0,0,0,0,0,0,0,0,0,0,0,1,True
"Льдов, Константин",Пустыня внемлет,Роман,1903,мужской,1,психологический роман; сумасшедший,психологический,,,,,,0,3 лицо,['служащие'],Санкт-Петербург,Отд. изд.,1,0,,['чиновники'],0,0,0,0,0,0,0,0,1,0,0,0,0,0,0,0,0,0,0,0,0,0,0,0,0,0,0,0,0,0,0,0,0,0,0,0,1,True
"Марков, Владислав Львович",Рассвет,Предки в трудное время,1903,мужской,0,исторический,исторический,,,,,,0,3 лицо,['военные'],,Русский вестник,0,0,,['военные'],0,0,0,0,0,1,0,0,0,0,0,0,0,0,0,0,0,0,0,0,0,0,0,0,0,0,0,0,0,0,0,0,0,0,0,0,1,True
"Марков, Владислав Львович",В уездной глуши,,1903,мужской,0,,,,,,,,0,,['nan'],Санкт-Петербург,Отд. изд.,1,0,,['nan'],1,0,0,0,0,0,0,0,0,0,0,0,0,0,0,0,0,0,0,0,0,0,0,0,0,0,0,0,0,0,0,0,0,0,0,0,1,True
"Минцлов, Сергей Рудольфович",В грозу,Историческая повесть из эпохи Петра Великого,1903,мужской,0,,,,,,,,0,,['nan'],Рига,Отд. изд.,1,0,,['nan'],1,0,0,0,0,0,0,0,0,0,0,0,0,0,0,0,0,0,0,0,0,0,0,0,0,0,0,0,0,0,0,0,0,0,0,0,1,True
"Оболенский, Леонид Егорович",На развалинах,Роман,1903,мужской,0,социально-психологический,социальный,,,,,,0,3 лицо,['врачи'],,Вестник Европы,0,0,,['врачи'],0,0,0,0,0,0,0,0,0,0,0,0,0,0,0,0,0,0,0,0,0,0,0,0,0,0,0,0,0,0,0,0,0,0,1,0,1,True
"Окрейц, Станислав Станиславович",Как я избег виселицы,(Рассказ помещика),1903,мужской,0,,,,,,,,0,1 лицо,['nan'],,Речь,0,0,,['nan'],1,0,0,0,0,0,0,0,0,0,0,0,0,0,0,0,0,0,0,0,0,0,0,0,0,0,0,0,0,0,0,0,0,0,0,0,1,True
"Окрейц, Станислав Станиславович",Чья вина?,Роман в двух частях,1903,мужской,0,,,,,,,,0,3 лицо,['nan'],,Речь,0,0,,['nan'],1,0,0,0,0,0,0,0,0,0,0,0,0,0,0,0,0,0,0,0,0,0,0,0,0,0,0,0,0,0,0,0,0,0,0,0,1,True
"Пазухин, Алексей Михайлович",Княгиня Бутырская,Роман,1903,мужской,0,"социально-психологический, аристократы",социальный,,,,,,0,3 лицо,['дворяне'],Москва,Отд. изд.,1,0,,['дворяне'],0,1,0,0,0,0,0,0,0,0,0,0,0,0,0,0,0,0,0,0,0,0,0,0,0,0,0,0,0,0,0,0,0,0,0,0,1,True
"Потапенко, Игнатий Николаевич",Мать и дочь,роман,1903,мужской,0,социально-психологический,социальный,,,,,,0,3 лицо,['женщины'],,Мир Божий,0,0,,['женщины'],0,0,0,0,0,0,0,0,0,0,0,0,0,0,0,1,0,0,0,0,0,0,0,0,0,0,0,0,0,0,0,0,0,0,0,0,1,True
"Салиас, Евгений Андреевич",Военные мужики,Роман,1903,мужской,1,"исторический, военные поселения, аракчеев, бунт",исторический,,,,,,0,,['nan'],,Исторический вестник,0,0,,['nan'],1,0,0,0,0,0,0,0,0,0,0,0,0,0,0,0,0,0,0,0,0,0,0,0,0,0,0,0,0,0,0,0,0,0,0,0,1,True
"Северцев-Полилов, Георгий Тихонович",Развиватели,Роман,1903,мужской,1,художники,,социально-психологический,идеологический,,,,0,3 лицо,"['художники', 'рабочие', 'семейная пара']",Санкт-Петербург,Отд. изд.,1,1,polilov_g_razvivateli_1903.txt,"['творческие люди', 'рабочие', 'семейная пара']",0,0,0,0,0,0,0,0,0,0,0,0,0,1,1,0,0,0,0,0,0,0,0,0,0,0,0,0,0,0,1,0,0,0,0,0,3,True
"Снегина, Ольга Павловна",На гастролях,роман,1903,женский,1,"любовный, актеры",любовный,,,,,,0,,['nan'],Санкт-Петербург,Отд. изд.,1,0,,['nan'],1,0,0,0,0,0,0,0,0,0,0,0,0,0,0,0,0,0,0,0,0,0,0,0,0,0,0,0,0,0,0,0,0,0,0,0,1,True
"Старицкий, Михаил Петрович",Разбойник Кармелюк,Исторический роман,1903,мужской,0,,,,,,,,0,3 лицо,['nan'],,Московский листок,0,0,,['nan'],1,0,0,0,0,0,0,0,0,0,0,0,0,0,0,0,0,0,0,0,0,0,0,0,0,0,0,0,0,0,0,0,0,0,0,0,1,True
"Тютчев, Федор Федорович",На скалах и долинах Дагестана,Роман из времен борьбы с Шамилем за владычество на Кавказе,1903,мужской,0,,,исторический,этнографический,авантюрный,,,0,3 лицо,['nan'],Санкт-Петербург,Отд. изд.,1,1,tyutchev_f_na_skalakh_i_dolinakh_dagestana_1903.txt,['nan'],1,0,0,0,0,0,0,0,0,0,0,0,0,0,0,0,0,0,0,0,0,0,0,0,0,0,0,0,0,0,0,0,0,0,0,0,1,True
"Фёдоров, Александр Митрофанович",Земля,Роман,1903,мужской,0,,,,,,,,0,,['nan'],,Русское богатство,0,0,,['nan'],1,0,0,0,0,0,0,0,0,0,0,0,0,0,0,0,0,0,0,0,0,0,0,0,0,0,0,0,0,0,0,0,0,0,0,0,1,True
"Цеханович, Александр Николаевич",Лишние люди,Роман А.Н. Цехановича,1903,мужской,0,,,,,,,,0,,['nan'],Санкт-Петербург,Отд. изд.,1,0,,['nan'],1,0,0,0,0,0,0,0,0,0,0,0,0,0,0,0,0,0,0,0,0,0,0,0,0,0,0,0,0,0,0,0,0,0,0,0,1,True
"Эльснер-Коранский, Анатолий Оттович",Железный доктор,Роман,1903,мужской,1,детективный,криминальный,детективный,фантастический,авантюрный,,,0,3 лицо,['nan'],Санкт-Петербург,Отд. изд.,1,1,elsner-koranskij_a_zheleznyj_doktor_1903.txt,['nan'],1,0,0,0,0,0,0,0,0,0,0,0,0,0,0,0,0,0,0,0,0,0,0,0,0,0,0,0,0,0,0,0,0,0,0,0,1,True
Энпе,История одного преступления: (Власть сердца),Из воспоминаний судеб. следователя Н.Е. П-ва.,1903,мужской,1,,,,,,,,0,,['nan'],Москва,Отд. изд.,1,0,,['nan'],1,0,0,0,0,0,0,0,0,0,0,0,0,0,0,0,0,0,0,0,0,0,0,0,0,0,0,0,0,0,0,0,0,0,0,0,1,True
"Амфитеатров, Александр Валентинович",Виктория Павловна (именины),,1904,мужской,0,феминистический роман,женский,,,,,,0,1 лицо,['женщины'],Санкт-Петербург,Отд. изд.,1,0,,['женщины'],0,0,0,0,0,0,0,0,0,0,0,0,0,0,0,1,0,0,0,0,0,0,0,0,0,0,0,0,0,0,0,0,0,0,0,0,1,True
"Апраксин, Александр Дмитриевич",Три плута,роман из столичной уголовной хроники,1904,мужской,0,уголовный роман,криминальный,уголовный,авантюрный,социально-психологический,,,0,3 лицо,['мелкие чиновники'],Санкт-Петербург,Отд. изд.,1,1,apraksin_a_tri_pluta_1904.txt,['чиновники'],0,0,0,0,0,0,0,0,1,0,0,0,0,0,0,0,0,0,0,0,0,0,0,0,0,0,0,0,0,0,0,0,0,0,0,0,1,True
"Богораз, Владимир Германович",За океаном,роман,1904,мужской,0,"соц.-психологический, русские эмигранты в америке",социальный,,,,,,0,3 лицо,['эмигранты'],Санкт-Петербург,Мир божий,1,0,,['эмигранты'],0,0,0,0,0,0,0,0,0,0,0,0,0,0,0,0,0,0,0,0,0,0,0,0,0,0,0,0,1,0,0,0,0,0,0,0,1,True
"Волконский, Михаил Николаевич",Юный герой,роман,1904,мужской,0,приключенческий роман,приключенческий,,,,,,0,,['nan'],,Вокруг света,0,0,,['nan'],1,0,0,0,0,0,0,0,0,0,0,0,0,0,0,0,0,0,0,0,0,0,0,0,0,0,0,0,0,0,0,0,0,0,0,0,1,True
"Волконский, Михаил Николаевич",Ищите и найдете,роман,1904,мужской,0,"историко-авантюрный роман, неофициальная история",исторический,исторический,авантюрный,детективный,политический,,0,3 лицо,['художники'],Санкт-Петербург,Родина,1,1,volkonskij_m_ishite_i_najdete_1904.txt,['творческие люди'],0,0,0,0,0,0,0,0,0,0,0,0,0,1,0,0,0,0,0,0,0,0,0,0,0,0,0,0,0,0,0,0,0,0,0,0,1,True
"Вольский, А.",Под грозой,Повесть,1904,женский,1,,,,,,,,0,3 лицо,['nan'],Санкт-Петербург,Отд. изд.,1,0,,['nan'],1,0,0,0,0,0,0,0,0,0,0,0,0,0,0,0,0,0,0,0,0,0,0,0,0,0,0,0,0,0,0,0,0,0,0,0,1,True
Граф Амори,Тайны японского двора,роман,1904,мужской,1,авантюрно-приключенческий,приключенческий,авантюрный,приключенческий,экзотический,исторический,,0,3 лицо,['аристократы'],Санкт-Петербург,Свет,1,1,rapgof_i_tajny_yaponskogo_dvora_1904.txt,['аристократы'],0,0,1,0,0,0,0,0,0,0,0,0,0,0,0,0,0,0,0,0,0,0,0,0,0,0,0,0,0,0,0,0,0,0,0,0,1,True
"Дмитриев, Дмитрий Савватиевич",Змей огненный,роман,1904,мужской,0,"исторический, придворные",исторический,,,,,,0,,['nan'],Москва,Отд. изд.,1,0,,['nan'],1,0,0,0,0,0,0,0,0,0,0,0,0,0,0,0,0,0,0,0,0,0,0,0,0,0,0,0,0,0,0,0,0,0,0,0,1,True
"Емельянов-Коханский, Александр Николаевич","Записки грешника. Книга злобы, ненависти, насмешки",роман,1904,мужской,0,,,,,,,,0,,['nan'],Москва,Отд. изд.,1,0,,['nan'],1,0,0,0,0,0,0,0,0,0,0,0,0,0,0,0,0,0,0,0,0,0,0,0,0,0,0,0,0,0,0,0,0,0,0,0,1,True
"Жданов, Лев",Царь Иоанн Грозный,историческая повесть,1904,мужской,1,"исторический, дворяне",исторический,исторический,биографический,политический,психологический,,0,3 лицо,"['иван грозный', 'дворяне']",Санкт-Петербург,Отд. изд.,1,1,gelman_l_zar_ioann_groznyj_1904.txt,"['легендарные исторические фигуры', 'дворяне']",0,1,0,0,1,0,0,0,0,0,0,0,0,0,0,0,0,0,0,0,0,0,0,0,0,0,0,0,0,0,0,0,0,0,0,0,2,True
"Красницкий, Александр Иванович",Змея в кольце,роман,1904,мужской,0,,,,,,,,0,,['nan'],Санкт-Петербург,Отд. изд.,1,0,,['nan'],1,0,0,0,0,0,0,0,0,0,0,0,0,0,0,0,0,0,0,0,0,0,0,0,0,0,0,0,0,0,0,0,0,0,0,0,1,True
"Крыжановская (Рочестер), Вера Ивановна",Из Мрака к Свету,роман,1904,женский,0,оккультный,фантастический,,,,,,0,,['nan'],Санкт-Петербург,Отд. изд.,1,0,,['nan'],1,0,0,0,0,0,0,0,0,0,0,0,0,0,0,0,0,0,0,0,0,0,0,0,0,0,0,0,0,0,0,0,0,0,0,0,1,True
"Мережковский, Дмитрий Сергеевич",Антихрист. Петр и Алексей,,1904,мужской,0,"трилогия ""христос и антихрист"". исторический, религиозно-философский роман",философский,исторический,религиозный,философский,символистский,биографический,1,3 лицо,"['царевич алексей петрович', 'петр i', 'дворяне']",,Новый путь,0,1,merezhkovskij_d_antikhrist_petr_i_aleksej_1904.txt,"['легендарные исторические фигуры', 'дворяне']",0,1,0,0,1,0,0,0,0,0,0,0,0,0,0,0,0,0,0,0,0,0,0,0,0,0,0,0,0,0,0,0,0,0,0,0,2,True
"Минцлов, Сергей Рудольфович",В лесах Литвы,историческая повесть,1904,мужской,0,авантюрный,приключенческий,,,,,,0,3 лицо,['рыцари'],Санкт-Петербург,Отд. изд.,1,0,,['рыцари'],0,0,0,0,0,0,0,0,0,0,0,0,0,0,0,0,0,0,0,0,0,0,0,0,0,0,0,0,0,0,0,1,0,0,0,0,1,True
"Мясницкий, Иван Ильич",Старообрядка,роман,1904,мужской,1,"социоально-бытовой, купцы",социальный,,,,,,0,3 лицо,['купцы'],Москва,Отд. изд.,1,0,,['купцы'],0,0,0,0,0,0,0,1,0,0,0,0,0,0,0,0,0,0,0,0,0,0,0,0,0,0,0,0,0,0,0,0,0,0,0,0,1,True
"Новикова-Зарина, Екатерина Ивановна",Князь Борис Тишин,роман,1904,женский,0,"культурно-исторический, князья",исторический,,,,,,0,,['nan'],Санкт-Петербург,Отд. изд.,1,0,,['nan'],1,0,0,0,0,0,0,0,0,0,0,0,0,0,0,0,0,0,0,0,0,0,0,0,0,0,0,0,0,0,0,0,0,0,0,0,1,True
"Пазухин, Алексей Михайлович",На сцене жизни,роман,1904,мужской,0,театральный быт,,,,,,,0,3 лицо,['влюблённые'],Москва,Отд. изд.,1,0,,['семейная пара'],0,0,0,0,0,0,0,0,0,0,0,0,0,0,0,0,0,0,0,0,0,0,0,0,0,0,0,0,0,0,1,0,0,0,0,0,1,True
"Пилипенко, Г.М.",Токио в наши дни,роман,1904,мужской,0,политический,социальный,,,,,,0,3 лицо,['аристократы'],,Русский вестник,0,0,,['аристократы'],0,0,1,0,0,0,0,0,0,0,0,0,0,0,0,0,0,0,0,0,0,0,0,0,0,0,0,0,0,0,0,0,0,0,0,0,1,True
"Светлов, Валериан Яковлевич",Новые песни,роман,1904,мужской,1,,,,,,,,0,,['nan'],Санкт-Петербург,Отд. изд.,1,0,,['nan'],1,0,0,0,0,0,0,0,0,0,0,0,0,0,0,0,0,0,0,0,0,0,0,0,0,0,0,0,0,0,0,0,0,0,0,0,1,True
"Светлов, Валериан Яковлевич",Семья Варавиных,роман,1904,мужской,1,"социально-психологический, нацшеанцы",социальный,,,,,,0,,['nan'],Санкт-Петербург,Отд. изд.,1,0,,['nan'],1,0,0,0,0,0,0,0,0,0,0,0,0,0,0,0,0,0,0,0,0,0,0,0,0,0,0,0,0,0,0,0,0,0,0,0,1,True
"Светлов, Валериан Яковлевич",В муравейнике,Роман,1904,мужской,1,социально-психологический,социальный,,,,,,0,3 лицо,['дворяне'],,Вестник Европы,0,0,,['дворяне'],0,1,0,0,0,0,0,0,0,0,0,0,0,0,0,0,0,0,0,0,0,0,0,0,0,0,0,0,0,0,0,0,0,0,0,0,1,True
"Северцев-Полилов, Георгий Тихонович",Боярыня Морозова,Повесть из истории русского раскола,1904,мужской,1,"исторический, дворяне",исторический,,,,,,0,3 лицо,['дворяне'],Санкт-Петербург,Отд. изд.,1,0,,['дворяне'],0,1,0,0,0,0,0,0,0,0,0,0,0,0,0,0,0,0,0,0,0,0,0,0,0,0,0,0,0,0,0,0,0,0,0,0,1,True
"Северцев-Полилов, Георгий Тихонович",Во времена Боголюбского,Исторический роман Г. Т. Северцева,1904,мужской,1,"исторический, разночинцы",исторический,,,,,,0,3 лицо,['nan'],,Родная речь,0,0,,['nan'],1,0,0,0,0,0,0,0,0,0,0,0,0,0,0,0,0,0,0,0,0,0,0,0,0,0,0,0,0,0,0,0,0,0,0,0,1,True
"Северцев-Полилов, Георгий Тихонович",Кому лучше?,роман,1904,мужской,1,соц.-психологический,социальный,,,,,,0,3 лицо,['помещики'],Санкт-Петербург,Отд. изд.,1,0,,['помещики'],0,0,0,0,0,0,0,0,0,0,0,0,0,0,0,0,1,0,0,0,0,0,0,0,0,0,0,0,0,0,0,0,0,0,0,0,1,True
"Севрова, Н.Б.",Крест материнства. Тайный дневник,роман,1904,женский,1,"психологический роман, судьба женщины",психологический,,,,,,0,,['nan'],Санкт-Петербург,Отд. изд.,1,0,,['nan'],1,0,0,0,0,0,0,0,0,0,0,0,0,0,0,0,0,0,0,0,0,0,0,0,0,0,0,0,0,0,0,0,0,0,0,0,1,True
"Стахеев, Дмитрий Иванович",Отец Мартин и его сослуживцы (Замоскворецкая старина),,1904,мужской,0,,,,,,,,0,1 лицо,['nan'],,Русский вестник,0,0,,['nan'],1,0,0,0,0,0,0,0,0,0,0,0,0,0,0,0,0,0,0,0,0,0,0,0,0,0,0,0,0,0,0,0,0,0,0,0,1,True
"Стахеев, Дмитрий Иванович",Отелло и гладиаторы,Рассказ Д. И. Стахеева,1904,мужской,0,,,,,,,,0,3 лицо,['nan'],,Русский вестник,0,0,,['nan'],1,0,0,0,0,0,0,0,0,0,0,0,0,0,0,0,0,0,0,0,0,0,0,0,0,0,0,0,0,0,0,0,0,0,0,0,1,True
"Уманов-Каплуновский, Владимир Васильевич",Фарисеи,роман,1904,мужской,0,психологический роман,психологический,,,,,,0,3 лицо,['дворяне'],,Русский вестник,0,0,,['дворяне'],0,1,0,0,0,0,0,0,0,0,0,0,0,0,0,0,0,0,0,0,0,0,0,0,0,0,0,0,0,0,0,0,0,0,0,0,1,True
"Фёдоров, Александр Митрофанович",Природа,Роман в 3-х частях,1904,мужской,0,,,социально-психологический,философский,бытовой,,,0,3 лицо,['nan'],,Мир божий,0,1,fedorov_a_priroda_1904.txt,['nan'],1,0,0,0,0,0,0,0,0,0,0,0,0,0,0,0,0,0,0,0,0,0,0,0,0,0,0,0,0,0,0,0,0,0,0,0,1,True
Энпе,Отмщение,Из мира погибших: Роман,1904,мужской,1,,,,,,,,0,,['nan'],Москва,Отд. изд.,1,0,,['nan'],1,0,0,0,0,0,0,0,0,0,0,0,0,0,0,0,0,0,0,0,0,0,0,0,0,0,0,0,0,0,0,0,0,0,0,0,1,True
"Аничкова, Идалия Мечиславовна",Из жизни женщины,роман,1905,женский,0,,,,,,,,0,,['nan'],Санкт-Петербург; Москва,Отд. изд.,1,0,,['nan'],1,0,0,0,0,0,0,0,0,0,0,0,0,0,0,0,0,0,0,0,0,0,0,0,0,0,0,0,0,0,0,0,0,0,0,0,1,True
"Апраксин, Александр Дмитриевич",Родня,роман,1905,мужской,0,"автобиографический роман, детство и юность апраксина",биографический,,,,,,0,,['nan'],,Русский вестник,0,0,,['nan'],1,0,0,0,0,0,0,0,0,0,0,0,0,0,0,0,0,0,0,0,0,0,0,0,0,0,0,0,0,0,0,0,0,0,0,0,1,True
"Басанин, Марк",Кружковцы,роман,1905,женский,1,психологический,психологический,,,,,,0,3 лицо,['общинники'],,Исторический вестник,0,0,,['народности и этнические группы'],0,0,0,0,0,0,0,0,0,1,0,0,0,0,0,0,0,0,0,0,0,0,0,0,0,0,0,0,0,0,0,0,0,0,0,0,1,True
"Волконский, Михаил Николаевич",Ерш и Пыж,роман,1905,мужской,0,приключенческий роман,приключенческий,,,,,,0,,['nan'],,Родина,0,0,,['nan'],1,0,0,0,0,0,0,0,0,0,0,0,0,0,0,0,0,0,0,0,0,0,0,0,0,0,0,0,0,0,0,0,0,0,0,0,1,True
"Гейнце, Николай Эдуардович",Месть дивы,роман,1905,мужской,0,уголовно-бытовой; детектив,криминальный,,,,,,0,,['nan'],Санкт-Петербург,Отд. изд.,1,0,,['nan'],1,0,0,0,0,0,0,0,0,0,0,0,0,0,0,0,0,0,0,0,0,0,0,0,0,0,0,0,0,0,0,0,0,0,0,0,1,True
"Голицын (Муравлин), Дмитрий Петрович",Святыни,роман,1905,мужской,0,социально-психологический,социальный,,,,,,0,3 лицо,['чиновники'],Санкт-Петербург,Русский вестник,1,0,,['чиновники'],0,0,0,0,0,0,0,0,1,0,0,0,0,0,0,0,0,0,0,0,0,0,0,0,0,0,0,0,0,0,0,0,0,0,0,0,1,True
"Голохвастов, К.К.","Князь Япанча, лихой татарский наездник",Историческая повесть из времен покорения Казани царем Иоанном Грозным,1905,мужской,0,"исторический, опричники, казань, иван грозный",исторический,,,,,,0,,['nan'],Санкт-Петербург,Отд. изд.,1,0,,['nan'],1,0,0,0,0,0,0,0,0,0,0,0,0,0,0,0,0,0,0,0,0,0,0,0,0,0,0,0,0,0,0,0,0,0,0,0,1,True
"Дмитриев, Дмитрий Савватиевич",Полудержавный властелин,исторический роман,1905,мужской,0,"исторический, придворные",исторический,,,,,,0,,['nan'],Москва,Отд. изд.,1,0,,['nan'],1,0,0,0,0,0,0,0,0,0,0,0,0,0,0,0,0,0,0,0,0,0,0,0,0,0,0,0,0,0,0,0,0,0,0,0,1,True
"Жданов, Лев",Закат,роман в 2 частях,1905,мужской,1,,,,,,,,0,,['nan'],Санкт-Петербург; Москва,Отд. изд.,1,0,,['nan'],1,0,0,0,0,0,0,0,0,0,0,0,0,0,0,0,0,0,0,0,0,0,0,0,0,0,0,0,0,0,0,0,0,0,0,0,1,True
"Киснемский, Семен Петрович",Предсказание ворожеи,Роман,1905,мужской,0,исторический роман; допетровская русь,исторический,,,,,,0,,['nan'],Санкт-Петербург,Отд. изд.,1,0,,['nan'],1,0,0,0,0,0,0,0,0,0,0,0,0,0,0,0,0,0,0,0,0,0,0,0,0,0,0,0,0,0,0,0,0,0,0,0,1,True
"Красницкий, Александр Иванович",Царица хунхузов,роман,1905,мужской,0,русский уголовный роман в 3 ч.,криминальный,,,,,,0,,['nan'],Санкт-Петербург,Отд. изд.,1,0,,['nan'],1,0,0,0,0,0,0,0,0,0,0,0,0,0,0,0,0,0,0,0,0,0,0,0,0,0,0,0,0,0,0,0,0,0,0,0,1,True
"Лейкин, Николай Александрович",В родном углу,роман,1905,мужской,0,социально-психологический,социальный,,,,,,0,3 лицо,['дворяне'],Санкт-Петербург,Отд. изд.,1,0,,['дворяне'],0,1,0,0,0,0,0,0,0,0,0,0,0,0,0,0,0,0,0,0,0,0,0,0,0,0,0,0,0,0,0,0,0,0,0,0,1,True
"Северцев-Полилов, Георгий Тихонович",Княжой отрок,Историческая повесть из преданий XIII в.,1905,мужской,1,"исторический, дворяне",исторический,исторический,роман воспитания,авантюрный,,,0,3 лицо,['дворяне'],Москва,Отд. изд.,1,1,polilov_g_knyazhoj_otrok_1905.txt,['дворяне'],0,1,0,0,0,0,0,0,0,0,0,0,0,0,0,0,0,0,0,0,0,0,0,0,0,0,0,0,0,0,0,0,0,0,0,0,1,True
"Северцев-Полилов, Георгий Тихонович",Яд,Роман,1905,мужской,1,роман из жизни артистов-любителей,,,,,,,0,,['артисты-любители'],Санкт-Петербург,Отд. изд.,1,0,,['творческие люди'],0,0,0,0,0,0,0,0,0,0,0,0,0,1,0,0,0,0,0,0,0,0,0,0,0,0,0,0,0,0,0,0,0,0,0,0,1,True
"Сергеенко, Петр Алексеевич",Галя,Рассказ,1905,мужской,0,"семейный, дети",семейный,,,,,,0,,['nan'],Москва,Отд. изд.,1,0,,['nan'],1,0,0,0,0,0,0,0,0,0,0,0,0,0,0,0,0,0,0,0,0,0,0,0,0,0,0,0,0,0,0,0,0,0,0,0,1,True
"Соколов, Александр Алексеевич",Севастополь и севастопольцы,Историческая хроника-роман,1905,мужской,1,исторический,исторический,,,,,,0,,['nan'],Санкт-Петербург,Отд. изд.,1,0,,['nan'],1,0,0,0,0,0,0,0,0,0,0,0,0,0,0,0,0,0,0,0,0,0,0,0,0,0,0,0,0,0,0,0,0,0,0,0,1,True
"Сологуб, Федор Кузьмич",Мелкий бес,роман,1905,мужской,1,"социально-психологический, декадентский; разночинцы, дворяне, мещане, учителя",социальный,социально-психологический,символистский,сатирический,,,1,3 лицо,['разночинцы'],Санкт-Петербург,Вопросы жизни,1,1,sologub_f_melkij_bes_1905.txt,['разночинцы'],0,0,0,1,0,0,0,0,0,0,0,0,0,0,0,0,0,0,0,0,0,0,0,0,0,0,0,0,0,0,0,0,0,0,0,0,1,True
"Алтаев, Ал.","Под знаменем ""Башмака""",роман в 2 частях,1906,женский,1,исторический роман,исторический,,,,,,0,3 лицо,"['т. мюнцер', 'крестьянская война в германии']",Санкт-Петербург,Отд. изд.,1,0,,['легендарные исторические фигуры'],0,0,0,0,1,0,0,0,0,0,0,0,0,0,0,0,0,0,0,0,0,0,0,0,0,0,0,0,0,0,0,0,0,0,0,0,1,True
"Бебутова, Ольга Михайловна",Декабристы,большой исторический роман,1906,женский,0,"исторический, декабристы",исторический,,,,,,0,,['nan'],Санкт-Петербург,Отд. изд.,1,0,,['nan'],1,0,0,0,0,0,0,0,0,0,0,0,0,0,0,0,0,0,0,0,0,0,0,0,0,0,0,0,0,0,0,0,0,0,0,0,1,True
"Голохвастов, К.К.",Новый цыган Яшка,Роман из современной жизни,1906,мужской,0,"детективный, цыгане",криминальный,,,,,,0,,['nan'],Санкт-Петербург,Отд. изд.,1,0,,['nan'],1,0,0,0,0,0,0,0,0,0,0,0,0,0,0,0,0,0,0,0,0,0,0,0,0,0,0,0,0,0,0,0,0,0,0,0,1,True
"Голохвастов, К.К.",Страшный злодей и разбойник Федот Чуркин,роман в 4 частях,1906,мужской,0,"детективный, уголовный, воры",криминальный,,,,,,0,,['nan'],Санкт-Петербург,Отд. изд.,1,0,,['nan'],1,0,0,0,0,0,0,0,0,0,0,0,0,0,0,0,0,0,0,0,0,0,0,0,0,0,0,0,0,0,0,0,0,0,0,0,1,True
Граф Амори,1905 - кровавый год,роман,1906,мужской,1,"политический, роман-хроника, освободительные движения",социальный,,,,,,0,,['nan'],Санкт-Петербург,Отд. изд.,1,0,,['nan'],1,0,0,0,0,0,0,0,0,0,0,0,0,0,0,0,0,0,0,0,0,0,0,0,0,0,0,0,0,0,0,0,0,0,0,0,1,True
"Емельянченко, Иван Яковлевич",За границей,роман,1906,мужской,0,"социально-психологический, эммигранты",социальный,,,,,,0,,['nan'],,Новое обозрение,0,0,,['nan'],1,0,0,0,0,0,0,0,0,0,0,0,0,0,0,0,0,0,0,0,0,0,0,0,0,0,0,0,0,0,0,0,0,0,0,0,1,True
"Кашкаров, Иван Дмитриевич",Трудники русской земли,Роман,1906,мужской,0,роман-хроника,исторический,,,,,,0,,['nan'],,Мирный труд,0,0,,['nan'],1,0,0,0,0,0,0,0,0,0,0,0,0,0,0,0,0,0,0,0,0,0,0,0,0,0,0,0,0,0,0,0,0,0,0,0,1,True
"Круглов, Александр Васильевич",Вне цеха,роман,1906,мужской,0,"социально-психологический, мещане, мелкие чиновники",социальный,,,,,,0,3 лицо,['мелкие чиновники'],,Вестник Европы,0,0,,['чиновники'],0,0,0,0,0,0,0,0,1,0,0,0,0,0,0,0,0,0,0,0,0,0,0,0,0,0,0,0,0,0,0,0,0,0,0,0,1,True
"Крыжановская (Рочестер), Вера Ивановна",Мертвая петля,роман,1906,женский,0,оккультный,фантастический,оккультный,фантастический,мистический,авантюрный,,0,3 лицо,"['евреи', 'поляки']",Санкт-Петербург,Отд. изд.,1,1,kryzhanovskaya_v_mertvaya_petlya_1906.txt,['народности и этнические группы'],0,0,0,0,0,0,0,0,0,1,0,0,0,0,0,0,0,0,0,0,0,0,0,0,0,0,0,0,0,0,0,0,0,0,0,0,1,True
"Крыжановская (Рочестер), Вера Ивановна",Паутина,роман,1906,женский,0,психологический,психологический,,,,,,0,3 лицо,['дворяне'],,Русский вестник,0,0,,['дворяне'],0,1,0,0,0,0,0,0,0,0,0,0,0,0,0,0,0,0,0,0,0,0,0,0,0,0,0,0,0,0,0,0,0,0,0,0,1,True
"Крыжановская (Рочестер), Вера Ивановна",Эпизод из жизни Тиверия,Ист. повесть,1906,женский,0,"исторический, древний рим",исторический,,,,,,0,,['nan'],Санкт-Петербург,Свет,1,0,,['nan'],1,0,0,0,0,0,0,0,0,0,0,0,0,0,0,0,0,0,0,0,0,0,0,0,0,0,0,0,0,0,0,0,0,0,0,0,1,True
"Кузмин, Михаил Алексеевич",Крылья,повесть в 3 частях,1906,мужской,0,"социально-психологический, любовный, гомоэротика",социальный,социально-психологический,любовный,,,,0,3 лицо,"['студенты', 'преподаватели', 'первая любовь']",Москва,Весы,1,1,kuzmin_m_krylya_1906.txt,"['студенты', 'учителя', 'семейная пара']",0,0,0,0,0,0,0,0,0,0,0,0,0,0,0,0,0,0,0,0,0,0,0,1,0,0,1,0,0,0,1,0,0,0,0,0,3,True
"Новиков, Иван Алексеевич",Из жизни духа,роман,1906,мужской,0,"психологический роман, студенты, нравственность, философия, интеллигенция, вечно женственное",психологический,,,,,,0,,['интеллигенция'],Санкт-Петербург,Отд. изд.,1,0,,['разночинцы'],0,0,0,1,0,0,0,0,0,0,0,0,0,0,0,0,0,0,0,0,0,0,0,0,0,0,0,0,0,0,0,0,0,0,0,0,1,True
"Оленин, Пётр Алексеевич",Как он жил,роман,1906,мужской,0,психологический,психологический,,,,,,0,,['nan'],Нижний Новгород,Отд. изд.,1,0,,['nan'],1,0,0,0,0,0,0,0,0,0,0,0,0,0,0,0,0,0,0,0,0,0,0,0,0,0,0,0,0,0,0,0,0,0,0,0,1,True
"Пазухин, Алексей Михайлович",Лунные ночи,роман,1906,мужской,0,социально-психологический,социальный,,,,,,0,3 лицо,['купцы'],Москва,Отд. изд.,1,0,,['купцы'],0,0,0,0,0,0,0,1,0,0,0,0,0,0,0,0,0,0,0,0,0,0,0,0,0,0,0,0,0,0,0,0,0,0,0,0,1,True
"Пазухин, Алексей Михайлович",На баррикаде,роман,1906,мужской,0,"политический, любовный",социальный,,,,,,0,3 лицо,['мещане'],Москва,Отд. изд.,1,0,,['мещане'],0,0,0,0,0,0,0,0,0,0,0,0,0,0,0,0,0,0,0,0,1,0,0,0,0,0,0,0,0,0,0,0,0,0,0,0,1,True
"Соколова, Александра Ивановна",Гордиев узел,Уголовный роман из современной жизни,1906,женский,0,,,,,,,,0,,['nan'],,Свет,0,0,,['nan'],1,0,0,0,0,0,0,0,0,0,0,0,0,0,0,0,0,0,0,0,0,0,0,0,0,0,0,0,0,0,0,0,0,0,0,0,1,True
"Фёдоров, Александр Митрофанович",Камни,Роман,1906,мужской,0,,,,,,,,0,,['nan'],,Мир божий,0,0,,['nan'],1,0,0,0,0,0,0,0,0,0,0,0,0,0,0,0,0,0,0,0,0,0,0,0,0,0,0,0,0,0,0,0,0,0,0,0,1,True
"Арцыбашев, Михаил Петрович",Санин,роман,1907,мужской,0,социально- психологический роман,социальный,социально-психологический,философский,идеологический,,,0,3 лицо,['архитектор'],,Современный мир,0,1,arzybashev_m_sanin_1907.txt,['разночинцы'],0,0,0,1,0,0,0,0,0,0,0,0,0,0,0,0,0,0,0,0,0,0,0,0,0,0,0,0,0,0,0,0,0,0,0,0,1,True
"Богданов, Александр Александрович",Красная звезда,роман-утопия,1907,мужской,0,"утопический, фантастика, научная фантастика",утопический,,,,,,0,1 лицо,['ученые'],Санкт-Петербург,Отд. изд.,1,0,,['ученые'],0,0,0,0,0,0,0,0,0,0,0,0,0,0,0,0,0,0,0,0,0,0,0,0,0,0,0,0,0,0,0,0,0,0,0,1,1,True
"Брюсов, Валерий Яковлевич",Огненный ангел,роман,1907,мужской,0,"символистский, ангелы, демоны, жизнетворчество",символистский,,,,,,1,1 лицо,"['разночинцы', 'студенты']",Москва,Весы,1,0,,"['разночинцы', 'студенты']",0,0,0,1,0,0,0,0,0,0,0,0,0,0,0,0,0,0,0,0,0,0,0,1,0,0,0,0,0,0,0,0,0,0,0,0,2,True
"Вербицкая, Анастасия Алексеевна",Дух времени,Роман в 2 частях,1907,женский,0,"исторический, любовный",исторический,исторический,любовный,феминистский,,,0,3 лицо,"['революционеры', 'разночинцы']",Москва,Отд. изд.,1,1,verbizkaya_a_dukh_vremeni_1907.txt,"['революционеры', 'разночинцы']",0,0,0,1,0,0,0,0,0,0,0,1,0,0,0,0,0,0,0,0,0,0,0,0,0,0,0,0,0,0,0,0,0,0,0,0,2,True
"Волконский, Михаил Николаевич",Тайные силы,роман,1907,мужской,0,"историко-авантюрный роман, неофициальная история",исторический,исторический,авантюрный,мистический,политический,,0,3 лицо,['графы'],,Родина,0,1,volkonskij_m_tajnye_sily_1907.txt,['графы'],0,0,0,0,0,0,0,0,0,0,0,0,0,0,0,0,0,0,0,0,0,0,0,0,0,0,0,0,0,0,0,0,1,0,0,0,1,True
"Головин (Орловский), Константин Федорович",Язычники,роман в 2 частях,1907,мужской,1,роман о современной жизни,описательный,,,,,,0,,['nan'],Санкт-Петербург,Отд. изд.,1,0,,['nan'],1,0,0,0,0,0,0,0,0,0,0,0,0,0,0,0,0,0,0,0,0,0,0,0,0,0,0,0,0,0,0,0,0,0,0,0,1,True
"Горький, Максим",Мать,повесть,1907,мужской,1,"социально-психологический, революционеры, рабочие, крестьяне",социальный,социально-психологический,идеологический,политический,,,1,3 лицо,['крестьяне'],,Знание,0,1,gorkij_m_mat_1907.txt,['крестьяне'],0,0,0,0,0,0,1,0,0,0,0,0,0,0,0,0,0,0,0,0,0,0,0,0,0,0,0,0,0,0,0,0,0,0,0,0,1,True
"Кондратьев, Александр Алексеевич",Сатиресса,Роман,1907,мужской,0,"мифологический, люди и мифические существа",фантастический,фантастический,символистский,,,,0,3 лицо,['люди и мифические существа'],Москва,Отд. изд.,1,1,kondratev_a_satiressa_1907.txt,['мифическое'],0,0,0,0,0,0,0,0,0,0,0,0,0,0,0,0,0,0,0,0,0,0,0,0,1,0,0,0,0,0,0,0,0,0,0,0,1,True
"Крыжановская (Рочестер), Вера Ивановна",Фараон Мернефта,роман,1907,женский,0,"исторический, библия, древний египет, моисей",исторический,исторический,религиозный,экзотический,мистический,,0,1 лицо,['nan'],Санкт-Петербург,Отд. изд.,1,1,kryzhanovskaya_v_faraon_mernefta_1907.txt,['nan'],1,0,0,0,0,0,0,0,0,0,0,0,0,0,0,0,0,0,0,0,0,0,0,0,0,0,0,0,0,0,0,0,0,0,0,0,1,True
"Луговой, Алексей Алексеевич",Наши дни. Семейная история,роман,1907,мужской,1,"социально-психологический, дворяне",социальный,,,,,,0,3 лицо,['дворяне'],,Вестник Европы,0,0,,['дворяне'],0,1,0,0,0,0,0,0,0,0,0,0,0,0,0,0,0,0,0,0,0,0,0,0,0,0,0,0,0,0,0,0,0,0,0,0,1,True
"Маклецова, Наталия Петровна",Предатель,Повесть из жизни Народной воли,1907,женский,0,"политический, народовольцы",социальный,,,,,,0,3 лицо,['nan'],Санкт-Петербург,Отд. изд.,1,0,,['nan'],1,0,0,0,0,0,0,0,0,0,0,0,0,0,0,0,0,0,0,0,0,0,0,0,0,0,0,0,0,0,0,0,0,0,0,0,1,True
"Минцлов, Сергей Рудольфович",Во тьме,повесть,1907,мужской,0,из быта раскольников,описательный,,,,,,0,,['раскольники'],Санкт-Петербург,Отд. изд.,1,0,,['сектанты'],0,0,0,0,0,0,0,0,0,0,0,0,0,0,0,0,0,0,0,1,0,0,0,0,0,0,0,0,0,0,0,0,0,0,0,0,1,True
"Наживин, Иван Федорович",Менэ… тэкел… фарес…,роман,1907,мужской,0,автобиографический роман,биографический,,,,,,0,,['купцы'],Москва,Отд. изд.,1,0,,['купцы'],0,0,0,0,0,0,0,1,0,0,0,0,0,0,0,0,0,0,0,0,0,0,0,0,0,0,0,0,0,0,0,0,0,0,0,0,1,True
"Потапенко, Игнатий Николаевич",История одной молодости,роман,1907,мужской,0,социально-психологический,социальный,,,,,,0,1 лицо,['nan'],,Современный мир,0,0,,['nan'],1,0,0,0,0,0,0,0,0,0,0,0,0,0,0,0,0,0,0,0,0,0,0,0,0,0,0,0,0,0,0,0,0,0,0,0,1,True
"Светлов, Валериан Яковлевич",Темный блеск,Роман,1907,мужской,1,семейно-бытовой,семейный,,,,,,0,,['nan'],Санкт-Петербург,Отд. изд.,1,0,,['nan'],1,0,0,0,0,0,0,0,0,0,0,0,0,0,0,0,0,0,0,0,0,0,0,0,0,0,0,0,0,0,0,0,0,0,0,0,1,True
"Сергеев-Ценский, Сергей Николаевич",Бабаев,роман,1907,мужской,1,"социально-психологический, военные",социальный,социально-психологический,военный,идеологический,,,0,3 лицо,['военные'],,Современный мир; Образование,0,1,sergeev-tsenskij_s_babaev_1907.txt,['военные'],0,0,0,0,0,1,0,0,0,0,0,0,0,0,0,0,0,0,0,0,0,0,0,0,0,0,0,0,0,0,0,0,0,0,0,0,1,True
"Сологуб, Федор Кузьмич",Творимая легенда,Роман,1907,мужской,1,"социально-психологический, (?) утопический; творческие люди; трилогия",социальный,,,,,,1,1 лицо,['интеллигенция'],,Шиповник,0,0,,['разночинцы'],0,0,0,1,0,0,0,0,0,0,0,0,0,0,0,0,0,0,0,0,0,0,0,0,0,0,0,0,0,0,0,0,0,0,0,0,1,True
"Тютчев, Федор Федорович",Злая сила,Роман из жизни на русской окраине,1907,мужской,0,,,социально-психологический,идеологический,бытовой,,,0,3 лицо,['nan'],Санкт-Петербург,Отд. изд.,1,1,tyutchev_f_zlaya_sila_1907.txt,['nan'],1,0,0,0,0,0,0,0,0,0,0,0,0,0,0,0,0,0,0,0,0,0,0,0,0,0,0,0,0,0,0,0,0,0,0,0,1,True
"Эльснер, Анатолий Оттович","Грозный идол, или Строители ада на земле",социальный роман,1907,мужской,1,"фантастика, утопия, антиутопия, социальный, аллегория",фантастический,,,,,,0,,['nan'],Санкт-Петербург,Отд. изд.,1,0,,['nan'],1,0,0,0,0,0,0,0,0,0,0,0,0,0,0,0,0,0,0,0,0,0,0,0,0,0,0,0,0,0,0,0,0,0,0,0,1,True
"Амфитеатров, Александр Валентинович",Восьмидесятники,роман,1908,мужской,0,из эпопеи «концы и начала»,исторический,исторический,хроникальный,бытовой,,,0,3 лицо,"['дворяне', 'разночинцы', 'военные']",,Отд. изд.,0,1,amfiteatrov_a_vosmidesyatniki_1908.txt,"['дворяне', 'разночинцы', 'военные']",0,1,0,1,0,1,0,0,0,0,0,0,0,0,0,0,0,0,0,0,0,0,0,0,0,0,0,0,0,0,0,0,0,0,0,0,3,True
"Амфитеатров, Александр Валентинович",Княжна,роман,1908,мужской,0,исторический,исторический,исторический,социально-психологический,бытовой,,,0,3 лицо,['высшее дворянство'],,"Знание, сб",0,1,amfiteatrov_a_knyazhna_1908.txt,['дворяне'],0,1,0,0,0,0,0,0,0,0,0,0,0,0,0,0,0,0,0,0,0,0,0,0,0,0,0,0,0,0,0,0,0,0,0,0,1,True
"Апраксин, Александр Дмитриевич",Хищники,роман из столичной уголовной жизни,1908,мужской,0,уголовный роман,криминальный,,,,,,0,,['nan'],Санкт-Петербург,Отд. изд.,1,0,,['nan'],1,0,0,0,0,0,0,0,0,0,0,0,0,0,0,0,0,0,0,0,0,0,0,0,0,0,0,0,0,0,0,0,0,0,0,0,1,True
"Бебутова, Ольга Михайловна",Хищники,Роман из петербургской жизни,1908,женский,0,детективный,криминальный,,,,,,0,,['nan'],,Петербургский Листок,0,0,,['nan'],1,0,0,0,0,0,0,0,0,0,0,0,0,0,0,0,0,0,0,0,0,0,0,0,0,0,0,0,0,0,0,0,0,0,0,0,1,True
"Боборыкин, Петр Дмитриевич",Великая разруха,Семейная хроника,1908,мужской,0,соц.-психологический,социальный,,,,,,0,3 лицо,"['дворяне', 'революционеры']",Москва,Отд. изд.,1,0,,"['дворяне', 'революционеры']",0,1,0,0,0,0,0,0,0,0,0,1,0,0,0,0,0,0,0,0,0,0,0,0,0,0,0,0,0,0,0,0,0,0,0,0,2,True
"Брешко-Брешковский, Николай Николаевич",Гладиаторы наших дней,роман,1908,мужской,0,"социально-психологическйи, борцы",социальный,,,,,,0,,['nan'],Санкт-Петербург,Отд. изд.,1,0,,['nan'],1,0,0,0,0,0,0,0,0,0,0,0,0,0,0,0,0,0,0,0,0,0,0,0,0,0,0,0,0,0,0,0,0,0,0,0,1,True
"Брешко-Брешковский, Николай Николаевич",Чемпион мира,повесть,1908,мужской,0,"социально-психологическйи, борцы",социальный,,,,,,0,,['nan'],Санкт-Петербург,Отд. изд.,1,0,,['nan'],1,0,0,0,0,0,0,0,0,0,0,0,0,0,0,0,0,0,0,0,0,0,0,0,0,0,0,0,0,0,0,0,0,0,0,0,1,True
"Каменский, Анатолий Павлович",Люди,роман,1908,мужской,0,"социально-психологический, любовный",социальный,социально-психологический,любовный,бытовой,,,0,3 лицо,"['научное сообщество', 'дворяне']",Санкт-Петербург,Образование,1,1,kamenskij_a_lyudi_1908.txt,"['ученые', 'дворяне']",0,1,0,0,0,0,0,0,0,0,0,0,0,0,0,0,0,0,0,0,0,0,0,0,0,0,0,0,0,0,0,0,0,0,0,1,2,True
"Крашенинников, Николай Александрович",Дети,Роман: в 2 ч.,1908,мужской,0,"соц. психологичский, исторический / разные поколения людей",социальный,,,,,,0,,['nan'],Москва,Отд. изд.,1,0,,['nan'],1,0,0,0,0,0,0,0,0,0,0,0,0,0,0,0,0,0,0,0,0,0,0,0,0,0,0,0,0,0,0,0,0,0,0,0,1,True
"Крыжановская (Рочестер), Вера Ивановна",Бенедиктинское аббатство,роман,1908,женский,0,"исторический, средневековье, приключения, готический, мистика, романтика",исторический,исторический,приключенческий,готический,мистический,,0,1 лицо,['воины'],Санкт-Петербург,Отд. изд.,1,1,kryzhanovskaya_v_benediktinskoe_abbatstvo_1908.txt,['военные'],0,0,0,0,0,1,0,0,0,0,0,0,0,0,0,0,0,0,0,0,0,0,0,0,0,0,0,0,0,0,0,0,0,0,0,0,1,True
"Новиков, Иван Алексеевич",Золотые кресты,роман,1908,мужской,0,"роман о нигилизме, эзотерический, любовный",социальный,идеологический,эзотерический,любовный,психологический,,0,3 лицо,"['творческие люди', 'молодёжь']",Москва,Отд. изд.,1,1,novikov_i_zolotye_kresty_1908.txt,"['творческие люди', 'студенты']",0,0,0,0,0,0,0,0,0,0,0,0,0,1,0,0,0,0,0,0,0,0,0,1,0,0,0,0,0,0,0,0,0,0,0,0,2,True
"Орловец, П.",От каторги к миллионам,Роман в 2 частях,1908,мужской,1,,,,,,,,0,,['nan'],Москва,Отд. изд.,1,0,,['nan'],1,0,0,0,0,0,0,0,0,0,0,0,0,0,0,0,0,0,0,0,0,0,0,0,0,0,0,0,0,0,0,0,0,0,0,0,1,True
"Свенцицкий, Валентин Павлович",Антихрист,роман,1908,мужской,0,записки стран. человека; исповедь,,религиозный,философский,психологический,,,0,1 лицо,['nan'],Санкт-Петербург,Отд. изд.,1,1,svenzizkij_v_antikhrist_1908.txt,['nan'],1,0,0,0,0,0,0,0,0,0,0,0,0,0,0,0,0,0,0,0,0,0,0,0,0,0,0,0,0,0,0,0,0,0,0,0,1,True
"Светлов, Валериан Яковлевич",Неравный брак,Роман,1908,мужской,1,,,,,,,,0,,['nan'],Санкт-Петербург,Отд. изд.,1,0,,['nan'],1,0,0,0,0,0,0,0,0,0,0,0,0,0,0,0,0,0,0,0,0,0,0,0,0,0,0,0,0,0,0,0,0,0,0,0,1,True
"Семёнов, Владимир Иванович",Царица мира,роман-фантазия,1908,мужской,0,"фантастический роман, роман-фантазия, дирижабли, воздухоплавание, катастрофа, утопия, антиутопия, памфлет, любовь, детектив",фантастический,,,,,,0,,['nan'],Санкт-Петербург; Москва,Отд. изд.,1,0,,['nan'],1,0,0,0,0,0,0,0,0,0,0,0,0,0,0,0,0,0,0,0,0,0,0,0,0,0,0,0,0,0,0,0,0,0,0,0,1,True
"Сологуб, Федор Кузьмич",Капли крови,1 часть романа-трилогии,1908,мужской,1,"социально-психологический, символистский, любовный, философский, фантастический",социальный,социально-психологический,символистский,любовный,философский,,1,1 и 3 лицо,"['дворяне', 'разночинцы', 'революционеры']",Санкт-Петербург,Шиповник,1,1,sologub_f_kapli_krovi_1908.txt,"['дворяне', 'разночинцы', 'революционеры']",0,1,0,1,0,0,0,0,0,0,0,1,0,0,0,0,0,0,0,0,0,0,0,0,0,0,0,0,0,0,0,0,0,0,0,0,3,True
"Фёдоров, Александр Митрофанович",Подвиг,Роман,1908,мужской,0,,,,,,,,0,,['nan'],,Современный мир,0,0,,['nan'],1,0,0,0,0,0,0,0,0,0,0,0,0,0,0,0,0,0,0,0,0,0,0,0,0,0,0,0,0,0,0,0,0,0,0,0,1,True
"Фурман, Петр Романович",Ближний боярин Артемон Сергеевич Матвеев друг царя и народа,исторический роман в 2 частях : с портретами и картинами,1908,мужской,0,исторический,исторический,,,,,,0,3 лицо,"['бояре', 'дворяне']",Санкт-Петербург,Отд. изд.,1,0,,"['бояре', 'дворяне']",0,1,0,0,0,0,0,0,0,0,0,0,0,0,0,0,0,0,0,0,0,0,1,0,0,0,0,0,0,0,0,0,0,0,0,0,2,True
"Амфитеатров, Александр Валентинович",Сумерки божков,роман,1909,мужской,0,"драма, роман воспитания (карьеры), любовный (?)",воспитания,роман воспитания,социально-психологический,любовный,,,0,3 лицо,['творческие люди'],Санкт-Петербург,Отд. изд.,1,1,amfiteatrov_a_sumerki_bozhkov_1909.txt,['творческие люди'],0,0,0,0,0,0,0,0,0,0,0,0,0,1,0,0,0,0,0,0,0,0,0,0,0,0,0,0,0,0,0,0,0,0,0,0,1,True
"Анзимиров, Владимир Александрович",Алые розы Востока,роман,1909,мужской,0,исторический,исторический,,,,,,0,,['nan'],,Газета-копейка,0,0,,['nan'],1,0,0,0,0,0,0,0,0,0,0,0,0,0,0,0,0,0,0,0,0,0,0,0,0,0,0,0,0,0,0,0,0,0,0,0,1,True
"Арнольди, Нина (Анна) Александровна",Василиса,роман,1909,женский,0,"любовный роман, трагедия",любовный,,,,,,0,3 лицо,"['высшее дворянство', 'женщины']",Санкт-Петербург,Отд. изд.,1,0,,"['дворяне', 'женщины']",0,1,0,0,0,0,0,0,0,0,0,0,0,0,0,1,0,0,0,0,0,0,0,0,0,0,0,0,0,0,0,0,0,0,0,0,2,True
"Белый, Андрей",Серебряный голубь,Повесть в семи главах,1909,мужской,1,"символистский, драма",символистский,символистский,социально-психологический,мистический,идеологический,,1,3 лицо,"['крестьяне', 'духовенство', 'сектанты']",,Весы,0,1,belyj_a_serebryanyj_golub_1909.txt,"['крестьяне', 'духовенство', 'сектанты']",0,0,0,0,0,0,1,0,0,0,0,0,1,0,0,0,0,0,0,1,0,0,0,0,0,0,0,0,0,0,0,0,0,0,0,0,3,True
"Богораз, Владимир Германович",Жертвы дракона,роман,1909,мужской,0,"исторический, этнографический (фентези?), легенды народов севера",исторический,исторический,этнографический,фантастический,фольклорный,,0,3 лицо,"['народы севера', 'племенные общинники']",,Современный мир,0,1,bogoraz_v_zhertvy_drakona_1909.txt,['народности и этнические группы'],0,0,0,0,0,0,0,0,0,1,0,0,0,0,0,0,0,0,0,0,0,0,0,0,0,0,0,0,0,0,0,0,0,0,0,0,1,True
"Богораз, Владимир Германович",Завоевание вселенной,,1909,мужской,0,"научная фантастика, неоконченый роман",фантастический,фантастический,философский,утопический,,,0,1 лицо,['nan'],Санкт-Петербург,Италия (Сб),1,1,bogoraz_v_zavoevanie_vselennoj_1909.txt,['nan'],1,0,0,0,0,0,0,0,0,0,0,0,0,0,0,0,0,0,0,0,0,0,0,0,0,0,0,0,0,0,0,0,0,0,0,0,1,True
"Брешко-Брешковский, Николай Николаевич",Записки натурщицы,роман,1909,мужской,0,"социально-психологический, светские люди",социальный,,,,,,0,,['nan'],Санкт-Петербург,Отд. изд.,1,0,,['nan'],1,0,0,0,0,0,0,0,0,0,0,0,0,0,0,0,0,0,0,0,0,0,0,0,0,0,0,0,0,0,0,0,0,0,0,0,1,True
"Будищев, Алексей Николаевич",Бунт совести,роман,1909,мужской,0,"социально-психологический, детективный, дворяне",социальный,,,,,,0,,['nan'],Санкт-Петербург,Отд. изд.,1,0,,['nan'],1,0,0,0,0,0,0,0,0,0,0,0,0,0,0,0,0,0,0,0,0,0,0,0,0,0,0,0,0,0,0,0,0,0,0,0,1,True
"Вербицкая, Анастасия Алексеевна",Ключи счастья,современный роман,1909,женский,0,"светский, любовный",светский,светский,любовный,социально-психологический,феминистский,,0,3 лицо,['разночинцы'],Москва,Отд. изд.,1,1,verbizkaya_a_klyuchi_schastya_1909.txt,['разночинцы'],0,0,0,1,0,0,0,0,0,0,0,0,0,0,0,0,0,0,0,0,0,0,0,0,0,0,0,0,0,0,0,0,0,0,0,0,1,True
"Измайлов, Александр Алексеевич",Ураган,роман,1909,мужской,0,"любовный, социально-психологический, роман воспитания",любовный,,,,,,0,3 лицо,"['творческие люди', 'горожане']",Москва,Отд. изд.,1,0,,"['творческие люди', 'горожане']",0,0,0,0,0,0,0,0,0,0,0,0,0,1,0,0,0,0,1,0,0,0,0,0,0,0,0,0,0,0,0,0,0,0,0,0,2,True
"Крыжановская (Рочестер), Вера Ивановна",Адские чары,роман,1909,женский,0,"оккультный, любовный",фантастический,оккультный,любовный,мистический,готический,,0,3 лицо,"['дворяне', 'богема']",,Свет,0,1,kryzhanovskaya_v_adskie_chary_1909.txt,"['дворяне', 'творческие люди']",0,1,0,0,0,0,0,0,0,0,0,0,0,1,0,0,0,0,0,0,0,0,0,0,0,0,0,0,0,0,0,0,0,0,0,0,2,True
"Маривэ, К.",Семейный разлад,(Повесть),1909,женский,1,семейный,семейный,,,,,,0,3 лицо,['nan'],,Исторический вестник,0,0,,['nan'],1,0,0,0,0,0,0,0,0,0,0,0,0,0,0,0,0,0,0,0,0,0,0,0,0,0,0,0,0,0,0,0,0,0,0,0,1,True
"Пазухин, Алексей Михайлович",Светлый луч,роман,1909,мужской,0,,,,,,,,0,,['nan'],Москва,Отд. изд.,1,0,,['nan'],1,0,0,0,0,0,0,0,0,0,0,0,0,0,0,0,0,0,0,0,0,0,0,0,0,0,0,0,0,0,0,0,0,0,0,0,1,True
"Раскатов, Михаил",В когтях дьявола,Роман,1909,мужской,1,"приключенческий, персонажи из цирка",приключенческий,,,,,,0,,['nan'],,Газета-копейка,0,0,,['nan'],1,0,0,0,0,0,0,0,0,0,0,0,0,0,0,0,0,0,0,0,0,0,0,0,0,0,0,0,0,0,0,0,0,0,0,0,1,True
"Раскатов, Михаил",Антон Кречет,Роман,1909,мужской,1,приключенческий,приключенческий,,,,,,0,3 лицо,['разбойник'],,Газета-копейка,0,0,,['криминальный мир'],0,0,0,0,0,0,0,0,0,0,1,0,0,0,0,0,0,0,0,0,0,0,0,0,0,0,0,0,0,0,0,0,0,0,0,0,1,True
"Рафалович, Сергй Львович",На весах справедливости,Комментарий к роману,1909,мужской,0,,,,,,,,0,,['nan'],Санкт-Петербург,Отд. изд.,1,0,,['nan'],1,0,0,0,0,0,0,0,0,0,0,0,0,0,0,0,0,0,0,0,0,0,0,0,0,0,0,0,0,0,0,0,0,0,0,0,1,True
"Светлов, Валериан Яковлевич",Змея и чаша,Роман,1909,мужской,1,семейно-бытовой,семейный,,,,,,0,3 лицо,['nan'],Санкт-Петербург,Отд. изд. (СС),1,0,,['nan'],1,0,0,0,0,0,0,0,0,0,0,0,0,0,0,0,0,0,0,0,0,0,0,0,0,0,0,0,0,0,0,0,0,0,0,0,1,True
"Сологуб, Федор Кузьмич",Королева Ортруда,2 часть романа-трилогии,1909,мужской,1,"социально-психологический, символистский, любовный, философский, фантастический",социальный,символистский,фантастический,философский,социально-психологический,,1,3 лицо,"['дворяне', 'разночинцы', 'революционеры']",Санкт-Петербург,Шиповник,1,1,sologub_f_koroleva_ortruda_1909.txt,"['дворяне', 'разночинцы', 'революционеры']",0,1,0,1,0,0,0,0,0,0,0,1,0,0,0,0,0,0,0,0,0,0,0,0,0,0,0,0,0,0,0,0,0,0,0,0,3,True
"Травин, Петр Александрович",Волк в овечьей шкуре,Роман,1909,мужской,0,,,,,,,,0,3 лицо,['nan'],,Доля бедняка,0,0,,['nan'],1,0,0,0,0,0,0,0,0,0,0,0,0,0,0,0,0,0,0,0,0,0,0,0,0,0,0,0,0,0,0,0,0,0,0,0,1,True
"Травин, Петр Александрович",Страшный разбойник Дезори – ненавистник женщин,,1909,мужской,0,,,,,,,,0,,['nan'],Москва,Отд. изд.,1,0,,['nan'],1,0,0,0,0,0,0,0,0,0,0,0,0,0,0,0,0,0,0,0,0,0,0,0,0,0,0,0,0,0,0,0,0,0,0,0,1,True
"Фёдоров, Александр Митрофанович",За океан,,1909,мужской,0,,,,,,,,0,,['nan'],Санкт-Петербург,Отд. изд.,1,0,,['nan'],1,0,0,0,0,0,0,0,0,0,0,0,0,0,0,0,0,0,0,0,0,0,0,0,0,0,0,0,0,0,0,0,0,0,0,0,1,True
"Амфитеатров, Александр Валентинович",Закат старого века,роман,1910,мужской,0,"хроника (из эпопеи «концы и начала»), исторический",исторический,хроникальный,исторический,бытовой,,,0,3 лицо,"['дворяне', 'чиновники']",Санкт-Петербург,Отд. изд.,1,1,amfiteatrov_a_zakat_starogo_veka_1910.txt,"['дворяне', 'чиновники']",0,1,0,0,0,0,0,0,1,0,0,0,0,0,0,0,0,0,0,0,0,0,0,0,0,0,0,0,0,0,0,0,0,0,0,0,2,True
"Амфитеатров, Александр Валентинович",Марья Лусьева за границей,повесть,1910,мужской,0,"социально-психологический, уголовный",социальный,социально-психологический,уголовный,нравоописательный,,,0,3 лицо,"['проститутки', 'высшие классы']",,Одесские новости,0,1,amfiteatrov_a_marya_luseva_za_granizej_1910.txt,"['женщины', 'дворяне']",0,1,0,0,0,0,0,0,0,0,0,0,0,0,0,1,0,0,0,0,0,0,0,0,0,0,0,0,0,0,0,0,0,0,0,0,2,True
"Амфитеатров, Александр Валентинович",Девятидесятники,роман,1910,мужской,0,"семейная хроника (из эпопеи «концы и начала. хроника 1880-1910»), любовный",семейный,,,,,,0,3 лицо,"['дворяне', 'горожане', 'буржуазия']",Санкт-Петербург,Отд. изд.,1,0,,"['дворяне', 'горожане', 'купцы']",0,1,0,0,0,0,0,1,0,0,0,0,0,0,0,0,0,0,1,0,0,0,0,0,0,0,0,0,0,0,0,0,0,0,0,0,3,True
"Анзимиров, Владимир Александрович",Муть,роман,1910,мужской,0,автобиографический роман,биографический,,,,,,0,,['nan'],,Газета-копейка,0,0,,['nan'],1,0,0,0,0,0,0,0,0,0,0,0,0,0,0,0,0,0,0,0,0,0,0,0,0,0,0,0,0,0,0,0,0,0,0,0,1,True
"Арцыбашев, Михаил Петрович",У последней черты,роман,1910,мужской,0,"социально-психологический роман, бытовой",социальный,социально-психологический,бытовой,философский,,,0,3 лицо,"['горожане', 'студенты', 'солдаты']",Мюнхен; Лейпциг,Земля,1,1,arzybashev_m_u_poslednej_cherty_1910.txt,"['горожане', 'студенты', 'военные']",0,0,0,0,0,1,0,0,0,0,0,0,0,0,0,0,0,0,1,0,0,0,0,1,0,0,0,0,0,0,0,0,0,0,0,0,3,True
"Брешко-Брешковский, Николай Николаевич",Чухонский бог,роман,1910,мужской,0,"социально-психологическйи, борцы",социальный,,,,,,0,,['nan'],Киев,Отд. изд.,1,0,,['nan'],1,0,0,0,0,0,0,0,0,0,0,0,0,0,0,0,0,0,0,0,0,0,0,0,0,0,0,0,0,0,0,0,0,0,0,0,1,True
"Волконский, Михаил Николаевич",Жанна де Ламотт,роман,1910,мужской,0,"исторический, авантюрный, уголовный",исторический,исторический,авантюрный,уголовный,биографический,,0,3 лицо,"['аристократия', 'преступный мир']",Санкт-Петербург,Родина,1,1,volkonskij_m_zhanna_de_lamott_1910.txt,"['аристократы', 'криминальный мир']",0,0,1,0,0,0,0,0,0,0,1,0,0,0,0,0,0,0,0,0,0,0,0,0,0,0,0,0,0,0,0,0,0,0,0,0,2,True
"Ельцова, М.",Отмычки счастья,современный роман-пародия,1910,женский,0,,,,,,,,0,,['nan'],Москва,Отд. изд.,1,0,,['nan'],1,0,0,0,0,0,0,0,0,0,0,0,0,0,0,0,0,0,0,0,0,0,0,0,0,0,0,0,0,0,0,0,0,0,0,0,1,True
"Каменский, Василий Васильевич",Землянка,роман,1910,мужской,0,антиурбанистический/идиллический,,,,,,,0,,['nan'],Санкт-Петербург,Отд. изд.,1,0,,['nan'],1,0,0,0,0,0,0,0,0,0,0,0,0,0,0,0,0,0,0,0,0,0,0,0,0,0,0,0,0,0,0,0,0,0,0,0,1,True
"Крыжановская (Рочестер), Вера Ивановна",В ином мире,роман,1910,женский,0,"утопический, приключенческий, оккультный",утопический,,,,,,0,3 лицо,['nan'],Санкт-Петербург,Отд. изд.,1,0,,['nan'],1,0,0,0,0,0,0,0,0,0,0,0,0,0,0,0,0,0,0,0,0,0,0,0,0,0,0,0,0,0,0,0,0,0,0,0,1,True
"Крыжановская (Рочестер), Вера Ивановна",Гнев божий,роман-пенталогия,1910,женский,0,"утопический, эзотерический, оккультный, эпический",утопический,оккультный,эзотерический,фантастический,,,0,3 лицо,"['монахи', 'маги', 'аристократия']",Санкт-Петербург,Отд. изд.,1,1,kryzhanovskaya_v_gnev_bozhij_1910.txt,"['духовенство', 'мифическое', 'аристократы']",0,0,1,0,0,0,0,0,0,0,0,0,1,0,0,0,0,0,0,0,0,0,0,0,1,0,0,0,0,0,0,0,0,0,0,0,3,True
"Мейснер, Александр Федорович",Один из Лопуховых,"Отрывки из забытой рукописи, найденной Егором Забиякиным",1910,мужской,0,"биографический, психологический, помещики",биографический,,,,,,0,,['nan'],,Север,0,0,,['nan'],1,0,0,0,0,0,0,0,0,0,0,0,0,0,0,0,0,0,0,0,0,0,0,0,0,0,0,0,0,0,0,0,0,0,0,0,1,True
"Нагродская, Евдокия Аполлоновна",Гнев Диониса,роман,1910,женский,0,"любовный, авантюрный",любовный,адюльтерный,любовный,психологический,феминистский,,0,1 лицо,"['богема', 'разночинцы', 'творческие люди']",Санкт-Петербург,Отд. изд.,1,1,nagrodskaya_e_gnev_dionisa_1910.txt,"['творческие люди', 'разночинцы']",0,0,0,1,0,0,0,0,0,0,0,0,0,1,0,0,0,0,0,0,0,0,0,0,0,0,0,0,0,0,0,0,0,0,0,0,2,True
"Окрейц, Станислав Станиславович",Драма 11 марта 1801 г.,Исторический роман в 3-х частях,1910,мужской,0,,,,,,,,0,,['nan'],Санкт-Петербург,Отд. изд.,1,0,,['nan'],1,0,0,0,0,0,0,0,0,0,0,0,0,0,0,0,0,0,0,0,0,0,0,0,0,0,0,0,0,0,0,0,0,0,0,0,1,True
"Олигер, Николай Фридрихович",Праздник Весны,роман,1910,мужской,0,"эзотерический, философский",философский,,,,,,0,3 лицо,"['творческие люди', 'сектанты']",Санкт-Петербург,Отд. изд.,1,0,,"['творческие люди', 'сектанты']",0,0,0,0,0,0,0,0,0,0,0,0,0,1,0,0,0,0,0,1,0,0,0,0,0,0,0,0,0,0,0,0,0,0,0,0,2,True
"Пазухин, Алексей Михайлович",Разрушенное счастье,роман,1910,мужской,0,"любовный, бытовой",любовный,,,,,,0,3 лицо,"['служащие', 'разночинцы']",Москва,Отд. изд.,1,0,,"['чиновники', 'разночинцы']",0,0,0,1,0,0,0,0,1,0,0,0,0,0,0,0,0,0,0,0,0,0,0,0,0,0,0,0,0,0,0,0,0,0,0,0,2,True
"Пазухин, Алексей Михайлович",Буря в стоячих водах,роман,1910,мужской,0,буржуазия,социальный,,,,,,0,,['nan'],Москва,Отд. изд.,1,0,,['nan'],1,0,0,0,0,0,0,0,0,0,0,0,0,0,0,0,0,0,0,0,0,0,0,0,0,0,0,0,0,0,0,0,0,0,0,0,1,True
"Раскатов, Михаил",Из потока,Роман,1910,мужской,1,"авантюрно-приключенческий (с элементами научной фантастики), разбойник",приключенческий,,,,,,0,,['nan'],,Газета-копейка,0,0,,['nan'],1,0,0,0,0,0,0,0,0,0,0,0,0,0,0,0,0,0,0,0,0,0,0,0,0,0,0,0,0,0,0,0,0,0,0,0,1,True
"Раскатов, Михаил",Кладоискатели,Роман,1910,мужской,1,приключенческий,приключенческий,,,,,,0,,['nan'],,Газета-копейка,0,0,,['nan'],1,0,0,0,0,0,0,0,0,0,0,0,0,0,0,0,0,0,0,0,0,0,0,0,0,0,0,0,0,0,0,0,0,0,0,0,1,True
"Северцев-Полилов, Георгий Тихонович",Проснулась женщина!,повесть,1910,мужской,1,,,,,,,,0,,['nan'],Санкт-Петербург,Отд. изд.,1,0,,['nan'],1,0,0,0,0,0,0,0,0,0,0,0,0,0,0,0,0,0,0,0,0,0,0,0,0,0,0,0,0,0,0,0,0,0,0,0,1,True
"Сергеенко, Петр Алексеевич",Андрей Щербина,роман,1910,мужской,0,социально-психологический,социальный,,,,,,0,,['nan'],,Русская мысль,0,0,,['nan'],1,0,0,0,0,0,0,0,0,0,0,0,0,0,0,0,0,0,0,0,0,0,0,0,0,0,0,0,0,0,0,0,0,0,0,0,1,True
"Травин, Петр Александрович","У денежного шкафа, или Страшная смерть дисконтера",,1910,мужской,0,,,,,,,,0,,['nan'],Москва,Отд. изд.,1,0,,['nan'],1,0,0,0,0,0,0,0,0,0,0,0,0,0,0,0,0,0,0,0,0,0,0,0,0,0,0,0,0,0,0,0,0,0,0,0,1,True
"Тыркова, Ариандна Владимировна",Ночью,Повесть,1910,женский,0,,,,,,,,0,,['nan'],,Русская мысль,0,0,,['nan'],1,0,0,0,0,0,0,0,0,0,0,0,0,0,0,0,0,0,0,0,0,0,0,0,0,0,0,0,0,0,0,0,0,0,0,0,1,True
"Фонвизин, Сергей Иванович",Две жизни. Молодость Муханова,Роман,1910,мужской,0,,,,,,,,0,,['nan'],Санкт-Петербург,Отд. изд.,1,0,,['nan'],1,0,0,0,0,0,0,0,0,0,0,0,0,0,0,0,0,0,0,0,0,0,0,0,0,0,0,0,0,0,0,0,0,0,0,0,1,True
"Форш, Ольга Дмитриевна",Дети земли,,1910,женский,0,,,,,,,,0,3 лицо,['nan'],,Русская мысль,0,0,,['nan'],1,0,0,0,0,0,0,0,0,0,0,0,0,0,0,0,0,0,0,0,0,0,0,0,0,0,0,0,0,0,0,0,0,0,0,0,1,True
"Шлиппенбах, Габриэль",Наследник Субботина,Роман,1910,мужской,0,,,,,,,,0,,['nan'],,Всеобщая библиотека. Бесплатн. прилож. к журн. «Всемирная новь,0,0,,['nan'],1,0,0,0,0,0,0,0,0,0,0,0,0,0,0,0,0,0,0,0,0,0,0,0,0,0,0,0,0,0,0,0,0,0,0,0,1,True
"Ясинский, Иероним Иеронимович",Жар-птица,роман,1910,мужской,0,,,,,,,,0,,['nan'],,Труд,0,0,,['nan'],1,0,0,0,0,0,0,0,0,0,0,0,0,0,0,0,0,0,0,0,0,0,0,0,0,0,0,0,0,0,0,0,0,0,0,0,1,True
"Андреев, Леонид Николаевич",Сашка Жегулев,роман в 2-х частях,1911,мужской,0,ироническая фантастика,юмористический,,,,,,0,3 лицо,['nan'],,Шиповник,0,0,,['nan'],1,0,0,0,0,0,0,0,0,0,0,0,0,0,0,0,0,0,0,0,0,0,0,0,0,0,0,0,0,0,0,0,0,0,0,0,1,True
"Белецкий, Павел Кузьмич",Король тайги,роман,1911,мужской,0,авантюрный,приключенческий,,,,,,0,,['nan'],,Газета-Копейка,0,0,,['nan'],1,0,0,0,0,0,0,0,0,0,0,0,0,0,0,0,0,0,0,0,0,0,0,0,0,0,0,0,0,0,0,0,0,0,0,0,1,True
"Брусянин, Василий Васильевич",Молодежь,роман,1911,мужской,0,исторический,исторический,,,,,,0,3 лицо,['студенты'],Санкт-Петербург,Отд. изд.,1,0,,['студенты'],0,0,0,0,0,0,0,0,0,0,0,0,0,0,0,0,0,0,0,0,0,0,0,1,0,0,0,0,0,0,0,0,0,0,0,0,1,True
"Брюсов, Валерий Яковлевич",Алтарь Победы,повесть IV века,1911,мужской,0,"символистский, исторический",символистский,,,,,,1,1 лицо,"['аристократия', 'священнослужители']",,Русская мысль,0,0,,"['аристократы', 'духовенство']",0,0,1,0,0,0,0,0,0,0,0,0,1,0,0,0,0,0,0,0,0,0,0,0,0,0,0,0,0,0,0,0,0,0,0,0,2,True
"Веселкова-Кильштет, Мария Григорьевна",Колычевская вотчина,роман,1911,женский,0,"исторический, семейная хроника",исторический,,,,,,0,3 лицо,['дворяне'],,Исторический вестник,0,0,,['дворяне'],0,1,0,0,0,0,0,0,0,0,0,0,0,0,0,0,0,0,0,0,0,0,0,0,0,0,0,0,0,0,0,0,0,0,0,0,1,True
"Винниченко, Владимир Кириллович",Честность с собой,повесть,1911,мужской,0,,,,,,,,0,,['nan'],Санкт-Петербург,Земля (сборник),1,0,,['nan'],1,0,0,0,0,0,0,0,0,0,0,0,0,0,0,0,0,0,0,0,0,0,0,0,0,0,0,0,0,0,0,0,0,0,0,0,1,True
"Гиппиус, Зинаида Николаевна",Чертова кукла,Жизнеописание в 33-х главах,1911,женский,0,социально-психологический,социальный,социально-психологический,политический,идеологический,символистский,,0,3 лицо,['nan'],,Русская мысль,0,1,gippius_z_chertova_kukla_1911.txt,['nan'],1,0,0,0,0,0,0,0,0,0,0,0,0,0,0,0,0,0,0,0,0,0,0,0,0,0,0,0,0,0,0,0,0,0,0,0,1,True
"Данилин, Иван Андреевич",Николай Жаров,Роман,1911,мужской,0,социально-психологический,социальный,,,,,,0,,['рабочие'],,Москвская газета копейка,0,0,,['рабочие'],0,0,0,0,0,0,0,0,0,0,0,0,0,0,1,0,0,0,0,0,0,0,0,0,0,0,0,0,0,0,0,0,0,0,0,0,1,True
"Жданов, Лев",Последний фаворит. Екатерина II и Зубов,роман-хроника,1911,мужской,1,исторический,исторический,исторический,биографический,любовный,политический,,0,3 лицо,"['дворяне', 'аристократия прошлого']",Москва,Отд. изд.,1,1,gelman_l_poslednij_favorit_ekaterina__i_zubov_1911.txt,"['дворяне', 'аристократы']",0,1,1,0,0,0,0,0,0,0,0,0,0,0,0,0,0,0,0,0,0,0,0,0,0,0,0,0,0,0,0,0,0,0,0,0,2,True
"Жданов, Лев",Царь и опричники,Историческая повесть в 2-х частях,1911,мужской,1,исторический,исторический,,,,,,0,,"['дворяне', 'аристократия прошлого']",Санкт-Петербург,Отд. изд.,1,0,,"['дворяне', 'аристократы']",0,1,1,0,0,0,0,0,0,0,0,0,0,0,0,0,0,0,0,0,0,0,0,0,0,0,0,0,0,0,0,0,0,0,0,0,2,True
"Зарин, Федор Ефимович",Летающий пономарь,Исторический роман,1911,мужской,0,исторический,исторический,,,,,,0,3 лицо,"['священники', 'аристократы']",Санкт-Петербург,Отд. изд.,1,0,,"['духовенство', 'аристократы']",0,0,1,0,0,0,0,0,0,0,0,0,1,0,0,0,0,0,0,0,0,0,0,0,0,0,0,0,0,0,0,0,0,0,0,0,2,True
"Красницкий, Александр Иванович",Оберегатель,исторический роман,1911,мужской,0,"исторический, авантюрный",исторический,исторический,авантюрный,политический,,,0,3 лицо,"['крестьяне', 'аристократия прошлого']",Санкт-Петербург,Отд. изд.,1,1,krasnizkij_a_oberegatel_1911.txt,"['крестьяне', 'аристократы']",0,0,1,0,0,0,1,0,0,0,0,0,0,0,0,0,0,0,0,0,0,0,0,0,0,0,0,0,0,0,0,0,0,0,0,0,2,True
"Красницкий, Александр Иванович",Царица-полячка,Роман,1911,мужской,0,"исторический, авантюрный",исторический,исторический,авантюрный,политический,,,0,3 лицо,['аристократия прошлого'],Санкт-Петербург,Отд. изд.,1,1,krasnizkij_a_zariza-polyachka_1911.txt,['аристократы'],0,0,1,0,0,0,0,0,0,0,0,0,0,0,0,0,0,0,0,0,0,0,0,0,0,0,0,0,0,0,0,0,0,0,0,0,1,True
"Крашенинников, Николай Александрович",Барышни: Простая история жизни,Роман в четырёх частях,1911,мужской,0,"бытовой, семейная хроника",описательный,,,,,,0,3 лицо,"['крупная буржуазия', 'дворяне']",Москва,Отд. изд.,1,0,,"['купцы', 'дворяне']",0,1,0,0,0,0,0,1,0,0,0,0,0,0,0,0,0,0,0,0,0,0,0,0,0,0,0,0,0,0,0,0,0,0,0,0,2,True
"Крыжановская (Рочестер), Вера Ивановна",Смерть планеты,роман-пенталогия,1911,женский,0,"утопический, оккультный, фантастический",утопический,утопический,оккультный,фантастический,,,0,3 лицо,['nan'],Санкт-Петербург,Отд. изд.,1,1,kryzhanovskaya_v_smert_planety_1911.txt,['nan'],1,0,0,0,0,0,0,0,0,0,0,0,0,0,0,0,0,0,0,0,0,0,0,0,0,0,0,0,0,0,0,0,0,0,0,0,1,True
"Лаппо-Данилевская, Надежда Александровна",В тумане жизни,роман,1911,женский,0,"любовный, светский салонный роман",любовный,,,,,,0,,['nan'],Санкт-Петербург,Отд. изд.,1,0,,['nan'],1,0,0,0,0,0,0,0,0,0,0,0,0,0,0,0,0,0,0,0,0,0,0,0,0,0,0,0,0,0,0,0,0,0,0,0,1,True
"Ленский, Владимир Яковлевич",Трагедия брака,роман,1911,мужской,1,психологический,психологический,,,,,,0,,['nan'],,Новая жизнь,0,0,,['nan'],1,0,0,0,0,0,0,0,0,0,0,0,0,0,0,0,0,0,0,0,0,0,0,0,0,0,0,0,0,0,0,0,0,0,0,0,1,True
"Мережковский, Дмитрий Сергеевич",Александр Первый,роман,1911,мужской,0,"исторический, философский",исторический,исторический,философский,биографический,религиозный,,1,3 лицо,['аристократия прошлого'],,Русская мысль,0,1,merezhkovskij_d_aleksandr_pervyj_1911.txt,['аристократы'],0,0,1,0,0,0,0,0,0,0,0,0,0,0,0,0,0,0,0,0,0,0,0,0,0,0,0,0,0,0,0,0,0,0,0,0,1,True
"Минцлов, Сергей Рудольфович",Литва,роман,1911,мужской,0,исторический,исторический,,,,,,0,,['nan'],Санкт-Петербург,Отд. изд.,1,0,,['nan'],1,0,0,0,0,0,0,0,0,0,0,0,0,0,0,0,0,0,0,0,0,0,0,0,0,0,0,0,0,0,0,0,0,0,0,0,1,True
"Муйжель, Виктор Васильевич",Год,роман,1911,мужской,0,социально-психологический,социальный,социально-психологический,бытовой,крестьянский,,,0,3 лицо,['крестьяне'],,Русское богатство,0,1,mujzhel_v_god_1911.txt,['крестьяне'],0,0,0,0,0,0,1,0,0,0,0,0,0,0,0,0,0,0,0,0,0,0,0,0,0,0,0,0,0,0,0,0,0,0,0,0,1,True
"Окрейц, Станислав Станиславович",Воскресшая Россия,ист. роман из эпохи Смутного времени,1911,мужской,0,,,,,,,,0,,['nan'],,Светлый луч,0,0,,['nan'],1,0,0,0,0,0,0,0,0,0,0,0,0,0,0,0,0,0,0,0,0,0,0,0,0,0,0,0,0,0,0,0,0,0,0,0,1,True
"Осипович, Наум Маркович",Натан Маймон,Роман,1911,мужской,0,социально-психологический,социальный,,,,,,0,3 лицо,"['народности и этнические группы', 'интеллигенция']",Санкт-Петербург,Отд. изд. (СС),1,0,,"['народности и этнические группы', 'разночинцы']",0,0,0,1,0,0,0,0,0,1,0,0,0,0,0,0,0,0,0,0,0,0,0,0,0,0,0,0,0,0,0,0,0,0,0,0,2,True
"Пазухин, Алексей Михайлович",Заря новой жизни,роман,1911,мужской,0,социально-психологический,социальный,,,,,,0,3 лицо,['купцы'],Москва,Отд. изд.,1,0,,['купцы'],0,0,0,0,0,0,0,1,0,0,0,0,0,0,0,0,0,0,0,0,0,0,0,0,0,0,0,0,0,0,0,0,0,0,0,0,1,True
"Пазухин, Алексей Михайлович",Путем преступления,роман,1911,мужской,0,,,,,,,,0,3 лицо,['nan'],,Московский Листок,0,0,,['nan'],1,0,0,0,0,0,0,0,0,0,0,0,0,0,0,0,0,0,0,0,0,0,0,0,0,0,0,0,0,0,0,0,0,0,0,0,1,True
"Пазухин, Алексей Михайлович",Радость жизни,роман,1911,мужской,0,,,,,,,,0,,['nan'],Москва,Отд. изд.,1,0,,['nan'],1,0,0,0,0,0,0,0,0,0,0,0,0,0,0,0,0,0,0,0,0,0,0,0,0,0,0,0,0,0,0,0,0,0,0,0,1,True
"Раскатов, Михаил",Злые чары,Роман,1911,мужской,1,авантюрный,приключенческий,,,,,,0,,['nan'],,Газета-копейка,0,0,,['nan'],1,0,0,0,0,0,0,0,0,0,0,0,0,0,0,0,0,0,0,0,0,0,0,0,0,0,0,0,0,0,0,0,0,0,0,0,1,True
"Раскатов, Михаил",На чужбине (Антон Кречет),Роман,1911,мужской,1,"авантюрный, уголовный",приключенческий,,,,,,0,,['криминальный мир'],,Газета-копейка,0,0,,['криминальный мир'],0,0,0,0,0,0,0,0,0,0,1,0,0,0,0,0,0,0,0,0,0,0,0,0,0,0,0,0,0,0,0,0,0,0,0,0,1,True
"Светлов, Валериан Яковлевич",Дар слез,роман,1911,мужской,1,,,,,,,,0,,['nan'],Санкт-Петербург,Отд. изд. (СС),1,0,,['nan'],1,0,0,0,0,0,0,0,0,0,0,0,0,0,0,0,0,0,0,0,0,0,0,0,0,0,0,0,0,0,0,0,0,0,0,0,1,True
"Севастьянов, Александр Николаевич",Черная смерть,Исторический роман из времен чумы 1770–72 гг.,1911,мужской,0,исторический,исторический,,,,,,0,3 лицо,['nan'],,Досуг и дело,0,0,,['nan'],1,0,0,0,0,0,0,0,0,0,0,0,0,0,0,0,0,0,0,0,0,0,0,0,0,0,0,0,0,0,0,0,0,0,0,0,1,True
"Северцев-Полилов, Георгий Тихонович",В погоню за славою и золотом,роман из жизни оперной богемы,1911,мужской,1,,,,,,,,0,,['nan'],Санкт-Петербург,Отд. изд.,1,0,,['nan'],1,0,0,0,0,0,0,0,0,0,0,0,0,0,0,0,0,0,0,0,0,0,0,0,0,0,0,0,0,0,0,0,0,0,0,0,1,True
"Северцев-Полилов, Георгий Тихонович, С. Шабишев",Азарт,Роман людского безумия,1911,мужской,0,,,,,,,,0,,['nan'],Санкт-Петербург,Отд. изд.,1,0,,['nan'],1,0,0,0,0,0,0,0,0,0,0,0,0,0,0,0,0,0,0,0,0,0,0,0,0,0,0,0,0,0,0,0,0,0,0,0,1,True
"Севский, Виктор",Кровавая слава,na,1911,мужской,1,,,,,,,,0,,['nan'],,Южный телеграф,0,0,,['nan'],1,0,0,0,0,0,0,0,0,0,0,0,0,0,0,0,0,0,0,0,0,0,0,0,0,0,0,0,0,0,0,0,0,0,0,0,1,True
"Соколов, Александр Алексеевич",Городской голова – убийца,Роман из жизни раскольников А.А. Соколова.,1911,мужской,1,раскольники,социальный,,,,,,0,,['раскольники'],Санкт-Петербург,Отд. изд.,1,0,,['сектанты'],0,0,0,0,0,0,0,0,0,0,0,0,0,0,0,0,0,0,0,1,0,0,0,0,0,0,0,0,0,0,0,0,0,0,0,0,1,True
"Соколов, Александр Алексеевич",Руки вверх!,уголовный роман из современной жизни,1911,мужской,1,уголовный,криминальный,,,,,,0,,['nan'],Москва,Отд. изд.,1,0,,['nan'],1,0,0,0,0,0,0,0,0,0,0,0,0,0,0,0,0,0,0,0,0,0,0,0,0,0,0,0,0,0,0,0,0,0,0,0,1,True
"Соколова, Александра Ивановна",Золотая фея,роман,1911,женский,0,уголовный,криминальный,,,,,,0,3 лицо,['криминальный мир'],Санкт-Петербург,Отд. изд.,1,0,,['криминальный мир'],0,0,0,0,0,0,0,0,0,0,1,0,0,0,0,0,0,0,0,0,0,0,0,0,0,0,0,0,0,0,0,0,0,0,0,0,1,True
"Соколова, Александра Ивановна",Маффия - царство зла,роман,1911,женский,0,уголовный,криминальный,,,,,,0,,['nan'],Санкт-Петербург,"приложение к журналу ""Живописное обозрение всего мира""",1,0,,['nan'],1,0,0,0,0,0,0,0,0,0,0,0,0,0,0,0,0,0,0,0,0,0,0,0,0,0,0,0,0,0,0,0,0,0,0,0,1,True
"Соколова, Александра Ивановна",Тайна царскосельского дворца,Исторический роман из времен императрицы Анны Иоанновны,1911,женский,0,исторический,исторический,исторический,авантюрный,любовный,,,0,3 лицо,"['дворяне', 'аристократия прошлого']",Санкт-Петербург,Отд. изд.,1,1,sokolova_a_tajna_zarskoselskogo_dvorza_1911.txt,"['дворяне', 'аристократы']",0,1,1,0,0,0,0,0,0,0,0,0,0,0,0,0,0,0,0,0,0,0,0,0,0,0,0,0,0,0,0,0,0,0,0,0,2,True
"Соколова, Александра Ивановна",Царский каприз,роман,1911,женский,0,исторический,исторический,исторический,любовный,авантюрный,,,0,3 лицо,"['дворяне', 'аристократия прошлого']",Санкт-Петербург,Отд. изд.,1,1,sokolova_a_zarskij_kapriz_1911.txt,"['дворяне', 'аристократы']",0,1,1,0,0,0,0,0,0,0,0,0,0,0,0,0,0,0,0,0,0,0,0,0,0,0,0,0,0,0,0,0,0,0,0,0,2,True
"Соколова, Александра Ивановна",Светлый луч на престоле,Исторический роман,1911,женский,0,"исторический, авантюрный, любовный",исторический,,,,,,0,,['nan'],Санкт-Петербург,Отд. изд.,1,0,,['nan'],1,0,0,0,0,0,0,0,0,0,0,0,0,0,0,0,0,0,0,0,0,0,0,0,0,0,0,0,0,0,0,0,0,0,0,0,1,True
"Тихонов, Владимир Алексеевич",Карьера,Роман в 2 частях [в отд. издании],1911,мужской,0,,,,,,,,0,,['nan'],,Современник,0,0,,['nan'],1,0,0,0,0,0,0,0,0,0,0,0,0,0,0,0,0,0,0,0,0,0,0,0,0,0,0,0,0,0,0,0,0,0,0,0,1,True
"Толстой, Алексей Николаевич",Две жизни,роман-хроника,1911,мужской,0,"роман-хроника, семейный роман бытовой, авантюрный (?)",исторический,хроникальный,семейный,бытовой,психологический,,1,3 лицо,"['дворяне', 'высшие классы', 'слуги']",Санкт-Петербург,Шиповник,1,1,tolstoj_a_dve_zhizni_1911.txt,"['дворяне', 'слуги']",0,1,0,0,0,0,0,0,0,0,0,0,0,0,0,0,0,0,0,0,0,0,0,0,0,0,0,0,0,0,0,0,0,1,0,0,2,True
"Травин, Петр Александрович",Изумительные похождения московского Пинкертона Агафона и его слуги Луки,,1911,мужской,0,,,,,,,,0,,['nan'],Москва,Отд. изд.,1,0,,['nan'],1,0,0,0,0,0,0,0,0,0,0,0,0,0,0,0,0,0,0,0,0,0,0,0,0,0,0,0,0,0,0,0,0,0,0,0,1,True
"Фонвизин, Сергей Иванович",В смутные дни,Роман,1911,мужской,0,,,,,,,,0,,['nan'],Санкт-Петербург,Отд. изд.,1,0,,['nan'],1,0,0,0,0,0,0,0,0,0,0,0,0,0,0,0,0,0,0,0,0,0,0,0,0,0,0,0,0,0,0,0,0,0,0,0,1,True
"Хрущев-Сокольников, Гавриил Александрович",Русские и немцы,большой исторический роман,1911,мужской,0,,,,,,,,0,,['nan'],,Свет: сборник,0,0,,['nan'],1,0,0,0,0,0,0,0,0,0,0,0,0,0,0,0,0,0,0,0,0,0,0,0,0,0,0,0,0,0,0,0,0,0,0,0,1,True
"Чириков, Евгений Николаевич",Юность,"роман-трилогия, ч.1",1911,мужской,0,роман воспитания,воспитания,роман воспитания,социально-психологический,,,,0,1 лицо,['nan'],,Вестник Европы,0,1,chirikov_e_yunost_1911.txt,['nan'],1,0,0,0,0,0,0,0,0,0,0,0,0,0,0,0,0,0,0,0,0,0,0,0,0,0,0,0,0,0,0,0,0,0,0,0,1,True
"Ясинский, Иероним Иеронимович",Под плащом Сатаны,роман,1911,мужской,0,исторический,исторический,,,,,,0,,['nan'],Санкт-Петербург,Отд. изд.,1,0,,['nan'],1,0,0,0,0,0,0,0,0,0,0,0,0,0,0,0,0,0,0,0,0,0,0,0,0,0,0,0,0,0,0,0,0,0,0,0,1,True
"Абельдяев, Дмитрий Алексеевич",Тень века сего (Записки Абашева),роман,1912,мужской,0,"философский, любовный",философский,,,,,,0,1 лицо,['nan'],,Русская мысль,0,0,,['nan'],1,0,0,0,0,0,0,0,0,0,0,0,0,0,0,0,0,0,0,0,0,0,0,0,0,0,0,0,0,0,0,0,0,0,0,0,1,True
"Бебутова, Ольга Михайловна",Наш Вавилон,роман,1912,женский,0,исторический,исторический,,,,,,0,,['аристократия прошлого'],,Петербургский листок,0,0,,['аристократы'],0,0,1,0,0,0,0,0,0,0,0,0,0,0,0,0,0,0,0,0,0,0,0,0,0,0,0,0,0,0,0,0,0,0,0,0,1,True
"Белецкий, Павел Кузьмич",В горах Даурии,роман,1912,мужской,0,авантюрный,приключенческий,,,,,,0,,['nan'],,Мир приключений,0,0,,['nan'],1,0,0,0,0,0,0,0,0,0,0,0,0,0,0,0,0,0,0,0,0,0,0,0,0,0,0,0,0,0,0,0,0,0,0,0,1,True
"Бибик, Алексей Павлович",К широкой дороге,роман,1912,мужской,0,исторический,исторический,,,,,,0,,"['рабочие', 'революционеры']",Санкт-Петербург,Современный мир,1,0,,"['рабочие', 'революционеры']",0,0,0,0,0,0,0,0,0,0,0,1,0,0,1,0,0,0,0,0,0,0,0,0,0,0,0,0,0,0,0,0,0,0,0,0,2,True
"Боборыкин, Петр Дмитриевич",Обмирщение,Роман,1912,мужской,0,"социально-психологический, философский",социальный,,,,,,0,3 лицо,"['разночинцы', 'старообрядцы']",Москва,Отд. изд.,1,0,,"['разночинцы', 'сектанты']",0,0,0,1,0,0,0,0,0,0,0,0,0,0,0,0,0,0,0,1,0,0,0,0,0,0,0,0,0,0,0,0,0,0,0,0,2,True
"Брянчанинов, Анатолий Александрович",В годину лихолетья (1905-1906),роман в 2-х частях,1912,мужской,0,исторический,исторический,,,,,,0,,['дворяне'],,Мирный труд,0,0,,['дворяне'],0,1,0,0,0,0,0,0,0,0,0,0,0,0,0,0,0,0,0,0,0,0,0,0,0,0,0,0,0,0,0,0,0,0,0,0,1,True
"Будищев, Алексей Николаевич",Степь грезит,роман,1912,мужской,0,"социально-психологический, детективный",социальный,,,,,,0,,['дворяне'],Санкт-Петербург,Отд. изд.,1,0,,['дворяне'],0,1,0,0,0,0,0,0,0,0,0,0,0,0,0,0,0,0,0,0,0,0,0,0,0,0,0,0,0,0,0,0,0,0,0,0,1,True
"Винниченко, Владимир Кириллович",На весах жизни,роман,1912,мужской,0,,,,,,,,0,,['nan'],,Земля (сборник),0,0,,['nan'],1,0,0,0,0,0,0,0,0,0,0,0,0,0,0,0,0,0,0,0,0,0,0,0,0,0,0,0,0,0,0,0,0,0,0,0,1,True
"Гарин, Сергей Александрович",У дальнего моря,роман,1912,мужской,0,приключенческий,приключенческий,приключенческий,авантюрный,экзотический,,,0,3 лицо,['моряки'],Санкт-Петербург,Русское богатство,1,1,garin_s_u_dalnego_morya_1912.txt,['моряки'],0,0,0,0,0,0,0,0,0,0,0,0,0,0,0,0,0,0,0,0,0,0,0,0,0,0,0,1,0,0,0,0,0,0,0,0,1,True
"Гиппиус, Зинаида Николаевна",Роман-царевич,"История одного начинания (роман-трилогия, ч. II)",1912,женский,0,социально-психологический,социальный,социально-психологический,символистский,философский,,,0,3 лицо,['nan'],,Русская мысль,0,1,gippius_z_roman-zarevich_1912.txt,['nan'],1,0,0,0,0,0,0,0,0,0,0,0,0,0,0,0,0,0,0,0,0,0,0,0,0,0,0,0,0,0,0,0,0,0,0,0,1,True
Граф Амори,Золото и кровь,роман из современной жизни,1912,мужской,1,"авантюрный, уголовный, любовный",приключенческий,,,,,,0,,"['купцы', 'разночинцы']",Санкт-Петербург,Отд. изд.,1,0,,"['купцы', 'разночинцы']",0,0,0,1,0,0,0,1,0,0,0,0,0,0,0,0,0,0,0,0,0,0,0,0,0,0,0,0,0,0,0,0,0,0,0,0,2,True
Граф Амори,Побежденные,"окончание романа ""Ключи счастья"" А. Вербицкой",1912,мужской,1,любовный,любовный,,,,,,0,3 лицо,['nan'],Санкт-Петербург,Отд. изд.,1,0,,['nan'],1,0,0,0,0,0,0,0,0,0,0,0,0,0,0,0,0,0,0,0,0,0,0,0,0,0,0,0,0,0,0,0,0,0,0,0,1,True
"Дымов, Осип",Томление духа,Роман,1912,мужской,1,,,,,,,,0,3 лицо,['разночинцы'],Санкт-Петербург,Шиповник,1,0,,['разночинцы'],0,0,0,1,0,0,0,0,0,0,0,0,0,0,0,0,0,0,0,0,0,0,0,0,0,0,0,0,0,0,0,0,0,0,0,0,1,True
"Жданов, Лев",В сетях интриги. Два потока.,Исторический роман времен Екатерины II,1912,мужской,1,исторический,исторический,исторический,авантюрный,политический,,,0,3 лицо,"['дворяне', 'аристократия прошлого']",Санкт-Петербург,Отд. изд.,1,1,gelman_l_v_setyakh_intrigi_1912.txt,"['дворяне', 'аристократы']",0,1,1,0,0,0,0,0,0,0,0,0,0,0,0,0,0,0,0,0,0,0,0,0,0,0,0,0,0,0,0,0,0,0,0,0,2,True
"Зарин, Андрей Ефимович",Власть земли,Исторический роман,1912,мужской,0,исторический,исторический,,,,,,0,3 лицо,['аристократия прошлого'],Санкт-Петербург,Отд. изд.,1,0,,['аристократы'],0,0,1,0,0,0,0,0,0,0,0,0,0,0,0,0,0,0,0,0,0,0,0,0,0,0,0,0,0,0,0,0,0,0,0,0,1,True
"Зарин, Андрей Ефимович",Двоевластие,роман,1912,мужской,0,исторический,исторический,исторический,политический,авантюрный,,,0,3 лицо,['аристократия прошлого'],Санкт-Петербург,Отд. изд.,1,1,zarin_a_dvoevlastie_1912.txt,['аристократы'],0,0,1,0,0,0,0,0,0,0,0,0,0,0,0,0,0,0,0,0,0,0,0,0,0,0,0,0,0,0,0,0,0,0,0,0,1,True
"Зарин, Андрей Ефимович",Живой мертвец,Исторический роман из времен царствования императора Павла I,1912,мужской,0,исторический,исторический,,,,,,0,3 лицо,['аристократия прошлого'],Санкт-Петербург,Отд. изд.,1,0,,['аристократы'],0,0,1,0,0,0,0,0,0,0,0,0,0,0,0,0,0,0,0,0,0,0,0,0,0,0,0,0,0,0,0,0,0,0,0,0,1,True
"Криницкий, Марк",Молодые годы Долецкого,Роман,1912,мужской,1,авантюрный,приключенческий,,,,,,0,3 лицо,['nan'],Москва,Отд. изд.,1,0,,['nan'],1,0,0,0,0,0,0,0,0,0,0,0,0,0,0,0,0,0,0,0,0,0,0,0,0,0,0,0,0,0,0,0,0,0,0,0,1,True
"Крыжановская (Рочестер), Вера Ивановна",Болотный цветок,роман,1912,женский,0,"авантюрный, оккультный",приключенческий,мистический,оккультный,авантюрный,любовный,,0,3 лицо,['дворяне'],Санкт-Петербург,Отд. изд.,1,1,kryzhanovskaya_v_bolotnyj_zvetok_1912.txt,['дворяне'],0,1,0,0,0,0,0,0,0,0,0,0,0,0,0,0,0,0,0,0,0,0,0,0,0,0,0,0,0,0,0,0,0,0,0,0,1,True
"Лаппо-Данилевская, Надежда Александровна",Жена министра,роман,1912,женский,0,любовный,любовный,,,,,,0,,['nan'],,Исторический вестник,0,0,,['nan'],1,0,0,0,0,0,0,0,0,0,0,0,0,0,0,0,0,0,0,0,0,0,0,0,0,0,0,0,0,0,0,0,0,0,0,0,1,True
"Ленский, Владимир Яковлевич",Песня крови,роман,1912,мужской,1,социально-психологический,социальный,,,,,,0,,['nan'],Санкт-Петербург,Прогресс,1,0,,['nan'],1,0,0,0,0,0,0,0,0,0,0,0,0,0,0,0,0,0,0,0,0,0,0,0,0,0,0,0,0,0,0,0,0,0,0,0,1,True
"Любич-Кошуров, Иоасаф Арианович",Пожар Москвы в 1812 году,роман,1912,мужской,0,"исторический, авантюрный",исторический,,,,,,0,3 лицо,['военные'],Москва,Отд. изд.,1,0,,['военные'],0,0,0,0,0,1,0,0,0,0,0,0,0,0,0,0,0,0,0,0,0,0,0,0,0,0,0,0,0,0,0,0,0,0,0,0,1,True
"Павловский, Иван Яковлевич",История одного убийства,роман,1912,мужской,0,"детективный, любовный",криминальный,,,,,,0,,['nan'],,Исторический Вестник,0,0,,['nan'],1,0,0,0,0,0,0,0,0,0,0,0,0,0,0,0,0,0,0,0,0,0,0,0,0,0,0,0,0,0,0,0,0,0,0,0,1,True
"Пазухин, Алексей Михайлович",В вихре жизни,роман,1912,мужской,0,социально-психологический,социальный,,,,,,0,3 лицо,['аристократы'],Москва,Отд. изд.,1,0,,['аристократы'],0,0,1,0,0,0,0,0,0,0,0,0,0,0,0,0,0,0,0,0,0,0,0,0,0,0,0,0,0,0,0,0,0,0,0,0,1,True
"Раскатов, Михаил",Найденыш,Роман,1912,мужской,1,авантюрный,приключенческий,,,,,,0,,['nan'],,Газета-копейка,0,0,,['nan'],1,0,0,0,0,0,0,0,0,0,0,0,0,0,0,0,0,0,0,0,0,0,0,0,0,0,0,0,0,0,0,0,0,0,0,0,1,True
"Раскатов, Михаил",На аванпостах (Антон Кречет),Роман в 3-х частях,1912,мужской,1,"авантюрный, уголовный",приключенческий,,,,,,0,3 лицо,['криминальный мир'],,Газета-копейка,0,0,,['криминальный мир'],0,0,0,0,0,0,0,0,0,0,1,0,0,0,0,0,0,0,0,0,0,0,0,0,0,0,0,0,0,0,0,0,0,0,0,0,1,True
"Ренников, А.",Сеятели вечного,роман,1912,мужской,1,сатирический,юмористический,,,,,,0,,['nan'],Санкт-Петербург,Отд. изд.,1,0,,['nan'],1,0,0,0,0,0,0,0,0,0,0,0,0,0,0,0,0,0,0,0,0,0,0,0,0,0,0,0,0,0,0,0,0,0,0,0,1,True
"Ропшин, В.","То, чего не было. (Три брата)",Роман,1912,мужской,1,исторический,исторический,политический,идеологический,психологический,философский,,0,3 лицо,['революционеры'],Москва,Заветы,1,1,savinkov_b_to_chego_ne_bylo_tri_brata_1912.txt,['революционеры'],0,0,0,0,0,0,0,0,0,0,0,1,0,0,0,0,0,0,0,0,0,0,0,0,0,0,0,0,0,0,0,0,0,0,0,0,1,True
"Рославцев, Александр Степанович",Страдание,Роман,1912,мужской,0,,,,,,,,0,,['nan'],Санкт-Петербург,Отд. изд.,1,0,,['nan'],1,0,0,0,0,0,0,0,0,0,0,0,0,0,0,0,0,0,0,0,0,0,0,0,0,0,0,0,0,0,0,0,0,0,0,0,1,True
"Рославцев, Александр Степанович",Человек за печатью,Роман,1912,мужской,0,социальный,социальный,,,,,,0,,['мещане'],Санкт-Петербург,Отд. изд.,1,0,,['мещане'],0,0,0,0,0,0,0,0,0,0,0,0,0,0,0,0,0,0,0,0,1,0,0,0,0,0,0,0,0,0,0,0,0,0,0,0,1,True
"Северцев-Полилов, Георгий Тихонович",Слепая любовь,роман,1912,мужской,1,,,,,,,,0,,['nan'],Санкт-Петербург,Слепая любовь [сборник],1,0,,['nan'],1,0,0,0,0,0,0,0,0,0,0,0,0,0,0,0,0,0,0,0,0,0,0,0,0,0,0,0,0,0,0,0,0,0,0,0,1,True
"Серафимович, Александр Серафимович",Город в степи,роман,1912,мужской,1,социально-психологический,социальный,социально-психологический,бытовой,,,,0,3 лицо,['рабочие'],,Шиповник,0,1,popov_a_gorod_v_stepi_1912.txt,['рабочие'],0,0,0,0,0,0,0,0,0,0,0,0,0,0,1,0,0,0,0,0,0,0,0,0,0,0,0,0,0,0,0,0,0,0,0,0,1,True
"Соколов, Александр Алексеевич",Лже-Петр,Исторический роман,1912,мужской,1,исторический,исторический,,,,,,0,,['аристократия прошлого'],,"Бесплатное приложение к журналу ""Всемирная новь""",0,0,,['аристократы'],0,0,1,0,0,0,0,0,0,0,0,0,0,0,0,0,0,0,0,0,0,0,0,0,0,0,0,0,0,0,0,0,0,0,0,0,1,True
"Соколов, Александр Алексеевич",Совесть замучила,роман,1912,мужской,1,уголовный,криминальный,,,,,,0,,['nan'],,"Свет (сборник романов и повестей, ежемесячный журнал)",0,0,,['nan'],1,0,0,0,0,0,0,0,0,0,0,0,0,0,0,0,0,0,0,0,0,0,0,0,0,0,0,0,0,0,0,0,0,0,0,0,1,True
"Соколова, Александра Ивановна",На всю жизнь,Исторический роман из жизни Александра I Павловича,1912,женский,0,исторический,исторический,,,,,,0,,['аристократия прошлого'],Санкт-Петербург,Отд. изд.,1,0,,['аристократы'],0,0,1,0,0,0,0,0,0,0,0,0,0,0,0,0,0,0,0,0,0,0,0,0,0,0,0,0,0,0,0,0,0,0,0,0,1,True
"Сологуб, Федор Кузьмич",Дым и пепел,Роман,1912,мужской,1,"социально-психологический, философский",социальный,,,,,,1,3 лицо,['разночинцы'],,Земля,0,0,,['разночинцы'],0,0,0,1,0,0,0,0,0,0,0,0,0,0,0,0,0,0,0,0,0,0,0,0,0,0,0,0,0,0,0,0,0,0,0,0,1,True
"Сологуб, Федор Кузьмич",Слаще яда,роман,1912,мужской,1,"социально-психологический, любовный, (роман воспитания)",социальный,,,,,,1,3 лицо,['дворяне'],,Новая жизнь,0,0,,['дворяне'],0,1,0,0,0,0,0,0,0,0,0,0,0,0,0,0,0,0,0,0,0,0,0,0,0,0,0,0,0,0,0,0,0,0,0,0,1,True
"Толстой, Алексей Николаевич",Хромой барин,Роман,1912,мужской,0,социально-психологический,социальный,социально-психологический,исторический,бытовой,,,1,3 лицо,"['дворяне', 'рабочие']",Санкт-Петербург,Отд. изд.,1,1,tolstoj_a_khromoj_barin_1912.txt,"['дворяне', 'рабочие']",0,1,0,0,0,0,0,0,0,0,0,0,0,0,1,0,0,0,0,0,0,0,0,0,0,0,0,0,0,0,0,0,0,0,0,0,2,True
"Фрибес, Ольга Александровна",Игуменья Рахиль,Картинки моныстыр. жизни,1912,женский,0,,,,,,,,0,,['nan'],Санкт-Петербург,Отд. изд.,1,0,,['nan'],1,0,0,0,0,0,0,0,0,0,0,0,0,0,0,0,0,0,0,0,0,0,0,0,0,0,0,0,0,0,0,0,0,0,0,0,1,True
"Хрущев-Сокольников, Гавриил Александрович",Джек – таинственный убийца,большой роман из англо-русской жизни,1912,мужской,0,,,,,,,,0,,['nan'],Санкт-Петербург,Отд. изд.,1,0,,['nan'],1,0,0,0,0,0,0,0,0,0,0,0,0,0,0,0,0,0,0,0,0,0,0,0,0,0,0,0,0,0,0,0,0,0,0,0,1,True
"Чириков, Евгений Николаевич",Изгнание,"роман-трилогия, ч.2",1912,мужской,0,роман воспитания,воспитания,,,,,,0,1 лицо,['nan'],,Вестник Европы,0,0,,['nan'],1,0,0,0,0,0,0,0,0,0,0,0,0,0,0,0,0,0,0,0,0,0,0,0,0,0,0,0,0,0,0,0,0,0,0,0,1,True
"Амфитеатров, Александр Валентинович",Паутина,роман,1913,мужской,0,социально-психологический,социальный,,,,,,0,3 лицо,['разночинцы'],Санкт-Петербург,Отд. изд.,1,0,,['разночинцы'],0,0,0,1,0,0,0,0,0,0,0,0,0,0,0,0,0,0,0,0,0,0,0,0,0,0,0,0,0,0,0,0,0,0,0,0,1,True
"Амфитеатров, Александр Валентинович",Разбитая армия,,1913,мужской,0,исторический роман,исторический,,,,,,0,3 лицо,['эмигранты'],Москва,Отд. изд.,1,0,,['эмигранты'],0,0,0,0,0,0,0,0,0,0,0,0,0,0,0,0,0,0,0,0,0,0,0,0,0,0,0,0,1,0,0,0,0,0,0,0,1,True
"Ауслендер, Сергей Абрамович",Последний спутник,Роман в 3-х частях,1913,мужской,0,психологический роман,психологический,,,,,,0,3 лицо,"['купцы', 'крестьяне', 'разночинцы']",Москва,Отд. изд.,1,0,,"['купцы', 'крестьяне', 'разночинцы']",0,0,0,1,0,0,1,1,0,0,0,0,0,0,0,0,0,0,0,0,0,0,0,0,0,0,0,0,0,0,0,0,0,0,0,0,3,True
"Бебутова, Ольга Михайловна",Под гипнозом,роман,1913,женский,0,"исторический, лонжодры",исторический,,,,,,0,,"['князи', 'аферисты']",,Свет,0,0,,"['князья', 'криминальный мир']",0,0,0,0,0,0,0,0,0,0,1,0,0,0,0,0,0,0,0,0,0,0,0,0,0,1,0,0,0,0,0,0,0,0,0,0,2,True
"Белый, Андрей",Петербург,Роман в восьми главах с прологом и эпилогом,1913,мужской,1,"социально-психологический, философский, авантюрный",социальный,символистский,философский,социально-психологический,,,1,3 лицо,"['революционеры', 'чиновники']",,Сирин,0,1,belyj_a_peterburg_1913.txt,"['революционеры', 'чиновники']",0,0,0,0,0,0,0,0,1,0,0,1,0,0,0,0,0,0,0,0,0,0,0,0,0,0,0,0,0,0,0,0,0,0,0,0,2,True
"Богданов, Александр Александрович",Инженер Мэнни,роман,1913,мужской,0,"утопический, фантастика, научная фантастика",утопический,утопический,фантастический,философский,,,0,1 лицо,['роман'],Москва,Отд. изд.,1,1,bogdanov_a_inzhener_menni_1913.txt,['другое'],0,0,0,0,0,0,0,0,0,0,0,0,0,0,0,0,0,1,0,0,0,0,0,0,0,0,0,0,0,0,0,0,0,0,0,0,1,True
"Брусянин, Василий Васильевич",Белые ночи,роман,1913,мужской,0,исторический,исторический,,,,,,0,3 лицо,"['купцы', 'помещики']",Санкт-Петербург,Отд. изд.,1,0,,"['купцы', 'помещики']",0,0,0,0,0,0,0,1,0,0,0,0,0,0,0,0,1,0,0,0,0,0,0,0,0,0,0,0,0,0,0,0,0,0,0,0,2,True
"Брусянин, Василий Васильевич",Мужчина,роман,1913,мужской,0,исторический,исторический,,,,,,0,1 лицо,['интеллигенция'],Москва,Отд. изд.,1,0,,['разночинцы'],0,0,0,1,0,0,0,0,0,0,0,0,0,0,0,0,0,0,0,0,0,0,0,0,0,0,0,0,0,0,0,0,0,0,0,0,1,True
"Волконский, Михаил Николаевич","Мне жаль тебя, герцог!",роман,1913,мужской,0,"исторический, авантюрный",исторический,исторический,авантюрный,психологический,политический,,0,3 лицо,"['аристократия прошлого', 'легендарные исторические фигуры']",,Родина,0,1,volkonskij_m_mne_zhal_tebya_gerzog_1913.txt,"['аристократы', 'легендарные исторические фигуры']",0,0,1,0,1,0,0,0,0,0,0,0,0,0,0,0,0,0,0,0,0,0,0,0,0,0,0,0,0,0,0,0,0,0,0,0,2,True
"Волховский, Феликс Вадимович",Адмирал Чагин,роман,1913,мужской,0,,,,,,,,0,,['военные'],Берлин,Отд. изд.,1,0,,['военные'],0,0,0,0,0,1,0,0,0,0,0,0,0,0,0,0,0,0,0,0,0,0,0,0,0,0,0,0,0,0,0,0,0,0,0,0,1,True
"Гейнце, Николай Эдуардович",Дочь Великого Петра,роман,1913,мужской,0,исторический,исторический,исторический,биографический,политический,авантюрный,,0,3 лицо,['аристократы'],Санкт-Петербург,Отд. изд.,1,1,gejnze_n_doch_velikogo_petra_1913.txt,['аристократы'],0,0,1,0,0,0,0,0,0,0,0,0,0,0,0,0,0,0,0,0,0,0,0,0,0,0,0,0,0,0,0,0,0,0,0,0,1,True
Граф Амори,Любовные похождения мадам Вербицкой,роман,1913,мужской,1,любовный,любовный,,,,,,0,,['nan'],Санкт-Петербург,Отд. изд.,1,0,,['nan'],1,0,0,0,0,0,0,0,0,0,0,0,0,0,0,0,0,0,0,0,0,0,0,0,0,0,0,0,0,0,0,0,0,0,0,0,1,True
Граф Амори,Рабы страсти,роман,1913,мужской,1,уголовный роман,криминальный,,,,,,0,,['аристократы'],Санкт-Петербург,Отд. изд.,1,0,,['аристократы'],0,0,1,0,0,0,0,0,0,0,0,0,0,0,0,0,0,0,0,0,0,0,0,0,0,0,0,0,0,0,0,0,0,0,0,0,1,True
Граф Амори,Банкир-преступник,роман,1913,мужской,1,,,,,,,,0,3 лицо,"['купцы', 'помещики']",Санкт-Петербург,Отд. изд.,1,0,,"['купцы', 'помещики']",0,0,0,0,0,0,0,1,0,0,0,0,0,0,0,0,1,0,0,0,0,0,0,0,0,0,0,0,0,0,0,0,0,0,0,0,2,True
Граф Амори,Финал,Роман из современной жизни,1913,мужской,1,социально-психологический,социальный,,,,,,0,3 лицо,['проститутки'],Санкт-Петербург,Отд. изд.,1,0,,['женщины'],0,0,0,0,0,0,0,0,0,0,0,0,0,0,0,1,0,0,0,0,0,0,0,0,0,0,0,0,0,0,0,0,0,0,0,0,1,True
"Григорьев, Р.",На ущербе,роман,1913,женский,1,исторический,исторический,исторический,социально-психологический,,,,0,3 лицо,"['интеллигенция', 'пролетариат']",Санкт-Петербург,Отд. изд.,1,1,lemberg_r_na_usherbe_1913.txt,"['разночинцы', 'рабочие']",0,0,0,1,0,0,0,0,0,0,0,0,0,0,1,0,0,0,0,0,0,0,0,0,0,0,0,0,0,0,0,0,0,0,0,0,2,True
"Громов, Алексей Матвеевич",Девичьи сны,роман,1913,мужской,0,"психологический, любовный",психологический,,,,,,0,,['nan'],Москва,Отд. изд.,1,0,,['nan'],1,0,0,0,0,0,0,0,0,0,0,0,0,0,0,0,0,0,0,0,0,0,0,0,0,0,0,0,0,0,0,0,0,0,0,0,1,True
"Добронравов, Леонид Михайлович",Новая бурса,роман,1913,мужской,0,,,,,,,,0,,"['духовенство', 'священники']",Санкт-Петербург,Заветы,1,0,,['духовенство'],0,0,0,0,0,0,0,0,0,0,0,0,1,0,0,0,0,0,0,0,0,0,0,0,0,0,0,0,0,0,0,0,0,0,0,0,1,True
"Зайцев, Борис Константинович",Дальний край,роман,1913,мужской,0,исторический,исторический,исторический,социально-психологический,философский,,,0,3 лицо,"['русская интеллигенция', 'революционеры']",Санкт-Петербург,Шиповник,1,1,zajzev_b_dalnij_kraj_1913.txt,"['разночинцы', 'революционеры']",0,0,0,1,0,0,0,0,0,0,0,1,0,0,0,0,0,0,0,0,0,0,0,0,0,0,0,0,0,0,0,0,0,0,0,0,2,True
"Зарин, Федор Ефимович",Борьба у престола,роман,1913,мужской,0,исторический,исторический,исторический,политический,авантюрный,,,0,3 лицо,"['легендарные исторические фигуры', 'аристократия прошлого']",,Исторический вестник,0,1,zarin_f_borba_u_prestola_1913.txt,"['легендарные исторические фигуры', 'аристократы']",0,0,1,0,1,0,0,0,0,0,0,0,0,0,0,0,0,0,0,0,0,0,0,0,0,0,0,0,0,0,0,0,0,0,0,0,2,True
"Карпов, Пимен Иванович",Пламень,Из жизни и веры хлеборобов,1913,мужской,0,социально-психологический,социальный,социально-психологический,религиозный,крестьянский,,,0,3 лицо,"['крестьяне', 'дворяне']",Санкт-Петербург,Отд. изд.,1,1,karpov_p_plamen_1913.txt,"['крестьяне', 'дворяне']",0,1,0,0,0,0,1,0,0,0,0,0,0,0,0,0,0,0,0,0,0,0,0,0,0,0,0,0,0,0,0,0,0,0,0,0,2,True
"Крандиевская, Анастасия Романовна",Тайна радости,na,1913,женский,0,"любовный роман, соц. психологический",любовный,,,,,,0,,['nan'],,Новая жизнь; Русская мысль,0,0,,['nan'],1,0,0,0,0,0,0,0,0,0,0,0,0,0,0,0,0,0,0,0,0,0,0,0,0,0,0,0,0,0,0,0,0,0,0,0,1,True
"Красницкий, Александр Иванович",Дочь Рагуила,роман,1913,мужской,0,"исторический, детективный",исторический,исторический,детективный,авантюрный,,,0,3 лицо,['купцы'],,Всеобщая библиотека. Бесплатн. прилож. к журн. «Всемирная новь»,0,1,krasnizkij_a_doch_raguila_1913.txt,['купцы'],0,0,0,0,0,0,0,1,0,0,0,0,0,0,0,0,0,0,0,0,0,0,0,0,0,0,0,0,0,0,0,0,0,0,0,0,1,True
"Круглов, Александр Васильевич",Мудрые и неразумные,роман,1913,мужской,0,"социальный, психологический",социальный,,,,,,0,,['nan'],Москва,Отд. изд.,1,0,,['nan'],1,0,0,0,0,0,0,0,0,0,0,0,0,0,0,0,0,0,0,0,0,0,0,0,0,0,0,0,0,0,0,0,0,0,0,0,1,True
"Крыжановская (Рочестер), Вера Ивановна",Дочь колдуна,оккультный роман,1913,женский,0,фантастический,фантастический,фантастический,оккультный,мистический,авантюрный,,0,1 лицо,"['купцы', 'промышленники']",Санкт-Петербург,Отд. изд.,1,1,kryzhanovskaya_v_doch_kolduna_1913.txt,['купцы'],0,0,0,0,0,0,0,1,0,0,0,0,0,0,0,0,0,0,0,0,0,0,0,0,0,0,0,0,0,0,0,0,0,0,0,0,1,True
"Ленский, Владимир Яковлевич",Больная любовь,роман,1913,мужской,1,психологический роман,психологический,,,,,,0,,['nan'],Москва,Отд. изд. (СС),1,0,,['nan'],1,0,0,0,0,0,0,0,0,0,0,0,0,0,0,0,0,0,0,0,0,0,0,0,0,0,0,0,0,0,0,0,0,0,0,0,1,True
"Ленский, Владимир Яковлевич",Под гнездом аиста,роман,1913,мужской,1,психологический роман,психологический,,,,,,0,,"['женщины', 'крестьяне']",Москва,Отд. изд.,1,0,,"['женщины', 'крестьяне']",0,0,0,0,0,0,1,0,0,0,0,0,0,0,0,1,0,0,0,0,0,0,0,0,0,0,0,0,0,0,0,0,0,0,0,0,2,True
"Любич-Кошуров, Иоасаф Арианович",Тушинские волки,Исторический роман,1913,мужской,0,"исторический роман для детей, авантюрный роман",исторический,,,,,,0,3 лицо,['nan'],Москва,Отд. изд.,1,0,,['nan'],1,0,0,0,0,0,0,0,0,0,0,0,0,0,0,0,0,0,0,0,0,0,0,0,0,0,0,0,0,0,0,0,0,0,0,0,1,True
"Нагродская, Евдокия Аполлоновна",У бронзовой двери,,1913,женский,0,"любовный, социально-психологический",любовный,,,,,,0,3 лицо,"['люди искусства', 'купцы', 'революционеры']",Санкт-Петербург,Отд. изд.,1,0,,"['творческие люди', 'купцы', 'революционеры']",0,0,0,0,0,0,0,1,0,0,0,1,0,1,0,0,0,0,0,0,0,0,0,0,0,0,0,0,0,0,0,0,0,0,0,0,3,True
"Нагродская, Евдокия Аполлоновна",Борьба микробов,,1913,женский,0,любовный,любовный,,,,,,0,,['аристократия'],Санкт-Петербург,Отд. изд.,1,0,,['аристократы'],0,0,1,0,0,0,0,0,0,0,0,0,0,0,0,0,0,0,0,0,0,0,0,0,0,0,0,0,0,0,0,0,0,0,0,0,1,True
"Пазухин, Алексей Михайлович",Ордынская красавица,роман из жизни Замоскворечья,1913,мужской,0,социально-психологический,социальный,,,,,,0,3 лицо,['купцы'],Москва,Отд. изд.,1,0,,['купцы'],0,0,0,0,0,0,0,1,0,0,0,0,0,0,0,0,0,0,0,0,0,0,0,0,0,0,0,0,0,0,0,0,0,0,0,0,1,True
"Раскатов, Михаил",Последний перегон,Уголовно-приключенческий роман в 3-х частях,1913,мужской,1,авантюрно-приключенческий,приключенческий,,,,,,0,,['разбойник'],Санкт-Петербург,Отд. изд.,1,0,,['криминальный мир'],0,0,0,0,0,0,0,0,0,0,1,0,0,0,0,0,0,0,0,0,0,0,0,0,0,0,0,0,0,0,0,0,0,0,0,0,1,True
Савватий,Тетрадь в сафьяне,Хроника села Арсеньевки,1913,женский,1,любовный роман,любовный,,,,,,0,,['nan'],Санкт-Петербург,Отд. изд.,1,0,,['nan'],1,0,0,0,0,0,0,0,0,0,0,0,0,0,0,0,0,0,0,0,0,0,0,0,0,0,0,0,0,0,0,0,0,0,0,0,1,True
"Садовской, Борис Александрович",Побеги жизни,повесть,1913,мужской,1,социально-психологический,социальный,,,,,,0,,['декаденты'],,Северные записки,0,0,,['творческие люди'],0,0,0,0,0,0,0,0,0,0,0,0,0,1,0,0,0,0,0,0,0,0,0,0,0,0,0,0,0,0,0,0,0,0,0,0,1,True
"Светлов, Валериан Яковлевич",По разным колеям,Роман,1913,мужской,1,,,,,,,,0,,['nan'],Санкт-Петербург,Отд. изд.,1,0,,['nan'],1,0,0,0,0,0,0,0,0,0,0,0,0,0,0,0,0,0,0,0,0,0,0,0,0,0,0,0,0,0,0,0,0,0,0,0,1,True
"Светлов, Валериан Яковлевич",Вешний поток,роман,1913,мужской,1,социально-психологический,социальный,,,,,,0,3 лицо,['дворяне'],Санкт-Петербург,Отд. изд. (СС),1,0,,['дворяне'],0,1,0,0,0,0,0,0,0,0,0,0,0,0,0,0,0,0,0,0,0,0,0,0,0,0,0,0,0,0,0,0,0,0,0,0,1,True
"Светлов, Валериан Яковлевич",Внутри,Роман,1913,мужской,1,семейно-бытовой,семейный,,,,,,0,1 лицо,['nan'],Санкт-Петербург,Отд. изд. (СС),1,0,,['nan'],1,0,0,0,0,0,0,0,0,0,0,0,0,0,0,0,0,0,0,0,0,0,0,0,0,0,0,0,0,0,0,0,0,0,0,0,1,True
"Северцев-Полилов, Георгий Тихонович",Современный брак,роман,1913,мужской,1,,,,,,,,0,,['nan'],Санкт-Петербург,Исторический вестник,1,0,,['nan'],1,0,0,0,0,0,0,0,0,0,0,0,0,0,0,0,0,0,0,0,0,0,0,0,0,0,0,0,0,0,0,0,0,0,0,0,1,True
"Сергиевский, Николай Николаевич",На заре царства,исторический роман,1913,мужской,0,исторический,исторический,исторический,политический,авантюрный,,,0,3 лицо,['nan'],Москва,Отд. изд.,1,1,sergievskij_n_na_zare_zarstva_1913.txt,['nan'],1,0,0,0,0,0,0,0,0,0,0,0,0,0,0,0,0,0,0,0,0,0,0,0,0,0,0,0,0,0,0,0,0,0,0,0,1,True
"Слёзкин, Юрий Львович",Секрет полишинеля,маленький роман,1913,мужской,0,соц.-психологический,социальный,,,,,,0,,['nan'],,Свободный журнал,0,0,,['nan'],1,0,0,0,0,0,0,0,0,0,0,0,0,0,0,0,0,0,0,0,0,0,0,0,0,0,0,0,0,0,0,0,0,0,0,0,1,True
"Соколова, Александра Ивановна",Царское гаданье,исторический роман из эпохи царствования Николая I,1913,женский,0,исторический,исторический,исторический,авантюрный,мистический,,,0,3 лицо,"['люди искусства', 'дворяне']",Санкт-Петербург,Отд. изд.,1,1,sokolova_a_zarskoe_gadane_1913.txt,"['творческие люди', 'дворяне']",0,1,0,0,0,0,0,0,0,0,0,0,0,1,0,0,0,0,0,0,0,0,0,0,0,0,0,0,0,0,0,0,0,0,0,0,2,True
"Соколова, Александра Ивановна",Вещее слово,Исторический роман А.И. Соколовой,1913,женский,0,,,,,,,,0,,['nan'],Санкт-Петербург,Отд. изд.,1,0,,['nan'],1,0,0,0,0,0,0,0,0,0,0,0,0,0,0,0,0,0,0,0,0,0,0,0,0,0,0,0,0,0,0,0,0,0,0,0,1,True
"Травин, Петр Александрович","Защитница женщин Ленора, гроза вероломных развратников",Сенсационный роман : Удивительные похождения светской красавицы героини,1913,мужской,0,,,,,,,,0,,['nan'],Москва,Отд. изд.,1,0,,['nan'],1,0,0,0,0,0,0,0,0,0,0,0,0,0,0,0,0,0,0,0,0,0,0,0,0,0,0,0,0,0,0,0,0,0,0,0,1,True
"Тыркова, Ариандна Владимировна",Жизненный путь,Роман,1913,женский,0,,,,,,,,0,3 лицо,['nan'],,Вестник Европы,0,0,,['nan'],1,0,0,0,0,0,0,0,0,0,0,0,0,0,0,0,0,0,0,0,0,0,0,0,0,0,0,0,0,0,0,0,0,0,0,0,1,True
"Фёдоров, Александр Митрофанович",Его глаза,Роман,1913,мужской,0,,,,,,,,0,,['nan'],,Современный мир,0,0,,['nan'],1,0,0,0,0,0,0,0,0,0,0,0,0,0,0,0,0,0,0,0,0,0,0,0,0,0,0,0,0,0,0,0,0,0,0,0,1,True
"Череванский, Владимир Павлович",Первая русская царица,Повесть из времен Иоанна Грозного,1913,мужской,0,,,,,,,,0,,['nan'],Санкт-Петербург,Отд. изд.,1,0,,['nan'],1,0,0,0,0,0,0,0,0,0,0,0,0,0,0,0,0,0,0,0,0,0,0,0,0,0,0,0,0,0,0,0,0,0,0,0,1,True
"Абельдяев, Дмитрий Алексеевич",Лилии,роман,1914,мужской,0,социальный роман,социальный,,,,,,0,3 лицо,['дворяне'],Москва,Отд. изд.,1,0,,['дворяне'],0,1,0,0,0,0,0,0,0,0,0,0,0,0,0,0,0,0,0,0,0,0,0,0,0,0,0,0,0,0,0,0,0,0,0,0,1,True
"Амфитеатров, Александр Валентинович",Дрогнувшая ночь,роман (из эпопеи «Концы и начала»),1914,мужской,0,"исторический, любовный",исторический,,,,,,0,1 лицо,['купцы'],Санкт-Петербург,Отд. изд. (СС),1,0,,['купцы'],0,0,0,0,0,0,0,1,0,0,0,0,0,0,0,0,0,0,0,0,0,0,0,0,0,0,0,0,0,0,0,0,0,0,0,0,1,True
"Амфитеатров, Александр Валентинович",Дочь Виктории Павловны,"Роман в 3 повестях («Злые призраки», «Законный грех», «Товарищ Феня»)",1914,мужской,0,,,,,,,,0,1 лицо,['nan'],Санкт-Петербург,Прометей,1,0,,['nan'],1,0,0,0,0,0,0,0,0,0,0,0,0,0,0,0,0,0,0,0,0,0,0,0,0,0,0,0,0,0,0,0,0,0,0,0,1,True
"Архипов, Николай Архипович",Тёмные воды,Роман,1914,мужской,1,социально-психологический роман,социальный,,,,,,0,,['nan'],,Новая жизнь,0,0,,['nan'],1,0,0,0,0,0,0,0,0,0,0,0,0,0,0,0,0,0,0,0,0,0,0,0,0,0,0,0,0,0,0,0,0,0,0,0,1,True
"Брешко-Брешковский, Николай Николаевич",В потемках жизни,роман,1914,мужской,0,социально-психологический,социальный,,,,,,0,3 лицо,['разночинцы'],Петроград; Москва,Отд. изд.,1,0,,['разночинцы'],0,0,0,1,0,0,0,0,0,0,0,0,0,0,0,0,0,0,0,0,0,0,0,0,0,0,0,0,0,0,0,0,0,0,0,0,1,True
"Брянчанинов, Анатолий Александрович",В шестидесятых годах (1862—1863),роман в 2 частях,1914,мужской,0,исторический,исторический,,,,,,0,,['дворяне'],Харьков,Мирный труд,1,0,,['дворяне'],0,1,0,0,0,0,0,0,0,0,0,0,0,0,0,0,0,0,0,0,0,0,0,0,0,0,0,0,0,0,0,0,0,0,0,0,1,True
"Вербицкая, Анастасия Алексеевна",Иго любви,роман,1914,женский,0,"светский, любовный",светский,светский,любовный,феминистский,,,0,3 лицо,['разночинцы'],Москва,Отд. изд.,1,1,verbizkaya_a_igo_lyubvi_1914.txt,['разночинцы'],0,0,0,1,0,0,0,0,0,0,0,0,0,0,0,0,0,0,0,0,0,0,0,0,0,0,0,0,0,0,0,0,0,0,0,0,1,True
"Верхоустинский, Борис Алексеевич",Перед бурей,роман,1914,мужской,0,,,,,,,,0,,['nan'],Петроград; Москва,Новая жизнь,1,0,,['nan'],1,0,0,0,0,0,0,0,0,0,0,0,0,0,0,0,0,0,0,0,0,0,0,0,0,0,0,0,0,0,0,0,0,0,0,0,1,True
"Веселкова-Кильштет, Мария Григорьевна",На родной почве,роман,1914,женский,0,"исторический, семейный",исторический,,,,,,0,,['дворяне'],Петроград,Исторический вестник,1,0,,['дворяне'],0,1,0,0,0,0,0,0,0,0,0,0,0,0,0,0,0,0,0,0,0,0,0,0,0,0,0,0,0,0,0,0,0,0,0,0,1,True
"Винниченко, Владимир Кириллович",Заветы отцов,роман,1914,мужской,0,социально-психологический,социальный,,,,,,0,3 лицо,"['революционеры', 'рабочие']",Санкт-Петербург,Земля,1,0,,"['революционеры', 'рабочие']",0,0,0,0,0,0,0,0,0,0,0,1,0,0,1,0,0,0,0,0,0,0,0,0,0,0,0,0,0,0,0,0,0,0,0,0,2,True
"Волконский, Михаил Николаевич",Две жизни,роман,1914,мужской,0,"историко-авантюрный роман, неофициальная история, шпионский роман",исторический,,,,,,0,3 лицо,"['военные', 'аристократия']",Петроград,Родина,1,0,,"['военные', 'аристократы']",0,0,1,0,0,1,0,0,0,0,0,0,0,0,0,0,0,0,0,0,0,0,0,0,0,0,0,0,0,0,0,0,0,0,0,0,2,True
Граф Амори,Дочь Вильгельма II. Придворный скандал,роман,1914,мужской,1,"исторический, любовный",исторический,,,,,,0,,['аристократия прошлого'],Санкт-Петербург,Отд. изд.,1,0,,['аристократы'],0,0,1,0,0,0,0,0,0,0,0,0,0,0,0,0,0,0,0,0,0,0,0,0,0,0,0,0,0,0,0,0,0,0,0,0,1,True
Граф Амори,Возвращение Санина,роман,1914,мужской,1,"философский, любовный, драма",философский,,,,,,0,3 лицо,"['интеллигенция', 'провинциалы', 'военные']",Петроград,Отд. изд.,1,0,,"['разночинцы', 'крестьяне', 'военные']",0,0,0,1,0,1,1,0,0,0,0,0,0,0,0,0,0,0,0,0,0,0,0,0,0,0,0,0,0,0,0,0,0,0,0,0,3,True
Граф Амори,Тайны Апраксина двора,Роман из недавнего прошлого и настоящего,1914,мужской,1,приключенческий,приключенческий,,,,,,0,3 лицо,['nan'],Санкт-Петербург,Отд. изд.,1,0,,['nan'],1,0,0,0,0,0,0,0,0,0,0,0,0,0,0,0,0,0,0,0,0,0,0,0,0,0,0,0,0,0,0,0,0,0,0,0,1,True
"Емельянченко, Иван Яковлевич",Под молотом истории,роман,1914,мужской,0,семейный,семейный,,,,,,0,,['евреи'],Одесса,Отд. изд.,1,0,,['народности и этнические группы'],0,0,0,0,0,0,0,0,0,1,0,0,0,0,0,0,0,0,0,0,0,0,0,0,0,0,0,0,0,0,0,0,0,0,0,0,1,True
"Ковальская, Ольга Нестеровна; Ковальский, Казимир Адольфович",К новым берегам,роман,1914,мужской и женский,0,социальный роман,социальный,,,,,,0,,['аристократия'],,Современный мир,0,0,,['аристократы'],0,0,1,0,0,0,0,0,0,0,0,0,0,0,0,0,0,0,0,0,0,0,0,0,0,0,0,0,0,0,0,0,0,0,0,0,1,True
"Крыжановская (Рочестер), Вера Ивановна",В царстве тьмы,Оккультный роман,1914,женский,0,оккультный,фантастический,оккультный,мистический,философский,фантастический,,0,3 лицо,['nan'],Санкт-Петербург,Отд. изд.,1,1,kryzhanovskaya_v_v_zarstve_tmy_1914.txt,['nan'],1,0,0,0,0,0,0,0,0,0,0,0,0,0,0,0,0,0,0,0,0,0,0,0,0,0,0,0,0,0,0,0,0,0,0,0,1,True
"Лаппо-Данилевская, Надежда Александровна",Княжна Мара,роман,1914,женский,0,светский роман,светский,,,,,,0,,['аристократия'],Санкт-Петербург,Отд. изд.,1,0,,['аристократы'],0,0,1,0,0,0,0,0,0,0,0,0,0,0,0,0,0,0,0,0,0,0,0,0,0,0,0,0,0,0,0,0,0,0,0,0,1,True
"Лаппо-Данилевская, Надежда Александровна",Русский барин,роман,1914,женский,0,светский роман,светский,,,,,,0,,['nan'],Санкт-Петербург,Отд. изд.,1,0,,['nan'],1,0,0,0,0,0,0,0,0,0,0,0,0,0,0,0,0,0,0,0,0,0,0,0,0,0,0,0,0,0,0,0,0,0,0,0,1,True
"Ленский, Владимир Яковлевич",Белые крылья,роман,1914,мужской,1,"психологический роман, женщины",психологический,,,,,,0,,['nan'],Москва,Новое время,1,0,,['nan'],1,0,0,0,0,0,0,0,0,0,0,0,0,0,0,0,0,0,0,0,0,0,0,0,0,0,0,0,0,0,0,0,0,0,0,0,1,True
"Мар, Анна",Тебе Единому согрешила,Роман из крымской жизни,1914,женский,1,любовный,любовный,любовный,социально-психологический,религиозный,,,0,3 лицо,['разночинцы'],Москва,Русская мысль,1,1,brovar_a_tebe_edinomu_sogreshila_1914.txt,['разночинцы'],0,0,0,1,0,0,0,0,0,0,0,0,0,0,0,0,0,0,0,0,0,0,0,0,0,0,0,0,0,0,0,0,0,0,0,0,1,True
"Нагродская, Евдокия Аполлоновна",Белая коллонада,роман,1914,женский,0,,,социально-психологический,любовный,феминистский,,,0,3 лицо,['nan'],Петроград,Отд. изд.,1,1,nagrodskaya_e_belaya_kollonada_1914.txt,['nan'],1,0,0,0,0,0,0,0,0,0,0,0,0,0,0,0,0,0,0,0,0,0,0,0,0,0,0,0,0,0,0,0,0,0,0,0,1,True
"Раскатов, Михаил",В водовороте,Роман,1914,мужской,1,"авантюрно-приключенческий, разбойник",приключенческий,,,,,,0,,['nan'],Санкт-Петербург,Отд. изд.,1,0,,['nan'],1,0,0,0,0,0,0,0,0,0,0,0,0,0,0,0,0,0,0,0,0,0,0,0,0,0,0,0,0,0,0,0,0,0,0,0,1,True
"Ренников, А.",Тихая заводь,роман,1914,мужской,1,сатирический фельетонный роман,юмористический,,,,,,0,,['nan'],,Московские ведомости,0,0,,['nan'],1,0,0,0,0,0,0,0,0,0,0,0,0,0,0,0,0,0,0,0,0,0,0,0,0,0,0,0,0,0,0,0,0,0,0,0,1,True
"Светлов, Валериан Яковлевич",В неведомую даль,роман,1914,мужской,1,семейно-бытовой,семейный,,,,,,0,,['nan'],Санкт-Петербург,Отд. изд. (СС),1,0,,['nan'],1,0,0,0,0,0,0,0,0,0,0,0,0,0,0,0,0,0,0,0,0,0,0,0,0,0,0,0,0,0,0,0,0,0,0,0,1,True
"Светлов, Валериан Яковлевич",Замок счастья,роман,1914,мужской,1,семейно-бытовой,семейный,,,,,,0,,['nan'],Санкт-Петербург,Отд. изд. (СС),1,0,,['nan'],1,0,0,0,0,0,0,0,0,0,0,0,0,0,0,0,0,0,0,0,0,0,0,0,0,0,0,0,0,0,0,0,0,0,0,0,1,True
"Светлов, Валериан Яковлевич",На полпути,роман,1914,мужской,1,семейно-бытовой,семейный,,,,,,0,3 лицо,['nan'],Санкт-Петербург,Отд. изд. (СС),1,0,,['nan'],1,0,0,0,0,0,0,0,0,0,0,0,0,0,0,0,0,0,0,0,0,0,0,0,0,0,0,0,0,0,0,0,0,0,0,0,1,True
"Слёзкин, Юрий Львович",Ольга Орг,роман,1914,мужской,0,соц.-психологический,социальный,социально-психологический,любовный,,,,0,3 лицо,['учителя'],,Русская мысль,0,1,slezkin_yu_olga_org_1914.txt,['учителя'],0,0,0,0,0,0,0,0,0,0,0,0,0,0,0,0,0,0,0,0,0,0,0,0,0,0,1,0,0,0,0,0,0,0,0,0,1,True
"Фёдоров, Александр Митрофанович",Заря жизни,,1914,мужской,0,,,,,,,,0,1 лицо,['nan'],,Вестник Европы,0,0,,['nan'],1,0,0,0,0,0,0,0,0,0,0,0,0,0,0,0,0,0,0,0,0,0,0,0,0,0,0,0,0,0,0,0,0,0,0,0,1,True
"Чириков, Евгений Николаевич",Возвращение,роман,1914,мужской,0,"роман воспитания, становления писателя",воспитания,,,,,,0,,['nan'],,Вестник Европы,0,0,,['nan'],1,0,0,0,0,0,0,0,0,0,0,0,0,0,0,0,0,0,0,0,0,0,0,0,0,0,0,0,0,0,0,0,0,0,0,0,1,True
"Брешко-Брешковский, Николай Николаевич",Гадины тыла,роман,1915,мужской,0,"детективный, шпионы",криминальный,,,,,,0,,"['шпионы', 'криминальный мир']",Санкт-Петербург,Отд. изд.,1,0,,['криминальный мир'],0,0,0,0,0,0,0,0,0,0,1,0,0,0,0,0,0,0,0,0,0,0,0,0,0,0,0,0,0,0,0,0,0,0,0,0,1,True
Граф Амори,Сановные шалости,роман,1915,мужской,1,"авантюрно-любовный, эротический",приключенческий,,,,,,0,,['аристократы'],Санкт-Петербург,Отд. изд.,1,0,,['аристократы'],0,0,1,0,0,0,0,0,0,0,0,0,0,0,0,0,0,0,0,0,0,0,0,0,0,0,0,0,0,0,0,0,0,0,0,0,1,True
"Григорьев, Р.",Недавнее,роман,1915,женский,1,социально-психологический,социальный,,,,,,0,,['интеллигенция'],,Современный мир,0,0,,['разночинцы'],0,0,0,1,0,0,0,0,0,0,0,0,0,0,0,0,0,0,0,0,0,0,0,0,0,0,0,0,0,0,0,0,0,0,0,0,1,True
"Зарин, Андрей Ефимович",В поисках убийцы,роман,1915,мужской,0,детективный,криминальный,детективный,уголовный,авантюрный,,,0,3 лицо,['мещане'],Санкт-Петербург,Отд. изд.,1,1,zarin_a_v_poiskakh_ubijzy_1915.txt,['мещане'],0,0,0,0,0,0,0,0,0,0,0,0,0,0,0,0,0,0,0,0,1,0,0,0,0,0,0,0,0,0,0,0,0,0,0,0,1,True
"Зарин, Федор Ефимович",За чужую свободу,роман,1915,мужской,0,"исторический, военные",исторический,,,,,,0,3 лицо,['военные'],,Исторический вестник,0,0,,['военные'],0,0,0,0,0,1,0,0,0,0,0,0,0,0,0,0,0,0,0,0,0,0,0,0,0,0,0,0,0,0,0,0,0,0,0,0,1,True
"Каменский, Василий Васильевич",Стенька Разин,роман,1915,мужской,0,исторический/социально-психологический/футуристический,исторический,,,,,,0,3 лицо,['nan'],Москва,Отд. изд.,1,0,,['nan'],1,0,0,0,0,0,0,0,0,0,0,0,0,0,0,0,0,0,0,0,0,0,0,0,0,0,0,0,0,0,0,0,0,0,0,0,1,True
"Ковальская, Ольга Нестеровна; Ковальский, Казимир Адольфович",Двуликий бог,роман,1915,мужской и женский,0,театр,,,,,,,0,,"['театральные работники', 'актеры']",,Современный мир,0,0,,['творческие люди'],0,0,0,0,0,0,0,0,0,0,0,0,0,1,0,0,0,0,0,0,0,0,0,0,0,0,0,0,0,0,0,0,0,0,0,0,1,True
"Краснов, Петр Николаевич",В житейском море,Роман,1915,мужской,0,исторический,исторический,,,,,,0,3 лицо,['военные'],Петроград,Отд. изд.,1,0,,['военные'],0,0,0,0,0,1,0,0,0,0,0,0,0,0,0,0,0,0,0,0,0,0,0,0,0,0,0,0,0,0,0,0,0,0,0,0,1,True
"Краснов, Петр Николаевич",Погром,Роман из Русско-японской войны,1915,мужской,0,"исторический, военные",исторический,,,,,,0,3 лицо,"['военные', 'русско-японская война']",Петроград,Отд. изд.,1,0,,"['военные', 'другое']",0,0,0,0,0,1,0,0,0,0,0,0,0,0,0,0,0,1,0,0,0,0,0,0,0,0,0,0,0,0,0,0,0,0,0,0,2,True
"Крачковский, Дмитрий Николаевич",Святые грехи,Роман в 4 ч,1915,мужской,0,,,,,,,,0,,['nan'],Санкт-Петербург,Отд. изд.,1,0,,['nan'],1,0,0,0,0,0,0,0,0,0,0,0,0,0,0,0,0,0,0,0,0,0,0,0,0,0,0,0,0,0,0,0,0,0,0,0,1,True
"Крашенинников, Николай Александрович",Амеля,Роман,1915,мужской,0,"роман воспитания, социально-психологический",воспитания,,,,,,0,1 лицо,"['народности и этнические группы', 'башкиры']",Москва,Земля (сборник),1,0,,['народности и этнические группы'],0,0,0,0,0,0,0,0,0,1,0,0,0,0,0,0,0,0,0,0,0,0,0,0,0,0,0,0,0,0,0,0,0,0,0,0,1,True
"Криницкий, Марк",Вами казненный,Роман,1915,мужской,1,,,,,,,,0,3 лицо,['nan'],Москва,Отд. изд.,1,0,,['nan'],1,0,0,0,0,0,0,0,0,0,0,0,0,0,0,0,0,0,0,0,0,0,0,0,0,0,0,0,0,0,0,0,0,0,0,0,1,True
"Криницкий, Марк",Маскарад чувства,Роман,1915,мужской,1,авантюрно-любовный,приключенческий,авантюрный,любовный,психологический,светский,,0,3 лицо,"['женщины', 'ревность', 'чиновники', 'публичный дом']",Москва,Отд. изд.,1,1,krinizkij_m_maskarad_chuvstva_1915.txt,"['женщины', 'чиновники']",0,0,0,0,0,0,0,0,1,0,0,0,0,0,0,1,0,0,0,0,0,0,0,0,0,0,0,0,0,0,0,0,0,0,0,0,2,True
"Криницкий, Марк",Синяя борода,Роман,1915,мужской,1,,,,,,,,0,,['nan'],Москва,Отд. изд.,1,0,,['nan'],1,0,0,0,0,0,0,0,0,0,0,0,0,0,0,0,0,0,0,0,0,0,0,0,0,0,0,0,0,0,0,0,0,0,0,0,1,True
"Криницкий, Марк",Час настал,Роман,1915,мужской,1,,,,,,,,0,,"['первая мировая', 'буржуазия', 'богема']",Москва,Отд. изд.,1,0,,"['другое', 'купцы', 'творческие люди']",0,0,0,0,0,0,0,1,0,0,0,0,0,1,0,0,0,1,0,0,0,0,0,0,0,0,0,0,0,0,0,0,0,0,0,0,3,True
"Кузмин, Михаил Алексеевич",Плавающие путешествующие,роман,1915,мужской,0,социально-психологический,социальный,,,,,,0,3 лицо,"['литературная богема', '""сова""', 'аристократия', 'гомосексуальность', 'революция']",Петроград,Отд. изд.,1,0,,"['творческие люди', 'другое', 'аристократы', 'революционеры']",0,0,1,0,0,0,0,0,0,0,0,1,0,1,0,0,0,1,0,0,0,0,0,0,0,0,0,0,0,0,0,0,0,0,0,0,4,True
"Ленский, Владимир Яковлевич",Зори ночные,роман,1915,мужской,1,авантюрно-любовный,приключенческий,,,,,,0,,['nan'],Москва,Отд. изд.,1,0,,['nan'],1,0,0,0,0,0,0,0,0,0,0,0,0,0,0,0,0,0,0,0,0,0,0,0,0,0,0,0,0,0,0,0,0,0,0,0,1,True
"Нагродская, Евдокия Аполлоновна",Злые духи,роман,1915,женский,0,мистический,фантастический,,,,,,0,3 лицо,['nan'],Петроград,Отд. изд.,1,0,,['nan'],1,0,0,0,0,0,0,0,0,0,0,0,0,0,0,0,0,0,0,0,0,0,0,0,0,0,0,0,0,0,0,0,0,0,0,0,1,True
"Никонов, Борис Павлович",Золотой зверь,роман,1915,мужской,0,социально-психологический,социальный,,,,,,0,,"['интеллигентная богема', 'поэт', 'новая эра', 'автобиографический характер']",Петроград,Иллюстрированное собрание русских романов,1,0,,"['творческие люди', 'другое']",0,0,0,0,0,0,0,0,0,0,0,0,0,1,0,0,0,1,0,0,0,0,0,0,0,0,0,0,0,0,0,0,0,0,0,0,2,True
"Новиков, Иван Алексеевич",Между двух зорь (Дом Орембовских),роман в 2 частях,1915,мужской,0,психологический роман,психологический,,,,,,0,3 лицо,"['молодое поколение', 'исторический путь россии', 'учение толстого', 'толстой', 'нравственность', 'революция']",Москва,Отд. изд.,1,0,,"['революционеры', 'другое', 'легендарные исторические фигуры']",0,0,0,0,1,0,0,0,0,0,0,1,0,0,0,0,0,1,0,0,0,0,0,0,0,0,0,0,0,0,0,0,0,0,0,0,3,True
"Пазухин, Алексей Михайлович",В наши дни,Современный роман,1915,мужской,0,,,,,,,,0,3 лицо,['nan'],Москва,Отд. изд.,1,0,,['nan'],1,0,0,0,0,0,0,0,0,0,0,0,0,0,0,0,0,0,0,0,0,0,0,0,0,0,0,0,0,0,0,0,0,0,0,0,1,True
"Пазухин, Алексей Михайлович",Грядущая сила,роман,1915,мужской,0,социально-психологический,социальный,,,,,,0,3 лицо,['помещики'],Москва,Отд. изд.,1,0,,['помещики'],0,0,0,0,0,0,0,0,0,0,0,0,0,0,0,0,1,0,0,0,0,0,0,0,0,0,0,0,0,0,0,0,0,0,0,0,1,True
"Пазухин, Алексей Михайлович",Военная гроза,роман,1915,мужской,0,"политический, любовный",социальный,,,,,,0,,['nan'],Москва,Отд. изд.,1,0,,['nan'],1,0,0,0,0,0,0,0,0,0,0,0,0,0,0,0,0,0,0,0,0,0,0,0,0,0,0,0,0,0,0,0,0,0,0,0,1,True
"Россов, Николай Петрович",Жертва искусства,na,1915,мужской,1,автобиография,биографический,,,,,,0,,"['актеры театра', 'театр']",,Театральная газета,0,0,,['творческие люди'],0,0,0,0,0,0,0,0,0,0,0,0,0,1,0,0,0,0,0,0,0,0,0,0,0,0,0,0,0,0,0,0,0,0,0,0,1,True
"Фонвизин, Сергей Иванович",Записки свободной женщины,,1915,мужской,0,,,,,,,,0,,['nan'],Санкт-Петербург,Отд. изд.,1,0,,['nan'],1,0,0,0,0,0,0,0,0,0,0,0,0,0,0,0,0,0,0,0,0,0,0,0,0,0,0,0,0,0,0,0,0,0,0,0,1,True
"Беляев, Юрий Дмитриевич",Ведьма,роман,1916,мужской,0,"любовный, авантюрный",любовный,,,,,,0,3 лицо,"['париж', 'аристократия']",Петроград,Отд. изд.,1,0,,"['горожане', 'аристократы']",0,0,1,0,0,0,0,0,0,0,0,0,0,0,0,0,0,0,1,0,0,0,0,0,0,0,0,0,0,0,0,0,0,0,0,0,2,True
"Брешко-Брешковский, Николай Николаевич",В сетях предательства,роман,1916,мужской,0,"детективный, шпионы",криминальный,,,,,,0,3 лицо,"['шпионаж', 'криминальный мир', 'аристократия', 'военные']",Петроград,Отд. изд.,1,0,,"['криминальный мир', 'аристократы', 'военные']",0,0,1,0,0,1,0,0,0,0,1,0,0,0,0,0,0,0,0,0,0,0,0,0,0,0,0,0,0,0,0,0,0,0,0,0,3,True
"Брешко-Брешковский, Николай Николаевич",Ремесло сатаны,роман,1916,мужской,0,"детективный, шпионы",криминальный,,,,,,0,3 лицо,"['криминальный мир', 'духовенство']",Петроград,Отд. изд.,1,0,,"['криминальный мир', 'духовенство']",0,0,0,0,0,0,0,0,0,0,1,0,1,0,0,0,0,0,0,0,0,0,0,0,0,0,0,0,0,0,0,0,0,0,0,0,2,True
"Брешко-Брешковский, Николай Николаевич",Танцовщица Лилиас,роман (на форзаце). на обложке - повесть,1916,мужской,0,"исторический, благородная девушка",исторический,,,,,,0,3 лицо,['богема'],Петроград,Отд. изд.,1,0,,['творческие люди'],0,0,0,0,0,0,0,0,0,0,0,0,0,1,0,0,0,0,0,0,0,0,0,0,0,0,0,0,0,0,0,0,0,0,0,0,1,True
"Брусянин, Василий Васильевич",Темный лик,роман,1916,мужской,0,"исторический, дворяне, крестьяне",исторический,,,,,,0,3 лицо,['крестьяне'],Петроград,Отд. изд.,1,0,,['крестьяне'],0,0,0,0,0,0,1,0,0,0,0,0,0,0,0,0,0,0,0,0,0,0,0,0,0,0,0,0,0,0,0,0,0,0,0,0,1,True
"Верхоустинский, Борис Алексеевич",Маленькая буря,роман,1916,мужской,0,социально-психологический,социальный,,,,,,0,,['nan'],Петроград,Отд. изд.,1,0,,['nan'],1,0,0,0,0,0,0,0,0,0,0,0,0,0,0,0,0,0,0,0,0,0,0,0,0,0,0,0,0,0,0,0,0,0,0,0,1,True
"Винниченко, Владимир Кириллович",Хочу!,роман,1916,мужской,0,,,,,,,,0,,['nan'],Санкт-Петербург,Отд. изд.,1,0,,['nan'],1,0,0,0,0,0,0,0,0,0,0,0,0,0,0,0,0,0,0,0,0,0,0,0,0,0,0,0,0,0,0,0,0,0,0,0,1,True
"Воинов, Владимир Васильевич",Чертово колесо,Современный роман,1916,мужской,0,"детектив, нравственный и социальный",криминальный,,,,,,0,3 лицо,['nan'],Москва; Петроград,Отд. изд.,1,0,,['nan'],1,0,0,0,0,0,0,0,0,0,0,0,0,0,0,0,0,0,0,0,0,0,0,0,0,0,0,0,0,0,0,0,0,0,0,0,1,True
"Выставкина, Екатерина Владимировна",Амазонка,роман,1916,женский,1,"социально-психологический роман, женско-интеллектуальная трагедия",социальный,,,,,,0,,['феминистки'],,Русские записки,0,0,,[],0,0,0,0,0,0,0,0,0,0,0,0,0,0,0,0,0,0,0,0,0,0,0,0,0,0,0,0,0,0,0,0,0,0,0,0,0,False
"Жданов, Лев",Под властью фаворита,роман,1916,мужской,1,"исторический, дворяне",исторический,исторический,политический,авантюрный,любовный,,0,3 лицо,"['легендарные исторические фигуры', 'царская россия']",Петроград,Отд. изд.,1,1,gelman_l_pod_vlastyu_favorita_1916.txt,['легендарные исторические фигуры'],0,0,0,0,1,0,0,0,0,0,0,0,0,0,0,0,0,0,0,0,0,0,0,0,0,0,0,0,0,0,0,0,0,0,0,0,1,True
"Крыжановская (Рочестер), Вера Ивановна",Законодатели,роман-пенталогия,1916,женский,0,"утопический, приключенческий, оккультный",утопический,утопический,приключенческий,оккультный,фантастический,,0,3 лицо,['nan'],Петроград,Отд. изд.,1,1,kryzhanovskaya_v_zakonodateli_1916.txt,['nan'],1,0,0,0,0,0,0,0,0,0,0,0,0,0,0,0,0,0,0,0,0,0,0,0,0,0,0,0,0,0,0,0,0,0,0,0,1,True
"Лаппо-Данилевская, Надежда Александровна",Мишура,роман,1916,женский,0,светский роман,светский,,,,,,0,3 лицо,"['содержанки', 'гетеры', 'неудачная любовь', 'одинокое материнство']",Санкт-Петербург,Отд. изд.,1,0,,['другое'],0,0,0,0,0,0,0,0,0,0,0,0,0,0,0,0,0,1,0,0,0,0,0,0,0,0,0,0,0,0,0,0,0,0,0,0,1,True
"Ленский, Владимир Яковлевич",Демон наготы,роман,1916,мужской,1,"социально-психологический, роман воспитания",социальный,,,,,,0,1 лицо,['nan'],Москва,Отд. изд.,1,0,,['nan'],1,0,0,0,0,0,0,0,0,0,0,0,0,0,0,0,0,0,0,0,0,0,0,0,0,0,0,0,0,0,0,0,0,0,0,0,1,True
"Сукенников, Михаил Александрович",Женщины. Письма к неизвестному,Роман,1916,мужской,0,,,,,,,,0,,['nan'],Петроград,Отд. изд.,1,0,,['nan'],1,0,0,0,0,0,0,0,0,0,0,0,0,0,0,0,0,0,0,0,0,0,0,0,0,0,0,0,0,0,0,0,0,0,0,0,1,True
"Тимофеева-Починковская, Варвара Васильевна",У чужих алтарей,Роман,1916,женский,0,,,,,,,,0,,['nan'],,Исторический вестник,0,0,,['nan'],1,0,0,0,0,0,0,0,0,0,0,0,0,0,0,0,0,0,0,0,0,0,0,0,0,0,0,0,0,0,0,0,0,0,0,0,1,True
"Тютчев, Федор Федорович",Увертюра или финал?,,1916,мужской,0,,,,,,,,0,3 лицо,['nan'],,Военный сборник,0,0,,['nan'],1,0,0,0,0,0,0,0,0,0,0,0,0,0,0,0,0,0,0,0,0,0,0,0,0,0,0,0,0,0,0,0,0,0,0,0,1,True
"Фонвизин, Сергей Иванович",Роман вице-губернатора,,1916,мужской,0,,,,,,,,0,,['nan'],Санкт-Петербург,Отд. изд.,1,0,,['nan'],1,0,0,0,0,0,0,0,0,0,0,0,0,0,0,0,0,0,0,0,0,0,0,0,0,0,0,0,0,0,0,0,0,0,0,0,1,True
"Эльснер-Коранский, Анатолий Оттович",Бес ликующий,Роман,1916,мужской,1,,,,,,,,0,3 лицо,['nan'],Санкт-Петербург,Отд. изд.,1,0,,['nan'],1,0,0,0,0,0,0,0,0,0,0,0,0,0,0,0,0,0,0,0,0,0,0,0,0,0,0,0,0,0,0,0,0,0,0,0,1,True
"Ясинский, Иероним Иеронимович",Крепостники,роман,1916,мужской,0,,,,,,,,0,,['nan'],Москва,Отд. изд.,1,0,,['nan'],1,0,0,0,0,0,0,0,0,0,0,0,0,0,0,0,0,0,0,0,0,0,0,0,0,0,0,0,0,0,0,0,0,0,0,0,1,True
"Белый, Андрей",Котик Летаев,роман,1917,мужской,1,"символистский, автобиографический",символистский,символистский,психологический,,,,1,1 лицо,['nan'],Петроград,Скифы,1,1,belyj_a_kotik_letaev_1917.txt,['nan'],1,0,0,0,0,0,0,0,0,0,0,0,0,0,0,0,0,0,0,0,0,0,0,0,0,0,0,0,0,0,0,0,0,0,0,0,1,True
"Брешко-Брешковский, Николай Николаевич",Позор династии,Политический роман в 2 частях,1917,мужской,0,"исторический, распутинщина",исторический,,,,,,0,,['nan'],Санкт-Петербург,Отд. изд.,1,0,,['nan'],1,0,0,0,0,0,0,0,0,0,0,0,0,0,0,0,0,0,0,0,0,0,0,0,0,0,0,0,0,0,0,0,0,0,0,0,1,True
"Брешко-Брешковский, Николай Николаевич",Прекрасный мужчина,роман,1917,мужской,0,"социально-психологический, люди искусства",социальный,,,,,,0,,['nan'],Санкт-Петербург,Отд. изд.,1,0,,['nan'],1,0,0,0,0,0,0,0,0,0,0,0,0,0,0,0,0,0,0,0,0,0,0,0,0,0,0,0,0,0,0,0,0,0,0,0,1,True
"Винниченко, Владимир Кириллович",Записки курносого Мефистофеля,роман,1917,мужской,0,"любовный, роман воспитания",любовный,,,,,,0,3 лицо,['nan'],Санкт-Петербург; Киев,Земля (сборник),1,0,,['nan'],1,0,0,0,0,0,0,0,0,0,0,0,0,0,0,0,0,0,0,0,0,0,0,0,0,0,0,0,0,0,0,0,0,0,0,0,1,True
"Ивнев, Рюрик",Несчастный ангел,роман,1917,мужской,1,социально-психологический,социальный,,,,,,0,3 лицо,['nan'],Петроград,Отд. изд.,1,0,,['nan'],1,0,0,0,0,0,0,0,0,0,0,0,0,0,0,0,0,0,0,0,0,0,0,0,0,0,0,0,0,0,0,0,0,0,0,0,1,True
"Крыжановская (Рочестер), Вера Ивановна",Рай без Адама,роман,1917,женский,0,,,,,,,,0,,['nan'],Санкт-Петербург,Отд. изд.,1,0,,['nan'],1,0,0,0,0,0,0,0,0,0,0,0,0,0,0,0,0,0,0,0,0,0,0,0,0,0,0,0,0,0,0,0,0,0,0,0,1,True
"Лаппо-Данилевская, Надежда Александровна",Долг жизни,роман,1917,женский,0,"светский роман, любовный",светский,,,,,,0,,['nan'],Петроград; Берлин,Отд. изд.,1,0,,['nan'],1,0,0,0,0,0,0,0,0,0,0,0,0,0,0,0,0,0,0,0,0,0,0,0,0,0,0,0,0,0,0,0,0,0,0,0,1,True
"Ленский, Владимир Яковлевич",Черный став,роман,1917,мужской,1,"мистический, неоготический, оккультный",фантастический,мистический,готический,оккультный,,,0,3 лицо,"['легендарные исторические фигуры', 'криминал']",Москва,Отд. изд.,1,1,abramovich_v_chernyj_stav_1917.txt,"['легендарные исторические фигуры', 'криминальный мир']",0,0,0,0,1,0,0,0,0,0,1,0,0,0,0,0,0,0,0,0,0,0,0,0,0,0,0,0,0,0,0,0,0,0,0,0,2,True
"Ленский, Владимир Яковлевич",Игра,роман,1917,мужской,1,,,,,,,,0,,['nan'],Москва,Отд. изд.,1,0,,['nan'],1,0,0,0,0,0,0,0,0,0,0,0,0,0,0,0,0,0,0,0,0,0,0,0,0,0,0,0,0,0,0,0,0,0,0,0,1,True
"Муравьев, Николай",Женщина на пути,роман,1917,мужской,1,психолого-философский роман,психологический,,,,,,0,,['nan'],Москва,Отд. изд.,1,0,,['nan'],1,0,0,0,0,0,0,0,0,0,0,0,0,0,0,0,0,0,0,0,0,0,0,0,0,0,0,0,0,0,0,0,0,0,0,0,1,True
"Мурахина, Любовь Алексеевна",Пирамида Хеопса,,1917,женский,1,"приключенческий, мистический",приключенческий,,,,,,0,3 лицо,"['евреи', 'арийцы', 'история др. египта']",,Вешние воды,0,0,,"['народности и этнические группы', 'другое']",0,0,0,0,0,0,0,0,0,1,0,0,0,0,0,0,0,1,0,0,0,0,0,0,0,0,0,0,0,0,0,0,0,0,0,0,2,True
"Пазухин, Алексей Михайлович",Вокруг (кровавого) трона,роман,1917,мужской,0,"политический, любовный",социальный,,,,,,0,3 лицо,['аристократия прошлого'],Москва,Отд. изд.,1,0,,['аристократы'],0,0,1,0,0,0,0,0,0,0,0,0,0,0,0,0,0,0,0,0,0,0,0,0,0,0,0,0,0,0,0,0,0,0,0,0,1,True
"Пазухин, Алексей Михайлович",Тайна шоффера,роман,1917,мужской,0,,,,,,,,0,,['nan'],,Московский Листок,0,0,,['nan'],1,0,0,0,0,0,0,0,0,0,0,0,0,0,0,0,0,0,0,0,0,0,0,0,0,0,0,0,0,0,0,0,0,0,0,0,1,True
"Раскатов, Михаил",Орленок (Антон Кречет),Роман в 3 частях,1917,мужской,1,авантюрно-приключенческий,приключенческий,,,,,,0,,['разбойник'],Санкт-Петербург,Отд. изд.,1,0,,['криминальный мир'],0,0,0,0,0,0,0,0,0,0,1,0,0,0,0,0,0,0,0,0,0,0,0,0,0,0,0,0,0,0,0,0,0,0,0,0,1,True
"Раскатов, Михаил",Порванные цепи (Из дней революции),Роман,1917,мужской,1,"исторический, рабочие",исторический,,,,,,0,,['nan'],Санкт-Петербург,Отд. изд.,1,0,,['nan'],1,0,0,0,0,0,0,0,0,0,0,0,0,0,0,0,0,0,0,0,0,0,0,0,0,0,0,0,0,0,0,0,0,0,0,0,1,True
"Ренников, А.","Разденься, человек",роман,1917,мужской,1,"фантастический роман, социалистический роман, сверхчеловек",фантастический,,,,,,0,,['nan'],Санкт-Петербург,Отд. изд.,1,0,,['nan'],1,0,0,0,0,0,0,0,0,0,0,0,0,0,0,0,0,0,0,0,0,0,0,0,0,0,0,0,0,0,0,0,0,0,0,0,1,True
"Семёнов-Волжский, Степан Степанович",Власть любви,роман,1917,мужской,1,"бытописательный, любовный роман, провинциальный быт, псевдофилософствования, парадоксы",описательный,,,,,,0,,['nan'],,Новая жизнь,0,0,,['nan'],1,0,0,0,0,0,0,0,0,0,0,0,0,0,0,0,0,0,0,0,0,0,0,0,0,0,0,0,0,0,0,0,0,0,0,0,1,True
"Скалдин, Алексей Дмитриевич",Странствия и приключения Никодима Старшего,роман,1917,мужской,0,соц.-психологический,социальный,эзотерический,психологический,философский,символистский,,0,3 лицо,['nan'],Петроград,Отд. изд.,1,1,skaldin_a_stranstviya_i_priklyucheniya_nikodima_starshego_1917.txt,['nan'],1,0,0,0,0,0,0,0,0,0,0,0,0,0,0,0,0,0,0,0,0,0,0,0,0,0,0,0,0,0,0,0,0,0,0,0,1,True
"Слёзкин, Юрий Львович",Ветер,роман,1917,мужской,0,семейно-психологический,семейный,,,,,,0,,['nan'],,Вестник Европы,0,0,,['nan'],1,0,0,0,0,0,0,0,0,0,0,0,0,0,0,0,0,0,0,0,0,0,0,0,0,0,0,0,0,0,0,0,0,0,0,0,1,True
"Соловьев, Всеволод Сергеевич",Русские крестоносцы,повесть,1917,мужской,0,"дворяне, военные",исторический,,,,,,0,3 лицо,['nan'],Петроград,Отд. изд.,1,0,,['nan'],1,0,0,0,0,0,0,0,0,0,0,0,0,0,0,0,0,0,0,0,0,0,0,0,0,0,0,0,0,0,0,0,0,0,0,0,1,True
"Сухотин, Павел Сергеевич",Перчатка,"Записки русского кота, найденные Павлом Сухотиным",1917,мужской,0,,,,,,,,0,,['nan'],Москва,Ветвь,1,0,,['nan'],1,0,0,0,0,0,0,0,0,0,0,0,0,0,0,0,0,0,0,0,0,0,0,0,0,0,0,0,0,0,0,0,0,0,0,0,1,True
"Тимковский, Николай Иванович",В дворянской берлоге,Роман,1917,мужской,0,,,,,,,,0,1 лицо,['nan'],,Русское богатство,0,0,,['nan'],1,0,0,0,0,0,0,0,0,0,0,0,0,0,0,0,0,0,0,0,0,0,0,0,0,0,0,0,0,0,0,0,0,0,0,0,1,True
"Тыркова, Ариандна Владимировна",Добыча,Роман,1917,женский,0,,,,,,,,0,3 лицо,['nan'],,Русская мысль,0,0,,['nan'],1,0,0,0,0,0,0,0,0,0,0,0,0,0,0,0,0,0,0,0,0,0,0,0,0,0,0,0,0,0,0,0,0,0,0,0,1,True
"Фёдоров, Александр Митрофанович",Моя весна,Роман,1917,мужской,0,,,,,,,,0,1 лицо,['nan'],,Вестник Европы,0,0,,['nan'],1,0,0,0,0,0,0,0,0,0,0,0,0,0,0,0,0,0,0,0,0,0,0,0,0,0,0,0,0,0,0,0,0,0,0,0,1,True
