id,label,type,author,n_books
b2,"Harry Potter and the Sorcerer's Stone (Harry Potter, #1)",book,"J.K. Rowling, Mary GrandPré",1
b7,The Hobbit,book,J.R.R. Tolkien,1
b23,"Harry Potter and the Chamber of Secrets (Harry Potter, #2)",book,"J.K. Rowling, Mary GrandPré",1
b18,"Harry Potter and the Prisoner of Azkaban (Harry Potter, #3)",book,"J.K. Rowling, Mary GrandPré, Rufus Beck",1
b24,"Harry Potter and the Goblet of Fire (Harry Potter, #4)",book,"J.K. Rowling, Mary GrandPré",1
b25,"Harry Potter and the Deathly Hallows (Harry Potter, #7)",book,"J.K. Rowling, Mary GrandPré",1
b27,"Harry Potter and the Half-Blood Prince (Harry Potter, #6)",book,"J.K. Rowling, Mary GrandPré",1
b10,Pride and Prejudice,book,Jane Austen,1
b5,The Great Gatsby,book,F. Scott Fitzgerald,1
b19,"The Fellowship of the Ring (The Lord of the Rings, #1)",book,J.R.R. Tolkien,1
b4,To Kill a Mockingbird,book,Harper Lee,1
b110,"A Clash of Kings  (A Song of Ice and Fire, #2)",book,George R.R. Martin,1
b63,Wuthering Heights,book,"Emily Brontë, Richard J. Dunn",1
b155,"The Two Towers (The Lord of the Rings, #2)",book,J.R.R. Tolkien,1
b8,The Catcher in the Rye,book,J.D. Salinger,1
b14,Animal Farm,book,George Orwell,1
b135,"A Storm of Swords (A Song of Ice and Fire, #3)",book,George R.R. Martin,1
b161,"The Return of the King (The Lord of the Rings, #3)",book,J.R.R. Tolkien,1
b165,"A Feast for Crows (A Song of Ice and Fire, #4)",book,George R.R. Martin,1
b192,"The Name of the Wind (The Kingkiller Chronicle, #1)",book,Patrick Rothfuss,1
b42,"Little Women (Little Women, #1)",book,Louisa May Alcott,1
b28,Lord of the Flies,book,William Golding,1
b29,Romeo and Juliet,book,"William Shakespeare, Robert           Jackson",1
b37,"The Lion, the Witch, and the Wardrobe (Chronicles of Narnia, #1)",book,C.S. Lewis,1
b71,Frankenstein,book,"Mary Wollstonecraft Shelley, Percy Bysshe Shelley, Maurice Hindle",1
b32,Of Mice and Men,book,John Steinbeck,1
b53,"Eragon (The Inheritance Cycle, #1)",book,Christopher Paolini,1
b62,"The Golden Compass (His Dark Materials, #1)",book,Philip Pullman,1
b188,"A Dance with Dragons (A Song of Ice and Fire, #5)",book,George R.R. Martin,1
b95,The Picture of Dorian Gray,book,"Oscar Wilde, Jeffrey Eugenides",1
b58,The Adventures of Huckleberry Finn,book,"Mark Twain, John Seelye, Guy Cardwell",1
b41,"The Lightning Thief (Percy Jackson and the Olympians, #1)",book,Rick Riordan,1
b171,Emma,book,"Jane Austen, Fiona Stafford",1
b83,A Tale of Two Cities,book,"Charles Dickens, Richard Maxwell, Hablot Knight Browne",1
b167,"American Gods (American Gods, #1)",book,Neil Gaiman,1
b160,Great Expectations,book,Charles Dickens,1
b389,"The Final Empire (Mistborn, #1)",book,Brandon Sanderson,1
b97,Dracula,book,"Bram Stoker, Nina Auerbach, David J. Skal",1
b48,Fahrenheit 451,book,Ray Bradbury,1
b3,"Twilight (Twilight, #1)",book,Stephenie Meyer,1
b79,The Odyssey,book,"Homer, Robert Fagles, E.V. Rieu, Frédéric Mugler, Bernard Knox",1
b377,Stardust,book,Neil Gaiman,1
b230,Persuasion,book,"Jane Austen, James Kinsley, Deidre Shauna Lynch",1
b125,Hamlet,book,"William Shakespeare, Richard Andrews, Rex Gibson",1
b103,The Count of Monte Cristo,book,"Alexandre Dumas, Robin Buss",1
b189,"The Lord of the Rings (The Lord of the Rings, #1-3)",book,J.R.R. Tolkien,1
b47,The Book Thief,book,Markus Zusak,1
b172,Anna Karenina,book,"Leo Tolstoy, Louise Maude, Leo Tolstoj, Aylmer Maude",1
b70,"Ender's Game (Ender's Saga, #1)",book,Orson Scott Card,1
b330,"The Eye of the World (Wheel of Time, #1)",book,Robert Jordan,1
b1,"The Hunger Games (The Hunger Games, #1)",book,Suzanne Collins,1
b322,Neverwhere,book,Neil Gaiman,1
b307,"The Wise Man's Fear (The Kingkiller Chronicle, #2)",book,Patrick Rothfuss,1
b204,A Christmas Carol,book,Charles Dickens,1
b109,Les Misérables,book,"Victor Hugo, Lee Fahnestock, Norman MacAfee",1
b355,"Graceling (Graceling Realm, #1)",book,Kristin Cashore,1
b93,The Secret Garden,book,Frances Hodgson Burnett,1
b55,Brave New World,book,Aldous Huxley,1
b12,"Divergent (Divergent, #1)",book,Veronica Roth,1
b185,The Night Circus,book,Erin Morgenstern,1
b429,"The Color of Magic (Discworld, #1; Rincewind #1)",book,Terry Pratchett,1
b15,The Diary of a Young Girl,book,"Anne Frank, Eleanor Roosevelt, B.M. Mooyaart-Doubleday",1
b368,"The Subtle Knife (His Dark Materials, #2)",book,Philip Pullman,1
b283,"Good Omens: The Nice and Accurate Prophecies of Agnes Nutter, Witch",book,"Terry Pratchett, Neil Gaiman",1
b451,Northanger Abbey,book,"Jane Austen, Alfred MacAdam",1
b20,"Mockingjay (The Hunger Games, #3)",book,Suzanne Collins,1
b54,"The Hitchhiker's Guide to the Galaxy (Hitchhiker's Guide to the Galaxy, #1)",book,Douglas Adams,1
b131,The Grapes of Wrath,book,John Steinbeck,1
b116,The Adventures of Tom Sawyer,book,"Mark Twain, Guy Cardwell, John Seelye",1
b151,"The Sea of Monsters (Percy Jackson and the Olympians, #2)",book,Rick Riordan,1
b130,The Old Man and the Sea,book,Ernest Hemingway,1
b49,"New Moon (Twilight, #2)",book,Stephenie Meyer,1
b746,"The Lies of Locke Lamora (Gentleman Bastard, #1)",book,Scott Lynch,1
b66,Gone with the Wind,book,Margaret Mitchell,1
b480,"The Amber Spyglass (His Dark Materials, #3)",book,Philip Pullman,1
b279,"Harry Potter and the Cursed Child - Parts One and Two (Harry Potter, #8)",book,"John Tiffany, Jack Thorne, J.K. Rowling",1
b52,"Eclipse (Twilight, #3)",book,Stephenie Meyer,1
b126,Dune (Dune Chronicles #1),book,Frank Herbert,1
b565,"The Well of Ascension (Mistborn, #2)",book,Brandon Sanderson,1
b312,The Graveyard Book,book,"Neil Gaiman, Dave McKean",1
b17,"Catching Fire (The Hunger Games, #2)",book,Suzanne Collins,1
b214,"The Titan's Curse (Percy Jackson and the Olympians, #3)",book,Rick Riordan,1
b139,"Miss Peregrine’s Home for Peculiar Children (Miss Peregrine’s Peculiar Children, #1)",book,Ransom Riggs,1
b248,A Midsummer Night's Dream,book,"William Shakespeare, Barbara A. Mowat, Paul Werstine, Catherine Belsey",1
b153,"City of Ashes (The Mortal Instruments, #2)",book,Cassandra Clare,1
b194,"Moby-Dick or, The Whale",book,"Herman Melville, Andrew Delbanco, Tom Quirk",1
b65,Slaughterhouse-Five,book,Kurt Vonnegut Jr.,1
b159,"The Battle of the Labyrinth (Percy Jackson and the Olympians, #4)",book,Rick Riordan,1
b535,"Daughter of Smoke & Bone (Daughter of Smoke & Bone, #1)",book,Laini Taylor,1
b16,"The Girl with the Dragon Tattoo (Millennium, #1)",book,"Stieg Larsson, Reg Keeland",1
b69,"Insurgent (Divergent, #2)",book,Veronica Roth,1
b50,Where the Sidewalk Ends,book,Shel Silverstein,1
b229,Alice's Adventures in Wonderland & Through the Looking-Glass,book,"Lewis Carroll, John Tenniel, Martin Gardner",1
b562,"The Way of Kings (The Stormlight Archive, #1)",book,Brandon Sanderson,1
b399,The Tales of Beedle the Bard,book,J.K. Rowling,1
b361,Oliver Twist,book,"Charles Dickens, George Cruikshank, Philip Horne",1
b447,"Brisingr (The Inheritance Cycle, #3)",book,Christopher Paolini,1
b117,"A Wrinkle in Time (A Wrinkle in Time Quintet, #1)",book,Madeleine L'Engle,1
b510,"The Great Hunt (Wheel of Time, #2)",book,Robert Jordan,1
b175,"The Last Olympian (Percy Jackson and the Olympians, #5)",book,Rick Riordan,1
b341,The Iliad,book,"Homer, Robert Fagles, Frédéric Mugler, Bernard Knox",1
b542,"The Horse and His Boy (Chronicles of Narnia, #5)",book,C.S. Lewis,1
b200,And Then There Were None,book,Agatha Christie,1
b143,All the Light We Cannot See,book,Anthony Doerr,1
b293,Treasure Island,book,Robert Louis Stevenson,1
b232,"The Gunslinger (The Dark Tower, #1)",book,Stephen King,1
b134,"City of Glass (The Mortal Instruments, #3)",book,Cassandra Clare,1
b682,Jonathan Strange & Mr Norrell,book,Susanna Clarke,1
b113,Catch-22,book,Joseph Heller,1
b137,"Outlander (Outlander, #1)",book,Diana Gabaldon,1
b176,It,book,Stephen King,1
b31,The Help,book,Kathryn Stockett,1
b1728,Uprooted,book,Naomi Novik,1
b30,Gone Girl,book,Gillian Flynn,1
b390,The Strange Case of Dr. Jekyll and Mr. Hyde,book,"Robert Louis Stevenson, Vladimir Nabokov, Mervyn Peake, Dan Chaon",1
b528,"The Dragon Reborn (Wheel of Time, #3)",book,Robert Jordan,1
b584,The Magicians (The Magicians #1),book,Lev Grossman,1
b842,"A Court of Thorns and Roses (A Court of Thorns and Roses, #1)",book,Sarah J. Maas,1
b301,Heart of Darkness,book,Joseph Conrad,1
b191,Watchmen,book,"Alan Moore, Dave Gibbons, John Higgins",1
b481,"Wizard's First Rule (Sword of Truth, #1)",book,Terry Goodkind,1
b450,"Storm Front (The Dresden Files, #1)",book,Jim Butcher,1
b602,"The Silver Chair (Chronicles of Narnia, #4)",book,"C.S. Lewis, Pauline Baynes",1
b413,The Three Musketeers,book,Alexandre Dumas,1
b282,Coraline,book,Neil Gaiman,1
b141,The Martian,book,Andy Weir,1
b208,The Immortal Life of Henrietta Lacks,book,Rebecca Skloot,1
b13,1984,book,"George Orwell, Erich Fromm, Celâl Üster",1
b6,The Fault in Our Stars,book,John Green,1
b223,"Artemis Fowl (Artemis Fowl, #1)",book,Eoin Colfer,1
b270,Rebecca,book,"Daphne du Maurier, Sally Beauman",1
b213,The Metamorphosis,book,"Franz Kafka, Stanley Corngold",1
b142,"The Pillars of the Earth (The Kingsbridge Series, #1)",book,Ken Follett,1
b498,War and Peace,book,"Leo Tolstoy, Henry Gifford, Aylmer Maude, Louise Maude",1
b183,"Clockwork Angel (The Infernal Devices, #1)",book,Cassandra Clare,1
b186,"The Other Boleyn Girl (The Plantagenet and Tudor Novels, #9)",book,Philippa Gregory,1
b2116,"A Darker Shade of Magic (Shades of Magic, #1)",book,"V.E. Schwab, Victoria Schwab",1
b237,Carrie,book,Stephen King,1
b620,"The Mists of Avalon (Avalon, #1)",book,Marion Zimmer Bradley,1
b722,"The Shadow Rising (Wheel of Time, #4)",book,Robert Jordan,1
b917,"The Blade Itself (The First Law, #1)",book,Joe Abercrombie,1
b1668,"Six of Crows (Six of Crows, #1)",book,Leigh Bardugo,1
b33,Memoirs of a Geisha,book,Arthur Golden,1
b225,East of Eden,book,John Steinbeck,1
b61,The Girl on the Train,book,Paula Hawkins,1
b105,"Allegiant (Divergent, #3)",book,Veronica Roth,1
b215,Ready Player One,book,Ernest Cline,1
b559,Tess of the D'Urbervilles,book,"Thomas Hardy, Tim Dolin, Margaret R. Higonnet",1
b560,Madame Bovary,book,"Gustave Flaubert, Margaret Mauldon, Malcolm Bowie, Mark Overstall",1
b755,"Mort (Death, #1; Discworld, #4)",book,Terry Pratchett,1
b353,Othello,book,William Shakespeare,1
b162,The Stranger,book,"Albert Camus, Matthew    Ward",1
b949,"The Fires of Heaven (Wheel of Time, #5)",book,Robert Jordan,1
b106,Bossypants,book,Tina Fey,1
b666,Anansi Boys,book,Neil Gaiman,1
b276,Foundation (Foundation #1),book,Isaac Asimov,1
b252,"Cinder (The Lunar Chronicles, #1)",book,Marissa Meyer,1
b129,One Flew Over the Cuckoo's Nest,book,Ken Kesey,1
b427,The Importance of Being Earnest,book,Oscar Wilde,1
b168,The Stand,book,"Stephen King, Bernie Wrightson",1
b933,"Fire (Graceling Realm, #2)",book,Kristin Cashore,1
b1018,"Royal Assassin (Farseer Trilogy, #2)",book,Robin Hobb,1
b648,"Inheritance (The Inheritance Cycle, #4)",book,Christopher Paolini,1
b309,"City of Fallen Angels (The Mortal Instruments, #4)",book,Cassandra Clare,1
b1023,"Lord of Chaos (Wheel of Time, #6)",book,Robert Jordan,1
b529,Gulliver's Travels,book,"Jonathan Swift, Robert DeMaria Jr.",1
b298,The Time Machine,book,"H.G. Wells, Greg Bear, Carlo Pagetti",1
b82,Into the Wild,book,Jon Krakauer,1
b263,Ella Enchanted,book,Gail Carson Levine,1
b1343,"The Light Fantastic (Discworld, #2; Rincewind #2)",book,Terry Pratchett,1
b127,The Tipping Point: How Little Things Can Make a Big Difference,book,Malcolm Gladwell,1
b305,Pet Sematary,book,Stephen King,1
b597,Don Quixote,book,"Miguel de Cervantes Saavedra, Roberto González Echevarría, John Rutherford",1
b257,Alice in Wonderland,book,"Jane Carruth, Lewis Carroll, Rene Cloke",1
b590,David Copperfield,book,"Charles Dickens, Jeremy Tambling",1
b1022,"Heir of Fire (Throne of Glass, #3)",book,Sarah J. Maas,1
b387,The Crucible,book,"Arthur Miller, Christopher Bigsby",1
b1119,"A Crown of Swords (Wheel of Time, #7)",book,Robert Jordan,1
b518,Peter Pan,book,"J.M. Barrie, Michael Hague",1
b672,"Murder on the Orient Express (Hercule Poirot, #10)",book,Agatha Christie,1
b264,The Sun Also Rises,book,Ernest Hemingway,1
b211,Blink: The Power of Thinking Without Thinking,book,Malcolm Gladwell,1
b531,Beowulf,book,"Unknown, Seamus Heaney",1
b928,"The Raven Boys (The Raven Cycle, #1)",book,Maggie Stiefvater,1
b253,"The Cuckoo's Calling (Cormoran Strike, #1)",book,"Robert Galbraith, J.K. Rowling",1
b439,A Brief History of Time,book,"Stephen Hawking, Cao Chi, Phạm Văn Thiều",1
b478,Robinson Crusoe,book,"Daniel Defoe, Gerald McCann, Virginia Woolf",1
b346,"The Wonderful Wizard of Oz (Oz, #1)",book,"L. Frank Baum, W.W. Denslow",1
b859,"The Way of Shadows (Night Angel, #1)",book,Brent Weeks,1
b379,"A Discovery of Witches (All Souls Trilogy, #1)",book,Deborah Harkness,1
b9,"Angels & Demons  (Robert Langdon, #1)",book,Dan Brown,1
b1480,"Alanna: The First Adventure (Song of the Lioness, #1)",book,Tamora Pierce,1
b119,The Handmaid's Tale,book,Margaret Atwood,1
b87,Night (The Night Trilogy #1),book,"Elie Wiesel, Marion Wiesel",1
b91,"The Maze Runner (Maze Runner, #1)",book,James Dashner,1
b1249,"The Path of Daggers (Wheel of Time, #8)",book,Robert Jordan,1
b243,Misery,book,Stephen King,1
b375,The Call of the Wild,book,Jack London,1
b2404,"Seraphina (Seraphina, #1)",book,Rachel Hartman,1
b59,Charlotte's Web,book,"E.B. White, Garth Williams, Rosemary Wells",1
b94,One Hundred Years of Solitude,book,"Gabriel García Márquez, Gregory Rabassa",1
b540,A Little Princess,book,"Frances Hodgson Burnett, Nancy Bond",1
b181,In Cold Blood,book,Truman Capote,1
b144,"Unbroken: A World War II Story of Survival, Resilience, and Redemption",book,Laura Hillenbrand,1
b166,"Matched (Matched, #1)",book,Ally Condie,1
b2471,"His Majesty's Dragon (Temeraire, #1)",book,Naomi Novik,1
b1029,"Saga, Vol. 1 (Saga, #1)",book,"Brian K. Vaughan, Fiona Staples",1
b651,The Phantom of the Opera,book,"Gaston Leroux, Alexander Teixeira de Mattos",1
b1472,"An Ember in the Ashes (An Ember in the Ashes, #1)",book,Sabaa Tahir,1
b1362,"Winter's Heart (Wheel of Time, #9)",book,Robert Jordan,1
b267,The Nightingale,book,Kristin Hannah,1
b98,"The Girl Who Played with Fire (Millennium, #2)",book,"Stieg Larsson, Reg Keeland",1
b485,The Brothers Karamazov,book,"Fyodor Dostoyevsky, Richard Pevear, Larissa Volokhonsky",1
b26,"The Da Vinci Code (Robert Langdon, #2)",book,Dan Brown,1
b294,"The Son of Neptune (The Heroes of Olympus, #2)",book,Rick Riordan,1
b195,The Guernsey Literary and Potato Peel Pie Society,book,"Mary Ann Shaffer, Annie Barrows",1
b1801,"The Sword of Shannara (The Original Shannara Trilogy, #1)",book,Terry Brooks,1
b1693,"Pawn of Prophecy (The Belgariad, #1)",book,David Eddings,1
b265,A Tree Grows in Brooklyn,book,Betty  Smith,1
b319,"City of Lost Souls (The Mortal Instruments, #5)",book,Cassandra Clare,1
b758,Stiff: The Curious Lives of Human Cadavers,book,Mary Roach,1
b351,"Clockwork Prince (The Infernal Devices, #2)",book,Cassandra Clare,1
b1200,"The Alloy of Law (Mistborn, #4)",book,Brandon Sanderson,1
b862,"Words of Radiance (The Stormlight Archive, #2)",book,Brandon Sanderson,1
b530,Much Ado About Nothing,book,"William Shakespeare, Barbara A. Mowat, Paul Werstine, Gail Kern Paster, Robert          Jackson",1
b701,Mrs. Dalloway,book,"Virginia Woolf, Maureen Howard",1
b360,Do Androids Dream of Electric Sheep?,book,"Philip K. Dick, Roger Zelazny",1
b401,A Farewell to Arms,book,Ernest Hemingway,1
b1264,"Queen of Shadows (Throne of Glass, #4)",book,Sarah J. Maas,1
b772,The Republic,book,"Plato, Desmond Lee",1
b650,Uncle Tom's Cabin,book,Harriet Beecher Stowe,1
b164,Eleanor & Park,book,Rainbow Rowell,1
b891,"Fool Moon (The Dresden Files, #2)",book,Jim Butcher,1
b148,Girl with a Pearl Earring,book,Tracy Chevalier,1
b1254,"Red Seas Under Red Skies (Gentleman Bastard, #2)",book,Scott Lynch,1
b766,Preludes & Nocturnes (The Sandman #1),book,"Neil Gaiman, Sam Kieth, Mike Dringenberg, Malcolm Jones III, Todd Klein, Karen  Berger",1
b778,The Hunchback of Notre-Dame,book,"Victor Hugo, Walter J. Cobb",1
b877,The Neverending Story,book,"Michael Ende, Ralph Manheim, Roswitha Quadflieg",1
b1743,"Siege and Storm (Shadow and Bone, #2)",book,Leigh Bardugo,1
b1502,"Days of Blood & Starlight (Daughter of Smoke & Bone, #2)",book,Laini Taylor,1
b1155,"The Amulet of Samarkand (Bartimaeus, #1)",book,Jonathan Stroud,1
b365,V for Vendetta,book,"Alan Moore, David   Lloyd",1
b190,Wild: From Lost to Found on the Pacific Crest Trail,book,Cheryl Strayed,1
b1479,"Furies of Calderon (Codex Alera, #1)",book,Jim Butcher,1
b612,"The Drawing of the Three (The Dark Tower, #2)",book,Stephen King,1
b1128,"Dragonflight (Dragonriders of Pern, #1)",book,"Anne McCaffrey, Teodor Panasiński",1
b514,The Adventures of Sherlock Holmes,book,Arthur Conan Doyle,1
b1356,"The Warded Man (Demon Cycle, #1)",book,Peter V. Brett,1
b1278,"Knife of Dreams (Wheel of Time, #11)",book,Robert Jordan,1
b1114,North and South,book,"Elizabeth Gaskell, Alan Shelston",1
b2262,"Kushiel's Dart (Phèdre's Trilogy, #1)",book,Jacqueline Carey,1
b960,"The Gathering Storm (Wheel of Time, #12)",book,"Robert Jordan, Brandon Sanderson",1
b278,A Light in the Attic,book,Shel Silverstein,1
b38,The Time Traveler's Wife,book,Audrey Niffenegger,1
b40,"Eat, Pray, Love",book,Elizabeth Gilbert,1
b460,"Clockwork Princess (The Infernal Devices, #3)",book,Cassandra Clare,1
b1766,"Bitterblue (Graceling Realm, #3)",book,Kristin Cashore,1
b81,The Glass Castle,book,Jeannette Walls,1
b618,The Hound of the Baskervilles,book,"Arthur Conan Doyle, Anne Perry",1
b1665,"Warbreaker (Warbreaker, #1)",book,Brandon Sanderson,1
b803,"Fruits Basket, Vol. 1",book,"Natsuki Takaya, Alethea Nibley, Athena Nibley",1
b1350,"Lirael (Abhorsen, #2)",book,Garth Nix,1
b180,Siddhartha,book,"Hermann Hesse, Hilda Rosner",1
b352,Yes Please,book,Amy Poehler,1
b357,All Quiet on the Western Front,book,"Erich Maria Remarque, A.W. Wheen",1
b371,Stranger in a Strange Land,book,Robert A. Heinlein,1
b4200,"The Hundred Thousand Kingdoms (Inheritance Trilogy, #1)",book,N.K. Jemisin,1
b770,Julius Caesar,book,"William Shakespeare, Roma Gill",1
b428,"The Mark of Athena (The Heroes of Olympus, #3)",book,Rick Riordan,1
b961,Middlemarch,book,"George Eliot, Michel Faber",1
b714,King Lear,book,William Shakespeare,1
b463,"Dragonfly in Amber (Outlander, #2)",book,Diana Gabaldon,1
b816,"Wolf Hall (Thomas Cromwell, #1)",book,Hilary Mantel,1
b663,A People's History of the United States,book,Howard Zinn,1
b699,Twenty Thousand Leagues Under the Sea,book,"Jules Verne, Anthony Bonner",1
b1071,"Stone of Tears (Sword of Truth, #2)",book,Terry Goodkind,1
b2071,"Code Name Verity (Code Name Verity, #1)",book,Elizabeth Wein,1
b316,A Walk in the Woods,book,Bill Bryson,1
b706,Around the World in Eighty Days,book,"Jules Verne, Michael Glencross, Brian W. Aldiss",1
b239,World War Z: An Oral History of the Zombie War,book,Max Brooks,1
b289,"Watership Down (Watership Down, #1)",book,Richard Adams,1
b128,Steve Jobs,book,Walter Isaacson,1
b446,A Study in Scarlet,book,Arthur Conan Doyle,1
b1286,Quidditch Through the Ages,book,"Kennilworthy Whisp, J.K. Rowling",1
b550,The Omnivore's Dilemma: A Natural History of Four Meals,book,Michael Pollan,1
b182,"Beautiful Creatures (Caster Chronicles, #1)",book,"Kami Garcia, Margaret Stohl",1
b1674,"Prince of Thorns (The Broken Empire, #1)",book,Mark  Lawrence,1
b1629,"The Tombs of Atuan (Earthsea Cycle, #2)",book,Ursula K. Le Guin,1
b899,The Age of Innocence,book,"Edith Wharton, Maureen Howard",1
b1848,"Soulless (Parasol Protectorate, #1)",book,Gail Carriger,1
b1230,Before They Are Hanged (The First Law #2),book,Joe Abercrombie,1
b290,Is Everyone Hanging Out Without Me? (And Other Concerns),book,Mindy Kaling,1
b599,"The Restaurant at the End of the Universe (Hitchhiker's Guide, #2)",book,Douglas Adams,1
b810,"Ouran High School Host Club, Vol. 1 (Ouran High School Host Club, #1)",book,Bisco Hatori,1
b363,"Anna and the French Kiss (Anna and the French Kiss, #1)",book,Stephanie Perkins,1
b687,1776,book,David McCullough,1
b370,"The Red Pyramid (Kane Chronicles, #1)",book,Rick Riordan,1
b984,Paradise Lost,book,"John Milton, John      Leonard",1
b1474,"The Golem and the Jinni (The Golem and the Jinni, #1)",book,Helene Wecker,1
b2109,"Sourcery (Discworld, #5; Rincewind #3)",book,Terry Pratchett,1
b1337,"Going Postal (Discworld, #33; Moist von Lipwig, #1)",book,Terry Pratchett,1
b1924,"Reaper Man (Discworld, #11; Death, #2)",book,Terry Pratchett,1
b547,The War of the Worlds,book,"H.G. Wells, Arthur C. Clarke",1
b473,"In the Woods (Dublin Murder Squad, #1)",book,Tana French,1
b1000,"Shadow and Bone (Shadow and Bone, #1)",book,Leigh Bardugo,1
b691,On Writing: A Memoir of the Craft,book,Stephen King,1
b1259,"Abhorsen (Abhorsen, #3)",book,Garth Nix,1
b988,"Towers of Midnight (Wheel of Time, #13)",book,"Robert Jordan, Brandon Sanderson",1
b1034,"Grave Peril (The Dresden Files, #3)",book,Jim Butcher,1
b1064,The Woman in White,book,"Wilkie Collins, Matthew Sweet",1
b140,"The Girl Who Kicked the Hornet's Nest (Millennium, #3)",book,"Stieg Larsson, Reg Keeland",1
b197,"Dead Until Dark (Sookie Stackhouse, #1)",book,Charlaine Harris,1
b51,"City of Bones (The Mortal Instruments, #1)",book,Cassandra Clare,1
b503,"2001: A Space Odyssey (Space Odyssey, #1)",book,Arthur C. Clarke,1
b84,"Jurassic Park (Jurassic Park, #1)",book,Michael Crichton,1
b782,The Awakening,book,Kate Chopin,1
b1418,"Magician's Gambit (The Belgariad, #3)",book,David Eddings,1
b284,On the Road,book,Jack Kerouac,1
b474,The God Delusion,book,Richard Dawkins,1
b977,Inferno (The Divine Comedy #1),book,"Dante Alighieri, Anthony M. Esolen",1
b855,Twelfth Night,book,William Shakespeare,1
b207,"One for the Money (Stephanie Plum, #1)",book,Janet Evanovich,1
b2086,"Hogfather (Discworld, #20; Death, #4)",book,Terry Pratchett,1
b231,Sarah's Key,book,Tatiana de Rosnay,1
b2390,"The Queen of the Tearling (The Queen of the Tearling, #1)",book,Erika Johansen,1
b395,For Whom the Bell Tolls,book,Ernest Hemingway,1
b206,"The Selection (The Selection, #1)",book,Kiera Cass,1
b764,"The White Queen (The Plantagenet and Tudor Novels, #2)",book,Philippa Gregory,1
b607,"City of Heavenly Fire (The Mortal Instruments, #6)",book,Cassandra Clare,1
b1073,Vanity Fair,book,"William Makepeace Thackeray, John Carey",1
b2198,"Queen of Sorcery (The Belgariad, #2)",book,David Eddings,1
b75,"Bridget Jones's Diary (Bridget Jones, #1)",book,Helen Fielding,1
b3444,"The Thief (The Queen's Thief, #1)",book,Megan Whalen Turner,1
b1869,"Dealing with Dragons (Enchanted Forest Chronicles, #1)",book,"Patricia C. Wrede, Peter de Sève",1
b637,The Martian Chronicles,book,Ray Bradbury,1
b1857,"In the Hand of the Goddess (Song of the Lioness, #2)",book,Tamora Pierce,1
b773,The Taming of the Shrew,book,William Shakespeare,1
b1346,"Last Argument of Kings (The First Law, #3)",book,Joe Abercrombie,1
b1511,The Slow Regard of Silent Things (The Kingkiller Chronicle #2.5),book,"Patrick Rothfuss, Nate  Taylor",1
b3302,"Daughter of the Forest  (Sevenwaters, #1)",book,Juliet Marillier,1
b1546,"The Black Prism (Lightbringer, #1)",book,Brent Weeks,1
b725,"The Waste Lands (The Dark Tower, #3)",book,"Stephen King, Ned Dameron",1
b980,"Moon Called (Mercy Thompson, #1)",book,Patricia Briggs,1
b920,The Life-Changing Magic of Tidying Up: The Japanese Art of Decluttering and Organizing,book,"Marie Kondō, Cathy Hirano",1
b536,"Red Queen (Red Queen, #1)",book,Victoria Aveyard,1
b829,A Room with a View,book,E.M. Forster,1
b2309,The Children of Húrin,book,"J.R.R. Tolkien, Christopher Tolkien, Alan Lee",1
b1463,"Enchanters' End Game (The Belgariad, #5)",book,David Eddings,1
b187,"Uglies (Uglies, #1)",book,Scott Westerfeld,1
b308,Can You Keep a Secret?,book,Sophie Kinsella,1
b2043,"Men at Arms (Discworld, #15; City Watch #2)",book,Terry Pratchett,1
b1931,"Castle of Wizardry (The Belgariad, #4)",book,David Eddings,1
b2258,"The Last Wish (The Witcher, #1)",book,Andrzej Sapkowski,1
b2626,"The Wrath and the Dawn (The Wrath and the Dawn, #1)",book,Renee Ahdieh,1
b2669,"Ship of Magic (Liveship Traders, #1)",book,Robin Hobb,1
b671,"The Mysterious Affair at Styles (Hercule Poirot, #1)",book,"Agatha Christie, Ροζίτα Σώκου",1
b1396,"Dragons of Autumn Twilight  (Dragonlance: Chronicles, #1)",book,"Margaret Weis, Tracy Hickman",1
b1167,The Divine Comedy,book,"Dante Alighieri, Allen Mandelbaum, Eugenio Montale",1
b684,"The House of Hades (The Heroes of Olympus, #4)",book,Rick Riordan,1
b1536,"Blood of the Fold (Sword of Truth, #3)",book,Terry Goodkind,1
b720,"Bleach, Volume 01",book,Tite Kubo,1
b442,Snow Crash,book,Neal Stephenson,1
b556,Cujo,book,Stephen King,1
b839,The Merchant of Venice,book,"William Shakespeare, Robert          Jackson, Barbara A. Mowat, Paul Werstine",1
b735,Batman: The Killing Joke,book,"Alan Moore, Brian Bolland, Tim Sale",1
b1591,"The Farthest Shore (Earthsea Cycle, #3)",book,Ursula K. Le Guin,1
b497,Black Beauty,book,Anna Sewell,1
b479,The Prince,book,"Niccolò Machiavelli, Adolph Caso, Rufus Goodwin, Benjamin Martinez",1
b2489,"Witches Abroad (Discworld, #12; Witches #3)",book,Terry Pratchett,1
b774,"Cress (The Lunar Chronicles, #3)",book,Marissa Meyer,1
b300,The Boy in the Striped Pajamas,book,John Boyne,1
b1370,Fun Home: A Family Tragicomic,book,Alison Bechdel,1
b468,Their Eyes Were Watching God,book,Zora Neale Hurston,1
b271,Flowers for Algernon,book,Daniel Keyes,1
b2125,"The Book of Three (The Chronicles of Prydain, #1)",book,Lloyd Alexander,1
b554,"Voyager (Outlander, #3)",book,Diana Gabaldon,1
b730,The Pearl,book,John Steinbeck,1
b432,"I, Robot (Robot #0.1)",book,Isaac Asimov,1
b700,"The Constant Princess (The Plantagenet and Tudor Novels, #6)",book,Philippa Gregory,1
b3241,"Crooked Kingdom (Six of Crows, #2)",book,Leigh Bardugo,1
b806,"Wizard and Glass (The Dark Tower, #4)",book,"Stephen King, Dave McKean",1
b1964,"Fool's Errand (Tawny Man, #1)",book,Robin Hobb,1
b1374,"A Memory of Light (Wheel of Time, #14)",book,"Robert Jordan, Brandon Sanderson",1
b470,I Am Malala: The Story of the Girl Who Stood Up for Education and Was Shot by the Taliban,book,"Malala Yousafzai, Christina Lamb",1
b2105,"Magic Bites (Kate Daniels, #1)",book,Ilona Andrews,1
b11,The Kite Runner,book,Khaled Hosseini,1
b80,The Little Prince,book,"Antoine de Saint-Exupéry, Richard Howard, Dom Marcos Barbosa, Melina Karakosta",1
b1329,Howl and Other Poems,book,"Allen Ginsberg, William Carlos Williams",1
b2271,"Feet of Clay (Discworld, #19; City Watch, #3)",book,Terry Pratchett,1
b1782,"The Dream Thieves (The Raven Cycle, #2)",book,Maggie Stiefvater,1
b2501,"Soul Music (Discworld, #16; Death, #3)",book,Terry Pratchett,1
b4581,"Finnikin of the Rock (Lumatere Chronicles, #1)",book,Melina Marchetta,1
b918,"The Arctic Incident (Artemis Fowl, #2)",book,Eoin Colfer,1
b1431,"Redwall (Redwall, #1)",book,Brian Jacques,1
b2814,"Dreams of Gods & Monsters (Daughter of Smoke & Bone, #3)",book,Laini Taylor,1
b490,"Maus I: A Survivor's Tale: My Father Bleeds History (Maus, #1)",book,Art Spiegelman,1
b2921,Ariel,book,Sylvia Plath,1
b910,"Old Man's War (Old Man's War, #1)",book,John Scalzi,1
b2533,"The Winner's Curse (The Winner's Trilogy, #1)",book,Marie Rutkoski,1
b826,The Wind in the Willows,book,"Kenneth Grahame, Gillian Avery",1
b789,Foundation and Empire (Foundation #2),book,Isaac Asimov,1
b256,Three Cups of Tea: One Man's Mission to Promote Peace ... One School at a Time,book,"Greg Mortenson, David Oliver Relin",1
b997,The Scarlet Pimpernel,book,Emmuska Orczy,1
b1863,"Lioness Rampant (Song of the Lioness, #4)",book,Tamora Pierce,1
b73,"The Host (The Host, #1)",book,Stephenie Meyer,1
b2743,Nimona,book,Noelle Stevenson,1
b398,Fast Food Nation: The Dark Side of the All-American Meal,book,Eric Schlosser,1
b440,"Fall of Giants (The Century Trilogy, #1)",book,Ken Follett,1
b751,"Life, the Universe and Everything (Hitchhiker's Guide, #3)",book,Douglas Adams,1
b3578,Tigana,book,Guy Gavriel Kay,1
b384,"Frostbite (Vampire Academy, #2)",book,Richelle Mead,1
b695,"The Silkworm (Cormoran Strike, #2)",book,"Robert Galbraith, J.K. Rowling",1
b203,"Beautiful Disaster (Beautiful, #1)",book,Jamie McGuire,1
b101,Me Talk Pretty One Day,book,David Sedaris,1
b2954,"The Blue Sword (Damar, #1)",book,Robin McKinley,1
b1997,"Grave Mercy (His Fair Assassin, #1)",book,Robin LaFevers,1
b828,"Persepolis: The Story of a Childhood (Persepolis, #1)",book,"Marjane Satrapi, Mattias Ripa",1
b324,Fangirl,book,Rainbow Rowell,1
b2006,"The Republic of Thieves (Gentleman Bastard, #3)",book,Scott Lynch,1
b794,"Doctor Sleep (The Shining, #2)",book,Stephen King,1
b1077,"Fables, Vol. 1: Legends in Exile",book,"Bill Willingham, Lan Medina, Steve Leialoha, Craig Hamilton, James Jean",1
b642,"World Without End (The Kingsbridge Series, #2)",book,Ken Follett,1
b2767,"Saga, Vol. 3 (Saga, #3)",book,"Brian K. Vaughan, Fiona Staples",1
b664,Breakfast at Tiffany's,book,Truman Capote,1
b2623,"Wild Magic (Immortals, #1)",book,Tamora Pierce,1
b633,Starship Troopers,book,Robert A. Heinlein,1
b1410,"The Murder of Roger Ackroyd (Hercule Poirot, #4)",book,Agatha Christie,1
b1477,Bleak House,book,"Charles Dickens, Nicola Bradbury, Hablot Knight Browne",1
b1638,"Temple of the Winds (Sword of Truth, #4)",book,"Terry Goodkind, Dick Hill",1
b1381,"The Eyre Affair (Thursday Next, #1)",book,Jasper Fforde,1
b1412,"Shadow's Edge (Night Angel, #2)",book,Brent Weeks,1
b715,Death of a Salesman,book,Arthur Miller,1
b202,"Hush, Hush (Hush, Hush, #1)",book,Becca Fitzpatrick,1
b218,"Bared to You (Crossfire, #1)",book,Sylvia Day,1
b318,Orphan Train,book,Christina Baker Kline,1
b1228,"Death Masks (The Dresden Files, #5)",book,Jim Butcher,1
b2244,"Saga, Vol. 2 (Saga, #2)",book,"Brian K. Vaughan, Fiona Staples",1
b114,Tuesdays with Morrie,book,"Mitch Albom, Saulius Dagys",1
b688,Under the Banner of Heaven: A Story of Violent Faith,book,Jon Krakauer,1
b2764,"The Demon King (Seven Realms, #1)",book,Cinda Williams Chima,1
b2470,"Thud! (Discworld, #34; City Watch #7)",book,Terry Pratchett,1
b2167,"Empire of Storms (Throne of Glass, #5)",book,Sarah J. Maas,1
b2469,"Lords and Ladies (Discworld, #14; Witches #4)",book,Terry Pratchett,1
b21,"Harry Potter and the Order of the Phoenix (Harry Potter, #5)",book,"J.K. Rowling, Mary GrandPré",1
b4961,"The Fifth Season (The Broken Earth, #1)",book,N.K. Jemisin,1
b273,Snow Flower and the Secret Fan,book,Lisa See,1
b394,"Shadow Kiss (Vampire Academy, #3)",book,Richelle Mead,1
b2056,"New Spring (Wheel of Time, #0)",book,Robert Jordan,1
b226,Dark Places,book,Gillian Flynn,1
b881,The Man Who Mistook His Wife for a Hat and Other Clinical Tales,book,Oliver Sacks,1
b2984,"Eon: Dragoneye Reborn (Eon, #1)",book,Alison Goodman,1
b2499,Villette,book,"Charlotte Brontë, A.S. Byatt, Μαρία Λαϊνά, Ignes Sodre",1
b1084,To the Lighthouse,book,Virginia Woolf,1
b1263,"Leviathan Wakes (The Expanse, #1)",book,James S.A. Corey,1
b2677,"Thief of Time (Discworld, #26; Death, #5)",book,Terry Pratchett,1
b78,"The Devil Wears Prada (The Devil Wears Prada, #1)",book,Lauren Weisberger,1
b890,Second Foundation (Foundation #3),book,Isaac Asimov,1
b972,"Journey to the Center of the Earth (Extraordinary Voyages, #3)",book,Jules Verne,1
b729,"Hyperion (Hyperion Cantos, #1)",book,Dan Simmons,1
b259,"The Scorch Trials (Maze Runner, #2)",book,James Dashner,1
b1807,The Scorpio Races,book,Maggie Stiefvater,1
b1046,Modern Romance,book,"Aziz Ansari, Eric Klinenberg",1
b1214,Ulysses,book,James Joyce,1
b887,As I Lay Dying,book,William Faulkner,1
b3245,"Cruel Beauty (Cruel Beauty Universe, #1)",book,Rosamund Hodge,1
b2382,"Golden Fool (Tawny Man, #2)",book,Robin Hobb,1
b947,"Angelfall (Penryn & the End of Days, #1)",book,Susan Ee,1
b411,The Undomestic Goddess,book,Sophie Kinsella,1
b1323,"Magyk (Septimus Heap, #1)",book,Angie Sage,1
b1183,"Attack on Titan, Vol. 1 (Attack on Titan, #1)",book,"Hajime Isayama, Sheldon Drzka",1
b632,"Shatter Me (Shatter Me, #1)",book,Tahereh Mafi,1
b7373,"A Court of Wings and Ruin (A Court of Thorns and Roses, #3)",book,Sarah J. Maas,1
b1280,The Aeneid,book,"Virgil, Robert Fitzgerald",1
b437,The Invention of Wings,book,Sue Monk Kidd,1
b1429,"Beyond the Shadows (Night Angel, #3)",book,Brent Weeks,1
b655,"Crossed (Matched, #2)",book,Ally Condie,1
b1353,"Winter (The Lunar Chronicles, #4)",book,Marissa Meyer,1
b712,"Drums of Autumn (Outlander, #4)",book,Diana Gabaldon,1
b4624,"The Girl Who Circumnavigated Fairyland in a Ship of Her Own Making (Fairyland, #1)",book,"Catherynne M. Valente, Ana Juan",1
b1501,"The Queen's Fool (The Plantagenet and Tudor Novels, #12)",book,Philippa Gregory,1
b1137,"The Eternity Code (Artemis Fowl, #3)",book,Eoin Colfer,1
b1235,Cosmos,book,Carl Sagan,1
b1027,"The Blood of Olympus (The Heroes of Olympus, #5)",book,Rick Riordan,1
b246,"Marked (House of Night, #1)",book,"P.C. Cast, Kristin Cast",1
b1653,"Blood Bound (Mercy Thompson, #2)",book,Patricia Briggs,1
b1199,"Y: The Last Man, Vol. 1: Unmanned",book,"Brian K. Vaughan, Pia Guerra, José Marzán Jr.",1
b1745,"Leviathan (Leviathan, #1)",book,Scott Westerfeld,1
b419,"Blood Promise (Vampire Academy, #4)",book,Richelle Mead,1
b1895,The Doll's House (The Sandman #2),book,"Neil Gaiman, Steve Parkhouse, Chris Bachalo, Michael Zulli, Mike Dringenberg, Malcolm Jones III, Todd Klein, Clive Barker",1
b1204,The Invisible Man,book,H.G. Wells,1
b4500,"Falling Kingdoms (Falling Kingdoms, #1)",book,"Morgan Rhodes, Michelle Rowen",1
b3702,"Fire Study (Study, #3)",book,Maria V. Snyder,1
b1175,"The Goose Girl (The Books of Bayern, #1)",book,Shannon Hale,1
b614,The Trial,book,"Franz Kafka, Edwin Muir, Willa Muir, Max Brod",1
b1681,Lady Chatterley's Lover,book,"D.H. Lawrence, Doris Lessing, Chester Brown",1
b1148,The Psychopath Test: A Journey Through the Madness Industry,book,Jon Ronson,1
b3359,"Maskerade (Discworld, #18; Witches #5)",book,Terry Pratchett,1
b1090,House of Leaves,book,Mark Z. Danielewski,1
b255,Atlas Shrugged,book,"Ayn Rand, Leonard Peikoff",1
b374,A Short History of Nearly Everything,book,Bill Bryson,1
b421,The Paris Wife,book,Paula McLain,1
b1464,The Complete Persepolis,book,"Marjane Satrapi, Mattias Ripa, Blake Ferris, Anjali Singh",1
b3200,Carpe Jugulum (Discworld #23; Witches #6),book,Terry Pratchett,1
b501,"The No. 1 Ladies' Detective Agency  (No. 1 Ladies' Detective Agency, #1)",book,Alexander McCall Smith,1
b3532,"Half a King (Shattered Sea, #1)",book,Joe Abercrombie,1
b472,Man's Search for Meaning,book,Viktor E. Frankl,1
b201,"The Lost Symbol (Robert Langdon, #3)",book,Dan Brown,1
b589,"Easy (Contours of the Heart, #1)",book,Tammara Webber,1
b1094,My Ántonia,book,Willa Cather,1
b870,Team of Rivals: The Political Genius of Abraham Lincoln,book,"Doris Kearns Goodwin, Suzanne Toren",1
b224,"Fallen (Fallen, #1)",book,Lauren Kate,1
b433,"Dark Lover (Black Dagger Brotherhood, #1)",book,J.R. Ward,1
b1340,"Dead Beat (The Dresden Files, #7)",book,Jim Butcher,1
b987,A Monster Calls,book,"Patrick Ness, Jim Kay, Siobhan Dowd",1
b875,"Wicked Lovely (Wicked Lovely, #1)",book,Melissa Marr,1
b366,John Adams,book,David McCullough,1
b2558,"Blue Lily, Lily Blue (The Raven Cycle, #3)",book,Maggie Stiefvater,1
b156,"Something Borrowed (Darcy & Rachel, #1)",book,Emily Giffin,1
b609,Cell,book,Stephen King,1
b1019,Childhood's End,book,Arthur C. Clarke,1
b35,The Alchemist,book,"Paulo Coelho, Alan R. Clarke",1
b1014,"So Long, and Thanks for All the Fish (Hitchhiker's Guide to the Galaxy, #4)",book,Douglas Adams,1
b2453,"Silverthorn (The Riftwar Saga, #3)",book,Raymond E. Feist,1
b1566,Ethan Frome,book,Edith Wharton,1
b1759,"Faith of the Fallen (Sword of Truth, #6)",book,Terry Goodkind,1
b838,"Xenocide (Ender's Saga, #3)",book,Orson Scott Card,1
b1636,"Iron Kissed (Mercy Thompson, #3)",book,Patricia Briggs,1
b568,"Batman: The Dark Knight Returns (The Dark Knight Saga, #1)",book,"Frank Miller, Klaus Janson, Lynn Varley",1
b3191,"Saga, Vol. 4 (Saga, #4)",book,"Brian K. Vaughan, Fiona Staples",1
b527,"Living Dead in Dallas (Sookie Stackhouse, #2)",book,Charlaine Harris,1
b1770,NOS4A2,book,Joe Hill,1
b2941,"The Kiss of Deception (The Remnant Chronicles, #1)",book,Mary E. Pearson,1
b1053,"Song of Susannah (The Dark Tower, #6)",book,"Stephen King, Darrel Anderson",1
b959,A Portrait of the Artist as a Young Man,book,"James Joyce, Seamus Deane",1
b3096,"Guardians of the West (The Malloreon, #1)",book,David Eddings,1
b974,The Man in the High Castle,book,Philip K. Dick,1
b769,The Complete Sherlock Holmes,book,Arthur Conan Doyle,1
b1272,"Eats, Shoots & Leaves: The Zero Tolerance Approach to Punctuation",book,Lynne Truss,1
b953,"The Dark Tower (The Dark Tower, #7)",book,Stephen King,1
b753,"Scott Pilgrim, Volume 1: Scott Pilgrim's Precious Little Life",book,Bryan Lee O'Malley,1
b424,The Name of the Rose,book,"Umberto Eco, William Weaver, Seán Barrett",1
b3278,"The Mad Ship (Liveship Traders, #2)",book,Robin Hobb,1
b595,A Separate Peace,book,John Knowles,1
b2518,"Academ's Fury (Codex Alera, #2)",book,Jim Butcher,1
b2978,The Emperor's Soul,book,Brandon Sanderson,1
b2871,"Theft of Swords (The Riyria Revelations, #1-2)",book,Michael J. Sullivan,1
b819,Walden,book,Henry David Thoreau,1
b244,Sharp Objects,book,Gillian Flynn,1
b4306,"Snow Like Ashes (Snow Like Ashes, #1)",book,Sara Raasch,1
b5429,"The Curse of Chalion (World of the Five Gods, #1)",book,Lois McMaster Bujold,1
b865,Night Shift,book,"Stephen King, John D. MacDonald",1
b1127,"Summer Knight (The Dresden Files, #4)",book,Jim Butcher,1
b619,"Thinking, Fast and Slow",book,Daniel Kahneman,1
b1058,"Murder at the Vicarage (Miss Marple, #1)",book,Agatha Christie,1
b2629,"The Assassin's Blade (Throne of Glass, #0.1-0.5)",book,Sarah J. Maas,1
b509,Remember Me?,book,Sophie Kinsella,1
b2424,The Book of Lost Things,book,John Connolly,1
b3147,"The Rithmatist (The Rithmatist, #1)",book,Brandon Sanderson,1
b258,"The Shadow of the Wind (The Cemetery of Forgotten Books,  #1)",book,"Carlos Ruiz Zafón, Lucia Graves",1
b3295,"The Novice (Black Magician Trilogy, #2)",book,Trudi Canavan,1
b212,Atonement,book,Ian McEwan,1
b92,"Freakonomics: A Rogue Economist Explores the Hidden Side of Everything (Freakonomics, #1)",book,"Steven D. Levitt, Stephen J. Dubner",1
b3228,Salt to the Sea,book,Ruta Sepetys,1
b3298,"Ship of Destiny (Liveship Traders, #3)",book,Robin Hobb,1
b403,The Art of War,book,"Sun Tzu, Thomas Cleary",1
b1527,What If?: Serious Scientific Answers to Absurd Hypothetical Questions,book,Randall Munroe,1
b935,White Fang,book,Jack London,1
b1224,"The Elegant Universe: Superstrings, Hidden Dimensions, and the Quest for the Ultimate Theory",book,Brian Greene,1
b1314,The Origin of Species,book,Charles Darwin,1
b410,"Things Fall Apart (The African Trilogy, #1)",book,Chinua Achebe,1
b546,Zen and the Art of Motorcycle Maintenance: An Inquiry Into Values,book,Robert M. Pirsig,1
b5559,"Changeless (Parasol Protectorate, #2)",book,Gail Carriger,1
b592,The Master and Margarita,book,"Mikhail Bulgakov, Katherine Tiernan O'Connor, Diana Burgin, Ellendea Proffer",1
b3547,"Wintersmith (Discworld, #35; Tiffany Aching, #3)",book,Terry Pratchett,1
b543,"Last Sacrifice (Vampire Academy, #6)",book,Richelle Mead,1
b1403,Horns,book,Joe Hill,1
b1394,"White Night (The Dresden Files, #9)",book,Jim Butcher,1
b731,The Exorcist,book,William Peter Blatty,1
b760,"Ender's Shadow (Ender's Shadow, #1)",book,Orson Scott Card,1
b675,Firestarter,book,Stephen King,1
b1210,"Anne of Avonlea (Anne of Green Gables, #2)",book,L.M. Montgomery,1
b456,A Streetcar Named Desire,book,Tennessee Williams,1
b3497,"First Test (Protector of the Small, #1)",book,Tamora Pierce,1
b639,Heidi,book,"Johanna Spyri, Angelo  Rinaldi, Beverly Cleary",1
b1298,"The Golem's Eye (Bartimaeus, #2)",book,Jonathan Stroud,1
b561,The Phantom Tollbooth,book,"Norton Juster, Jules Feiffer",1
b1741,"Death on the Nile (Hercule Poirot, #17)",book,Agatha Christie,1
b1572,Dream Country (The Sandman #3),book,"Neil Gaiman, Kelley Jones, Charles Vess, Colleen Doran, Malcolm Jones III, Steve Erickson",1
b2947,"Dragons of Winter Night (Dragonlance: Chronicles, #2)",book,"Margaret Weis, Tracy Hickman",1
b1715,Let the Right One In,book,John Ajvide Lindqvist,1
b3362,"The Last Continent (Discworld, #22; Rincewind #6)",book,Terry Pratchett,1
b736,Invisible Man,book,Ralph Ellison,1
b1605,Ivanhoe,book,Walter Scott,1
b3117,"The High Lord (Black Magician Trilogy, #3)",book,Trudi Canavan,1
b1521,"Antigone (The Theban Plays, #3)",book,"Sophocles, J.E. Thomas",1
b1768,"Wyrd Sisters (Discworld, #6; Witches #2)",book,Terry Pratchett,1
b2540,American Born Chinese,book,Gene Luen Yang,1
b179,"Angela's Ashes (Frank McCourt, #1)",book,Frank McCourt,1
b1889,"Bone Crossed (Mercy Thompson, #4)",book,Patricia Briggs,1
b2487,"Perdido Street Station (Bas-Lag, #1)",book,China Miéville,1
b376,"The Death Cure (Maze Runner, #3)",book,James Dashner,1
b1041,The Idiot,book,"Fyodor Dostoyevsky, Constance Garnett, Alan Myers, Joseph Frank, Anna Brailovsky",1
b2285,"A Darkness At Sethanon (The Riftwar Saga, #4)",book,Raymond E. Feist,1
b2792,"Shadows of Self (Mistborn, #5)",book,Brandon Sanderson,1
b149,"If I Stay (If I Stay, #1)",book,Gayle Forman,1
b792,The Complete Grimm's Fairy Tales,book,"Jacob Grimm, Wilhelm Grimm, Josef Scharl, Padraic Colum, Joseph Campbell, Margaret Raine Hunt, James Stern",1
b3244,"Trickster's Choice (Daughter of the Lioness, #1)",book,Tamora Pierce,1
b2811,"King of the Murgos (The Malloreon, #2)",book,David Eddings,1
b3182,"The Wishsong of Shannara (The Original Shannara Trilogy, #3)",book,Terry Brooks,1
b457,The Historian,book,Elizabeth Kostova,1
b1420,The Rise and Fall of the Third Reich: A History of Nazi Germany,book,William L. Shirer,1
b321,Where the Red Fern Grows,book,Wilson Rawls,1
b5287,Daughter of the Blood (The Black Jewels #1),book,Anne Bishop,1
b858,"Red Rising (Red Rising, #1)",book,Pierce Brown,1
b9673,"Fruits Basket, Vol. 3",book,"Natsuki Takaya, Alethea Nibley, Athena Nibley",1
b2445,"The Beekeeper's Apprentice (Mary Russell, #1)",book,Laurie R. King,1
b152,Dear John,book,Nicholas Sparks,1
b2253,1491: New Revelations of the Americas Before Columbus,book,Charles C. Mann,1
b1089,"Equal Rites (Discworld, #3; Witches #1)",book,Terry Pratchett,1
b563,"Club Dead (Sookie Stackhouse, #3)",book,Charlaine Harris,1
b280,"Delirium (Delirium, #1)",book,Lauren Oliver,1
b1060,In Defense of Food: An Eater's Manifesto,book,Michael Pollan,1
b1262,Children of Dune (Dune Chronicles #3),book,Frank Herbert,1
b2170,Smoke and Mirrors: Short Fiction and Illusions,book,Neil Gaiman,1
b2154,"Hounded (The Iron Druid Chronicles, #1)",book,Kevin Hearne,1
b3648,"Wolf-Speaker (Immortals, #2)",book,Tamora Pierce,1
b1252,"Behind the Beautiful Forevers: Life, Death, and Hope in a Mumbai Undercity",book,Katherine Boo,1
b3462,"Snuff (Discworld, #39; City Watch #8)",book,Terry Pratchett,1
b517,"Perfect Chemistry (Perfect Chemistry, #1)",book,Simone Elkeles,1
b2783,"Emperor Mage (Immortals, #3)",book,Tamora Pierce,1
b452,"The 5th Wave (The 5th Wave, #1)",book,Rick Yancey,1
b506,"The One (The Selection, #3)",book,Kiera Cass,1
b1191,"Ringworld (Ringworld, #1)",book,Larry Niven,1
b1859,Bird by Bird: Some Instructions on Writing and Life,book,Anne Lamott,1
b864,"The Fiery Cross (Outlander, #5)",book,Diana Gabaldon,1
b4454,"Boneshaker (The Clockwork Century, #1)",book,Cherie Priest,1
b1352,"Black Butler, Vol. 1 (Black Butler, #1)",book,"Yana Toboso, Tomo Kimura",1
b3530,"Sorceress of Darshiva (The Malloreon, #4)",book,David Eddings,1
b852,When Breath Becomes Air,book,"Paul Kalanithi, Abraham Verghese",1
b67,A Thousand Splendid Suns,book,Khaled Hosseini,1
b1962,"Silver Borne (Mercy Thompson, #5)",book,Patricia Briggs,1
b2805,Anya's Ghost,book,Vera Brosgol,1
b1816,Redshirts,book,John Scalzi,1
b2898,Nine Princes in Amber (The Chronicles of Amber #1),book,Roger Zelazny,1
b1070,"Darkfever (Fever, #1)",book,Karen Marie Moning,1
b1862,Heir to the Empire (Star Wars: The Thrawn Trilogy #1),book,Timothy Zahn,1
b3938,"Demon Lord of Karanda (The Malloreon, #3)",book,David Eddings,1
b2998,"Magic Bleeds (Kate Daniels, #4)",book,Ilona Andrews,1
b9245,"Fruits Basket, Vol. 4",book,"Natsuki Takaya, Alethea Nibley, Athena Nibley",1
b3492,"The Seeress of Kell (The Malloreon, #5)",book,David Eddings,1
b2466,The Waste Land and Other Poems,book,T.S. Eliot,1
b1630,"Turn Coat (The Dresden Files, #11)",book,Jim Butcher,1
b539,"Hopeless (Hopeless, #1)",book,Colleen Hoover,1
b705,Thinner,book,"Richard Bachman, Stephen King",1
b2802,"Terrier (Beka Cooper, #1)",book,Tamora Pierce,1
b1666,Shakespeare's Sonnets,book,"William Shakespeare, Katherine Duncan-Jones",1
b2674,Fragile Things: Short Fictions and Wonders,book,Neil Gaiman,1
b558,"Dead to the World (Sookie Stackhouse, #4)",book,Charlaine Harris,1
b1178,The Prince and the Pauper,book,"Mark Twain, Everett H. Emerson",1
b2230,The Black Cauldron (The Chronicles of Prydain #2),book,Lloyd Alexander,1
b1526,The Red Badge of Courage,book,Stephen Crane,1
b909,"The Throne of Fire (Kane Chronicles, #2)",book,Rick Riordan,1
b912,"Two for the Dough (Stephanie Plum, #2)",book,Janet Evanovich,1
b2587,"Ruin and Rising (Shadow and Bone, #3)",book,Leigh Bardugo,1
b857,The Westing Game,book,Ellen Raskin,1
b1731,"The Desert Spear (Demon Cycle, #2)",book,Peter V. Brett,1
b2739,Bad Feminist,book,Roxane Gay,1
b254,"Shiver (The Wolves of Mercy Falls, #1)",book,Maggie Stiefvater,1
b3436,"Ms. Marvel, Vol. 1: No Normal",book,"G. Willow Wilson, Adrian Alphona",1
b1135,Dubliners,book,"James Joyce, Jeri Johnson",1
b2493,"Captain's Fury (Codex Alera, #4)",book,Jim Butcher,1
b502,"The Walking Dead, Vol. 01: Days Gone Bye",book,"Robert Kirkman, Tony Moore",1
b711,"Unwind (Unwind, #1)",book,Neal Shusterman,1
b3360,"Lord Foul's Bane (The Chronicles of Thomas Covenant the Unbeliever, #1)",book,Stephen R. Donaldson,1
b8890,"Fruits Basket, Vol. 2",book,"Natsuki Takaya, Alethea Nibley, Athena Nibley",1
b703,Bag of Bones,book,Stephen King,1
b1496,"A Storm of Swords: Blood and Gold (A Song of Ice and Fire, #3: Part 2 of 2)",book,George R.R. Martin,1
b1783,The Portrait of a Lady,book,"Henry James, Patricia Crick",1
b1812,"Magician: Master (The Riftwar Saga, #2)",book,Raymond E. Feist,1
b3441,"The Raven King (The Raven Cycle, #4)",book,Maggie Stiefvater,1
b6254,"Blameless (Parasol Protectorate, #3)",book,Gail Carriger,1
b617,Orange Is the New Black,book,Piper Kerman,1
b337,The Ultimate Hitchhiker's Guide to the Galaxy,book,Douglas Adams,1
b417,The Thirteenth Tale,book,Diane Setterfield,1
b1737,"Glass Sword (Red Queen, #2)",book,Victoria Aveyard,1
b3414,"Dragonsong (Harper Hall, #1)",book,Anne McCaffrey,1
b1273,"Dead Witch Walking (The Hollows, #1)",book,Kim Harrison,1
b574,Kitchen Confidential: Adventures in the Culinary Underbelly,book,Anthony Bourdain,1
b2353,Season of Mists (The Sandman #4),book,"Neil Gaiman, Matt Wagner, George Pratt, Dick Giordano, Kelley Jones, P. Craig Russell, Mike Dringenberg, Malcolm Jones III, Todd Klein, Harlan Ellison",1
b5414,"Green Rider (Green Rider, #1)",book,Kristen Britain,1
b1452,"Princess Academy (Princess Academy, #1)",book,Shannon Hale,1
b441,Under the Dome,book,Stephen King,1
b2463,The False Prince (The Ascendance Trilogy #1),book,Jennifer A. Nielsen,1
b2828,Best Served Cold,book,Joe Abercrombie,1
b2510,"The Red Queen (The Plantagenet and Tudor Novels, #3)",book,Philippa Gregory,1
b482,The Kitchen House,book,Kathleen Grissom,1
b1335,"Poison Study (Study, #1)",book,Maria V. Snyder,1
b287,The Fountainhead,book,"Ayn Rand, Leonard Peikoff",1
b1307,How to Be a Woman,book,Caitlin Moran,1
b1184,Tender Is the Night,book,F. Scott Fitzgerald,1
b823,"A is for Alibi (Kinsey Millhone, #1)",book,Sue Grafton,1
b1995,"A Storm of Swords: Steel and Snow (A Song of Ice and Fire, #3: Part 1 of 2)",book,George R.R. Martin,1
b572,"Oryx and Crake (MaddAddam, #1)",book,Margaret Atwood,1
b2825,"Deadhouse Gates (The Malazan Book of the Fallen, #2)",book,Steven Erikson,1
b3212,Agnes Grey,book,"Anne Brontë, Angeline Goreau",1
b2235,"The A.B.C. Murders (Hercule Poirot, #13)",book,Agatha Christie,1
b5145,"Arrows of the Queen (Heralds of Valdemar, #1)",book,Mercedes Lackey,1
b2129,Ghost World,book,Daniel Clowes,1
b3731,"I Shall Wear Midnight (Discworld, #38; Tiffany Aching, #4)",book,Terry Pratchett,1
b313,The Light Between Oceans,book,M.L. Stedman,1
b745,Let's Pretend This Never Happened: A Mostly True Memoir,book,Jenny  Lawson,1
b538,Midnight in the Garden of Good and Evil,book,John Berendt,1
b1690,"Ghost Story (The Dresden Files,  #13)",book,Jim Butcher,1
b260,How to Win Friends and Influence People,book,Dale Carnegie,1
b22,The Lovely Bones,book,Alice Sebold,1
b3654,"Unseen Academicals (Discworld, #37; Rincewind #8)",book,Terry Pratchett,1
b2614,"River Marked (Mercy Thompson, #6)",book,Patricia Briggs,1
b1520,A Canticle for Leibowitz,book,Walter M. Miller Jr.,1
b3463,"Magic Slays (Kate Daniels, #5)",book,Ilona Andrews,1
b1510,"Fairy Tail, Vol. 1 (Fairy Tail, #1)",book,"Hiro Mashima, William Flanagan",1
b2355,Silas Marner,book,George Eliot,1
b297,Cat's Cradle,book,Kurt Vonnegut Jr.,1
b3899,A Spell for Chameleon (Xanth #1),book,Piers Anthony,1
b2959,"Trickster's Queen (Daughter of the Lioness, #2)",book,Tamora Pierce,1
b7966,"Fruits Basket, Vol. 7",book,"Natsuki Takaya, Alethea Nibley, Athena Nibley",1
b4044,"Kushiel's Chosen (Phèdre's Trilogy, #2)",book,Jacqueline Carey,1
b1065,"Career of Evil (Cormoran Strike, #3)",book,"Robert Galbraith, J.K. Rowling",1
b169,The Last Song,book,Nicholas Sparks,1
b1196,"A Wind in the Door (A Wrinkle in Time Quintet, #2)",book,Madeleine L'Engle,1
b5632,"Castle in the Air (Howl's Moving Castle, #2)",book,Diana Wynne Jones,1
b2300,"Locke & Key, Vol. 1: Welcome to Lovecraft",book,"Joe Hill, Gabriel Rodríguez",1
b2857,Crocodile on the Sandbank (Amelia Peabody #1),book,Elizabeth Peters,1
b295,11/22/63,book,Stephen King,1
b1413,"Under the Never Sky (Under the Never Sky, #1)",book,Veronica Rossi,1
b3457,Les Fleurs du Mal,book,"Charles Baudelaire, Richard Howard",1
b2269,"Magician (The Riftwar Saga, #1-2)",book,Raymond E. Feist,1
b1631,The Sign of Four,book,"Arthur Conan Doyle, Peter Ackroyd, Ed Glinert",1
b1952,"The Sword of Summer (Magnus Chase and the Gods of Asgard, #1)",book,Rick Riordan,1
b1123,Skeleton Crew,book,Stephen King,1
b2441,Nothing to Envy: Ordinary Lives in North Korea,book,Barbara Demick,1
b209,"The Silence of the Lambs  (Hannibal Lecter, #2)",book,Thomas Harris,1
b3663,"Squire (Protector of the Small, #3)",book,Tamora Pierce,1
b1965,"The Young Elites (The Young Elites, #1)",book,Marie Lu,1
b7560,Caraval,book,Stephanie Garber,1
b8381,"Truthwitch (The Witchlands, #1)",book,Susan Dennard,1
b347,"Prince Caspian (Chronicles of Narnia, #2)",book,C.S. Lewis,1
b2099,"Skip Beat!, Vol. 01",book,"Yoshiki Nakamura, Tomo Kimura",1
b2018,"Bring Up the Bodies (Thomas Cromwell, #2)",book,Hilary Mantel,1
b5067,"The Dragon Keeper (Rain Wild Chronicles, #1)",book,Robin Hobb,1
b268,Never Let Me Go,book,Kazuo Ishiguro,1
b314,"Inkheart (Inkworld, #1)",book,"Cornelia Funke, Anthea Bell",1
b677,"Born to Run: A Hidden Tribe, Superathletes, and the Greatest Race the World Has Never Seen",book,Christopher McDougall,1
b818,Dreamcatcher,book,"Stephen King, William Olivier Desmond",1
b2268,"Maisie Dobbs (Maisie Dobbs, #1)",book,Jacqueline Winspear,1
b4278,"Devil in Winter (Wallflowers, #3)",book,Lisa Kleypas,1
b631,"Dead as a Doornail (Sookie Stackhouse, #5)",book,Charlaine Harris,1
b696,"The Vampire Lestat (The Vampire Chronicles, #2)",book,Anne Rice,1
b2026,The Moonstone,book,"Wilkie Collins, Carolyn G. Heilbrun",1
b1860,"Ruby Red (Precious Stone Trilogy, #1)",book,"Kerstin Gier, Anthea Bell",1
b1004,"Lola and the Boy Next Door (Anna and the French Kiss, #2)",book,Stephanie Perkins,1
b1539,The Underground Railroad,book,Colson Whitehead,1
b1664,A Room of One's Own,book,Virginia Woolf,1
b1332,"Mostly Harmless (Hitchhiker's Guide to the Galaxy, #5)",book,Douglas Adams,1
b1944,"Rebel Angels (Gemma Doyle, #2)",book,Libba Bray,1
b354,Beloved,book,Toni Morrison,1
b3536,"Lady Knight (Protector of the Small, #4)",book,Tamora Pierce,1
b1061,The Witch of Blackbird Pond,book,Elizabeth George Speare,1
b1437,The Iron Daughter,book,Julie Kagawa,1
b5259,Heartless,book,Marissa Meyer,1
b1324,Fever 1793,book,Laurie Halse Anderson,1
b334,"Reflected in You (Crossfire, #2)",book,Sylvia Day,1
b277,The Ocean at the End of the Lane,book,Neil Gaiman,1
b5661,"Tehanu (Earthsea Cycle, #4)",book,Ursula K. Le Guin,1
b1450,"Small Favor (The Dresden Files, #10)",book,Jim Butcher,1
b7148,"Rebel of the Sands (Rebel of the Sands, #1)",book,Alwyn Hamilton,1
b7900,The Goblin Emperor,book,Katherine Addison,1
b1321,"One Piece, Volume 01: Romance Dawn (One Piece, #1)",book,"Eiichirō Oda, Andy Nakatani",1
b4522,"Saga, Vol. 5 (Saga, #5)",book,"Brian K. Vaughan, Fiona Staples",1
b4194,"Page (Protector of the Small, #2)",book,Tamora Pierce,1
b630,"Lean In: Women, Work, and the Will to Lead",book,"Sheryl Sandberg, Nell Scovell",1
b2640,Dark Force Rising,book,Timothy Zahn,1
b163,"The Lost Hero (The Heroes of Olympus, #1)",book,Rick Riordan,1
b915,Insomnia,book,"Stephen King, Bettina Blanch Tyroller",1
b317,I Know Why the Caged Bird Sings,book,Maya Angelou,1
b1710,At Home: A Short History of Private Life,book,Bill Bryson,1
b4097,This One Summer,book,"Mariko Tamaki, Jillian Tamaki",1
b2458,"Chainfire (Sword of Truth, #9)",book,Terry Goodkind,1
b193,Outliers: The Story of Success,book,Malcolm Gladwell,1
b2661,Bonk: The Curious Coupling of Science and Sex,book,Mary Roach,1
b292,"The Voyage of the Dawn Treader (Chronicles of Narnia, #3)",book,"C.S. Lewis, Pauline Baynes",1
b1002,"Champion (Legend, #3)",book,Marie Lu,1
b2238,"The Duke and I (Bridgertons, #1)",book,Julia Quinn,1
b4378,"Promise of Blood (Powder Mage, #1)",book,Brian  McClellan,1
b2392,"Tithe (Modern Faerie Tales, #1)",book,Holly Black,1
b996,"Three to Get Deadly (Stephanie Plum, #3)",book,Janet Evanovich,1
b610,The Boys in the Boat: Nine Americans and Their Epic Quest for Gold at the 1936 Berlin Olympics,book,Daniel James Brown,1
b652,"Definitely Dead (Sookie Stackhouse, #6)",book,Charlaine Harris,1
b2205,Sapiens: A Brief History of Humankind,book,Yuval Noah Harari,1
b4976,Unfinished Tales of Númenor and Middle-Earth,book,"J.R.R. Tolkien, Christopher Tolkien",1
b2654,"Sojourn (Forgotten Realms: The Dark Elf Trilogy, #3; Legend of Drizzt, #3)",book,R.A. Salvatore,1
b761,Twenties Girl,book,Sophie Kinsella,1
b2758,"Tsubasa: RESERVoir CHRoNiCLE, Vol. 01",book,"CLAMP, Anthony Gerard",1
b2850,"Magic Study (Study, #2)",book,Maria V. Snyder,1
b2126,"Cry Wolf (Alpha & Omega, #1)",book,Patricia Briggs,1
b750,"Obsidian (Lux, #1)",book,Jennifer L. Armentrout,1
b886,The Girl with All the Gifts,book,M.R. Carey,1
b721,"Hyperbole and a Half: Unfortunate Situations, Flawed Coping Mechanisms, Mayhem, and Other Things That Happened",book,Allie Brosh,1
b2061,Burial Rites,book,Hannah Kent,1
b900,The Selfish Gene,book,Richard Dawkins,1
b1602,"Changes (The Dresden Files, #12)",book,Jim Butcher,1
b4070,"Dragonquest (Pern, #2)",book,Anne McCaffrey,1
b2977,The Last Command,book,Timothy Zahn,1
b1524,Hillbilly Elegy: A Memoir of a Family and Culture in Crisis,book,J.D. Vance,1
b4712,"Sandry's Book (Circle of Magic, #1)",book,Tamora Pierce,1
b1395,The Miniaturist,book,Jessie Burton,1
b2210,The Dispossessed,book,Ursula K. Le Guin,1
b1460,In a Sunburned Country,book,Bill Bryson,1
b1914,The Caves of Steel (Robot #1),book,Isaac Asimov,1
b1434,The Last of the Mohicans (The Leatherstocking Tales #2),book,James Fenimore Cooper,1
b3341,"The Bands of Mourning (Mistborn, #6)",book,Brandon Sanderson,1
b4565,"The Amazing Maurice and His Educated Rodents (Discworld, #28)",book,Terry Pratchett,1
b991,Attachments,book,Rainbow Rowell,1
b645,"Beastly (Beastly, #1; Kendra Chronicles, #1)",book,Alex Flinn,1
b2937,A Game of You (The Sandman #5),book,"Neil Gaiman, Shawn McManus, Colleen Doran, Bryan Talbot, George Pratt, Stan Woch, Dick Giordano, Todd Klein",1
b624,"All Together Dead (Sookie Stackhouse, #7)",book,Charlaine Harris,1
b1063,"Shopaholic Ties the Knot (Shopaholic, #3)",book,Sophie Kinsella,1
b240,"Inferno (Robert Langdon, #4)",book,Dan Brown,1
b2834,The Guns of August,book,"Barbara W. Tuchman, Robert K. Massie",1
b7164,"Heartless (Parasol Protectorate, #4)",book,Gail Carriger,1
b929,I Am Legend and Other Stories,book,Richard Matheson,1
b2313,"The Magician's Land (The Magicians, #3)",book,Lev Grossman,1
b1851,The Emperor of All Maladies: A Biography of Cancer,book,Siddhartha Mukherjee,1
b1112,"Anne of the Island (Anne of Green Gables, #3)",book,L.M. Montgomery,1
b1622,A Connecticut Yankee in King Arthur's Court,book,Mark Twain,1
b1257,"Halfway to the Grave (Night Huntress, #1)",book,Jeaniene Frost,1
b3728,"The Looking Glass Wars (The Looking Glass Wars, #1)",book,Frank Beddor,1
b1531,"Gregor the Overlander (Underland Chronicles, #1)",book,Suzanne Collins,1
b892,"David and Goliath: Underdogs, Misfits, and the Art of Battling Giants",book,Malcolm Gladwell,1
b8029,"City of Stairs (The Divine Cities, #1)",book,Robert Jackson Bennett,1
b1654,"Cold Days (The Dresden Files, #14)",book,Jim Butcher,1
b286,The Lucky One,book,Nicholas Sparks,1
b145,Deception Point,book,Dan Brown,1
b4190,"Magic Kingdom For Sale/Sold (Magic Kingdom of Landover, #1)",book,Terry Brooks,1
b100,The Poisonwood Bible,book,Barbara Kingsolver,1
b1118,"Requiem (Delirium, #3)",book,Lauren Oliver,1
b1140,"Hex Hall (Hex Hall, #1)",book,Rachel Hawkins,1
b4270,A History of Western Philosophy,book,Bertrand Russell,1
b577,Tuck Everlasting,book,Natalie Babbitt,1
b1523,"Wither (The Chemical Garden, #1)",book,Lauren DeStefano,1
b1722,"The Wee Free Men (Discworld, #30; Tiffany Aching, #1)",book,Terry Pratchett,1
b3087,"The Bone Season (The Bone Season, #1)",book,Samantha Shannon,1
b8321,"Death Note, Vol. 5: Whiteout (Death Note, #5)",book,"Tsugumi Ohba, Takeshi Obata",1
b1991,"Consider Phlebas (Culture, #1)",book,Iain M. Banks,1
b5333,"Lumberjanes, Vol. 1: Beware the Kitten Holy",book,"Noelle Stevenson, Grace Ellis, Shannon Waters, Shannon Watters, Brooke A. Allen, Faith Hicks, Kat Leyh, Brooke Allen, Carolyn Nowak, Various, Carey Pietsch",1
b841,"Lover Awakened (Black Dagger Brotherhood, #3)",book,J.R. Ward,1
b1213,"Children of the Mind (Ender's Saga, #4)",book,Orson Scott Card,1
b3934,Songs of Innocence and of Experience,book,William Blake,1
b3834,"The White Dragon (Pern, #3)",book,Anne McCaffrey,1
b1327,The Jungle Book,book,Rudyard Kipling,1
b1885,As You Like It,book,William Shakespeare,1
b889,"Lover Eternal (Black Dagger Brotherhood, #2)",book,J.R. Ward,1
b6371,"Black Powder War (Temeraire, #3)",book,Naomi Novik,1
b4255,"A Torch Against the Night (An Ember in the Ashes, #2)",book,Sabaa Tahir,1
b199,Marley and Me: Life and Love With the World's Worst Dog,book,John Grogan,1
b840,"Shōgun (Asian Saga, #1)",book,James Clavell,1
b372,Dress Your Family in Corduroy and Denim,book,David Sedaris,1
b3086,Fables and Reflections (The Sandman #6),book,"Neil Gaiman, Bryan Talbot, Stan Woch, P. Craig Russell, Shawn McManus, John Watkiss, Jill Thompson, Duncan Eagleson, Kent Williams, Todd Klein",1
b453,Cold Mountain,book,Charles Frazier,1
b643,"Chosen (House of Night, #3)",book,"P.C. Cast, Kristin Cast",1
b302,Safe Haven,book,Nicholas Sparks,1
b2846,Hard Times,book,Charles Dickens,1
b170,Digital Fortress,book,Dan Brown,1
b724,"From Dead to Worse (Sookie Stackhouse, #8)",book,Charlaine Harris,1
b247,The 7 Habits of Highly Effective People: Powerful Lessons in Personal Change,book,Stephen R. Covey,1
b4727,Critique of Pure Reason,book,"Immanuel Kant, Paul Guyer, Allen W. Wood",1
b3120,The High King (The Chronicles of Prydain #5),book,Lloyd Alexander,1
b1067,"Four to Score (Stephanie Plum, #4)",book,Janet Evanovich,1
b1449,Notes from a Small Island,book,Bill Bryson,1
b2290,Eating Animals,book,Jonathan Safran Foer,1
b9948,"Vampire Knight, Vol. 2 (Vampire Knight, #2)",book,"Matsuri Hino, Tomo Kimura",1
b3378,"Frost Burned (Mercy Thompson, #7)",book,Patricia Briggs,1
b3132,Fairest,book,Gail Carson Levine,1
b5880,"The Queen of Attolia (The Queen's Thief, #2)",book,Megan Whalen Turner,1
b487,The Andromeda Strain,book,Michael Crichton,1
b2196,Foundation's Edge (Foundation #4),book,Isaac Asimov,1
b3974,"Dragonsinger (Harper Hall, #2)",book,Anne McCaffrey,1
b1275,"An Echo in the Bone (Outlander, #7)",book,Diana Gabaldon,1
b3229,"The Body in the Library (Miss Marple, #3)",book,Agatha Christie,1
b1577,Being Mortal: Medicine and What Matters in the End,book,Atul Gawande,1
b9457,"Fruits Basket, Vol. 14",book,"Natsuki Takaya, Alethea Nibley, Athena Nibley",1
b1454,Pygmalion,book,George Bernard Shaw,1
b4472,"The Emperor's Blades (Chronicle of the Unhewn Throne, #1)",book,Brian Staveley,1
b348,We Were Liars,book,E. Lockhart,1
b894,"Guards! Guards! (Discworld, #8)",book,Terry Pratchett,1
b3535,The Collected Poems of W.B. Yeats,book,"W.B. Yeats, Richard J. Finneran",1
b2841,Packing for Mars: The Curious Science of Life in the Void,book,Mary Roach,1
b1764,"The Time Paradox (Artemis Fowl, #6)",book,Eoin Colfer,1
b238,Running with Scissors,book,Augusten Burroughs,1
b1003,Contact,book,Carl Sagan,1
b1432,The Communist Manifesto,book,"Karl Marx, Friedrich Engels, Gareth Stedman Jones",1
b1302,"Across the Universe (Across the Universe, #1)",book,Beth Revis,1
b6756,"Wildwood Dancing (Wildwood, #1)",book,Juliet Marillier,1
b9851,"Vampire Knight, Vol. 3 (Vampire Knight, #3)",book,"Matsuri Hino, Tomo Kimura",1
b2156,"Red Mars (Mars Trilogy, #1)",book,Kim Stanley Robinson,1
b3818,"The Crystal Cave (Arthurian Saga, #1)",book,Mary  Stewart,1
b748,"Dead and Gone (Sookie Stackhouse, #9)",book,Charlaine Harris,1
b1400,"The Book of Life (All Souls Trilogy, #3)",book,Deborah Harkness,1
b5484,"The Wicked + The Divine, Vol. 1: The Faust Act",book,"Kieron Gillen, Jamie McKelvie, Matt Wilson, Clayton Cowles",1
b781,"Specials (Uglies, #3)",book,Scott Westerfeld,1
b335,James and the Giant Peach,book,"Roald Dahl, Quentin Blake",1
b4290,"Whose Body?  (Lord Peter Wimsey, #1)",book,Dorothy L. Sayers,1
b1910,The Arabian Nights,book,"Anonymous, Richard Francis Burton, A.S. Byatt",1
b5232,Polgara the Sorceress (Malloreon),book,"David Eddings, Leigh Eddings",1
b2676,"The Three-Body Problem (Remembrance of Earth’s Past, #1)",book,"Liu Cixin, Ken Liu",1
b9092,"Death Note, Vol. 6: Give-and-Take (Death Note, #6)",book,"Tsugumi Ohba, Takeshi Obata",1
b3052,"The Warrior Heir (The Heir Chronicles, #1)",book,Cinda Williams Chima,1
b2932,"The Diviners (The Diviners, #1)",book,Libba Bray,1
b3346,Wives and Daughters,book,"Elizabeth Gaskell, Pam Morris",1
b2117,The Lost City of Z: A Tale of Deadly Obsession in the Amazon,book,David Grann,1
b1378,"The Professor and the Madman: A Tale of Murder, Insanity and the Making of the Oxford English Dictionary",book,Simon Winchester,1
b217,"The Devil in the White City: Murder, Magic, and Madness at the Fair That Changed America",book,"Erik Larson, Tony Goldwyn",1
b2637,We Have Always Lived in the Castle,book,"Shirley Jackson, Jonathan Lethem",1
b817,"Howl's Moving Castle (Howl's Moving Castle, #1)",book,Diana Wynne Jones,1
b2634,"The Paper Magician (The Paper Magician Trilogy, #1)",book,Charlie N. Holmberg,1
b2577,"The Sweet Far Thing (Gemma Doyle, #3)",book,Libba Bray,1
b1294,god is Not Great: How Religion Poisons Everything,book,Christopher Hitchens,1
b2642,The Two Princesses of Bamarre,book,Gail Carson Levine,1
b1044,Why Not Me?,book,Mindy Kaling,1
b3907,The Waste Land,book,"T.S. Eliot, Michael North",1
b2732,Utopia,book,"Thomas More, Paul Turner",1
b491,"Untamed (House of Night, #4)",book,"P.C. Cast, Kristin Cast",1
b4215,"Time of the Twins (Dragonlance: Legends, #1)",book,"Margaret Weis, Tracy Hickman",1
b1530,"A Swiftly Tilting Planet (A Wrinkle in Time Quintet, #3)",book,Madeleine L'Engle,1
b104,The Road,book,Cormac McCarthy,1
b1011,People of the Book,book,Geraldine Brooks,1
b9536,"Fruits Basket, Vol. 15",book,"Natsuki Takaya, Alethea Nibley, Athena Nibley",1
b310,"Good in Bed (Cannie Shapiro, #1)",book,Jennifer Weiner,1
b832,"Naked in Death (In Death, #1)",book,J.D. Robb,1
b3174,"Memories of Ice (The Malazan Book of the Fallen, #3)",book,Steven Erikson,1
b4926,"Secrets of a Summer Night (Wallflowers, #1)",book,Lisa Kleypas,1
b3347,"Splintered (Splintered, #1)",book,A.G. Howard,1
b5074,"Tokyo Ghoul, tome 1 (Tokyo Ghoul, #1)",book,"Sui Ishida, 石田 スイ",1
b2334,The Song of Achilles,book,Madeline Miller,1
b3729,"The Other Queen (The Plantagenet and Tudor Novels, #15)",book,Philippa Gregory,1
b874,Brain on Fire: My Month of Madness,book,Susannah Cahalan,1
b4445,The Castle of Llyr (The Chronicles of Prydain #3),book,Lloyd Alexander,1
b2851,"Chobits, Vol. 1",book,"CLAMP, Shirley Kubo",1
b1393,Brideshead Revisited: The Sacred and Profane Memories of Captain Charles Ryder,book,Evelyn Waugh,1
b1359,"The Serpent's Shadow (Kane Chronicles, #3)",book,Rick Riordan,1
b2915,Bird Box,book,Josh Malerman,1
b4921,"Magic Rises (Kate Daniels, #6)",book,Ilona Andrews,1
b6891,Magic's Pawn (Valdemar: Last Herald-Mage #1),book,Mercedes Lackey,1
b2503,The Greatest Show on Earth: The Evidence for Evolution,book,Richard Dawkins,1
b344,Naked,book,David Sedaris,1
b455,"Something Blue (Darcy & Rachel, #2)",book,Emily Giffin,1
b1179,The Moon is a Harsh Mistress,book,Robert A. Heinlein,1
b1181,"High Five (Stephanie Plum, #5)",book,Janet Evanovich,1
b1151,"Hot Six (Stephanie Plum, #6)",book,Janet Evanovich,1
b4299,"The Winner's Crime (The Winner's Trilogy, #2)",book,Marie Rutkoski,1
b1110,"Maybe Someday (Maybe, #1)",book,Colleen Hoover,1
b6077,"Rat Queens, Vol. 1: Sass & Sorcery",book,"Kurtis J. Wiebe, Roc Upchurch",1
b475,"Where She Went (If I Stay, #2)",book,Gayle Forman,1
b2160,"The Blinding Knife (Lightbringer, #2)",book,Brent Weeks,1
b3082,Brief Lives (The Sandman #7),book,"Neil Gaiman, Jill Thompson, Vince Locke, Peter Straub",1
b3651,"Nana, Vol. 1 (Nana, #1)",book,Ai Yazawa,1
b2949,"Mine Till Midnight (The Hathaways, #1)",book,Lisa Kleypas,1
b1081,Winter of the World (The Century Trilogy #2),book,Ken Follett,1
b534,When You Are Engulfed in Flames,book,David Sedaris,1
b2254,"Fairest (The Lunar Chronicles, #3.5)",book,Marissa Meyer,1
b7691,"Timeless (Parasol Protectorate, #5)",book,Gail Carriger,1
b4275,Taran Wanderer (The Chronicles of Prydain #4),book,Lloyd Alexander,1
b57,The Secret Life of Bees,book,Sue Monk Kidd,1
b956,"Surely You're Joking, Mr. Feynman!: Adventures of a Curious Character",book,Richard Feynman,1
b8567,"Death Note, Vol. 7: Zero (Death Note, #7)",book,"Tsugumi Ohba, Takeshi Obata",1
b1484,"The Fall of Hyperion (Hyperion Cantos, #2)",book,Dan Simmons,1
b512,The Complete Stories and Poems,book,Edgar Allan Poe,1
b759,"Bloodlines (Bloodlines, #1)",book,Richelle Mead,1
b2197,Jude the Obscure,book,Thomas Hardy,1
b8172,"Ouran High School Host Club, Vol. 2 (Ouran High School Host Club, #2)",book,Bisco Hatori,1
b7573,Among Others,book,Jo Walton,1
b483,Franny and Zooey,book,J.D. Salinger,1
b458,Station Eleven,book,Emily St. John Mandel,1
b205,"Interview with the Vampire (The Vampire Chronicles, #1)",book,Anne Rice,1
b2682,"King of Thorns (The Broken Empire, #2)",book,Mark  Lawrence,1
b2110,"Scott Pilgrim, Volume 2: Scott Pilgrim vs. The World",book,Bryan Lee O'Malley,1
b5742,"Son of the Shadows (Sevenwaters, #2)",book,Juliet Marillier,1
b45,Life of Pi,book,Yann Martel,1
b154,Macbeth,book,William Shakespeare,1
b3727,"The Rook (The Checquy Files, #1)",book,Daniel O'Malley,1
b4799,"The Ruby Knight (The Elenium, #2)",book,David Eddings,1
b2656,"Kimi ni Todoke: From Me to You, Vol. 1",book,"Karuho Shiina, Tomo Kimura",1
b1589,Everything's Eventual: 14 Dark Tales,book,Stephen King,1
b1541,"The Iron Queen (The Iron Fey, #3)",book,Julie Kagawa,1
b373,The BFG,book,"Roald Dahl, Quentin Blake",1
b2076,The Epic of Gilgamesh,book,"Anonymous, N.K. Sandars",1
b90,The Outsiders,book,S.E. Hinton,1
b2760,"The League of Extraordinary Gentlemen, Vol. 1",book,"Alan Moore, Kevin O'Neill",1
b1415,The Lean Startup: How Today's Entrepreneurs Use Continuous Innovation to Create Radically Successful Businesses,book,Eric Ries,1
b8599,"Vampire Knight, Vol. 4 (Vampire Knight, #4)",book,"Matsuri Hino, Tomo Kimura",1
b3396,Worlds' End (The Sandman #8),book,"Neil Gaiman, Mike Allred, Gary Amaro, Mark Buckingham, David Giordano, Tony Harris, Steve Leialoha, Vince Locke, Shea Anton Pensa, Alec Stevens, Bryan Talbot, John Watkiss, Todd Klein, Michael Zulli, Stephen King",1
b431,"Red Dragon (Hannibal Lecter, #1)",book,Thomas Harris,1
b393,"Throne of Glass (Throne of Glass, #1)",book,Sarah J. Maas,1
b1576,"Full Dark, No Stars",book,Stephen King,1
b1945,"Bloodfever (Fever, #2)",book,Karen Marie Moning,1
b1658,"Tangled (Tangled, #1)",book,Emma Chase,1
b3825,"Hawkeye, Volume 1: My Life as a Weapon",book,"Matt Fraction, David Aja, Javier Pulido, Matt Hollingsworth, Chris Eliopoulos, Alan Davis",1
b340,"I Am Number Four (Lorien Legacies, #1)",book,Pittacus Lore,1
b898,"The Queen of the Damned (The Vampire Chronicles, #3)",book,Anne Rice,1
b952,"Shopaholic & Baby (Shopaholic, #5)",book,Sophie Kinsella,1
b415,"Evermore (The Immortals, #1)",book,Alyson Noel,1
b1186,The Glass Menagerie,book,Tennessee Williams,1
b3697,"The Heroes (First Law World, #5)",book,Joe Abercrombie,1
b1367,The Once and Future King (The Once and Future King #1-4),book,T.H. White,1
b5160,"The Sapphire Rose (The Elenium, #3)",book,David Eddings,1
b228,"The Nanny Diaries (Nanny, #1)",book,"Emma McLaughlin, Nicola Kraus",1
b1800,Ubik,book,"Philip K. Dick, David Alabort, Manuel Espín",1
b957,"Linger (The Wolves of Mercy Falls, #2)",book,Maggie Stiefvater,1
b3103,Trigger Warning: Short Fictions and Disturbances,book,Neil Gaiman,1
b1165,"Wait for You (Wait for You, #1)",book,"J. Lynn, Jennifer L. Armentrout",1
b732,"The Short Second Life of Bree Tanner: An Eclipse Novella (Twilight, #3.5)",book,Stephenie Meyer,1
b488,The Green Mile,book,Stephen King,1
b1519,"The Diamond Age: or, A Young Lady's Illustrated Primer",book,Neal Stephenson,1
b5398,"Fables, Vol. 2: Animal Farm",book,"Bill Willingham, Mark Buckingham, Steve Leialoha, James Jean",1
b1171,The Birth of Venus,book,Sarah Dunant,1
b4396,"Calling on Dragons (Enchanted Forest Chronicles, #3)",book,"Patricia C. Wrede, Peter de Sève",1
b7537,Citizen: An American Lyric,book,Claudia Rankine,1
b861,"Walking Disaster (Beautiful, #2)",book,Jamie McGuire,1
b825,Shanghai Girls (Shanghai Girls #1),book,Lisa See,1
b3868,The Symposium,book,"Plato, Christopher Gill",1
b934,Waiting for Godot,book,Samuel Beckett,1
b8365,"The Invisible Library (The Invisible Library, #1)",book,Genevieve Cogman,1
b1565,Death Comes to Pemberley,book,P.D. James,1
b1226,"Seven Up (Stephanie Plum, #7)",book,Janet Evanovich,1
b7773,"Three Dark Crowns (Three Dark Crowns, #1)",book,Kendare Blake,1
b2472,"The Field Guide (The Spiderwick Chronicles, #1)",book,"Holly Black, Tony DiTerlizzi",1
b1339,The Mist,book,Stephen King,1
b3758,"On a Pale Horse (Incarnations of Immortality, #1)",book,Piers Anthony,1
b871,"Dead in the Family (Sookie Stackhouse, #10)",book,Charlaine Harris,1
b2081,"Skin Game (The Dresden Files, #15)",book,Jim Butcher,1
b1594,Bet Me,book,Jennifer Crusie,1
b641,"The Last Battle (Chronicles of Narnia, #7)",book,C.S. Lewis,1
b4906,A Distant Mirror:  The Calamitous 14th Century,book,Barbara W. Tuchman,1
b1953,"The Man in the Iron Mask (The D'Artagnan Romances, #3.3)",book,"Alexandre Dumas, Francine du Plessix Gray, Joachim Neugroschel",1
b1637,"Anna Dressed in Blood (Anna, #1)",book,Kendare Blake,1
b1641,"Something Wicked This Way Comes (Green Town, #2)",book,Ray Bradbury,1
b1809,"Mossflower (Redwall, #2)",book,Brian Jacques,1
b1598,The Maltese Falcon,book,Dashiell Hammett,1
b1900,Nightmares and Dreamscapes,book,Stephen King,1
b4193,"The Crown of Embers (Fire and Thorns, #2)",book,Rae Carson,1
b4891,"War of the Twins (Dragonlance: Legends, #2)",book,"Margaret Weis, Tracy Hickman",1
b85,The Giving Tree,book,Shel Silverstein,1
b2476,"The Winter Sea (Slains, #1)",book,"Susanna Kearsley, Rosalyn Landor",1
b1985,The Grand Design,book,"Stephen Hawking, Leonard Mlodinow",1
b3563,"The Exiled Queen (Seven Realms, #2)",book,Cinda Williams Chima,1
b5099,"The Last Hero (Discworld, #27; Rincewind #7)",book,"Terry Pratchett, Paul Kidby",1
b2178,"The Deal (Off-Campus, #1)",book,Elle Kennedy,1
b3395,The Kindly Ones (The Sandman #9),book,"Neil Gaiman, Marc Hempel, Richard Case, D'Israeli, Teddy Kristiansen, Glyn Dillon, Charles Vess, Dean Ormston, Kevin Nowlan, Todd Klein, Frank McConnell",1
b904,"Gabriel's Inferno (Gabriel's Inferno, #1)",book,Sylvain Reynard,1
b743,"Lamb: The Gospel According to Biff, Christ's Childhood Pal",book,Christopher Moore,1
b3301,"Hana-Kimi, Vol. 1 (Hana-Kimi, #1)",book,"Hisaya Nakajo, David Ury",1
b1086,"Guilty Pleasures (Anita Blake, Vampire Hunter, #1)",book,Laurell K. Hamilton,1
b1399,"The Burning Bridge (Ranger's Apprentice, #2)",book,John Flanagan,1
b4184,Seconds,book,"Bryan Lee O'Malley, Nathan Fairbairn",1
b1729,Seveneves,book,Neal Stephenson,1
b5442,"Vicious (Villains, #1)",book,"V.E. Schwab, Victoria Schwab",1
b522,Cloud Atlas,book,David Mitchell,1
b6981,"Rosemary and Rue (October Daye, #1)",book,Seanan McGuire,1
b9161,"Ouran High School Host Club, Vol. 3 (Ouran High School Host Club, #3)",book,Bisco Hatori,1
b1659,The Day of the Triffids,book,John Wyndham,1
b1161,Cannery Row,book,John Steinbeck,1
b4941,"Test of the Twins (Dragonlance: Legends, #3)",book,"Margaret Weis, Tracy Hickman",1
b3404,The Histories,book,"Herodotus, Aubrey de Sélincourt, John M. Marincola",1
b1020,The Tale of Despereaux,book,"Kate DiCamillo, Timothy Basil Ering",1
b1050,"The Knife of Never Letting Go (Chaos Walking, #1)",book,Patrick Ness,1
b7423,"House of Many Ways (Howl's Moving Castle, #3)",book,Diana Wynne Jones,1
b1170,"Unravel Me (Shatter Me, #2)",book,Tahereh Mafi,1
b3281,"The Iron Trial (Magisterium, #1)",book,"Holly Black, Cassandra Clare",1
b576,Candide,book,Voltaire,1
b1946,"Faefever (Fever, #3)",book,Karen Marie Moning,1
b2606,"The Daylight War (Demon Cycle, #3)",book,Peter V. Brett,1
b872,The Plague,book,"Albert Camus, Stuart Gilbert",1
b3960,Night Watch (Watch #1),book,"Sergei Lukyanenko, Andrew Bromfield",1
b489,The Prophet,book,Kahlil Gibran,1
b3799,The Legend of Sleepy Hollow,book,Washington Irving,1
b2646,Foundation and Earth (Foundation #5),book,Isaac Asimov,1
b1344,What the Dog Saw and Other Adventures,book,Malcolm Gladwell,1
b323,The Unbearable Lightness of Being,book,"Milan Kundera, Michael Henry Heim",1
b4611,"Romancing Mister Bridgerton (Bridgertons, #4)",book,Julia Quinn,1
b1954,The Haunting of Hill House,book,"Shirley Jackson, Laura   Miller",1
b739,Different Seasons,book,Stephen King,1
b74,Looking for Alaska,book,John Green,1
b1285,"Pushing the Limits (Pushing the Limits, #1)",book,Katie McGarry,1
b1276,"Unearthly (Unearthly, #1)",book,Cynthia Hand,1
b2434,"Rurouni Kenshin, Vol. 1: Meiji Swordsman Romantic Story (Rurouni Kenshin, #1)",book,"Nobuhiro Watsuki, Kenichiro Yagi",1
b1232,"Hard Eight (Stephanie Plum, #8)",book,"Janet Evanovich, Lorelei King",1
b1313,"Band of Brothers: E Company, 506th Regiment, 101st Airborne from Normandy to Hitler's Eagle's Nest",book,Stephen E. Ambrose,1
b7799,"Black Butler, Vol. 2 (Black Butler, #2)",book,"Yana Toboso, Tomo Kimura",1
b3105,"Magic Burns (Kate Daniels, #2)",book,Ilona Andrews,1
b1623,Batman: The Long Halloween,book,"Jeph Loeb, Tim Sale, Gregory Wright, Richard Starkings",1
b434,"Crescendo (Hush, Hush, #2)",book,Becca Fitzpatrick,1
b1291,"Lover Revealed (Black Dagger Brotherhood, #4)",book,J.R. Ward,1
b5884,Norse Mythology,book,Neil Gaiman,1
b9531,Crush,book,Richard Siken,1
b995,"The Unbecoming of Mara Dyer (Mara Dyer, #1)",book,Michelle Hodkin,1
b4775,"Bloodhound (Beka Cooper, #2)",book,Tamora Pierce,1
b3393,"The Halfling's Gem (Forgotten Realms: Icewind Dale, #3; Legend of Drizzt, #6)",book,R.A. Salvatore,1
b1315,Blankets,book,Craig Thompson,1
b1779,"Bitten (Women of the Otherworld, #1)",book,Kelley Armstrong,1
b4138,"Seventh Son (Tales of Alvin Maker, #1)",book,Orson Scott Card,1
b1776,"Playing for Keeps (Neighbor from Hell, #1)",book,R.L. Mathewson,1
b416,The Witches,book,"Roald Dahl, Quentin Blake",1
b5805,"Tris's Book (Circle of Magic, #2)",book,Tamora Pierce,1
b338,One Day,book,David Nicholls,1
b418,"Spirit Bound (Vampire Academy, #5)",book,Richelle Mead,1
b3849,Habibi,book,Craig Thompson,1
b177,Crime and Punishment,book,"Fyodor Dostoyevsky, David McDuff",1
b2658,"Moving Pictures (Discworld, #10; Industrial Revolution, #1)",book,Terry Pratchett,1
b2498,Salt: A World History,book,Mark Kurlansky,1
b938,"The Edge of Never (The Edge of Never, #1)",book,J.A. Redmerski,1
b1736,Dark Matter,book,Blake Crouch,1
b693,Sphere,book,Michael Crichton,1
b9668,"The Broken Kingdoms (Inheritance, #2)",book,N.K. Jemisin,1
b981,"Blue Bloods (Blue Bloods, #1)",book,Melissa de la Cruz,1
b1634,"The Magician (The Secrets of the Immortal Nicholas Flamel, #2)",book,Michael Scott,1
b1269,The Hot Zone: The Terrifying True Story of the Origins of the Ebola Virus,book,Richard   Preston,1
b2286,The Sorrows of Young Werther,book,"Johann Wolfgang von Goethe, Burton Pike",1
b2711,"Incarceron (Incarceron, #1)",book,Catherine Fisher,1
b1336,"Lover Unbound (Black Dagger Brotherhood, #5)",book,J.R. Ward,1
b3545,Gulp: Adventures on the Alimentary Canal,book,Mary Roach,1
b4970,"A Red Herring Without Mustard (Flavia de Luce, #3)",book,Alan Bradley,1
b4985,"Talking to Dragons (Enchanted Forest Chronicles, #4)",book,"Patricia C. Wrede, Peter de Sève",1
b895,The Year of Magical Thinking,book,Joan Didion,1
b493,Mere Christianity,book,C.S. Lewis,1
b1726,"Dragon Rider (Dragon Rider, #1)",book,Cornelia Funke,1
b1453,"Everything, Everything",book,"Nicola Yoon, David Yoon",1
b7568,"Empire of Ivory (Temeraire, #4)",book,Naomi Novik,1
b3822,You're Never Weird on the Internet (Almost),book,"Felicia Day, Joss Whedon",1
b812,"Fallen Too Far (Rosemary Beach, #1; Too Far, #1)",book,Abbi Glines,1
b2600,The Mayor of Casterbridge,book,"Thomas Hardy, Keith Wilson",1
b2279,Neither Here nor There: Travels in Europe,book,Bill Bryson,1
b2241,"Altered Carbon (Takeshi Kovacs, #1)",book,Richard K. Morgan,1
b1256,City of Thieves,book,David Benioff,1
b975,Helter Skelter: The True Story of the Manson Murders,book,"Vincent Bugliosi, Curt Gentry",1
b1360,Duma Key,book,Stephen King,1
b362,The Screwtape Letters,book,C.S. Lewis,1
b2807,"The Good, the Bad, and the Undead (The Hollows, #2)",book,Kim Harrison,1
b5307,"Raising Steam (Discworld, #40, Moist von Lipwig #3 )",book,Terry Pratchett,1
b1901,"Shadowfever (Fever, #5)",book,Karen Marie Moning,1
b985,The Big Short: Inside the Doomsday Machine,book,Michael   Lewis,1
b4644,"Eona: The Last Dragoneye (Eon, #2)",book,Alison Goodman,1
b3683,"The Disappearing Spoon: And Other True Tales of Madness, Love, and the History of the World from the Periodic Table of the Elements",book,Sam Kean,1
b4063,"The Aeronaut's Windlass (The Cinder Spires, #1)",book,Jim Butcher,1
b7124,"Heir to the Shadows (The Black Jewels, #2)",book,Anne Bishop,1
b3660,The Wake (The Sandman #10),book,"Neil Gaiman, Michael Zulli, Jon J. Muth, Charles Vess, Mikal Gilmore",1
b1423,Rose Madder,book,Stephen King,1
b8265,"This Savage Song (Monsters of Verity, #1)",book,Victoria Schwab,1
b737,A Long Way Gone: Memoirs of a Boy Soldier,book,Ishmael Beah,1
b1267,"To the Nines (Stephanie Plum, #9)",book,Janet Evanovich,1
b3718,"Chains (Seeds of America, #1)",book,Laurie Halse Anderson,1
b1216,Moloka'i,book,Alan Brennert,1
b3580,"Little Men (Little Women, #2)",book,Louisa May Alcott,1
b7336,"Paladin of Souls (World of the Five Gods, #2)",book,Lois McMaster Bujold,1
b990,Rework,book,"Jason Fried, David Heinemeier Hansson",1
b1982,"Annihilation (Southern Reach, #1)",book,Jeff VanderMeer,1
b6444,"Death Note, Vol. 2: Confluence (Death Note, #2)",book,"Tsugumi Ohba, Takeshi Obata",1
b1207,The Swiss Family Robinson  ,book,"Johann David Wyss, Scott McKowen, Arthur Pober",1
b1368,"Small Gods (Discworld, #13)",book,Terry Pratchett,1
b1868,I Am Legend,book,Richard Matheson,1
b1917,"The Forest of Hands and Teeth (The Forest of Hands and Teeth, #1)",book,Carrie Ryan,1
b2062,Fingersmith,book,Sarah Waters,1
b3489,"Doomsday Book (Oxford Time Travel, #1)",book,Connie Willis,1
b269,P.S. I Love You,book,Cecelia Ahern,1
b1248,"The Talisman (The Talisman, #1)",book,"Stephen King, Peter Straub",1
b3593,Book of a Thousand Days,book,"Shannon Hale, James Noel Smith",1
b3506,"Absolute Boyfriend, Vol. 1",book,Yuu Watase,1
b6009,"The King of Attolia (The Queen's Thief, #3)",book,Megan Whalen Turner,1
b1552,"The Killer Angels (The Civil War Trilogy, #2)",book,Michael Shaara,1
b1828,"InuYasha: Turning Back Time (InuYasha, #1)",book,Rumiko Takahashi,1
b2881,"Making Money (Discworld, #36; Moist Von Lipwig, #2)",book,Terry Pratchett,1
b1143,"Beautiful Bastard (Beautiful Bastard, #1)",book,Christina Lauren,1
b3932,"Scott Pilgrim, Volume 3: Scott Pilgrim & The Infinite Sadness",book,Bryan Lee O'Malley,1
b2886,"The School for Good and Evil (The School for Good and Evil, #1)",book,Soman Chainani,1
b1075,Dolores Claiborne,book,"Stephen King, Dominique Dill",1
b2819,"Feed (Newsflesh Trilogy, #1)",book,Mira Grant,1
b613,The Forgotten Garden,book,Kate Morton,1
b8020,"Paper Girls, Vol. 1 (Paper Girls, #1)",book,"Brian K. Vaughan, Cliff Chiang, Matthew Wilson",1
b3601,"House of Chains (The Malazan Book of the Fallen, #4)",book,Steven Erikson,1
b3672,"Y: The Last Man, Vol. 2: Cycles (Y: The Last Man, #2)",book,"Brian K. Vaughan, Pia Guerra, José Marzán Jr.",1
b845,Smile,book,Raina Telgemeier,1
b513,The Hiding Place: The Triumphant True Story of Corrie Ten Boom,book,"Corrie ten Boom, John Sherrill, Elizabeth Sherrill",1
b922,"Déjà Dead (Temperance Brennan, #1)",book,Kathy Reichs,1
b2228,Solaris,book,Stanisław Lem,1
b1911,"Faithful Place (Dublin Murder Squad, #3)",book,Tana French,1
b2451,"Persepolis 2: The Story of a Return (Persepolis, #2)",book,"Marjane Satrapi, Anjali Singh",1
b96,"Fifty Shades Freed (Fifty Shades, #3)",book,E.L. James,1
b3715,Nicholas Nickleby,book,"Charles Dickens, Mark Ford",1
b133,"Anne of Green Gables (Anne of Green Gables, #1)",book,L.M. Montgomery,1
b1457,"Bridget Jones: The Edge of Reason (Bridget Jones, #2)",book,Helen Fielding,1
b5960,"Dragon Haven (Rain Wild Chronicles, #2)",book,Robin Hobb,1
b8827,"Stolen Songbird (The Malediction Trilogy, #1)",book,Danielle L. Jensen,1
b1974,Ghost Story,book,Peter Straub,1
b3867,So You've Been Publicly Shamed,book,Jon Ronson,1
b2104,"Isla and the Happily Ever After (Anna and the French Kiss, #3)",book,Stephanie Perkins,1
b2624,Prelude to Foundation,book,Isaac Asimov,1
b5329,"Dragon Wing (The Death Gate Cycle, #1)",book,"Margaret Weis, Tracy Hickman",1
b598,"Assassin's Apprentice (Farseer Trilogy, #1)",book,Robin Hobb,1
b575,Timeline,book,Michael Crichton,1
b7105,"The Dragon's Path (The Dagger and the Coin, #1)",book,Daniel Abraham,1
b1948,"Library of Souls (Miss Peregrine's Peculiar Children, #3)",book,Ransom Riggs,1
b2140,"Caliban's War (The Expanse, #2)",book,James S.A. Corey,1
b8103,"Arrow's Flight (Heralds of Valdemar, #2)",book,Mercedes Lackey,1
b4474,"Half Bad (The Half Bad Trilogy, #1)",book,Sally Green,1
b1297,The Statistical Probability of Love at First Sight,book,Jennifer E. Smith,1
b4101,"The Druid of Shannara (Heritage of Shannara, #2)",book,Terry Brooks,1
b2044,The Year of Living Biblically: One Man's Humble Quest to Follow the Bible as Literally as Possible,book,A.J. Jacobs,1
b3447,Love & Misadventure,book,Lang Leav,1
b982,"The Alienist (Dr. Laszlo Kreizler, #1)",book,Caleb Carr,1
b9906,"Ouran High School Host Club, Vol. 4 (Ouran High School Host Club, #4)",book,Bisco Hatori,1
b6189,"Charmed Life (Chrestomanci, #1)",book,Diana Wynne Jones,1
b5594,"Nine Rules to Break When Romancing a Rake (Love By Numbers, #1)",book,Sarah MacLean,1
b6368,"Daja's Book (Circle of Magic, #3)",book,Tamora Pierce,1
b471,Mansfield Park,book,"Jane Austen, Kathryn Sutherland, Tony Tanner, Claire Lamont",1
b8507,"Storm Glass (Glass, #1)",book,Maria V. Snyder,1
b4492,"Behemoth (Leviathan, #2)",book,"Scott Westerfeld, Keith Thompson",1
b2189,"The Ghost Brigades (Old Man's War, #2)",book,John Scalzi,1
b1562,Confess,book,Colleen Hoover,1
b4243,"The Kingmaker's Daughter (The Plantagenet and Tudor Novels, #4)",book,"Philippa Gregory, Mirjana Valent",1
b5820,Men Explain Things to Me,book,Rebecca Solnit,1
b3621,"A Fatal Grace (Chief Inspector Armand Gamache, #2)",book,Louise Penny,1
b1147,"Beautiful Darkness (Caster Chronicles, #2)",book,"Kami Garcia, Margaret Stohl",1
b6741,"Scandal in Spring (Wallflowers, #4)",book,Lisa Kleypas,1
b6008,"Captive Prince (Captive Prince, #1)",book,C.S. Pacat,1
b3609,"The Fabric of the Cosmos: Space, Time, and the Texture of Reality",book,Brian Greene,1
b814,"Tempted (House of Night, #6)",book,"P.C. Cast, Kristin Cast",1
b6492,"Queen of the Darkness (The Black Jewels, #3)",book,Anne Bishop,1
b983,Between the World and Me,book,Ta-Nehisi Coates,1
b880,"The Summoning (Darkest Powers, #1)",book,Kelley Armstrong,1
b2798,"I, Claudius (Claudius, #1)",book,Robert Graves,1
b420,Message in a Bottle,book,Nicholas Sparks,1
b2721,"Hexed (The Iron Druid Chronicles, #2)",book,Kevin Hearne,1
b544,"Little House on the Prairie (Little House, #2)",book,"Laura Ingalls Wilder, Garth Williams",1
b7893,"Arrow's Fall (Heralds of Valdemar, #3)",book,Mercedes Lackey,1
b2291,"Flyte (Septimus Heap, #2)",book,"Angie Sage, Mark Zug",1
b4485,Being and Nothingness,book,"Jean-Paul Sartre, Hazel E. Barnes, Mary Warnock, Richard Eyre",1
b7106,Old Possum's Book of Practical Cats,book,"T.S. Eliot, Edward Gorey",1
b4301,100 Selected Poems,book,E.E. Cummings,1
b499,American Psycho,book,Bret Easton Ellis,1
b6653,"Elric of Melniboné (Elric, #1)",book,Michael Moorcock,1
b1818,"One Foot in the Grave (Night Huntress, #2)",book,Jeaniene Frost,1
b3977,"D.Gray-man, Volume 01",book,"Katsura Hoshino, Mayumi Kobayashi",1
b2693,"A Fire Upon the Deep (Zones of Thought, #1)",book,Vernor Vinge,1
b4219,Cranford,book,Elizabeth Gaskell,1
b6374,"Briar's Book (Circle of Magic, #4)",book,Tamora Pierce,1
b5432,Ash,book,Malinda Lo,1
b7934,Spindle's End,book,Robin McKinley,1
b2840,Homegoing,book,Yaa Gyasi,1
b4118,"Across the Nightingale Floor (Tales of the Otori, #1)",book,Lian Hearn,1
b3725,"Rise of Empire (The Riyria Revelations, #3-4)",book,Michael J. Sullivan,1
b6272,Being and Time,book,Martin Heidegger,1
b408,"Guns, Germs, and Steel: The Fates of Human Societies",book,Jared Diamond,1
b6578,"Shaman's Crossing (Soldier Son, #1)",book,Robin Hobb,1
b2766,Black Hole,book,Charles Burns,1
b336,"1st to Die (Women's Murder Club, #1)",book,James Patterson,1
b6302,Lady Susan,book,"Jane Austen, Robert William Chapman",1
b775,Just Kids,book,Patti Smith,1
b3255,The Beautiful and Damned,book,F. Scott Fitzgerald,1
b466,The Hobbit: Graphic Novel,book,"Chuck Dixon, J.R.R. Tolkien, David Wenzel, Sean Deming",1
b8460,Magic's Promise (Valdemar: Last Herald-Mage #2),book,Mercedes Lackey,1
b767,Seabiscuit: An American Legend,book,Laura Hillenbrand,1
b2988,"The Secret of the Old Clock (Nancy Drew, #1)",book,"Carolyn Keene, Russell H. Tandy, Sara Paretsky",1
b1357,The Pilgrim's Progress,book,John Bunyan,1
b6419,"Sex Criminals, Vol. 1: One Weird Trick",book,"Matt Fraction, Chip Zdarsky",1
b4061,"Scott Pilgrim, Volume 4: Scott Pilgrim Gets It Together",book,"Bryan Lee O'Malley, Steve Buccellato",1
b5515,"Legend (The Drenai Saga, #1)",book,David Gemmell,1
b2007,The Thief Lord,book,Cornelia Funke,1
b2345,"The Immortal Rules (Blood of Eden, #1)",book,Julie Kagawa,1
b4950,Out of the Easy,book,Ruta Sepetys,1
b2297,Faust: First Part,book,"Johann Wolfgang von Goethe, Peter Salm",1
b1606,"Ten Big Ones (Stephanie Plum, #10)",book,Janet Evanovich,1
b1390,"Eleven on Top (Stephanie Plum, #11)",book,Janet Evanovich,1
b2960,"The Poetry of Robert Frost (Collected Poems, Complete & Unabridged)",book,"Robert Frost, Edward Connery Lathem",1
b1080,My Life Next Door,book,Huntley Fitzpatrick,1
b3944,"D.N.Angel, Vol. 1 (D.N.Angel, #1)",book,Yukiru Sugisaki,1
b3071,Founding Brothers: The Revolutionary Generation,book,Joseph J. Ellis,1
b2008,"World After (Penryn & the End of Days, #2)",book,Susan Ee,1
b1957,I Capture the Castle,book,Dodie Smith,1
b445,Before I Go to Sleep,book,S.J. Watson,1
b5847,"Black Butler, Vol. 3 (Black Butler, #3)",book,Yana Toboso,1
b2306,"Every Which Way But Dead (The Hollows, #3)",book,Kim Harrison,1
b965,"Thoughtless (Thoughtless, #1)",book,S.C. Stephens,1
b1980,The Illustrated Man,book,Ray Bradbury,1
b1505,"The Darkest Minds (The Darkest Minds, #1)",book,Alexandra Bracken,1
b5993,"Fables, Vol. 3: Storybook Love",book,"Bill Willingham, Mark Buckingham, Steve Leialoha, James Jean",1
b7217,"Death Note, Vol. 3: Hard Run (Death Note, #3)",book,"Tsugumi Ohba, Takeshi Obata",1
b1514,In the Heart of the Sea: The Tragedy of the Whaleship Essex,book,Nathaniel Philbrick,1
b5697,Entwined,book,Heather Dixon,1
b2157,The Yellow Wall-Paper,book,"Charlotte Perkins Gilman, Elaine Hedges",1
b4146,Nefertiti,book,Michelle Moran,1
b2952,The Mill on the Floss,book,"George Eliot, A.S. Byatt",1
b1608,"Paranormalcy (Paranormalcy, #1)",book,Kiersten White,1
b8154,Magic's Price (Valdemar: Last Herald-Mage #3),book,Mercedes Lackey,1
b2983,"These Broken Stars (Starbound, #1)",book,"Amie Kaufman, Meagan Spooner",1
b4987,The Sleeper and the Spindle,book,"Neil Gaiman, Chris Riddell",1
b1473,"Lover Enshrined (Black Dagger Brotherhood, #6)",book,J.R. Ward,1
b2192,Confessions of an Ugly Stepsister,book,Gregory Maguire,1
b2267,"The Iron Knight (The Iron Fey, #4)",book,Julie Kagawa,1
b2084,Anathem,book,Neal Stephenson,1
b2651,Undaunted Courage: The Pioneering First Mission to Explore America's Wild Frontier,book,Stephen E. Ambrose,1
b4728,"A Murder Is Announced (Miss Marple, #5)",book,Agatha Christie,1
b1887,Cyrano de Bergerac,book,"Edmond Rostand, Eteel Lawson, Lowell Bair",1
b511,"Postmortem (Kay Scarpetta, #1)",book,Patricia Cornwell,1
b3522,"Some Girls Bite (Chicagoland Vampires, #1)",book,Chloe Neill,1
b2412,"The Wind Through the Keyhole (The Dark Tower, #4.5)",book,"Stephen King, Jae Lee",1
b6614,"Prince of Fools (The Red Queen's War, #1)",book,Mark  Lawrence,1
b1627,"Twelve Sharp (Stephanie Plum, #12)",book,Janet Evanovich,1
b2631,"Cursor's Fury (Codex Alera, #3)",book,Jim Butcher,1
b3088,Little Dorrit,book,"Charles Dickens, Helen Small, Stephen Wall",1
b6005,"The Source of Magic (Xanth, #2)",book,Piers Anthony,1
b1613,What I Talk About When I Talk About Running,book,"Haruki Murakami, Philip Gabriel",1
b4571,"Midnight Tides (The Malazan Book of the Fallen, #5)",book,Steven Erikson,1
b7493,Odd and the Frost Giants,book,"Neil Gaiman, Mark Buckingham",1
b7156,"Tempt Me at Twilight (The Hathaways, #3)",book,"Lisa Kleypas, Rosalyn Landor",1
b8995,Deerskin,book,Robin McKinley,1
b2294,"Enclave (Razorland, #1)",book,Ann Aguirre,1
b6423,"The Winner's Kiss (The Winner's Trilogy, #3)",book,Marie Rutkoski,1
b3642,Moll Flanders,book,Daniel Defoe,1
b2118,"Firefight (The Reckoners, #2)",book,Brandon Sanderson,1
b1651,"Ignite Me (Shatter Me, #3)",book,Tahereh Mafi,1
b1201,"Dead Reckoning (Sookie Stackhouse, #11)",book,Charlaine Harris,1
b6862,"March: Book One (March, #1)",book,"John             Lewis, Andrew Aydin, Nate Powell",1
b2077,"The Luxe (Luxe, #1)",book,Anna Godbersen,1
b1886,"Preacher, Volume 1: Gone to Texas",book,"Garth Ennis, Steve Dillon, Joe R. Lansdale",1
b1723,"Written in My Own Heart's Blood (Outlander, #8)",book,Diana Gabaldon,1
b1881,The Mote in God's Eye,book,"Larry Niven, Jerry Pournelle",1
b2818,Brown Girl Dreaming,book,Jacqueline Woodson,1
b3403,The Lathe of Heaven,book,Ursula K. Le Guin,1
b3022,Sir Gawain and the Green Knight ,book,"Unknown, Burton Raffel, Neil D. Isaacs",1
b2858,"Bed of Roses (Bride Quartet, #2)",book,Nora Roberts,1
b646,The Canterbury Tales,book,"Geoffrey Chaucer, Nevill Coghill",1
b3844,King Leopold's Ghost,book,Adam Hochschild,1
b3675,Genghis Khan and the Making of the Modern World,book,Jack Weatherford,1
b4179,"xxxHolic, Vol. 1 (xxxHOLiC, #1)",book,"CLAMP, William Flanagan",1
b6396,"The Naming (The Books of Pellinor, #1)",book,Alison Croggon,1
b1694,"Lean Mean Thirteen (Stephanie Plum, #13)",book,Janet Evanovich,1
b9450,"Clariel (Abhorsen, #4)",book,Garth Nix,1
b2772,Lilac Girls,book,Martha Hall Kelly,1
b6753,All the Birds in the Sky,book,Charlie Jane Anders,1
b6527,"Saga, Vol. 6 (Saga, #6)",book,"Brian K. Vaughan, Fiona Staples",1
b5041,"4:50 from Paddington (Miss Marple, #8)",book,Agatha Christie,1
b1679,Leaves of Grass,book,Walt Whitman,1
b1416,"The Golden Lily (Bloodlines, #2)",book,Richelle Mead,1
b222,"The Bourne Identity (Jason Bourne, #1)",book,Robert Ludlum,1
b1169,"Onyx (Lux, #2)",book,Jennifer L. Armentrout,1
b5895,"I Am Half-Sick of Shadows (Flavia de Luce, #4)",book,Alan Bradley,1
b8042,"Seduce Me at Sunrise (The Hathaways, #2)",book,Lisa Kleypas,1
b3345,Simon vs. the Homo Sapiens Agenda,book,Becky Albertalli,1
b3953,The New Jim Crow: Mass Incarceration in the Age of Colorblindness,book,Michelle Alexander,1
b4574,"Y: The Last Man, Vol. 3: One Small Step (Y: The Last Man, #3)",book,"Brian K. Vaughan, Pia Guerra, José Marzán Jr., Paul Chadwick",1
b2537,"Soul Eater, Vol. 01 (Soul Eater, #1)",book,Atsushi Ohkubo,1
b1483,"Lover Avenged (Black Dagger Brotherhood, #7)",book,J.R. Ward,1
b541,The Truth About Forever,book,Sarah Dessen,1
b3543,How the Irish Saved Civilization,book,Thomas Cahill,1
b1730,Armada,book,Ernest Cline,1
b7584,The Library at Mount Char,book,Scott  Hawkins,1
b2452,"Pyramids (Discworld, #7)",book,Terry Pratchett,1
b39,"A Game of Thrones (A Song of Ice and Fire, #1)",book,George R.R. Martin,1
b4213,"Chew, Vol. 1: Taster's Choice",book,"John Layman, Rob Guillory",1
b2005,The Dovekeepers,book,Alice Hoffman,1
b4739,"Scott Pilgrim, Volume 5: Scott Pilgrim Vs. the Universe",book,Bryan Lee O'Malley,1
b5475,"Dark Triumph (His Fair Assassin, #2)",book,Robin LaFevers,1
b2905,Longbourn,book,Jo Baker,1
b7984,Hidden Figures: The American Dream and the Untold Story of the Black Women Mathematicians Who Helped Win the Space Race,book,Margot Lee Shetterly,1
b1117,"The Lost World (Jurassic Park, #2)",book,Michael Crichton,1
b4613,Hell House,book,Richard Matheson,1
b412,The Five Love Languages: How to Express Heartfelt Commitment to Your Mate,book,Gary Chapman,1
b2904,"Lock In (Lock In, #1)",book,John Scalzi,1
b5388,Enchantment,book,Orson Scott Card,1
b4534,"Silver on the Tree (The Dark is Rising, #5)",book,Susan Cooper,1
b6812,"On the Edge (The Edge, #1)",book,Ilona Andrews,1
b1096,America (The Book): A Citizen's Guide to Democracy Inaction,book,"Jon Stewart, Ben Karlin, David Javerbaum, Rich Bloomquist, Steve Bodow, Tim Carvell, Eric Drysdale, J.R. Havlan, Scott Jacobson, Tom Johnson, Rob Kutner, Chris Regan, Jason Reich, Jason Ross, Stephen Colbert, Samantha Bee, Rob Corddry, Brendan Hay, Ed Helms",1
b6730,In Real Life,book,"Cory Doctorow, Jen Wang",1
b943,Holidays on Ice,book,David Sedaris,1
b7127,"Kushiel's Scion (Imriel's Trilogy, #1)",book,Jacqueline Carey,1
b5203,"Domes of Fire (The Tamuli, #1)",book,David Eddings,1
b3109,Master and Commander,book,Patrick O'Brian,1
b1132,The Amityville Horror,book,Jay Anson,1
b3773,The Woman in Black,book,"Susan Hill, John Lawrence",1
b3210,Orlando,book,Virginia Woolf,1
b2632,"The Sparrow (The Sparrow, #1)",book,Mary Doria Russell,1
b8678,"Curtsies & Conspiracies (Finishing School, #2)",book,Gail Carriger,1
b4997,"Fair Game (Alpha & Omega, #3)",book,Patricia Briggs,1
b8125,"The Madness of Lord Ian Mackenzie (Mackenzies & McBrides, #1)",book,Jennifer Ashley,1
b2894,"Sailor Moon, #1 (Sailor Moon, #1)",book,Naoko Takeuchi,1
b1784,The Raven,book,"Edgar Allan Poe, Gustave Doré",1
b969,The World Is Flat: A Brief History of the Twenty-first Century,book,Thomas L. Friedman,1
b3207,The World Without Us,book,Alan Weisman,1
b5695,"The Power That Preserves (The Chronicles of Thomas Covenant the Unbeliever, #3)",book,Stephen R. Donaldson,1
b545,The Velveteen Rabbit,book,"Margery Williams Bianco, William   Nicholson",1
b2017,"The Sorceress (The Secrets of the Immortal Nicholas Flamel, #3)",book,Michael Scott,1
b1646,"Shadow of the Hegemon (Ender's Shadow, #2)",book,Orson Scott Card,1
b4129,Innocent Traitor,book,Alison Weir,1
b1757,Pope Joan,book,Donna Woolfolk Cross,1
b4641,Fantastic Beasts and Where to Find Them: The Original Screenplay,book,J.K. Rowling,1
b9077,"The Last Dragonslayer (The Chronicles of Kazam, #1)",book,Jasper Fforde,1
b1341,"Golden Son (Red Rising, #2)",book,Pierce Brown,1
b2514,Marvel 1602,book,"Neil Gaiman, Andy Kubert, Richard Isanove, Peter Sanderson",1
b3933,Spook: Science Tackles the Afterlife,book,Mary Roach,1
b3885,Born a Crime: Stories From a South African Childhood,book,Trevor Noah,1
b242,"Along Came a Spider (Alex Cross, #1)",book,James Patterson,1
b519,"Pretties (Uglies, #2)",book,Scott Westerfeld,1
b4182,"To Green Angel Tower (Memory, Sorrow, and Thorn, #3)",book,Tad Williams,1
b4530,"Debt of Bones (Sword of Truth, #0.5)",book,Terry Goodkind,1
b2060,"Daring Greatly: How the Courage to Be Vulnerable Transforms the Way We Live, Love, Parent, and Lead",book,Brené Brown,1
b3111,Revelation Space,book,Alastair Reynolds,1
b768,Shutter Island,book,Dennis Lehane,1
b1892,Case Histories (Jackson Brodie #1),book,Kate Atkinson,1
b805,"Burned (House of Night, #7)",book,"P.C. Cast, Kristin Cast",1
b4167,"Mister Monday (The Keys to the Kingdom, #1)",book,Garth Nix,1
b4233,"Enna Burning (The Books of Bayern, #2)",book,Shannon Hale,1
b1433,The Woman in Cabin 10,book,Ruth Ware,1
b4592,The House of the Seven Gables,book,"Nathaniel Hawthorne, Robert S. Levine",1
b262,Big Little Lies,book,Liane Moriarty,1
b102,Where the Wild Things Are,book,Maurice Sendak,1
b5599,"Servant of the Empire (The Empire Trilogy, #2)",book,"Raymond E. Feist, Janny Wurts",1
b2591,"Beyond the Highland Mist (Highlander, #1)",book,Karen Marie Moning,1
b4689,"Beast Master, Vol. 1 (Beast Master, #1)",book,Kyousuke Motomi,1
b2047,"The Valley of Horses (Earth's Children, #2)",book,Jean M. Auel,1
b3074,"Going Clear: Scientology, Hollywood, and the Prison of Belief",book,Lawrence Wright,1
b2524,March,book,Geraldine Brooks,1
b2325,"The Player of Games (Culture, #2)",book,Iain M. Banks,1
b1074,The Sirens of Titan,book,Kurt Vonnegut Jr.,1
b5753,"The Long Way to a Small, Angry Planet (Wayfarers, #1)",book,Becky  Chambers,1
b1821,"Fearless Fourteen (Stephanie Plum, #14)",book,Janet Evanovich,1
b4599,"The Crimson Crown (Seven Realms, #4)",book,Cinda Williams Chima,1
b3271,"Ink Exchange (Wicked Lovely, #2)",book,Melissa Marr,1
b5113,"Locke & Key, Vol. 2: Head Games",book,"Joe Hill, Gabriel Rodríguez",1
b3168,"Savor the Moment (Bride Quartet, #3)",book,"Nora Roberts, Angela Dawe",1
b486,"The City of Ember (Book of Ember, #1)",book,Jeanne DuPrau,1
b1560,"Switched (Trylle, #1)",book,Amanda Hocking,1
b7230,"Spider's Bite (Elemental Assassin, #1)",book,Jennifer Estep,1
b3798,"Heir of Novron (The Riyria Revelations, #5-6)",book,Michael J. Sullivan,1
b962,"Point of Retreat (Slammed, #2)",book,Colleen Hoover,1
b1361,The House at Riverton,book,Kate Morton,1
b8988,"Victory of Eagles (Temeraire, #5)",book,Naomi Novik,1
b834,"Midnight Sun (Twilight, #1.5)",book,Stephenie Meyer,1
b2321,The Lost Continent: Travels in Small Town America,book,Bill Bryson,1
b1142,Cryptonomicon,book,Neal Stephenson,1
b2821,"Anne's House of Dreams (Anne of Green Gables, #5)",book,L.M. Montgomery,1
b2491,Heretics of Dune (Dune Chronicles #5),book,Frank Herbert,1
b3115,A Hunger Like No Other (Immortals After Dark #2),book,Kresley Cole,1
b3809,"The Walking Dead, Vol. 02: Miles Behind Us",book,"Robert Kirkman, Charlie Adlard",1
b1568,It Ends with Us,book,Colleen Hoover,1
b4532,"The White Princess (The Plantagenet and Tudor Novels, #5)",book,Philippa Gregory,1
b4498,"Moon Over Soho (Peter Grant, #2)",book,Ben Aaronovitch,1
b5001,"High School Debut, Vol. 01 (High School Debut, #1)",book,Kazune Kawahara,1
b1695,The Jungle Books,book,"Rudyard Kipling, Alev Lytle Croutier",1
b7168,"Married By Morning (The Hathaways, #4)",book,Lisa Kleypas,1
b6314,"The Murder on the Links (Hercule Poirot, #2)",book,Agatha Christie,1
b1891,"Dreamfever (Fever, #4)",book,Karen Marie Moning,1
b2361,"Kidnapped (David Balfour, #1)",book,Robert Louis Stevenson,1
b2201,"Wings (Wings, #1)",book,Aprilynne Pike,1
b923,"The Alchemyst (The Secrets of the Immortal Nicholas Flamel, #1)",book,Michael Scott,1
b2511,"Something About You (FBI/US Attorney, #1)",book,Julie James,1
b600,"Torment (Fallen, #2)",book,Lauren Kate,1
b765,The Autobiography of Malcolm X,book,"Malcolm X, Alex Haley",1
b2536,"2010: Odyssey Two (Space Odyssey, #2)",book,Arthur C. Clarke,1
b4898,Katherine,book,"Anya Seton, Philippa Gregory",1
b423,"The Elite (The Selection, #2)",book,Kiera Cass,1
b241,Number the Stars,book,Lois Lowry,1
b5848,"The Crown Tower (The Riyria Chronicles, #1)",book,Michael J. Sullivan,1
b3700,Richard III,book,"William Shakespeare, John Jowett",1
b690,The Audacity of Hope: Thoughts on Reclaiming the American Dream,book,Barack Obama,1
b6366,Stitches,book,David Small,1
b1878,The Turn of the Screw,book,Henry James,1
b913,The Joy of Cooking,book,"Irma S. Rombauer, Marion Rombauer Becker, Ethan Becker",1
b1624,Nausea,book,"Jean-Paul Sartre, Lloyd Alexander, Hayden Carruth",1
b2207,"Broken Harbour (Dublin Murder Squad, #4)",book,Tana French,1
b1427,Heart-Shaped Box,book,Joe Hill,1
b1725,Alice's Adventures in Wonderland,book,"Lewis Carroll, John Tenniel",1
b4323,El Deafo,book,"Cece Bell, David Lasky",1
b2636,"Destiny of the Republic: A Tale of Madness, Medicine and the Murder of a President",book,Candice Millard,1
b6683,"So You Want to Be a Wizard (Young Wizards, #1)",book,Diane Duane,1
b5496,Writing Down the Bones: Freeing the Writer Within,book,Natalie Goldberg,1
b2627,Half the Sky: Turning Oppression into Opportunity for Women Worldwide,book,"Nicholas D. Kristof, Sheryl WuDunn",1
b7598,"Mastiff (Beka Cooper, #3)",book,Tamora Pierce,1
b1585,"Forever (The Wolves of Mercy Falls, #3)",book,Maggie Stiefvater,1
b2706,"It Had to Be You (Chicago Stars, #1)",book,Susan Elizabeth Phillips,1
b6271,"A Rogue by Any Other Name (The Rules of Scoundrels, #1)",book,Sarah MacLean,1
b5989,"Princess of the Midnight Ball (The Princesses of Westfalin Trilogy, #1)",book,Jessica Day George,1
b5213,"Full Moon o Sagashite, Vol. 1",book,"Arina Tanemura, Tomo Kimura",1
b1513,"Lover Mine (Black Dagger Brotherhood, #8)",book,J.R. Ward,1
b2287,"At Grave's End (Night Huntress, #3)",book,Jeaniene Frost,1
b3684,The Hellbound Heart,book,Clive Barker,1
b6330,"The Shining Ones (The Tamuli, #2)",book,David Eddings,1
b569,"The Angel Experiment (Maximum Ride, #1)",book,James Patterson,1
b850,"Mr. Penumbra's 24-Hour Bookstore (Mr. Penumbra's 24-Hour Bookstore, #1)",book,Robin Sloan,1
b4874,"Fables, Vol. 4: March of the Wooden Soldiers",book,"Bill Willingham, Mark Buckingham, Craig Hamilton, Steve Leialoha, P. Craig Russell",1
b2917,The Worst Hard Time: The Untold Story of Those Who Survived the Great American Dust Bowl,book,Timothy Egan,1
b5800,"Castle Roogna (Xanth, #3)",book,Piers Anthony,1
b3679,"Scott Pilgrim, Volume 6: Scott Pilgrim's Finest Hour",book,Bryan Lee O'Malley,1
b1959,"Finger Lickin' Fifteen (Stephanie Plum, #15)",book,Janet Evanovich,1
b4993,"Shadow of a Dark Queen (The Serpentwar Saga, #1)",book,Raymond E. Feist,1
b2357,The Botany of Desire: A Plant's-Eye View of the World,book,Michael Pollan,1
b7301,"To Sir Phillip, With Love (Bridgertons, #5)",book,Julia Quinn,1
b2569,"A Princess of Mars (Barsoom, #1)",book,"Edgar Rice Burroughs, John Seelye",1
b2592,The Stranger Beside Me: Ted Bundy The Shocking Inside Story,book,Ann Rule,1
b2133,Caleb's Crossing,book,Geraldine Brooks,1
b4069,East,book,Edith Pattou,1
b443,Just Listen,book,Sarah Dessen,1
b5649,The Hating Game,book,Sally   Thorne,1
b9711,"The Wandering Fire (The Fionavar Tapestry, #2)",book,Guy Gavriel Kay,1
b5494,"Half the World (Shattered Sea, #2)",book,Joe Abercrombie,1
b1039,"Pride and Prejudice and Zombies (Pride and Prejudice and Zombies, #1)",book,"Seth Grahame-Smith, Jane Austen",1
b727,The Reader,book,"Bernhard Schlink, Carol Brown Janeway",1
b327,"Legend (Legend, #1)",book,Marie Lu,1
b5652,"Goliath (Leviathan, #3)",book,"Scott Westerfeld, Keith Thompson",1
b1108,The Complete Fairy Tales,book,"Hans Christian Andersen, Lily Owens, Arthur Rackham, Hans Richter",1
b3188,"Hammered (The Iron Druid Chronicles, #3)",book,Kevin Hearne,1
b4017,"The Pale Horseman (The Saxon Stories, #2)",book,Bernard Cornwell,1
b1518,One Day in the Life of Ivan Denisovich,book,"Aleksandr Solzhenitsyn, H.T. Willetts",1
b3319,"Skulduggery Pleasant (Skulduggery Pleasant, #1)",book,"Derek Landy, Tom Percival",1
b7918,Madame Tussaud: A Novel of the French Revolution,book,Michelle Moran,1
b1456,"Grip of the Shadow Plague (Fablehaven, #3)",book,Brandon Mull,1
b2887,"For a Few Demons More (The Hollows, #5)",book,Kim Harrison,1
b397,Perfume: The Story of a Murderer,book,"Patrick Süskind, John E. Woods",1
b6162,"When He was Wicked (Bridgertons, #6)",book,Julia Quinn,1
b3717,The Social Contract,book,"Jean-Jacques Rousseau, Maurice Cranston",1
b8893,"The Other Wind (Earthsea Cycle, #6)",book,Ursula K. Le Guin,1
b2083,The Darkest Night (Lords of the Underworld #1),book,Gena Showalter,1
b9876,"Froi of the Exiles (Lumatere Chronicles, #2)",book,Melina Marchetta,1
b787,Sh*t My Dad Says,book,Justin Halpern,1
b3309,"Side Jobs: Stories from the Dresden Files (The Dresden Files, #12.5)",book,Jim Butcher,1
b1139,The Tommyknockers,book,Stephen King,1
b5502,"Kamisama Kiss, Vol. 1",book,"Julietta Suzuki, Tomo Kimura",1
b7233,How to Talk So Kids Will Listen & Listen So Kids Will Talk,book,"Adele Faber, Elaine Mazlish, Kimberly Ann Coe",1
b3534,"The Broken Eye (Lightbringer, #3)",book,Brent Weeks,1
b6472,"The Hidden City (The Tamuli, #3)",book,David Eddings,1
b2352,The Regulators,book,"Richard Bachman, Stephen King",1
b315,Who Moved My Cheese?,book,"Spencer Johnson, Kenneth H. Blanchard",1
b5256,Death by Black Hole - And Other Cosmic Quandaries,book,Neil deGrasse Tyson,1
b970,"Steelheart (The Reckoners, #1)",book,Brandon Sanderson,1
b1051,One Thousand White Women: The Journals of May Dodd (One Thousand White Women#1),book,Jim Fergus,1
b2186,The Six Wives of Henry VIII,book,Alison Weir,1
b2763,Medea,book,"Euripides, Rex Warner",1
b367,"Odd Thomas (Odd Thomas, #1)",book,Dean Koontz,1
b694,Love the One You're With,book,Emily Giffin,1
b5641,"Speaking from Among the Bones (Flavia de Luce, #5)",book,Alan Bradley,1
b2652,H is for Hawk,book,Helen Macdonald,1
b7618,"Grave Witch (Alex Craft, #1)",book,Kalayna Price,1
b3782,"The Ghost Map: The Story of London's Most Terrifying Epidemic - and How It Changed Science, Cities, and the Modern World",book,Steven Johnson,1
b3957,"B is for Burglar  (Kinsey Millhone, #2)",book,Sue Grafton,1
b830,The DUFF: Designated Ugly Fat Friend,book,Kody Keplinger,1
b2567,"Blood Red Road (Dust Lands, #1)",book,Moira Young,1
b2555,Kindred,book,Octavia E. Butler,1
b2896,Drama,book,"Raina Telgemeier, Gurihiru",1
b9270,Rose Daughter,book,Robin McKinley,1
b46,Water for Elephants,book,Sara Gruen,1
b2504,"Sin City, Vol. 1: The Hard Goodbye (Sin City, #1)",book,Frank Miller,1
b3153,"The Bride (Lairds' Fiancées, #1)",book,Julie Garwood,1
b3437,Slave to Sensation (Psy-Changeling #1),book,Nalini Singh,1
b1325,"The Likeness (Dublin Murder Squad, #2)",book,Tana French,1
b1253,"Mary Poppins (Mary Poppins, #1)",book,"P.L. Travers, Mary Shepard",1
b5877,"Moreta: Dragonlady of Pern (Pern, #7)",book,Anne McCaffrey,1
b477,"Killing Floor (Jack Reacher, #1)",book,Lee Child,1
b44,"The Notebook (The Notebook, #1)",book,Nicholas Sparks,1
b2728,"Abaddon's Gate (The Expanse, #3)",book,James S.A. Corey,1
b3739,"Many Waters (A Wrinkle in Time Quintet, #4)",book,Madeleine L'Engle,1
b647,Baby Proof,book,Emily Giffin,1
b3528,Missoula: Rape and the Justice System in a College Town,book,Jon Krakauer,1
b686,"The Wedding (The Notebook, #2)",book,Nicholas Sparks,1
b3948,Henry V,book,"William Shakespeare, Barbara A. Mowat, Paul Werstine",1
b6135,"Mistress of the Empire (The Empire Trilogy, #3)",book,"Raymond E. Feist, Janny Wurts",1
b5173,"Y: The Last Man, Vol. 4: Safeword (Y: The Last Man, #4)",book,"Brian K. Vaughan, Pia Guerra, Goran Parlov, José Marzán Jr.",1
b1404,Catherine the Great: Portrait of a Woman,book,Robert K. Massie,1
b8085,"Magic Steps (The Circle Opens, #1)",book,Tamora Pierce,1
b3002,Sons and Lovers,book,"D.H. Lawrence, Geoff Dyer",1
b8222,"Vision of the Future (Star Wars: The Hand of Thrawn, #2)",book,Timothy Zahn,1
b2930,"The Outlaw Demon Wails (The Hollows, #6)",book,Kim Harrison,1
b8783,"Jedi Search (Star Wars: The Jedi Academy Trilogy, #1)",book,Kevin J. Anderson,1
b465,In Her Shoes,book,Jennifer Weiner,1
b1890,"The Indigo Spell (Bloodlines, #3)",book,Richelle Mead,1
b2762,"Angels' Blood (Guild Hunter, #1)",book,Nalini Singh,1
b752,"Crown of Midnight (Throne of Glass, #2)",book,Sarah J. Maas,1
b9424,"Tales from Earthsea (Earthsea Cycle, #5)",book,Ursula K. Le Guin,1
b178,The Bell Jar,book,Sylvia Plath,1
b1888,"The Spirit Catches You and You Fall Down: A Hmong Child, Her American Doctors, and the Collision of Two Cultures",book,Anne Fadiman,1
b3858,"Interesting Times (Discworld, #17; Rincewind #5)",book,Terry Pratchett,1
b7101,"Magic Shifts (Kate Daniels, #8)",book,Ilona Andrews,1
b4413,"Mistress of the Art of Death (Mistress of the Art of Death, #1)",book,Ariana Franklin,1
b2420,The Demigod Files (Percy Jackson and the Olympians),book,Rick Riordan,1
b856,"Gathering Blue (The Giver, #2)",book,Lois Lowry,1
b813,Landline,book,Rainbow Rowell,1
b2052,"The Oedipus Cycle: Oedipus Rex/Oedipus at Colonus/Antigone (The Theban Plays, #1–3)",book,"Sophocles, Dudley Fitts, Elena Bono, Robert Fitzgerald",1
b7300,The World of Ice & Fire: The Untold History of Westeros and the Game of Thrones,book,"George R.R. Martin, Elio M. García Jr., Linda Antonsson",1
b973,"The Happiness Project: Or Why I Spent a Year Trying to Sing in the Morning, Clean My Closets, Fight Right, Read Aristotle, and Generally Have More Fun",book,Gretchen Rubin,1
b2946,Flow: The Psychology of Optimal Experience,book,Mihaly Csikszentmihalyi,1
b386,"Island of the Blue Dolphins (Island of the Blue Dolphins, #1)",book,Scott O'Dell,1
b1810,Furiously Happy: A Funny Book About Horrible Things,book,Jenny  Lawson,1
b5047,"The Scar (Bas-Lag, #2)",book,China Miéville,1
b3451,Letters to a Young Poet,book,"Rainer Maria Rilke, Reginald Snell, Franz Xaver Kappus",1
b2486,The Buried Giant,book,Kazuo Ishiguro,1
b1219,"The Coincidence of Callie & Kayden (The Coincidence, #1)",book,Jessica Sorensen,1
b2875,Of Human Bondage,book,"W. Somerset Maugham, Benjamin DeMott, Maeve Binchy",1
b3570,"Mayflower: A Story of Courage, Community, and War",book,Nathaniel Philbrick,1
b5672,"Reaper's Gale (The Malazan Book of the Fallen, #7)",book,Steven Erikson,1
b7516,"Mars, Volume 01",book,Fuyumi Soryo,1
b2826,"Lick (Stage Dive, #1)",book,Kylie Scott,1
b2305,Escape from Camp 14: One Man's Remarkable Odyssey from North Korea to Freedom in the West,book,Blaine Harden,1
b6425,"Here be Dragons (Welsh Princes, #1)",book,Sharon Kay Penman,1
b1209,"The Marriage Bargain (Marriage to a Billionaire, #1)",book,Jennifer Probst,1
b586,"A Great and Terrible Beauty (Gemma Doyle, #1)",book,Libba Bray,1
b9408,"The Darkest Road (The Fionavar Tapestry, #3)",book,Guy Gavriel Kay,1
b5858,"Cards on the Table (Hercule Poirot, #15)",book,Agatha Christie,1
b4064,From Hell,book,"Alan Moore, Eddie Campbell, Pete Mullins",1
b2885,Dewey: The Small-Town Library Cat Who Touched the World,book,"Vicki Myron, Bret Witter",1
b9729,"The Duchess War (Brothers Sinister, #1)",book,Courtney Milan,1
b6601,"Prince of the Blood (Krondor's Sons, #1)",book,Raymond E. Feist,1
b1385,The Bone Clocks,book,David Mitchell,1
b1265,"Maus II: A Survivor's Tale: And Here My Troubles Began (Maus, #2)",book,Art Spiegelman,1
b3459,Les Liaisons dangereuses,book,"Pierre-Ambroise Choderlos de Laclos, Douglas Parmée",1
b2177,Dead Souls,book,"Nikolai Gogol, Robert A. Maguire",1
b1930,"Dance Upon the Air (Three Sisters Island, #1)",book,Nora Roberts,1
b1791,"Austenland (Austenland, #1)",book,Shannon Hale,1
b7986,"Kushiel's Justice (Imriel's Trilogy, #2)",book,Jacqueline Carey,1
b4295,"The Cruelest Month (Chief Inspector Armand Gamache, #3)",book,Louise Penny,1
b3562,"Martin the Warrior (Redwall, #6)",book,Brian Jacques,1
b4305,"Night Broken (Mercy Thompson, #8)",book,Patricia Briggs,1
b6212,"Peril at End House (Hercule Poirot, #8)",book,Agatha Christie,1
b2513,"Black House (The Talisman, #2)",book,"Stephen King, Peter Straub",1
b7325,"Rhapsody: Child of Blood (Symphony of Ages, #1)",book,Elizabeth Haydon,1
b1516,The Black Swan: The Impact of the Highly Improbable,book,Nassim Nicholas Taleb,1
b2958,"Gödel, Escher, Bach: An Eternal Golden Braid",book,Douglas R. Hofstadter,1
b7864,Shadows of the Empire (Star Wars),book,Steve Perry,1
b5247,"The Great Book of Amber (The Chronicles of Amber, #1-10)",book,Roger Zelazny,1
b2724,Hiroshima,book,John Hersey,1
b1840,Fantasy Lover (Dark-Hunterverse #1),book,Sherrilyn Kenyon,1
b7318,"Her Royal Spyness (Her Royal Spyness Mysteries, #1)",book,Rhys Bowen,1
b1708,The Paying Guests,book,Sarah Waters,1
b1751,"Born in Fire (Born In Trilogy, #1)",book,Nora Roberts,1
b3917,"Hellsing, Vol. 01 (Hellsing, #1)",book,"Kohta Hirano, Duane Johnson",1
b713,"Prodigy (Legend, #2)",book,Marie Lu,1
b5147,"Rise of a Merchant Prince (The Serpentwar Saga, #2)",book,Raymond E. Feist,1
b738,"Mrs. Frisby and the Rats of NIMH (Rats of NIMH, #1)",book,Robert C. O'Brien,1
b5075,"How to Train Your Dragon (How to Train Your Dragon, #1)",book,Cressida Cowell,1
b3099,Pandora's Star,book,Peter F. Hamilton,1
b5469,"Abarat (Abarat, #1)",book,Clive Barker,1
b685,"Gone (Gone, #1)",book,Michael  Grant,1
b4507,"Y: The Last Man, Vol. 5: Ring of Truth (Y: The Last Man, #5)",book,"Brian K. Vaughan, Pia Guerra, José Marzán Jr.",1
b622,Nights in Rodanthe,book,Nicholas Sparks,1
b5907,Our Mutual Friend,book,Charles Dickens,1
b2969,The City & the City,book,China Miéville,1
b7660,"Fables, Vol. 5: The Mean Seasons",book,"Bill Willingham, Mark Buckingham, Steve Leialoha, Tony Akins, Jimmy Palmiotti",1
b5574,Revolution,book,Jennifer Donnelly,1
b494,The Secret History,book,Donna Tartt,1
b3854,"Black Bird, Vol. 01 (Black Bird, #1)",book,"Kanoko Sakurakouji, JN Productions, Pancha Diaz",1
b1966,"Jewels of the Sun (Gallaghers of Ardmore, #1)",book,Nora Roberts,1
b3789,"Physics of the Impossible: A Scientific Exploration into the World of Phasers, Force Fields, Teleportation, and Time Travel",book,Michio Kaku,1
b275,An Abundance of Katherines,book,John Green,1
b2275,"Destined for an Early Grave (Night Huntress, #4)",book,Jeaniene Frost,1
b8959,"Radiance (Wraith Kings, #1)",book,Grace Draven,1
b3645,Bad Science,book,Ben Goldacre,1
b1941,Night Film,book,Marisha Pessl,1
b1398,"Extras (Uglies, #4)",book,Scott Westerfeld,1
b7736,"Lord of Scoundrels (Scoundrels, #3)",book,Loretta Chase,1
b43,Jane Eyre,book,"Charlotte Brontë, Michael Mason",1
b8636,"Vector Prime (Star Wars: The New Jedi Order, #1)",book,R.A. Salvatore,1
b174,The Shack,book,William Paul Young,1
b2120,"The Necromancer  (The Secrets of the Immortal Nicholas Flamel, #4)",book,Michael Scott,1
b6378,"The Wallflower, Vol. 1 (The Wallflower, #1)",book,"Tomoko Hayakawa, David Ury",1
b2944,"The Truth (Discworld, #25; Industrial Revolution, #2)",book,Terry Pratchett,1
b6512,"The Mirror Crack'd from Side to Side (Miss Marple, #9)",book,Agatha Christie,1
b6767,"The Dead in Their Vaulted Arches (Flavia de Luce, #6)",book,Alan Bradley,1
b7653,Tiger Lily,book,Jodi Lynn Anderson,1
b2817,Chapterhouse: Dune (Dune Chronicles #6),book,Frank Herbert,1
b4824,Smoke Gets in Your Eyes: And Other Lessons from the Crematory,book,Caitlin Doughty,1
b8492,Sailing Alone Around the Room: New and Selected Poems,book,Billy Collins,1
b2888,"The Secret Place (Dublin Murder Squad, #5)",book,Tana French,1
b1012,The Secret Keeper,book,Kate Morton,1
b4910,Just Like Heaven (Smythe-Smith Quartet #1),book,Julia Quinn,1
b3673,"White Witch, Black Curse (The Hollows, #7)",book,Kim Harrison,1
b2218,Ancillary Justice (Imperial Radch #1),book,Ann Leckie,1
b6022,The Complete Poems,book,John Keats,1
b3013,The Last Colony (Old Man's War #3),book,John Scalzi,1
b4880,Apology,book,"Plato, James J. Helm",1
b3629,"Ranma ½, Vol. 1 (Ranma ½ (US 2nd), #1)",book,Rumiko Takahashi,1
b2377,"Through the Ever Night (Under the Never Sky, #2)",book,Veronica Rossi,1
b8718,"Romancing the Duke (Castles Ever After, #1)",book,Tessa Dare,1
b5793,"The Heart of Betrayal (The Remnant Chronicles, #2)",book,Mary E. Pearson,1
b7642,"Rebel Spring (Falling Kingdoms, #2)",book,"Morgan Rhodes, Michelle Rowen",1
b808,The Invention of Hugo Cabret,book,Brian Selznick,1
b3644,"On Basilisk Station (Honor Harrington, #1)",book,David Weber,1
b7349,The Guns of Avalon (The Chronicles of Amber #2),book,Roger Zelazny,1
b236,Into Thin Air: A Personal Account of the Mount Everest Disaster,book,Jon Krakauer,1
b8414,"Rose Under Fire (Code Name Verity, #2)",book,Elizabeth Wein,1
b2041,Lisey's Story,book,Stephen King,1
b3592,"Smaragdgrün (Edelstein-Trilogie, #3)",book,Kerstin Gier,1
b710,"Julie and Julia: 365 Days, 524 Recipes, 1 Tiny Apartment Kitchen: How One Girl Risked Her Marriage, Her Job, and Her Sanity to Master the Art of Living",book,Julie Powell,1
b2581,"Mini Shopaholic (Shopaholic, #6)",book,Sophie Kinsella,1
b1833,"These Is My Words: The Diary of Sarah Agnes Prine, 1881-1901, Arizona Territories (Sarah Agnes Prine, #1)",book,Nancy E. Turner,1
b2312,"Shadow Puppets (Ender's Shadow, #3)",book,Orson Scott Card,1
b4661,Pale Blue Dot: A Vision of the Human Future in Space,book,"Carl Sagan, Ann Druyan",1
b8274,"The Bird and the Sword (The Bird and the Sword Chronicles, #1)",book,Amy Harmon,1
b3952,A Gentleman in Moscow,book,Amor Towles,1
b1894,Wedding Night,book,Sophie Kinsella,1
b5674,"Locke & Key, Vol. 3: Crown of Shadows",book,"Joe Hill, Gabriel Rodríguez",1
b3491,Just Mercy: A Story of Justice and Redemption,book,Bryan Stevenson,1
b5665,"Murder in Mesopotamia (Hercule Poirot, #14)",book,Agatha Christie,1
b611,The Silmarillion (Middle-Earth Universe),book,"J.R.R. Tolkien, Christopher Tolkien, Ted Nasmith",1
b1333,Benjamin Franklin: An American Life,book,Walter Isaacson,1
b3205,Cycle of the Werewolf,book,"Stephen King, Bernie Wrightson",1
b5861,"Appointment with Death (Hercule Poirot, #19)",book,Agatha Christie,1
b2175,Alexander Hamilton,book,Ron Chernow,1
b2317,"Night Pleasures (Dark-Hunter, #1)",book,Sherrilyn Kenyon,1
b3270,An Astronaut's Guide to Life on Earth,book,Chris Hadfield,1
b4506,"C is for Corpse  (Kinsey Millhone, #3)",book,Sue Grafton,1
b1626,"Secrets of the Dragon Sanctuary (Fablehaven, #4)",book,Brandon Mull,1
b5085,The Rest of Us Just Live Here,book,Patrick Ness,1
b8931,The Ladies of Grace Adieu and Other Stories,book,"Susanna Clarke, Charles Vess",1
b5458,"Jo's Boys (Little Women, #3)",book,Louisa May Alcott,1
b6855,"The Innocent Mage (Kingmaker, Kingbreaker, #1)",book,Karen Miller,1
b4925,Nation,book,Terry Pratchett,1
b2795,Archer's Voice,book,Mia Sheridan,1
b6725,Kitty and the Midnight Hour (Kitty Norville #1),book,Carrie Vaughn,1
b5560,The Magic of Recluce (The Saga of Recluce #1),book,L.E. Modesitt Jr.,1
b2697,"Firelight (Firelight, #1)",book,Sophie Jordan,1
b2816,"Tiger's Curse (The Tiger Saga, #1)",book,Colleen Houck,1
b4695,Discourse on Method and Meditations on First Philosophy,book,"René Descartes, Donald A. Cress",1
b1066,"The Summer I Turned Pretty (Summer, #1)",book,Jenny Han,1
b1849,"Just One Day (Just One Day, #1)",book,Gayle Forman,1
b1515,Infidel,book,Ayaan Hirsi Ali,1
b9993,The Time Traveller's Guide to Medieval England: A Handbook for Visitors to the Fourteenth Century,book,Ian Mortimer,1
b4257,"The Legacy (Forgotten Realms: Legacy of the Drow, #1; Legend of Drizzt, #7)",book,R.A. Salvatore,1
b8595,"Burn for Me (Hidden Legacy, #1)",book,Ilona Andrews,1
b1015,Steppenwolf,book,"Hermann Hesse, Basil Creighton",1
b5957,"The King's Buccaneer (Krondor's Sons, #2)",book,Raymond E. Feist,1
b5951,"Toll the Hounds (The Malazan Book of the Fallen, #8)",book,Steven Erikson,1
b3791,The Crimson Petal and the White,book,Michel Faber,1
b7406,"MeruPuri, Vol. 1 (MeruPuri, #1)",book,Matsuri Hino,1
b3445,"Succubus Blues (Georgina Kincaid, #1)",book,Richelle Mead,1
b1354,The Strange Case of Dr. Jekyll and Mr. Hyde and Other Tales of Terror,book,"Robert Louis Stevenson, Robert Mighall",1
b2094,"Smokin' Seventeen (Stephanie Plum, #17)",book,"Janet Evanovich, Lorelei King",1
b7006,"The Mystery of the Blue Train (Hercule Poirot, #6)",book,Agatha Christie,1
b3710,"A Kingdom of Dreams (Westmoreland, #1)",book,Judith McNaught,1
b5671,"The Magician's Apprentice (Black Magician, #0.5)",book,Trudi Canavan,1
b582,"Rich Dad, Poor Dad",book,Robert T. Kiyosaki,1
b7442,"It's in His Kiss (Bridgertons, #7)",book,Julia Quinn,1
b9947,"Magonia (Magonia, #1)",book,Maria Dahvana Headley,1
b6431,"Path of Destruction (Star Wars: Darth Bane, #1)",book,Drew Karpyshyn,1
b7991,"Hallowe'en Party (Hercule Poirot, #36)",book,Agatha Christie,1
b8142,"Forest Mage (Soldier Son, #2)",book,Robin Hobb,1
b1556,"Opal (Lux, #3)",book,Jennifer L. Armentrout,1
b5291,"Fushigi Yûgi: The Mysterious Play, Vol. 1: Priestess",book,"Yuu Watase, Yuji Oniki",1
b1295,"Never Too Far (Rosemary Beach, #2; Too Far, #2)",book,Abbi Glines,1
b6353,Kraken,book,China Miéville,1
b2782,"Transmetropolitan, Vol. 1: Back on the Street (Transmetropolitan, #1)",book,"Warren Ellis, Darick Robertston, Garth Ennis",1
b1217,"The Witching Hour (Lives of the Mayfair Witches, #1)",book,Anne Rice,1
b9795,"Silent in the Grave (Lady Julia Grey, #1)",book,Deanna Raybourn,1
b571,The Guardian,book,Nicholas Sparks,1
b2068,Out of the Dust,book,Karen Hesse,1
b5572,"Again the Magic (Wallflowers, #0)",book,Lisa Kleypas,1
b274,The Godfather,book,"Mario Puzo, Robert Thompson, Peter Bart",1
b1989,"Soul of the Fire (Sword of Truth, #5)",book,Terry Goodkind,1
b3508,"Swann's Way (In Search of Lost Time, #1)",book,"Marcel Proust, Simon Vance, Lydia Davis",1
b756,"The Iron King (The Iron Fey, #1)",book,Julie Kagawa,1
b245,Bridge to Terabithia,book,Katherine Paterson,1
b716,The Choice,book,Nicholas Sparks,1
b615,This Lullaby,book,Sarah Dessen,1
b1557,Zeitoun,book,Dave Eggers,1
b3830,"Love That Dog (Jack, #1)",book,Sharon Creech,1
b8332,"The Will of the Empress (Circle Reforged, #1)",book,Tamora Pierce,1
b4870,Shirley,book,"Charlotte Brontë, Lucasta Miller, collaborative, Jessica Cox",1
b2138,"Sizzling Sixteen (Stephanie Plum, #16)",book,Janet Evanovich,1
b1799,"Demonglass (Hex Hall, #2)",book,Rachel Hawkins,1
b5586,"Y: The Last Man, Vol. 6: Girl on Girl (Y: The Last Man, #6)",book,"Brian K. Vaughan, Pia Guerra, Goran Sudžuka, José Marzán Jr.",1
b8215,"The Moving Finger (Miss Marple, #4)",book,Agatha Christie,1
b4922,"Whispers Under Ground (Peter Grant, #3)",book,Ben Aaronovitch,1
b7519,"Centaur Aisle (Xanth, #4)",book,Piers Anthony,1
b5536,"Mariel of Redwall (Redwall, #4)",book,"Brian Jacques, Gary Chalk",1
b157,Green Eggs and Ham,book,"Dr. Seuss, לאה נאור",1
b4827,20th Century Ghosts,book,"Joe Hill, Christopher Golden",1
b3838,"Pleasure Unbound (Demonica, #1)",book,Larissa Ione,1
b9157,The Redemption of Althalus,book,"David Eddings, Leigh Eddings",1
b6058,"Chrzest ognia (Saga o Wiedźminie, #5)",book,Andrzej Sapkowski,1
b2979,Just After Sunset,book,Stephen King,1
b9814,"Champions of the Force (Star Wars: The Jedi Academy Trilogy, #3)",book,Kevin J. Anderson,1
b1680,"Blue Dahlia (In the Garden, #1)",book,Nora Roberts,1
b1168,The Tao of Pooh,book,"Benjamin Hoff, Ernest H. Shepard",1
b1056,The Zombie Survival Guide: Complete Protection from the Living Dead,book,Max Brooks,1
b802,Abraham Lincoln: Vampire Hunter,book,Seth Grahame-Smith,1
b820,The Remains of the Day,book,Kazuo Ishiguro,1
b68,The Perks of Being a Wallflower,book,Stephen Chbosky,1
b2187,We,book,"Yevgeny Zamyatin, Clarence Brown",1
b2159,"Sea Swept (Chesapeake Bay Saga, #1)",book,Nora Roberts,1
b5849,Daytripper,book,"Fábio Moon, Gabriel Bá, Craig Thompson, Dave Stewart, Sean Konot",1
b173,A Clockwork Orange,book,Anthony Burgess,1
b3478,"Tricked (The Iron Druid Chronicles, #4)",book,Kevin Hearne,1
b4329,"Rot & Ruin (Rot & Ruin, #1)",book,Jonathan Maberry,1
b5954,A Head Full of Ghosts,book,Paul Tremblay,1
b2185,"Bully (Fall Away, #1)",book,Penelope Douglas,1
b9429,"Rogue Squadron (Star Wars: X-Wing, #1)",book,Michael A. Stackpole,1
b7226,"The Wounded Land (The Second Chronicles of Thomas Covenant, #1)",book,Stephen R. Donaldson,1
b7606,Tractatus Logico-Philosophicus,book,Ludwig Wittgenstein,1
b552,The Rescue,book,Nicholas Sparks,1
b6544,The Heretic Queen,book,Michelle Moran,1
b1803,"The Awakening / The Struggle (The Vampire Diaries, #1-2)",book,L.J. Smith,1
b1153,"A Dirty Job (Grim Reaper, #1)",book,Christopher Moore,1
b925,Daughter of Fortune,book,"Isabel Allende, Margaret Sayers Peden",1
b3941,"The Winter King (The Warlord Chronicles, #1)",book,Bernard Cornwell,1
b8320,Un Lun Dun,book,China Miéville,1
b3824,"Glory in Death (In Death, #2)",book,J.D. Robb,1
b3887,The Secret (Highlands' Lairds #1),book,Julie Garwood,1
b5375,"The Secret Diaries of Miss Miranda Cheever (Bevelstoke, #1)",book,Julia Quinn,1
b3800,Just the Sexiest Man Alive,book,Julie James,1
b4401,"A Rule Against Murder (Chief Inspector Armand Gamache, #4)",book,Louise Penny,1
b9504,"The Obelisk Gate (The Broken Earth, #2)",book,N.K. Jemisin,1
b533,Go Set a Watchman,book,Harper Lee,1
b4310,"Lords of the North (The Saxon Stories, #3)",book,Bernard Cornwell,1
b8592,"Kushiel's Mercy (Imriel's Trilogy, #3)",book,Jacqueline Carey,1
b2430,"Grave Sight (Harper Connelly, #1)",book,Charlaine Harris,1
b7632,"Passenger (Passenger, #1)",book,Alexandra Bracken,1
b4347,The Heretic's Daughter,book,Kathleen Kent,1
b4885,The Terror,book,Dan Simmons,1
b4687,"The Seeing Stone (The Spiderwick Chronicles, #2)",book,"Holly Black, Tony DiTerlizzi",1
b2916,"Partials (Partials Sequence, #1)",book,Dan Wells,1
b3949,Politics,book,Aristotle,1
b1405,"The Year of the Flood  (MaddAddam, #2)",book,Margaret Atwood,1
b6078,"Curtain (Hercule Poirot, #39)",book,Agatha Christie,1
b1190,Rules of Civility,book,Amor Towles,1
b3814,"Black Magic Sanction (The Hollows, #8)",book,Kim Harrison,1
b382,"Will Grayson, Will Grayson",book,"John Green, David Levithan",1
b6260,"Fire Touched (Mercy Thompson, #9)",book,Patricia Briggs,1
b6480,The Sunne in Splendour,book,Sharon Kay Penman,1
b7244,"Blood of Dragons (Rain Wild Chronicles, #4)",book,Robin Hobb,1
b4183,The Canterville Ghost,book,"Oscar Wilde, Inga Moore",1
b6087,"Hercule Poirot's Christmas (Hercule Poirot, #20)",book,Agatha Christie,1
b6296,Crown Duel (Crown & Court #1-2),book,Sherwood Smith,1
b7981,"Cold Fire (The Circle Opens, #3)",book,Tamora Pierce,1
b5357,"Rage of a Demon King (The Serpentwar Saga, #3)",book,Raymond E. Feist,1
b2971,"Magic Strikes (Kate Daniels, #3)",book,Ilona Andrews,1
b5181,"Y: The Last Man, Vol. 7: Paper Dolls (Y: The Last Man, #7)",book,"Brian K. Vaughan, Pia Guerra, Goran Sudžuka, José Marzán Jr.",1
b2613,We Should All Be Feminists,book,Chimamanda Ngozi Adichie,1
b8132,"The Forest House (Avalon, #2)",book,"Marion Zimmer Bradley, Diana L. Paxson",1
b2590,Tiny Beautiful Things: Advice on Love and Life from Dear Sugar,book,Cheryl Strayed,1
b783,"Hunted (House of Night, #5)",book,"P.C. Cast, Kristin Cast",1
b6468,"Ms. Marvel, Vol. 2: Generation Why",book,"G. Willow Wilson, Adrian Alphona, Jacob Wyatt",1
b4494,"Y: The Last Man, Vol. 8: Kimono Dragons (Y: The Last Man, #8)",book,"Brian K. Vaughan, Pia Guerra, Goran Sudžuka, José Marzán Jr.",1
b8568,"The Crown Conspiracy (The Riyria Revelations, #1)",book,Michael J. Sullivan,1
b6596,"Murder of Crows (The Others, #2)",book,Anne Bishop,1
b3332,The Coldest Girl in Coldtown,book,Holly Black,1
b6002,"Bearing an Hourglass (Incarnations of Immortality, #2)",book,Piers Anthony,1
b5086,The Lady Elizabeth,book,Alison Weir,1
b9644,"My Lady Jane (The Lady Janies, #1)",book,"Cynthia Hand, Brodi Ashton, Jodi Meadows",1
b5981,"Unspoken (The Lynburn Legacy, #1)",book,Sarah Rees Brennan,1
b1639,The True Confessions of Charlotte Doyle,book,Avi,1
b1988,Zealot: The Life and Times of Jesus of Nazareth,book,Reza Aslan,1
b7635,"A Pocket Full of Rye (Miss Marple, #7)",book,Agatha Christie,1
b2069,"Queen of Babble (Queen of Babble, #1)",book,Meg Cabot,1
b3686,Remarkable Creatures ,book,Tracy Chevalier,1
b2709,The Red and the Black,book,"Stendhal, Roger Gard",1
b5921,"Sleeping Giants (Themis Files, #1)",book,Sylvain Neuvel,1
b6037,Capital in the Twenty-First Century,book,"Thomas Piketty, Arthur Goldhammer",1
b3819,"Pale Demon (The Hollows, #9)",book,Kim Harrison,1
b5341,"To Say Nothing of the Dog (Oxford Time Travel, #2)",book,Connie Willis,1
b1553,"Circus of the Damned (Anita Blake, Vampire Hunter, #3)",book,Laurell K. Hamilton,1
b1808,"Morning Star (Red Rising, #3)",book,Pierce Brown,1
b1920,The Luminaries,book,Eleanor Catton,1
b1785,The Yellow Wallpaper and Other Stories,book,Charlotte Perkins Gilman,1
b902,"The Black Echo (Harry Bosch, #1; Harry Bosch Universe, #1)",book,Michael Connelly,1
b7305,The War that Saved My Life (The War That Saved My Life #1),book,"Kimberly Brubaker Bradley, مرضیه ورشوساز",1
b1973,The Interpretation of Dreams,book,Sigmund Freud,1
b123,"The Firm (Penguin Readers, Level 5)",book,John Grisham,1
b7208,"Cat Among the Pigeons (Hercule Poirot, #32)",book,Agatha Christie,1
b1682,"The Magician King (The Magicians, #2)",book,Lev Grossman,1
b7808,"The Daughter of Time (Inspector Alan Grant, #5)",book,Josephine Tey,1
b6967,"Touch the Dark (Cassandra Palmer, #1)",book,Karen Chance,1
b5027,Genome: the Autobiography of a Species in 23 Chapters,book,Matt Ridley,1
b1906,"Rules of Attraction (Perfect Chemistry, #2)",book,Simone Elkeles,1
b4188,"Catherine, Called Birdy",book,Karen Cushman,1
b1411,Native Son,book,Richard Wright,1
b4367,The Swerve: How the World Became Modern,book,Stephen Greenblatt,1
b5505,"Five Little Pigs (Hercule Poirot, #24)",book,Agatha Christie,1
b4552,"The Beautiful Mystery (Chief Inspector Armand Gamache, #8)",book,Louise Penny,1
b5331,"Y: The Last Man, Vol. 9: Motherland (Y: The Last Man, #9)",book,"Brian K. Vaughan, Pia Guerra, Goran Sudžuka, José Marzán Jr.",1
b5923,The Sandman: Endless Nights,book,"Neil Gaiman, Barron Storey, Bill Sienkiewicz, Glenn Fabry, Dave McKean, P. Craig Russell, Milo Manara, Miguelanxo Prado, Frank Quitely, Todd Klein",1
b3915,"Spin (Spin, #1)",book,Robert Charles Wilson,1
b2003,Circling the Sun,book,Paula McLain,1
b2134,"Evernight (Evernight, #1)",book,Claudia Gray,1
b7198,Existentialism Is a Humanism,book,"Jean-Paul Sartre, Arlette Elkaïm-Sartre, Annie Cohen-Solal, Carol Macomber",1
b1735,"Size 12 Is Not Fat (Heather Wells, #1)",book,Meg Cabot,1
b7793,"The Ambassador's Mission (Traitor Spy Trilogy, #1)",book,Trudi Canavan,1
b7820,"Night Mare (Xanth, #6)",book,Piers Anthony,1
b3618,Wishful Drinking,book,Carrie Fisher,1
b821,The Best of Me,book,Nicholas Sparks,1
b945,"Passion (Fallen, #3)",book,Lauren Kate,1
b4578,"Salamandastron (Redwall, #5)",book,"Brian Jacques, Gary Chalk",1
b1512,Twelve Years a Slave,book,Solomon Northup,1
b3435,"Fortunately, the Milk",book,"Neil Gaiman, Skottie Young",1
b1593,"Magician: Apprentice (The Riftwar Saga, #1)",book,Raymond E. Feist,1
b3189,No Rest for the Wicked (Immortals After Dark #3),book,Kresley Cole,1
b405,Breakfast of Champions,book,Kurt Vonnegut Jr.,1
b6211,"The Big Four (Hercule Poirot, #5)",book,Agatha Christie,1
b3586,The Shock Doctrine: The Rise of Disaster Capitalism,book,Naomi Klein,1
b2143,Kingdom Come,book,"Mark Waid, Alex Ross, Elliot S. Maggin",1
b3247,"Endymion (Hyperion Cantos, #3)",book,Dan Simmons,1
b8362,Evicted: Poverty and Profit in the American City,book,Matthew Desmond,1
b5347,"Something Rotten (Thursday Next, #4)",book,Jasper Fforde,1
b3135,"One Summer: America, 1927",book,Bill Bryson,1
b6249,Pride of Baghdad,book,"Brian K. Vaughan, Niko Henrichon",1
b5815,"Lament: The Faerie Queen's Deception (Books of Faerie, #1)",book,Maggie Stiefvater,1
b1392,"Sex, Drugs, and Cocoa Puffs: A Low Culture Manifesto",book,Chuck Klosterman,1
b5787,Are You My Mother?,book,Alison Bechdel,1
b9319,"Ouran High School Host Club, Vol. 15 (Ouran High School Host Club, #15)",book,Bisco Hatori,1
b5634,The Poisoner's Handbook: Murder and the Birth of Forensic Medicine in Jazz Age New York,book,Deborah Blum,1
b3541,"Gateway (Heechee Saga, #1)",book,Frederik Pohl,1
b2485,Swan Song,book,Robert McCammon,1
b7619,"Sleeping Murder (Miss Marple, #13)",book,Agatha Christie,1
b3525,The Reason I Jump: The Inner Voice of a Thirteen-Year-Old Boy with Autism,book,"Naoki Higashida, K.A. Yoshida, David Mitchell",1
b7957,"Scent of Magic (Healer, #2)",book,Maria V. Snyder,1
b3904,"Anne of Ingleside (Anne of Green Gables, #6)",book,L.M. Montgomery,1
b2366,Metamorphoses,book,"Ovid, David Raeburn, Denis Feeney",1
b2769,Z: A Novel of Zelda Fitzgerald,book,Therese Anne Fowler,1
b7238,"Ilse Witch (Voyage of the Jerle Shannara, #1)",book,Terry Brooks,1
b3176,"The Dead Girls' Dance (The Morganville Vampires, #2)",book,Rachel Caine,1
b266,"Kiss the Girls (Alex Cross, #2)",book,James Patterson,1
b3527,"Once Burned (Night Prince, #1)",book,Jeaniene Frost,1
b4113,"Dissolution (Matthew Shardlake, #1)",book,C.J. Sansom,1
b1732,The Man in the Brown Suit,book,Agatha Christie,1
b7076,"Deadman Wonderland, Volume 1 (Deadman Wonderland, #1)",book,"Jinsei Kataoka, Kazuma Kondou",1
b4684,The Wealth of Nations,book,Adam Smith,1
b4273,Le Morte d'Arthur: King Arthur and the Legends of the Round Table,book,"Thomas Malory, Keith Baines, Robert Graves",1
b6244,"Dragon Slippers (Dragon Slippers, #1)",book,Jessica Day George,1
b7267,"Real Murders (Aurora Teagarden, #1)",book,Charlaine Harris,1
b7863,"Vampire Knight, Vol. 9",book,"Matsuri Hino, Tomo Kimura",1
b5366,"Y: The Last Man, Vol. 10: Whys and Wherefores (Y: The Last Man, #10)",book,"Brian K. Vaughan, Pia Guerra, José Marzán Jr.",1
b3055,Death: The High Cost of Living Collected,book,"Neil Gaiman, Chris Bachalo, Mark Buckingham, Tori Amos",1
b4621,"Ancillary Sword (Imperial Radch, #2)",book,Ann Leckie,1
b9331,"Priestess of the White (Age of the Five, #1)",book,Trudi Canavan,1
b8958,"Talon (Talon, #1)",book,Julie Kagawa,1
b6408,"Beauty Pop, Vol. 1 (Beauty Pop, #1)",book,Kiyoko Arai,1
b1425,"Beautiful Chaos (Caster Chronicles, #3)",book,"Kami Garcia, Margaret Stohl, Paz Pruneda",1
b4477,A Universe from Nothing: Why There Is Something Rather Than Nothing,book,"Lawrence M. Krauss, Richard Dawkins",1
b2369,"Half-Blood (Covenant, #1)",book,Jennifer L. Armentrout,1
b5192,The Demolished Man,book,Alfred Bester,1
b2237,"Lover Reborn (Black Dagger Brotherhood, #10)",book,J.R. Ward,1
b2780,"The Siege of Macindaw (Ranger's Apprentice, #6)",book,John Flanagan,1
b3001,"Kiss of Midnight (Midnight Breed,  #1)",book,Lara Adrian,1
b3816,"End of Days (Penryn & the End of Days, #3)",book,Susan Ee,1
b4268,Pompeii,book,Robert   Harris,1
b2295,Longitude: The True Story of a Lone Genius Who Solved the Greatest Scientific Problem of His Time,book,"Dava Sobel, Neil Armstrong",1
b1366,"The Infinite Sea (The 5th Wave, #2)",book,Rick Yancey,1
b3322,The Lady and the Unicorn,book,Tracy Chevalier,1
b3150,"Mystery Man (Dream Man, #1)",book,Kristen Ashley,1
b1802,"Hannibal (Hannibal Lecter, #3)",book,Thomas Harris,1
b3197,"Tears of the Giraffe (No. 1 Ladies' Detective Agency, #2)",book,Alexander McCall Smith,1
b6449,Le bleu est une couleur chaude,book,Julie Maroh,1
b2264,"Explosive Eighteen (Stephanie Plum, #18)",book,Janet Evanovich,1
b683,A Bend in the Road,book,Nicholas Sparks,1
b1069,"SuperFreakonomics: Global Cooling, Patriotic Prostitutes And Why Suicide Bombers Should Buy Life Insurance",book,"Steven D. Levitt, Stephen J. Dubner",1
b8819,The Selected Poetry of Rainer Maria Rilke,book,"Rainer Maria Rilke, Stephen Mitchell, Robert Hass",1
b6720,"Locke & Key, Vol. 4: Keys to the Kingdom",book,"Joe Hill, Gabriel Rodríguez",1
b6797,"Dust of Dreams (The Malazan Book of the Fallen, #9)",book,Steven Erikson,1
b7680,"Love★Com, Vol. 1",book,"Aya Nakahara, Pookie Rolf",1
b1845,Alias Grace,book,"Margaret Atwood, Brigitte Walitzek",1
b1798,"Edge of Eternity (The Century Trilogy, #3)",book,Ken Follett,1
b1300,Those Who Save Us,book,Jenna Blum,1
b4843,Salt Sugar Fat: How the Food Giants Hooked Us,book,Michael Moss,1
b5523,"Bleach, Volume 15",book,Tite Kubo,1
b288,"The Hunt for Red October (Jack Ryan Universe, #4)",book,Tom Clancy,1
b1540,"Masquerade (Blue Bloods, #2)",book,Melissa de la Cruz,1
b8767,"Ogre, Ogre (Xanth #5)",book,Piers Anthony,1
b6982,"Another Fine Myth (Myth Adventures, #1)",book,Robert Lynn Asprin,1
b3770,"Illuminae (The Illuminae Files, #1)",book,"Amie Kaufman, Jay Kristoff",1
b5540,Antony and Cleopatra,book,"William Shakespeare, Cynthia Marshall, Barbara A. Mowat, Paul Werstine",1
b1926,Made to Stick: Why Some Ideas Survive and Others Die,book,"Chip Heath, Dan Heath",1
b1672,"Mountains Beyond Mountains: The Quest of Dr. Paul Farmer, A Man Who Would Cure the World",book,Tracy Kidder,1
b4340,"Friday Night Bites (Chicagoland Vampires, #2)",book,Chloe Neill,1
b7712,"Special A, Vol. 1 (Special A, #1)",book,Maki Minami,1
b495,A Heartbreaking Work of Staggering Genius,book,Dave Eggers,1
b640,Prey,book,Michael Crichton,1
b3529,The End of Eternity,book,Isaac Asimov,1
b3681,"Chocolate Chip Cookie Murder (Hannah Swensen, #1)",book,Joanne Fluke,1
b5755,Valiant (Modern Faerie Tales #2),book,Holly Black,1
b4589,"Bury Your Dead (Chief Inspector Armand Gamache, #6)",book,Louise Penny,1
b3368,Through the Woods,book,Emily Carroll,1
b2416,"Exile (Forgotten Realms: The Dark Elf Trilogy, #2; Legend of Drizzt, #2)",book,R.A. Salvatore,1
b6284,"Serpent Mage (The Death Gate Cycle, #4)",book,"Margaret Weis, Tracy Hickman",1
b9359,Rubicon: The Last Years of the Roman Republic,book,Tom Holland,1
b649,1Q84,book,"Haruki Murakami, Jay Rubin, Philip Gabriel",1
b2542,"Ten Tiny Breaths (Ten Tiny Breaths, #1)",book,K.A. Tucker,1
b2421,Musicophilia: Tales of Music and the Brain,book,Oliver Sacks,1
b5258,The Ancestor's Tale: A Pilgrimage to the Dawn of Evolution,book,Richard Dawkins,1
b4231,"A Great Deliverance (Inspector Lynley, #1)",book,Elizabeth  George,1
b9766,The Decline and Fall of the Roman Empire,book,"Edward Gibbon, Daniel J. Boorstin, Gian Battista Piranesi, Hans-Friedrich Mueller",1
b2036,The Gifts of Imperfection: Let Go of Who You Think You're Supposed to Be and Embrace Who You Are,book,Brené Brown,1
b6228,"Fool's Quest  (The Fitz and The Fool, #2)",book,Robin Hobb,1
b6701,"Red Prophet (Tales of Alvin Maker, #2)",book,Orson Scott Card,1
b3440,"The Fall (The Strain Trilogy, #2)",book,"Guillermo del Toro, Chuck Hogan",1
b1720,Amy & Roger's Epic Detour,book,Morgan Matson,1
b1719,Phantoms,book,Dean Koontz,1
b3318,"Birthmarked (Birthmarked, #1)",book,Caragh M. O'Brien,1
b9620,The Complete Poems 1927-1979,book,Elizabeth Bishop,1
b583,"Silence (Hush, Hush, #3)",book,Becca Fitzpatrick,1
b2799,"The Testing (The Testing, #1)",book,Joelle Charbonneau,1
b6924,The Shadow of the Torturer (The Book of the New Sun #1),book,Gene Wolfe,1
b946,"The Kill Order (Maze Runner, #0.5)",book,James Dashner,1
b1227,"The Awakening (Darkest Powers, #2)",book,Kelley Armstrong,1
b2112,"P.S. I Still Love You (To All the Boys I've Loved Before, #2)",book,Jenny Han,1
b6569,"Birds of a Feather (Maisie Dobbs, #2)",book,Jacqueline Winspear,1
b1364,"Notes from Underground, White Nights, The Dream of a Ridiculous Man, and Selections from The House of the Dead",book,"Fyodor Dostoyevsky, Andrew R. MacAndrew, Ben Marcus",1
b8799,Sign of the Unicorn (The Chronicles of Amber #3),book,Roger Zelazny,1
b780,Calvin and Hobbes,book,"Bill Watterson, G.B. Trudeau",1
b6947,The Strange and Beautiful Sorrows of Ava Lavender,book,Leslye Walton,1
b3571,Wicked Deeds on a Winter's Night (Immortals After Dark #4),book,Kresley Cole,1
b6684,"Death in the Clouds (Hercule Poirot, #12)",book,Agatha Christie,1
b3699,An Ideal Husband,book,Oscar Wilde,1
b6817,"The Unwritten, Vol. 1: Tommy Taylor and the Bogus Identity",book,"Mike Carey, Bill Willingham, Peter Gross",1
b2460,"Blue Exorcist, Vol. 1  (Blue Exorcist, #1)",book,"Kazue Kato, John Werry",1
b9976,"Sea Glass (Glass, #2)",book,Maria V. Snyder,1
b6536,"Shards of a Broken Crown (The Serpentwar Saga, #4)",book,Raymond E. Feist,1
b2224,"The Lunatic Cafe (Anita Blake, Vampire Hunter #4)",book,Laurell K. Hamilton,1
b4944,"Running with the Demon (Word & Void, #1)",book,Terry Brooks,1
b601,The Tale of Peter Rabbit,book,Beatrix Potter,1
b1769,"Real (Real, #1)",book,Katy Evans,1
b9364,"When Beauty Tamed the Beast (Fairy Tales, #2)",book,Eloisa James,1
b1304,"Blood Rites (The Dresden Files, #6)",book,Jim Butcher,1
b2727,"A History of God: The 4,000-Year Quest of Judaism, Christianity, and Islam",book,Karen Armstrong,1
b120,"The Sisterhood of the Traveling Pants (Sisterhood, #1)",book,Ann Brashares,1
b2365,The Cask of Amontillado,book,Edgar Allan Poe,1
b2350,The Chaperone,book,Laura Moriarty,1
b2091,"Key of Light (Key Trilogy, #1)",book,Nora Roberts,1
b9116,"A Caribbean Mystery (Miss Marple, #10)",book,Agatha Christie,1
b2564,"Shadow of the Giant (Ender's Shadow, #4)",book,Orson Scott Card,1
b3935,"Sugar Daddy (Travises, #1)",book,Lisa Kleypas,1
b6312,"Bakuman, Band 1: Traum und Realität",book,"Tsugumi Ohba, Takeshi Obata, Diana Hammermeister",1
b4416,Kiss an Angel,book,Susan Elizabeth Phillips,1
b1633,"Memnoch the Devil (The Vampire Chronicles, #5)",book,Anne Rice,1
b3259,The Painted Girls,book,Cathy Marie Buchanan,1
b8868,"At Bertram's Hotel (Miss Marple, #11)",book,Agatha Christie,1
b2075,"The Boy Next Door (Boy, #1)",book,Meg Cabot,1
b1048,The Perfect Storm: A True Story of Men Against the Sea,book,Sebastian Junger,1
b4497,"The Tea Rose (The Tea Rose, #1)",book,Jennifer Donnelly,1
b526,"Darkly Dreaming Dexter (Dexter, #1)",book,Jeff Lindsay,1
b6246,"The Crippled God (The Malazan Book of the Fallen, #10)",book,Steven Erikson,1
b76,Sense and Sensibility,book,"Jane Austen, Tony Tanner, Ros Ballaster",1
b1038,"Roll of Thunder, Hear My Cry (Logans, #4)",book,Mildred D. Taylor,1
b7939,"Clean Sweep (Innkeeper Chronicles, #1)",book,Ilona Andrews,1
b6993,Lullabies,book,Lang Leav,1
b2217,"Hallowed (Unearthly, #2)",book,Cynthia Hand,1
b5464,"The Walking Dead, Vol. 05: The Best Defense",book,"Robert Kirkman, Charlie Adlard, Cliff Rathburn",1
b1162,Seriously... I'm Kidding,book,Ellen DeGeneres,1
b4852,Scrappy Little Nobody,book,Anna Kendrick,1
b7788,"The Wayfarer Redemption (Wayfarer Redemption, #1)",book,Sara Douglass,1
b4001,The Fireman,book,Joe Hill,1
b2447,"The Warlock (The Secrets of the Immortal Nicholas Flamel, #5)",book,Michael Scott,1
b3768,"Trapped (The Iron Druid Chronicles, #5)",book,Kevin Hearne,1
b4554,"Those Left Behind (Serenity, #1)",book,"Joss Whedon, Brett Matthews, Will Conrad",1
b4435,The Decameron,book,"Giovanni Boccaccio, G.H. McWilliam",1
b8074,"Fables, Vol. 8: Wolves",book,"Bill Willingham, Mark Buckingham, Steve Leialoha, Shawn McManus, Andrew Pepoy",1
b7550,"Adulthood Is a Myth (Sarah's Scribbles, #1)",book,Sarah Andersen,1
b2131,Fathers and Sons,book,"Ivan Turgenev, George Reavy, Jane Costlow",1
b4150,"How the Light Gets In (Chief Inspector Armand Gamache, #9)",book,Louise Penny,1
b3044,"Queste (Septimus Heap, #4)",book,"Angie Sage, Mark Zug",1
b1369,"Bud, Not Buddy",book,Christopher Paul Curtis,1
b9584,"On the Way to the Wedding (Bridgertons, #8)",book,Julia Quinn,1
b1621,Drive: The Surprising Truth About What Motivates Us,book,Daniel H. Pink,1
b2955,"Lover at Last (Black Dagger Brotherhood, #11)",book,J.R. Ward,1
b9213,"Fables, Vol. 7: Arabian Nights [and Days] (Fables, #7)",book,"Bill Willingham, Mark Buckingham, Steve Leialoha, Jim Fern, Jimmy Palmiotti, Andrew Pepoy",1
b763,The Bluest Eye,book,Toni Morrison,1
b3496,"This Side of the Grave (Night Huntress, #5)",book,Jeaniene Frost,1
b3243,The Stars My Destination,book,"Alfred Bester, Neil Gaiman",1
b5417,"E is for Evidence (Kinsey Millhone, #5)",book,Sue Grafton,1
b6138,The Hidden Staircase (Nancy Drew #2),book,"Carolyn Keene, Mildred Benson",1
b4457,Sisters,book,Raina Telgemeier,1
b2150,"Body of Evidence (Kay Scarpetta, #2)",book,Patricia Cornwell,1
b2965,"The Plains of Passage (Earth's Children, #4)",book,Jean M. Auel,1
b1024,"The Sweetness at the Bottom of the Pie (Flavia de Luce, #1)",book,Alan Bradley,1
b4822,"Complete Poems, 1904-1962",book,E.E. Cummings,1
b2884,"Never Fade (The Darkest Minds, #2)",book,Alexandra Bracken,1
b757,Lonesome Dove,book,Larry McMurtry,1
b7081,"The Lives of Christopher Chant (Chrestomanci, #2)",book,Diana Wynne Jones,1
b404,Defending Jacob,book,William Landay,1
b2785,"Witch & Wizard (Witch & Wizard, #1)",book,"James Patterson, Gabrielle Charbonnet",1
b3183,The Darkest Kiss (Lords of the Underworld #2),book,Gena Showalter,1
b6602,The Courts of Chaos (The Chronicles of Amber #5),book,Roger Zelazny,1
b4317,Mirror Mirror,book,Gregory Maguire,1
b2997,"The Fiery Heart (Bloodlines, #4)",book,Richelle Mead,1
b9389,"Clouds of Witness (Lord Peter Wimsey, #2)",book,Dorothy L. Sayers,1
b7607,"Lord Edgware Dies (Hercule Poirot, #9)",book,Agatha Christie,1
b3875,"Twice Bitten (Chicagoland Vampires, #3)",book,Chloe Neill,1
b3488,The Rise of Theodore Roosevelt,book,Edmund Morris,1
b604,"Girl, Interrupted",book,Susanna Kaysen,1
b136,Divine Secrets of the Ya-Ya Sisterhood,book,Rebecca Wells,1
b3865,"The Last Boyfriend (Inn BoonsBoro, #2)",book,"Nora Roberts, MacLeod Andrews",1
b7448,"King's Cage (Red Queen, #3)",book,Victoria Aveyard,1
b1734,Endurance: Shackleton's Incredible Voyage,book,Alfred Lansing,1
b3632,"Use of Weapons (Culture, #3)",book,Iain M. Banks,1
b3268,The Zookeeper's Wife,book,Diane Ackerman,1
b4423,"Immortal in Death (In Death, #3)",book,J.D. Robb,1
b9103,"Wizard at Large (Magic Kingdom of Landover, #3)",book,Terry Brooks,1
b8004,"Kare Kano: His and Her Circumstances, Vol. 1",book,"Masami Tsuda, Darcy Lockman, Jack Niida",1
b7347,"The Hand of Chaos (The Death Gate Cycle, #5)",book,"Margaret Weis, Tracy Hickman",1
b4334,"Sandman Slim (Sandman Slim, #1)",book,Richard Kadrey,1
b8742,Star Wars - Episode I: The Phantom Menace,book,"Terry Brooks, George Lucas",1
b4688,"Stalingrad: The Fateful Siege, 1942–1943",book,Antony Beevor,1
b5093,"Sword Song (The Saxon Stories, #4)",book,Bernard Cornwell,1
b7748,"Nemesis (Miss Marple, #12)",book,Agatha Christie,1
b771,"In the Garden of Beasts: Love, Terror, and an American Family in Hitler's Berlin",book,Erik Larson,1
b8390,Philosophical Investigations,book,"Ludwig Wittgenstein, G.E.M. Anscombe",1
b3249,"Calamity (The Reckoners, #3)",book,Brandon Sanderson,1
b2343,The Watsons Go to Birmingham - 1963,book,Christopher Paul Curtis,1
b6659,Hamilton: The Revolution,book,"Lin-Manuel Miranda, Jeremy McCarter",1
b2726,The Distance Between Us,book,Kasie West,1
b2507,"The Bronze Horseman (The Bronze Horseman, #1)",book,Paullina Simons,1
b1271,The Signature of All Things,book,Elizabeth Gilbert,1
b2808,"The Crystal Shard (Forgotten Realms: Icewind Dale, #1; Legend of Drizzt, #4)",book,R.A. Salvatore,1
b2543,The Thousand Autumns of Jacob de Zoet,book,David Mitchell,1
b4083,"Match Me If You Can (Chicago Stars, #6)",book,Susan Elizabeth Phillips,1
b1498,Hearts in Atlantis,book,Stephen King,1
b7368,"Captive Prince: Volume Two (Captive Prince, #2)",book,C.S. Pacat,1
b6245,The Princess Diarist,book,Carrie Fisher,1
b8121,1493: Uncovering the New World Columbus Created,book,Charles C. Mann,1
b3227,The Signal and the Noise: Why So Many Predictions Fail - But Some Don't,book,Nate Silver,1
b2303,"Bloody Bones (Anita Blake, Vampire Hunter #5)",book,Laurell K. Hamilton,1
b4487,Silent Spring,book,"Rachel Carson, Linda Lear, Edward O. Wilson",1
b9234,"Renegade's Magic (Soldier Son, #3)",book,Robin Hobb,1
b3432,The Opposite of Loneliness: Essays and Stories,book,Marina Keegan,1
b3246,"The Rise of Endymion (Hyperion Cantos, #4)",book,Dan Simmons,1
b2788,The Wright Brothers,book,David McCullough,1
b5210,Discipline and Punish: The Birth of the Prison,book,"Michel Foucault, Alan Sheridan, Thomas Mathiesen, Walter Seitter, Drago Braco Rotar",1
b2922,"Batman, Volume 1: The Court of Owls",book,"Scott Snyder, Greg Capullo, Jonathan Glapion",1
b86,A Time to Kill,book,John Grisham,1
b4928,"A Trick of the Light (Chief Inspector Armand Gamache, #7)",book,Louise Penny,1
b7438,The Troop,book,Nick Cutter,1
b4992,"A Lion Among Men (The Wicked Years, #3)",book,"Gregory Maguire, Douglas Smith",1
b1522,Brooklyn,book,Colm Tóibín,1
b2145,Tipping the Velvet,book,Sarah Waters,1
b4084,"Heaven and Earth (Three Sisters Island, #2)",book,Nora Roberts,1
b3287,Food Rules: An Eater's Manual,book,Michael Pollan,1
b7897,"Incarnate (Newsoul, #1)",book,Jodi Meadows,1
b1967,Meditations,book,"Marcus Aurelius, Martin Hammond, Diskin Clay",1
b5217,"The Skull Throne (Demon Cycle, #4)",book,Peter V. Brett,1
b1533,"The Tale of the Body Thief (The Vampire Chronicles, #4)",book,Anne Rice,1
b5747,At the Mountains of Madness,book,"H.P. Lovecraft, China Miéville, S.T. Joshi",1
b2190,"Cry, the Beloved Country",book,Alan Paton,1
b3781,"The Goddess Test (Goddess Test, #1)",book,Aimee Carter,1
b1134,"Gabriel's Rapture (Gabriel's Inferno, #2)",book,Sylvain Reynard,1
b1610,The Shoemaker's Wife,book,Adriana Trigiani,1
b9730,"Millennium Snow, Vol. 1",book,Bisco Hatori,1
b3453,"Of Poseidon (The Syrena Legacy, #1)",book,Anna Banks,1
b9380,"A Week to Be Wicked (Spindle Cove, #2)",book,Tessa Dare,1
b742,"Wool Omnibus (Silo, #1)",book,Hugh Howey,1
b1517,"The Twelve (The Passage, #2)",book,Justin Cronin,1
b4196,Johnny Tremain,book,"Esther Forbes, Lynd Ward",1
b3350,"The Wizard Heir (The Heir Chronicles, #2)",book,Cinda Williams Chima,1
b3850,"The House of Silk (Sherlock Holmes, #1)",book,Anthony Horowitz,1
b8750,"Lady of Avalon (Avalon, #3)",book,"Marion Zimmer Bradley, Diana L. Paxson",1
b6554,"Into the Labyrinth (The Death Gate Cycle, #6)",book,"Margaret Weis, Tracy Hickman",1
b1979,"Dead Ever After (Sookie Stackhouse, #13)",book,Charlaine Harris,1
b1691,Narrative of the Life of Frederick Douglass,book,Frederick Douglass,1
b9209,Roller Girl,book,Victoria Jamieson,1
b2662,"Midnight Alley (The Morganville Vampires, #3)",book,Rachel Caine,1
b4181,"Green Mars (Mars Trilogy, #2)",book,Kim Stanley Robinson,1
b4082,"The Mistake (Off-Campus, #2)",book,Elle Kennedy,1
b6642,"Locke & Key, Vol. 5: Clockworks",book,"Joe Hill, Gabriel Rodríguez",1
b5668,"G is for Gumshoe (Kinsey Millhone, #7)",book,Sue Grafton,1
b1141,Steal Like an Artist: 10 Things Nobody Told You About Being Creative,book,Austin Kleon,1
b9376,The Hand of Oberon (The Chronicles of Amber #4),book,Roger Zelazny,1
b797,Crazy Love: Overwhelmed by a Relentless God,book,"Francis Chan, Danae Yankoski, Chris Tomlin",1
b6290,"Kitchen Princess, Vol. 01 (Kitchen Princess, #1)",book,"Natsumi Ando, Miyuki Kobayashi",1
b6171,"American Vampire, Vol. 1",book,"Scott Snyder, Stephen King, Rafael Albuquerque",1
b2240,A Raisin in the Sun,book,Lorraine Hansberry,1
b5576,"Ever After (The Hollows, #11)",book,Kim Harrison,1
b3677,"The Gray Wolf Throne (Seven Realms, #3)",book,Cinda Williams Chima,1
b5328,"The Runaway King (The Ascendance Trilogy, #2)",book,Jennifer A. Nielsen,1
b4848,"84, Charing Cross Road",book,Helene Hanff,1
b3154,"Erak's Ransom (Ranger's Apprentice, #7)",book,John Flanagan,1
b5239,"F is for Fugitive (Kinsey Millhone, #6)",book,Sue Grafton,1
b1241,Killing Lincoln: The Shocking Assassination that Changed America Forever,book,"Bill O'Reilly, Martin Dugard",1
b5956,"Broken Homes (Peter Grant, #4)",book,Ben Aaronovitch,1
b4128,The Wonder,book,Emma Donoghue,1
b1016,"The Surgeon (Rizzoli & Isles, #1)",book,Tess Gerritsen,1
b1761,Moonwalking with Einstein: The Art and Science of Remembering Everything,book,Joshua Foer,1
b1223,"The Foundation Trilogy (Foundation, #1-3)",book,Isaac Asimov,1
b2067,The House Girl,book,Tara Conklin,1
b34,"Fifty Shades of Grey (Fifty Shades, #1)",book,E.L. James,1
b5784,Your Inner Fish: A Journey into the 3.5-Billion-Year History of the Human Body,book,Neil Shubin,1
b521,"The Lincoln Lawyer (Mickey Haller, #1; Harry Bosch Universe, #16)",book,Michael Connelly,1
b2283,"Halo (Halo, #1)",book,Alexandra Adornetto,1
b4503,"The History of Tom Jones, a Foundling",book,"Henry Fielding, Thomas Keymer, Alice Wakely",1
b548,"Pretty Little Liars (Pretty Little Liars, #1)",book,Sara Shepard,1
b1122,"Finale (Hush, Hush, #4)",book,Becca Fitzpatrick,1
b1983,"Breathe (Sea Breeze, #1)",book,Abbi Glines,1
b3902,Dark Needs at Night's Edge (Immortals After Dark #5),book,Kresley Cole,1
b5151,"The Ironwood Tree (The Spiderwick Chronicles, #4)",book,"Holly Black, Tony DiTerlizzi",1
b3166,"A Kiss of Shadows (Merry Gentry, #1)",book,Laurell K. Hamilton,1
b3471,"The Stonekeeper (Amulet, #1)",book,Kazu Kibuishi,1
b1422,"Out from Boneville (Bone, #1)",book,"Jeff Smith, Steve Hamaker",1
b1293,"The Mysterious Benedict Society (The Mysterious Benedict Society, #1)",book,"Trenton Lee Stewart, Carson Ellis",1
b4718,"Written in Red (The Others, #1)",book,Anne Bishop,1
b5251,The Dressmaker,book,Kate Alcott,1
b1811,"Visions of Sugar Plums (Stephanie Plum, #8.5)",book,Janet Evanovich,1
b4480,"Rebel Belle (Rebel Belle, #1)",book,Rachel Hawkins,1
b3454,Night Embrace (Dark-Hunter #2),book,Sherrilyn Kenyon,1
b2668,Psycho,book,Robert Bloch,1
b1176,Mystic River,book,Dennis Lehane,1
b2680,The Autobiography of Benjamin Franklin,book,"Benjamin Franklin, Lewis Leary",1
b4328,A Knight in Shining Armor,book,Jude Deveraux,1
b3817,The Best of H.P. Lovecraft: Bloodcurdling Tales of Horror and the Macabre,book,"H.P. Lovecraft, August Derleth, Robert Bloch",1
b5773,"The Walking Dead, Vol. 06: This Sorrowful Life",book,"Robert Kirkman, Charlie Adlard, Cliff Rathburn",1
b3000,"Jingo (Discworld, #21; City Watch, #4)",book,Terry Pratchett,1
b4693,"Smooth Talking Stranger (Travises, #3)",book,Lisa Kleypas,1
b8611,On the Genealogy of Morals,book,"Friedrich Nietzsche, Douglas Smith",1
b8491,"Antrax (Voyage of the Jerle Shannara, #2)",book,Terry Brooks,1
b1251,"The Reckoning (Darkest Powers, #3)",book,Kelley Armstrong,1
b285,"The Rosie Project (Don Tillman, #1)",book,Graeme Simsion,1
b6973,"Wielding a Red Sword (Incarnations of Immortality, #4)",book,Piers Anthony,1
b8291,"Rule of Two (Star Wars: Darth Bane, #2)",book,Drew Karpyshyn,1
b9992,"The Red Knight (The Traitor Son Cycle, #1)",book,Miles  Cameron,1
b3248,The Arrival,book,Shaun Tan,1
b464,Holy Bible: King James Version,book,Anonymous,1
b2341,"The Killing Dance (Anita Blake, Vampire Hunter, #6)",book,Laurell K. Hamilton,1
b303,"The Secret (The Secret, #1)",book,Rhonda Byrne,1
b426,A Confederacy of Dunces,book,"John Kennedy Toole, Walker Percy",1
b7138,The Memoirs of Cleopatra,book,Margaret George,1
b2211,"Faceless Killers (Kurt Wallander, #1)",book,"Henning Mankell, Steven T. Murray",1
b1671,Carry On,book,Rainbow Rowell,1
b3201,The Warlord Wants Forever (Immortals After Dark #1),book,Kresley Cole,1
b659,Dreams from My Father: A Story of Race and Inheritance,book,Barack Obama,1
b3006,"Count Zero (Sprawl, #2)",book,William Gibson,1
b4149,"The Oresteia  (Ορέστεια, #1-3)",book,"Aeschylus, Robert Fagles, William Bedell Stanford",1
b8288,"In Bed with a Highlander (McCabe Trilogy, #1)",book,Maya Banks,1
b5581,Carmilla,book,J. Sheridan Le Fanu,1
b2346,Columbine,book,Dave Cullen,1
b4121,"Face the Fire (Three Sisters Island, #3)",book,Nora Roberts,1
b3754,The Naked Sun (Robot #2),book,Isaac Asimov,1
b7681,"Elephants Can Remember (Hercule Poirot, #37)",book,Agatha Christie,1
b1430,Everyone Worth Knowing,book,Lauren Weisberger,1
b2335,The Girl with the Lower Back Tattoo,book,Amy Schumer,1
b3909,"The Viscount Who Loved Me (Bridgertons, #2)",book,Julia Quinn,1
b2314,Light in August,book,William Faulkner,1
b8243,"Fables, Vol. 9: Sons of Empire",book,"Bill Willingham, Mark Buckingham, Steve Leialoha, Andrew Pepoy, Gene Ha, Joshua Middleton, Iñaki Miranda, Mike Allred",1
b3670,"Cibola Burn (The Expanse, #4)",book,James S.A. Corey,1
b8005,"Vision in Silver (The Others, #3)",book,Anne Bishop,1
b2761,Feed,book,M.T. Anderson,1
b1713,"Watermelon (Walsh Family, #1)",book,Marian Keyes,1
b6104,Daisy Miller,book,Henry James,1
b3384,"Perfection (Neighbor from Hell, #2)",book,R.L. Mathewson,1
b2405,"Morrigan's Cross (Circle Trilogy, #1)",book,Nora Roberts,1
b5862,"Natural Born Charmer (Chicago Stars, #7)",book,Susan Elizabeth Phillips,1
b3221,"Savvy (Savvy, #1)",book,Ingrid Law,1
b1880,"Homeland (Forgotten Realms: The Dark Elf Trilogy, #1; Legend of Drizzt, #1)",book,R.A. Salvatore,1
b2082,The Qur'an / القرآن الكريم,book,Anonymous,1
b6356,"A Dance with Dragons: Dreams and Dust (A Song of Ice and Fire #5, Part 1 of 2)",book,George R.R. Martin,1
b3859,Dark Desires After Dusk (Immortals After Dark #6),book,Kresley Cole,1
b4798,"Genghis: Birth of an Empire (Conqueror, #1)",book,Conn Iggulden,1
b5566,"Dragon Bound (Elder Races, #1)",book,Thea Harrison,1
b7320,"Half a War (Shattered Sea, #3)",book,Joe Abercrombie,1
b1182,Joyland,book,Stephen King,1
b320,"Where'd You Go, Bernadette",book,Maria Semple,1
b5202,Asterios Polyp,book,David Mazzucchelli,1
b4586,Cover Her Face (Adam Dalgliesh #1),book,P.D. James,1
b4065,"Black Rose (In the Garden, #2)",book,Nora Roberts,1
b994,"All Creatures Great and Small (All Creatures Great and Small, #1-2)",book,James Herriot,1
b8156,"After the Funeral (Hercule Poirot, #29)",book,Agatha Christie,1
b4576,"Talking as Fast as I Can: From Gilmore Girls to Gilmore Girls, and Everything in Between",book,Lauren Graham,1
b9119,"When Christ and His Saints Slept  (Henry II & Eleanor of Aquitaine, #1)",book,Sharon Kay Penman,1
b1290,"Messenger (The Giver, #3)",book,Lois Lowry,1
b3080,"King Solomon's Mines (Allan Quatermain, #1)",book,H. Rider Haggard,1
b3514,"First Drop of Crimson (Night Huntress World, #1)",book,Jeaniene Frost,1
b2183,"Love Unscripted (Love, #1)",book,Tina Reber,1
b1417,Chasing Harry Winston,book,Lauren Weisberger,1
b2705,"The Awakening (The Vampire Diaries, #1)",book,L.J. Smith,1
b2837,"The Monuments Men: Allied Heroes, Nazi Thieves, and the Greatest Treasure Hunt in History",book,"Robert M. Edsel, Bret Witter",1
b2809,Wide Sargasso Sea,book,Jean Rhys,1
b4859,Books of Blood: Volumes One to Three (Books of Blood #1-3),book,Clive Barker,1
b5934,"H is for Homicide (Kinsey Millhone, #8)",book,Sue Grafton,1
b7513,"The Hollow Hills (Arthurian Saga, #2)",book,Mary  Stewart,1
b6153,"I is for Innocent (Kinsey Millhone, #9)",book,Sue Grafton,1
b2611,"A Hat Full of Sky (Discworld, #32; Tiffany Aching, #2)",book,Terry Pratchett,1
b4012,"Buffy the Vampire Slayer: The Long Way Home (Season 8, #1)",book,"Joss Whedon, Georges Jeanty",1
b2142,The Iliad/The Odyssey,book,"Homer, Robert Fagles, Bernard Knox",1
b2502,"Notorious Nineteen (Stephanie Plum, #19)",book,Janet Evanovich,1
b1236,Haunted,book,Chuck Palahniuk,1
b5134,Weaveworld,book,Clive Barker,1
b4308,"Red Lily (In the Garden, #3)",book,Nora Roberts,1
b9494,"They Do It with Mirrors (Miss Marple, #6)",book,Agatha Christie,1
b2173,Dad Is Fat,book,Jim Gaffigan,1
b6445,"Akira, Vol. 1",book,"Katsuhiro Otomo, Yoko Umezawa, Linda M. York, Jo Duffy",1
b4737,"Simply Irresistible (Lucky Harbor, #1)",book,Jill Shalvis,1
b868,Pippi Longstocking,book,"Astrid Lindgren, Lauren Child, Florence Lamborn, Nancy Seligsohn",1
b6501,Crooked House,book,Agatha Christie,1
b5506,Embassytown,book,China Miéville,1
b7272,"The Hammer of Thor (Magnus Chase and the Gods of Asgard, #2)",book,Rick Riordan,1
b1231,Loving Frank,book,Nancy Horan,1
b3235,Start with Why: How Great Leaders Inspire Everyone to Take Action,book,Simon Sinek,1
b580,The Story of Art,book,E.H. Gombrich,1
b516,The Amazing Adventures of Kavalier & Clay,book,Michael Chabon,1
b4293,"Stolen (Women of the Otherworld, #2)",book,Kelley Armstrong,1
b7855,"Murder Must Advertise  (Lord Peter Wimsey, #10)",book,Dorothy L. Sayers,1
b1588,"Deadlocked (Sookie Stackhouse, #12)",book,Charlaine Harris,1
b6225,Utilitarianism,book,"John Stuart Mill, George Sher",1
b1188,The 4-Hour Workweek,book,Timothy Ferriss,1
b380,Norwegian Wood,book,"Haruki Murakami, Jay Rubin",1
b5522,"Rising Tides (Chesapeake Bay Saga, #2)",book,Nora Roberts,1
b5283,The Hero With a Thousand Faces,book,Joseph Campbell,1
b8185,"Morgawr (The Voyage of the Jerle Shannara, #3)",book,Terry Brooks,1
b3783,"Eve (Eve, #1)",book,Anna Carey,1
b8367,Embroideries,book,"Marjane Satrapi, Anjali Singh",1
b2718,"The Fifth Elephant (Discworld, #24; City Watch, #5)",book,Terry Pratchett,1
b6020,"Dreaming of You (The Gamblers, #2)",book,Lisa Kleypas,1
b4805,Kiss of a Demon King (Immortals After Dark #7),book,Kresley Cole,1
b2678,Superman: Red Son,book,"Mark Millar, Kilian Plunkett, Andrew Robinson, Walden Wong, Dave Johnson",1
b3037,The Tell-Tale Heart,book,"Edgar Allan Poe, Byron Glaser, Bill D. Fountain",1
b6476,Practice Makes Perfect (Berkley Sensation),book,Julie James,1
b7170,"Being a Green Mother (Incarnations of Immortality, #5)",book,Piers Anthony,1
b5411,"Inner Harbor (Chesapeake Bay Saga, #3)",book,Nora Roberts,1
b1896,"Pollyanna (Pollyanna, #1)",book,Eleanor H. Porter,1
b9216,"Armageddon's Children (Genesis of Shannara, #1)",book,Terry Brooks,1
b3752,"Poirot Investiga (Hércules Poirot, #3)",book,Agatha Christie,1
b9003,"The Monstrumologist (The Monstrumologist, #1)",book,Rick Yancey,1
b7189,Relish: My Life in the Kitchen,book,Lucy Knisley,1
b6309,"The Crimson Campaign (Powder Mage, #2)",book,Brian  McClellan,1
b5470,"2061: Odyssey Three (Space Odyssey, #3)",book,Arthur C. Clarke,1
b1978,The Liars' Club,book,Mary Karr,1
b573,"Men Are from Mars, Women Are from Venus",book,John Gray,1
b3019,"The Hero and the Crown (Damar, #2)",book,Robin McKinley,1
b5273,The Bloody Chamber and Other Stories,book,Angela Carter,1
b1678,"The House of the Scorpion (Matteo Alacran, #1)",book,Nancy Farmer,1
b5182,London,book,Edward Rutherfurd,1
b7113,"The Warrior's Apprentice (Vorkosigan Saga, #2)",book,Lois McMaster Bujold,1
b4964,Shades of Grey,book,Jasper Fforde,1
b6362,"Boys Over Flowers: Hana Yori Dango, Vol. 1 (Boys Over Flowers, #1)",book,"Yoko Kamio, 神尾葉子",1
b2426,300,book,"Frank Miller, Lynn Varley",1
b329,The Last Lecture,book,"Randy Pausch, Jeffrey Zaslow",1
b3795,"Perelandra (Space Trilogy, #2)",book,C.S. Lewis,1
b6375,"The First Man in Rome (Masters of Rome, #1)",book,Colleen McCullough,1
b4680,"Key of Knowledge (Key Trilogy, #2)",book,Nora Roberts,1
b2247,The Diving Bell and the Butterfly,book,"Jean-Dominique Bauby, Jeremy Leggatt",1
b9400,"Sad Cypress (Hercule Poirot, #21)",book,Agatha Christie,1
b5354,The Thin Man,book,Dashiell Hammett,1
b281,The Pelican Brief,book,John Grisham,1
b3827,Batman: Hush,book,"Jeph Loeb, Jim Lee, Scott Williams, Alex Sinclair, Richard Starkings",1
b9455,The Old Curiosity Shop,book,"Charles Dickens, Norman Page",1
b5384,Hark! A Vagrant,book,Kate Beaton,1
b2255,An Unquiet Mind: A Memoir of Moods and Madness,book,Kay Redfield Jamison,1
b7983,Visions of Heat (Psy-Changeling #2),book,Nalini Singh,1
b4791,"The Wrath of Mulgarath (The Spiderwick Chronicles, #5)",book,"Holly Black, Tony DiTerlizzi",1
b6577,"The King's Curse (The Plantagenet and Tudor Novels, #7)",book,Philippa Gregory,1
b2388,"Delivering Happiness: A Path to Profits, Passion, and Purpose",book,Tony Hsieh,1
b1711,Sushi for Beginners,book,Marian Keyes,1
b1987,The Bachman Books,book,"Richard Bachman, Stephen King",1
b2074,"The Body Farm (Kay Scarpetta, #5)",book,Patricia Cornwell,1
b6775,"Runaways, Vol. 1: Pride and Joy (Runaways, #1)",book,"Brian K. Vaughan, Adrian Alphona",1
b7020,"Forest Born (The Books of Bayern, #4)",book,Shannon Hale,1
b2358,"Beautiful Redemption (Caster Chronicles, #4)",book,"Kami Garcia, Margaret Stohl",1
b2742,Battle Hymn of the Tiger Mother,book,Amy Chua,1
b6497,"A Dance with Dragons: After the Feast (A Song of Ice and Fire #5, Part 2 of 2)",book,George R.R. Martin,1
b4447,"The Cat Who Could Read Backwards (Cat Who..., #1)",book,Lilian Jackson Braun,1
b2866,"The Long Earth (The Long Earth, #1)",book,"Terry Pratchett, Stephen Baxter",1
b1379,"2nd Chance (Women's Murder Club, #2)",book,"James Patterson, Andrew Gross",1
b1036,"Effortless (Thoughtless, #2)",book,S.C. Stephens,1
b1049,"Elantris (Elantris, #1)",book,Brandon Sanderson,1
b4698,"Rilla of Ingleside (Anne of Green Gables, #8)",book,L.M. Montgomery,1
b2004,Travels with Charley: In Search of America,book,John Steinbeck,1
b3110,"Dragon Ball, Vol. 1: The Monkey King (Dragon Ball, #1)",book,Akira Toriyama,1
b1482,The Boston Girl,book,Anita Diamant,1
b950,I'll Give You the Sun,book,Jandy Nelson,1
b4047,"Parable of the Sower (Earthseed, #1)",book,Octavia E. Butler,1
b2220,Built to Last: Successful Habits of Visionary Companies,book,"James C. Collins, Jerry I. Porras",1
b8327,"The Left Hand of God (The Left Hand of God, #1)",book,Paul  Hoffman,1
b6017,"Unnatural Death (Lord Peter Wimsey, #3)",book,Dorothy L. Sayers,1
b4106,Notes from Underground,book,"Fyodor Dostoyevsky, Christian Redl, Philip Dossick, Emanuela Guercetti, Michelle-Irène Brudny, Richard Pevear, Norman Dietz, Donald Fanger, coderati, Boris de Schlœzer, Larissa Volokhonsky",1
b3956,"Fever (The Chemical Garden, #2)",book,Lauren DeStefano,1
b7857,Dead Heat (Alpha & Omega #4),book,Patricia Briggs,1
b2823,"J is for Judgment (Kinsey Millhone, #10)",book,Sue Grafton,1
b3379,Père Goriot,book,Honoré de Balzac,1
b6540,"Love in the Afternoon (The Hathaways, #5)",book,Lisa Kleypas,1
b6622,"Black Cat, Volume 01",book,Kentaro Yabuki,1
b7110,"Paradise Kiss, Vol. 1 (Paradise Kiss, #1)",book,Ai Yazawa,1
b272,Like Water for Chocolate,book,"Laura Esquivel, Thomas  Christensen, Carol Christensen",1
b1971,"Revelations (Blue Bloods, #3)",book,Melissa de la Cruz,1
b5277,"Born in Shame (Born In Trilogy, #3)",book,Nora Roberts,1
b9476,"The Clocks (Hercule Poirot, #34)",book,"Agatha Christie, Robin Bailey",1
b7824,"Talon of the Silver Hawk (Conclave of Shadows, #1)",book,Raymond E. Feist,1
b1950,"Hellboy, Vol. 1: Seed of Destruction (Hellboy, #1)",book,"Mike Mignola, John Byrne",1
b1727,"The Long Dark Tea-Time of the Soul (Dirk Gently, #2)",book,Douglas Adams,1
b6873,"The Bellmaker (Redwall, #7)",book,Brian Jacques,1
b7314,"Cardcaptor Sakura: Master of the Clow, Vol. 1 (Cardcaptor Sakura, #7)",book,"CLAMP, Anita Sengupta",1
b3338,Consider the Lobster and Other Essays,book,David Foster Wallace,1
b3289,"Vampire Kisses (Vampire Kisses, #1)",book,Ellen Schreiber,1
b6927,The Grand Sophy,book,Georgette Heyer,1
b359,And the Mountains Echoed,book,Khaled Hosseini,1
b3790,The Midwife's Apprentice,book,Karen Cushman,1
b831,Lock and Key,book,Sarah Dessen,1
b3512,"Robopocalypse (Robopocalypse, #1)",book,Daniel H. Wilson,1
b5544,"Article 5 (Article 5, #1)",book,Kristen Simmons,1
b734,Roots: The Saga of an American Family,book,Alex Haley,1
b3612,"K is for Killer (Kinsey Millhone, #11)",book,Sue Grafton,1
b3855,"Paper Princess (The Royals, #1)",book,"Erin Watt, Elle Kennedy, Jen Frederick",1
b8910,"Sun and Moon, Ice and Snow",book,Jessica Day George,1
b6488,"Shakespeare's Landlord (Lily Bard, #1)",book,Charlaine Harris,1
b5735,"Chronicles of the Black Company (The Chronicles of the Black Company, #1-3)",book,Glen Cook,1
b3336,"Feast of Fools (The Morganville Vampires, #4)",book,Rachel Caine,1
b3712,"Gregor and the Prophecy of Bane (Underland Chronicles, #2)",book,Suzanne Collins,1
b2526,"All-Star Superman, Vol. 1",book,"Grant Morrison, Frank Quitely",1
b448,The Purpose Driven Life: What on Earth Am I Here for?,book,Rick Warren,1
b6455,Selected Poems,book,Emily Dickinson,1
b1072,Heart of the Matter,book,Emily Giffin,1
b2030,"M is for Malice (Kinsey Millhone, #13)",book,Sue Grafton,1
b669,The House of the Spirits,book,"Isabel Allende, Magda Bogin",1
b5744,"Hard Bitten (Chicagoland Vampires, #4)",book,Chloe Neill,1
b6040,"The Screaming Staircase (Lockwood & Co., #1)",book,Jonathan Stroud,1
b2601,The Red Pony,book,John Steinbeck,1
b3884,"Mona Lisa Overdrive (Sprawl, #3)",book,William Gibson,1
b4173,Civil War: A Marvel Comics Event,book,"Mark Millar, Steve McNiven, Dexter Vines, Morry Hollowell",1
b4023,"Rock Chick (Rock Chick, #1)",book,Kristen Ashley,1
b7391,"The Assassin and the Pirate Lord (Throne of Glass, #0.1)",book,Sarah J. Maas,1
b8852,"Wildest Dreams (Fantasyland, #1)",book,Kristen Ashley,1
b5415,"The Dragonriders of Pern (Dragonriders of Pern, #1-3)",book,Anne McCaffrey,1
b9996,"Bayou Moon (The Edge, #2)",book,Ilona Andrews,1
b4158,"Everneath (Everneath, #1)",book,Brodi Ashton,1
b5651,"Neanderthal Seeks Human (Knitting in the City, #1)",book,Penny Reid,1
b1095,"Life As We Knew It (Last Survivors, #1)",book,Susan Beth Pfeffer,1
b3756,The Bazaar of Bad Dreams,book,Stephen King,1
b7010,"The Walking Dead, Vol. 07: The Calm Before",book,"Robert Kirkman, Charlie Adlard, Cliff Rathburn",1
b6874,Caressed by Ice (Psy-Changeling #3),book,Nalini Singh,1
b261,Under the Tuscan Sun,book,Frances Mayes,1
b1414,"True Believer (Jeremy Marsh & Lexie Darnell, #1)",book,Nicholas Sparks,1
b6651,"Alice in the Country of Hearts, Vol. 01 (Alice in the Country of Hearts, #1)",book,"QuinRose, Soumei Hoshino",1
b2376,"Lord Brocktree (Redwall, #13)",book,Brian Jacques,1
b5723,The Gift of Fear: Survival Signals That Protect Us from Violence,book,Gavin de Becker,1
b4452,"Death du Jour (Temperance Brennan, #2)",book,Kathy Reichs,1
b1575,Let It Snow: Three Holiday Romances,book,"John Green, Maureen Johnson, Lauren Myracle",1
b2987,"Spell Bound (Hex Hall, #3)",book,Rachel Hawkins,1
b3738,The Darkest Pleasure (Lords of the Underworld #3),book,Gena Showalter,1
b1780,"Born at Midnight (Shadow Falls, #1)",book,C.C. Hunter,1
b6282,"Wildwood (Wildwood Chronicles, #1)",book,"Colin Meloy, Carson Ellis",1
b4326,"Flow My Tears, the Policeman Said",book,Philip K. Dick,1
b5368,The Summer Before the War,book,Helen Simonson,1
b4619,"Key of Valor (Key Trilogy, #3)",book,Nora Roberts,1
b9653,"The Elvenbane (Halfblood Chronicles, #1)",book,"Andre Norton, Mercedes Lackey",1
b4210,"Kiss of the Highlander (Highlander, #4)",book,Karen Marie Moning,1
b3420,"The Enchantress (The Secrets of the Immortal Nicholas Flamel, #6)",book,Michael Scott,1
b6452,"Gakuen Alice, Vol. 01 (Gakuen Alice, #1)",book,"Tachibana Higuchi, 樋口 橘",1
b4580,"Ironside (Modern Faerie Tales, #3)",book,Holly Black,1
b3116,"A Million Suns (Across the Universe, #2)",book,Beth Revis,1
b3484,A Modest Proposal,book,Jonathan Swift,1
b2410,"Sweet Evil (Sweet, #1)",book,Wendy Higgins,1
b5044,"Grave Surprise (Harper Connelly, #2)",book,Charlaine Harris,1
b4148,"Into the Wilderness (Wilderness, #1)",book,Sara Donati,1
b2130,"Torn (Trylle, #2)",book,Amanda Hocking,1
b3382,"Night Play (Dark-Hunter #5, Were-Hunter #1)",book,Sherrilyn Kenyon,1
b6719,Storm Born (Dark Swan #1),book,Richelle Mead,1
b939,Reconstructing Amelia,book,Kimberly McCreight,1
b6448,"Grim Tuesday (The Keys to the Kingdom, #2)",book,Garth Nix,1
b2418,"The Keeper of Lost Causes (Department Q, #1)",book,"Jussi Adler-Olsen, Lisa Hartford",1
b4000,"The Kings of Clonmel (Ranger's Apprentice, #8)",book,John Flanagan,1
b1767,The Sky Is Everywhere,book,Jandy Nelson,1
b7072,"Wonder Woman, Volume 1: Blood",book,"Brian Azzarello, Cliff Chiang, Tony Akins, Dan Green, Matthew Wilson, Jared K. Fletcher",1
b936,"Wolves of the Calla (The Dark Tower, #5)",book,"Stephen King, Bernie Wrightson",1
b4406,"Welcome to Temptation (Dempseys, #1)",book,Jennifer Crusie,1
b9695,"Wild Ones, Vol. 1 (Wild Ones, #1)",book,Kiyo Fujiwara,1
b4757,"Rapture in Death (In Death, #4)",book,"J.D. Robb, Susan Ericksen",1
b6136,Defiance (Defiance #1),book,C.J. Redwine,1
b7869,The Consolations of Philosophy,book,Alain de Botton,1
b2598,The Invisible Bridge,book,"Julie Orringer, Arthur Morey",1
b8922,"Seeing Redd (The Looking Glass Wars, #2)",book,Frank Beddor,1
b2372,The Witness,book,Nora Roberts,1
b2549,"Blue Moon (Anita Blake, Vampire Hunter, #8)",book,Laurell K. Hamilton,1
b6627,"Pardonable Lies (Maisie Dobbs, #3)",book,Jacqueline Winspear,1
b1010,The Essential Calvin and Hobbes: A Calvin and Hobbes Treasury,book,Bill Watterson,1
b1068,The Color of Water: A Black Man's Tribute to His White Mother,book,James McBride,1
b1912,Euphoria,book,Lily King,1
b8810,"Defy (Defy, #1)",book,Sara B. Larson,1
b2899,The Museum of Extraordinary Things,book,Alice Hoffman,1
b2280,Boy Meets Boy,book,David Levithan,1
b2576,"Beautiful Stranger (Beautiful Bastard, #2)",book,Christina Lauren,1
b7145,"Dawn (Xenogenesis, #1)",book,Octavia E. Butler,1
b3231,"Backstage Pass (Sinners on Tour, #1)",book,Olivia Cunning,1
b2465,Stumbling on Happiness,book,Daniel Todd Gilbert,1
b5036,Moon Over Manifest,book,Clare Vanderpool,1
b8708,"Fated (Alex Verus, #1)",book,Benedict Jacka,1
b1133,The English Patient,book,Michael Ondaatje,1
b3780,"Lord John and the Private Matter (Lord John Grey, #1)",book,Diana Gabaldon,1
b8373,"Alcatraz Versus the Evil Librarians (Alcatraz, #1)",book,Brandon Sanderson,1
b749,The Storyteller,book,Jodi Picoult,1
b2755,The Gods Themselves,book,Isaac Asimov,1
b118,The Joy Luck Club,book,Amy Tan,1
b9963,"Krondor: The Betrayal (The Riftwar Legacy, #1)",book,Raymond E. Feist,1
b4651,"Hunted (The Iron Druid Chronicles, #6)",book,Kevin Hearne,1
b4027,"Morality for Beautiful Girls (No. 1 Ladies' Detective Agency, #3)",book,Alexander McCall Smith,1
b3926,Demon from the Dark (Immortals After Dark #10),book,Kresley Cole,1
b744,The Power of Now: A Guide to Spiritual Enlightenment,book,Eckhart Tolle,1
b6828,"First Among Sequels (Thursday Next, #5)",book,Jasper Fforde,1
b7383,"Outcast of Redwall (Redwall, #8)",book,Brian Jacques,1
b603,"The Hero of Ages (Mistborn, #3)",book,Brandon Sanderson,1
b4415,美少女戦士セーラームーン新装版 1 [Bishōjo Senshi Sailor Moon Shinsōban 1],book,"Naoko Takeuchi, 武内 直子",1
b6491,Shrill: Notes from a Loud Woman,book,Lindy West,1
b2860,Till We Have Faces,book,C.S. Lewis,1
b4716,Kim,book,"Rudyard Kipling, Edward Said",1
b5690,The Magic of Reality: How We Know What's Really True,book,"Richard Dawkins, Dave McKean",1
b3793,"Silver Shadows (Bloodlines, #5)",book,Richelle Mead,1
b5870,The Valley of Fear,book,"Arthur Conan Doyle, David Timson",1
b1008,"The Power of Six (Lorien Legacies, #2)",book,Pittacus Lore,1
b4381,The Sun Is Also a Star,book,Nicola Yoon,1
b5431,"Chesapeake Blue (Chesapeake Bay Saga, #4)",book,Nora Roberts,1
b5120,No Logo,book,Naomi Klein,1
b2364,"The Vincent Boys (The Vincent Boys, #1)",book,Abbi Glines,1
b2040,"Losing Hope (Hopeless, #2)",book,Colleen Hoover,1
b4433,Pleasure of a Dark Prince (Immortals After Dark #9),book,Kresley Cole,1
b1837,"Shift (Silo, #2)",book,Hugh Howey,1
b6079,"Grass for His Pillow (Tales of the Otori, #2)",book,Lian Hearn,1
b5015,"Daughter of the Empire (The Empire Trilogy, #1)",book,"Raymond E. Feist, Janny Wurts",1
b2250,The Life and Times of the Thunderbolt Kid,book,Bill Bryson,1
b4570,The Last Runaway,book,Tracy Chevalier,1
b2432,"Blood Brothers (Sign of Seven, #1)",book,Nora Roberts,1
b931,"Not That Kind of Girl: A Young Woman Tells You What She's ""Learned""",book,"Lena Dunham, Joana Avillez",1
b2359,The Distant Hours,book,Kate Morton,1
b6313,"Heaven, Texas (Chicago Stars, #2)",book,Susan Elizabeth Phillips,1
b6744,"The Silent Blade (Forgotten Realms: Paths of Darkness, #1; Legend of Drizzt, #11)",book,R.A. Salvatore,1
b6648,The Collected Poems,book,Langston Hughes,1
b6706,"Girl Waits with Gun (Kopp Sisters, #1)",book,Amy  Stewart,1
b4330,The Trial and Death of Socrates,book,"Plato, G.M.A. Grube, John M. Cooper",1
b9571,"Dynasty of Evil (Star Wars: Darth Bane, #3)",book,Drew Karpyshyn,1
b3215,Acheron (Dark-Hunter #14),book,Sherrilyn Kenyon,1
b3208,"Isaac's Storm: A Man, a Time, and the Deadliest Hurricane in History",book,Erik Larson,1
b6568,"The League of Extraordinary Gentlemen, Vol. 2",book,"Alan Moore, Kevin O'Neill",1
b6734,"The Riddle (The Books of Pellinor, #2)",book,Alison Croggon,1
b2843,"Kick-Ass (Kick-Ass, #1)",book,"Mark Millar, John Romita Jr., Rob Liefeld",1
b5782,Robots and Empire (Robot #4),book,Isaac Asimov,1
b1712,"Still Life (Chief Inspector Armand Gamache, #1)",book,Louise Penny,1
b5316,"Dime Store Magic (Women of the Otherworld, #3)",book,Kelley Armstrong,1
b7778,The Analects,book,"Confucius, D.C. Lau",1
b9304,Poetics,book,"Aristotle, Malcolm Heath",1
b6887,Day Watch (Watch #2),book,"Sergei Lukyanenko, Andrew Bromfield",1
b2107,Suite Française,book,"Irène Némirovsky, Sandra Smith",1
b9662,"Web of Lies (Elemental Assassin, #2)",book,Jennifer Estep,1
b6295,"The Cold Dish (Walt Longmire, #1)",book,Craig Johnson,1
b2605,"Obsidian Butterfly (Anita Blake, Vampire Hunter, #9)",book,Laurell K. Hamilton,1
b6169,"Blindsight (Firefall, #1)",book,Peter Watts,1
b2153,"The Secret of Ella and Micha (The Secret, #1)",book,Jessica Sorensen,1
b2231,This Is Your Brain on Music: The Science of a Human Obsession,book,Daniel J. Levitin,1
b3748,"Seduction and Snacks (Chocolate Lovers, #1)",book,Tara Sivec,1
b4946,Lothaire (Immortals After Dark #12),book,Kresley Cole,1
b430,Kafka on the Shore,book,"Haruki Murakami, Philip Gabriel",1
b3070,"Labyrinth (Languedoc, #1)",book,Kate Mosse,1
b3408,"Hunting Ground (Alpha & Omega, #2)",book,Patricia Briggs,1
b4226,"Into the Still Blue (Under the Never Sky, #3)",book,Veronica Rossi,1
b5944,The Girls of Atomic City: The Untold Story of the Women Who Helped Win World War II,book,Denise Kiernan,1
b3170,Little Brother,book,Cory Doctorow,1
b3833,"Tarzan of the Apes (Tarzan, #1)",book,Edgar Rice Burroughs,1
b6108,"Cardcaptor Sakura, Vol. 1 (Cardcaptor Sakura, #1)",book,"CLAMP, Maria Simpson",1
b9732,Economics in One Lesson: The Shortest & Surest Way to Understand Basic Economics,book,Henry Hazlitt,1
b3025,"Plum Lovin' (Stephanie Plum, #12.5)",book,Janet Evanovich,1
b3397,The Chrysalids,book,John Wyndham,1
b4897,"Second Grave on the Left (Charley Davidson, #2)",book,Darynda Jones,1
b291,Cutting for Stone,book,Abraham Verghese,1
b4111,The Trespasser (Dublin Murder Squad #6),book,Tana French,1
b1958,"Destined (House of Night, #9)",book,"P.C. Cast, Kristin Cast",1
b2327,The Five Dysfunctions of a Team: A Leadership Fable,book,Patrick Lencioni,1
b605,"Are You There, Vodka? It's Me, Chelsea",book,Chelsea Handler,1
b9845,"Never Seduce a Scot (The Montgomerys and Armstrongs, #1)",book,Maya Banks,1
b8663,"Locke & Key, Vol. 6: Alpha & Omega",book,"Joe Hill, Gabriel Rodríguez",1
b5588,"L is for Lawless (Kinsey Millhone, #12)",book,Sue Grafton,1
b1907,The Merry Adventures of Robin Hood,book,Howard Pyle,1
b9208,The Sculptor,book,Scott McCloud,1
b5401,We3,book,"Grant Morrison, Frank Quitely",1
b4539,"Iced (Fever, #6)",book,Karen Marie Moning,1
b5019,"Jimmy Corrigan, the Smartest Kid on Earth",book,Chris Ware,1
b1192,Between Shades of Gray,book,Ruta Sepetys,1
b3421,Washington: A Life,book,Ron Chernow,1
b1689,"Garden Spells (Waverley Family, #1)",book,Sarah Addison Allen,1
b8165,Shadow & Claw (The Book of the New Sun #1-2),book,Gene Wolfe,1
b436,The God of Small Things,book,Arundhati Roy,1
b1347,Revival,book,Stephen King,1
b3057,"Destroy Me (Shatter Me, #1.5)",book,Tahereh Mafi,1
b6738,"The Hedge Knight (The Hedge Knight Graphic Novels, #1)",book,"Ben Avery, Mike S. Miller, George R.R. Martin",1
b1104,"Grey (Fifty Shades, #4)",book,E.L. James,1
b2020,How to Cook Everything: Simple Recipes for Great Food,book,Mark Bittman,1
b6968,Carrion Comfort,book,Dan Simmons,1
b9175,Split Infinity  (Apprentice Adept #1),book,Piers Anthony,1
b3206,The Devil's Arithmetic,book,Jane Yolen,1
b866,Jaws,book,Peter Benchley,1
b5073,The City and the Stars,book,Arthur C. Clarke,1
b349,'Salem's Lot,book,Stephen King,1
b4821,"Jessica's Guide to Dating on the Dark Side (Jessica, #1)",book,Beth Fantaskey,1
b1830,"Blue Moon (The Immortals, #2)",book,Alyson Noel,1
b2699,"Flat-Out Love (Flat-Out Love, #1)",book,Jessica Park,1
b4432,"The Walking Dead, Vol. 08: Made to Suffer",book,Robert Kirkman,1
b2868,"Existence (Existence Trilogy, #1)",book,Abbi Glines,1
b5499,"An Ice Cold Grave (Harper Connelly, #3)",book,Charlaine Harris,1
b1146,Understanding Comics: The Invisible Art,book,Scott McCloud,1
b4105,Seize the Night (Dark-Hunter #6),book,Sherrilyn Kenyon,1
b3687,"Lord of Misrule (The Morganville Vampires, #5)",book,Rachel Caine,1
b8633,The Twelve Caesars,book,"Suetonius, Michael Grant, Robert Graves",1
b3714,"The Name of the Star (Shades of London, #1)",book,Maureen Johnson,1
b5199,"The Evolution of Calpurnia Tate (Calpurnia Tate, #1)",book,Jacqueline Kelly,1
b5611,Desire Unchained (Demonica #2),book,Larissa Ione,1
b4357,Blood and Chocolate,book,Annette Curtis Klause,1
b7159,"This Heart of Mine (Chicago Stars, #5)",book,Susan Elizabeth Phillips,1
b6830,"City of Dragons (Rain Wild Chronicles, #3)",book,Robin Hobb,1
b2394,"The Fury / Dark Reunion (The Vampire Diaries, #3-4)",book,L.J. Smith,1
b2962,"This Is What Happy Looks Like (This is What Happy Looks Like, #1)",book,Jennifer E. Smith,1
b3407,"The Shelters of Stone (Earth's Children, #5)",book,Jean M. Auel,1
b3083,"Nightfall (The Vampire Diaries: The Return, #1)",book,L.J. Smith,1
b6210,"Ransom (Highlands' Lairds, #2)",book,Julie Garwood,1
b1083,Lucky,book,Alice Sebold,1
b8425,"Blackout (All Clear, #1)",book,Connie Willis,1
b4352,"The Reality Dysfunction (Night's Dawn, #1)",book,Peter F. Hamilton,1
b942,"Wallbanger (Cocktail, #1)",book,Alice Clayton,1
b5317,"Blue Mars (Mars Trilogy, #3)",book,Kim Stanley Robinson,1
b2550,"Burnt Offerings (Anita Blake, Vampire Hunter, #7)",book,Laurell K. Hamilton,1
b233,Love in the Time of Cholera,book,"Gabriel García Márquez, Edith Grossman",1
b2338,Esperanza Rising,book,Pam Muñoz Ryan,1
b762,Schindler's List,book,Thomas Keneally,1
b733,Snow Falling on Cedars,book,David Guterson,1
b2063,A Year in Provence,book,Peter Mayle,1
b7507,The Lucifer Effect: Understanding How Good People Turn Evil,book,Philip G. Zimbardo,1
b1758,Birdsong,book,Sebastian Faulks,1
b2480,"Into the Wild (Warriors, #1)",book,Erin Hunter,1
b9701,Lost Stars (Star Wars: Journey to the Force Awakens),book,Claudia Gray,1
b8559,"Love Hina, Vol. 01",book,Ken Akamatsu,1
b388,"Hatchet (Brian's Saga, #1)",book,Gary Paulsen,1
b2553,"The Lost World (Professor Challenger, #1)",book,Arthur Conan Doyle,1
b221,"A Child Called ""It"" (Dave Pelzer #1)",book,Dave Pelzer,1
b6966,The Code Book: The Science of Secrecy from Ancient Egypt to Quantum Cryptography,book,Simon Singh,1
b5153,"Dare You To (Pushing the Limits, #2)",book,Katie McGarry,1
b4203,"Alice in Zombieland (White Rabbit Chronicles, #1)",book,Gena Showalter,1
b4285,"Empire of the Summer Moon: Quanah Parker and the Rise and Fall of the Comanches, the Most Powerful Indian Tribe in American History",book,S.C. Gwynne,1
b3720,The Federalist Papers,book,"Alexander Hamilton, James Madison, John Jay, Philo-Publius, Clinton Rossiter, Charles R. Kessler",1
b7781,"The Walking Dead, Vol. 09: Here We Remain",book,"Robert Kirkman, Charlie Adlard, Cliff Rathburn",1
b435,Before I Fall,book,Lauren Oliver,1
b1846,"Captivated by You (Crossfire, #4)",book,Sylvia Day,1
b4250,The Painted Veil,book,W. Somerset Maugham,1
b4324,"Down London Road (On Dublin Street, #2)",book,Samantha Young,1
b3337,"UnWholly (Unwind, #2)",book,Neal Shusterman,1
b4034,Time Enough for Love,book,Robert A. Heinlein,1
b2692,"Beautiful Oblivion (The Maddox Brothers, #1)",book,Jamie McGuire,1
b4645,"Eight Cousins (Eight Cousins, #1)",book,Louisa May Alcott,1
b8221,Selected Poems,book,"William Carlos Williams, Charles Tomlinson",1
b1363,"Proven Guilty (The Dresden Files, #8)",book,Jim Butcher,1
b796,"On Dublin Street (On Dublin Street, #1)",book,Samantha Young,1
b7479,"The Long Patrol (Redwall, #10)",book,"Brian Jacques, Allan Curless",1
b978,"Shadow of Night (All Souls Trilogy, #2)",book,Deborah Harkness,1
b4343,"Rumors (Luxe, #2)",book,Anna Godbersen,1
b2722,"Scary Stories to Tell in the Dark (Scary Stories, #1)",book,"Alvin Schwartz, Stephen Gammell",1
b1961,"North and South (North and South, #1)",book,John Jakes,1
b9784,Selected Poems,book,"E.E. Cummings, Richard S. Kennedy",1
b4246,"The Invasion of the Tearling (The Queen of the Tearling, #2)",book,Erika Johansen,1
b2179,"The Crown (The Selection, #5)",book,Kiera Cass,1
b1093,"Awakened (House of Night, #8)",book,"P.C. Cast, Kristin Cast",1
b4816,"One Grave at a Time (Night Huntress, #6)",book,Jeaniene Frost,1
b2351,"All That Remains (Kay Scarpetta, #3)",book,Patricia Cornwell,1
b4844,"Half Magic (Tales of Magic, #1)",book,"Edward Eager, N.M. Bodecker",1
b6810,America's First Daughter,book,"Stephanie Dray, Laura Kamoie",1
b5323,"The Dark Highlander (Highlander, #5)",book,Karen Marie Moning,1
b726,"The Bone Collector (Lincoln Rhyme, #1)",book,Jeffery Deaver,1
b5582,"Drowned Wednesday (The Keys to the Kingdom, #3)",book,Garth Nix,1
b6298,The Poetry of Pablo Neruda,book,"Pablo Neruda, Ilan Stavans",1
b1993,"The Vampire Armand (The Vampire Chronicles, #6)",book,Anne Rice,1
b5205,"The Stonekeeper's Curse (Amulet, #2)",book,Kazu Kibuishi,1
b5042,"Ceremony in Death (In Death, #5)",book,J.D. Robb,1
b7258,"To Green Angel Tower, Part 1 (Memory, Sorrow, and Thorn, #3; Part 1)",book,Tad Williams,1
b1795,The Running Man,book,"Richard Bachman, Stephen King",1
b8413,"Alvin Journeyman (Tales of Alvin Maker, #4)",book,Orson Scott Card,1
b4464,True Grit,book,Charles Portis,1
b5959,"One Crazy Summer (Gaither Sisters, #1)",book,Rita Williams-Garcia,1
b4368,"The Autobiography of Henry VIII: With Notes by His Fool, Will Somers",book,Margaret George,1
b6766,"The Wedding (Lairds' Fiancées, #2)",book,Julie Garwood,1
b8200,I Wrote This For You,book,"pleasefindthis, Iain S. Thomas, Jon Ellis",1
b9597,"Grave Dance (Alex Craft, #2)",book,Kalayna Price,1
b6857,Dragons of Eden: Speculations on the Evolution of Human Intelligence,book,Carl Sagan,1
b1158,Exodus,book,Leon Uris,1
b6811,"The Undead Pool (The Hollows, #12)",book,Kim Harrison,1
b3388,"Absalom, Absalom!",book,William Faulkner,1
b6580,"U Is for Undertow (Kinsey Millhone, #21)",book,Sue Grafton,1
b5533,"Stray (Shifters, #1)",book,Rachel Vincent,1
b5101,We Wish to Inform You That Tomorrow We Will Be Killed with Our Families,book,Philip Gourevitch,1
b3544,"The Walking Dead, Book One (The Walking Dead #1-12)",book,"Robert Kirkman, Tony Moore, Charlie Adlard, Cliff Rathburn",1
b4556,"Kiss of the Night (Dark-Hunter, #4)",book,Sherrilyn Kenyon,1
b6558,"Sundiver (The Uplift Saga, #1)",book,David Brin,1
b1858,"3rd Degree (Women's Murder Club, #3)",book,"James Patterson, Andrew Gross",1
b6692,The Comedy of Errors,book,William Shakespeare,1
b5017,Dreams of a Dark Warrior (Immortals After Dark #11),book,Kresley Cole,1
b9481,"The Dolphins of Pern (Pern, #13)",book,Anne McCaffrey,1
b3558,Forbidden,book,Tabitha Suzuma,1
b1724,Nightshade (Nightshade #1; Nightshade World #4),book,Andrea Cremer,1
b6928,The Road to Serfdom,book,Friedrich A. Hayek,1
b4080,The Geography of Bliss: One Grump's Search for the Happiest Places in the World,book,Eric    Weiner,1
b4125,"The Dragon Heir (The Heir Chronicles, #3)",book,Cinda Williams Chima,1
b5853,Faust,book,"Johann Wolfgang von Goethe, Walter Kaufmann",1
b7249,Vagabonding: An Uncommon Guide to the Art of Long-Term World Travel,book,Rolf Potts,1
b2246,Flash Boys: A Wall Street Revolt,book,Michael   Lewis,1
b1164,The Snow Child,book,Eowyn Ivey,1
b9469,"One, Two, Buckle My Shoe (Hercule Poirot, #22)",book,"Agatha Christie, Hugh Fraser",1
b1580,A Doll's House,book,"Henrik Ibsen, Michael   Meyer",1
b1274,The Night Before Christmas,book,"Clement C. Moore, Jan Brett",1
b1234,Sybil: The Classic True Story of a Woman Possessed by Sixteen Personalities,book,Flora Rheta Schreiber,1
b6926,"Foxglove Summer (Peter Grant, #5)",book,Ben Aaronovitch,1
b3307,The River of Doubt: Theodore Roosevelt's Darkest Journey,book,Candice Millard,1
b6905,Notorious RBG: The Life and Times of Ruth Bader Ginsburg,book,"Irin Carmon, Shana Knizhnik",1
b4647,"R is for Ricochet (Kinsey Millhone, #18)",book,Sue Grafton,1
b3007,Peony in Love,book,Lisa See,1
b3984,The Darkest Whisper (Lords of the Underworld #4),book,Gena Showalter,1
b7627,"Death of Kings (The Saxon Stories, #6)",book,Bernard Cornwell,1
b3996,"Krew elfów (Saga o Wiedźminie, #3)",book,Andrzej Sapkowski,1
b1640,A Reliable Wife,book,Robert Goolrick,1
b851,"Flowers in the Attic (Dollanganger, #1)",book,V.C. Andrews,1
b4918,"The Score (Off-Campus, #3)",book,Elle Kennedy,1
b5901,Ancillary Mercy (Imperial Radch #3),book,Ann Leckie,1
b2437,"This Girl (Slammed, #3)",book,Colleen Hoover,1
b4909,"N is for Noose (Kinsey Millhone, #14)",book,Sue Grafton,1
b7420,"Tokyo Mew Mew, Vol. 1 (Tokyo Mew Mew, #1)",book,"Mia Ikumi, Reiko Yoshida",1
b1792,Half of a Yellow Sun,book,Chimamanda Ngozi Adichie,1
b2752,"10% Happier: How I Tamed the Voice in My Head, Reduced Stress Without Losing My Edge, and Found Self-Help That Actually Works",book,Dan   Harris,1
b7151,Man and His Symbols,book,"C.G. Jung, Joseph L. Henderson, Aniela Jaffé, Jolande Jacobi, John Freeman, Marie-Louise von Franz",1
b4479,"Archangel's Kiss (Guild Hunter, #2)",book,Nalini Singh,1
b800,The Story of My Life,book,Helen Keller,1
b9622,"Jarka Ruus (High Druid of Shannara, #1)",book,Terry Brooks,1
b6650,"Barrayar (Vorkosigan Saga, #7)",book,Lois McMaster Bujold,1
b5175,Sunshine,book,Robin McKinley,1
b7176,The Monk,book,Matthew      Lewis,1
b3269,Slade House,book,David Mitchell,1
b7443,"Short Stories from Hogwarts of Power, Politics and Pesky Poltergeists (Pottermore Presents, #2)",book,"J.K. Rowling, MinaLima",1
b64,My Sister's Keeper,book,Jodi Picoult,1
b1331,Go the Fuck to Sleep,book,"Adam Mansbach, Ricardo Cortés",1
b3411,"The Body Finder (The Body Finder, #1)",book,Kimberly Derting,1
b7049,Lab Girl,book,Hope Jahren,1
b2659,"Captive in the Dark (The Dark Duet, #1)",book,C.J. Roberts,1
b5381,Have Space Suit—Will Travel,book,Robert A. Heinlein,1
b2996,"The Gathering (Darkness Rising, #1)",book,Kelley Armstrong,1
b2800,"Takedown Twenty (Stephanie Plum, #20)",book,Janet Evanovich,1
b6620,The Language Instinct: How the Mind Creates Language,book,Steven Pinker,1
b7197,"The Providence of Fire (Chronicle of the Unhewn Throne, #2)",book,Brian Staveley,1
b4808,"The Glass Magician (The Paper Magician Trilogy, #2)",book,Charlie N. Holmberg,1
b3733,"Creativity, Inc.: Overcoming the Unseen Forces That Stand in the Way of True Inspiration",book,"Ed Catmull, Amy Wallace",1
b7393,"Hawksong (The Kiesha'ra, #1)",book,Amelia Atwater-Rhodes,1
b4004,Homage to Catalonia,book,"George Orwell, Lionel Trilling",1
b4140,Manhunt: The 12-Day Chase for Lincoln's Killer,book,James L. Swanson,1
b2832,The First Fifteen Lives of Harry August,book,Claire North,1
b4782,"Syren (Septimus Heap, #5)",book,Angie Sage,1
b4225,"The Art of Asking; or, How I Learned to Stop Worrying and Let People Help",book,Amanda Palmer,1
b4742,"Play (Stage Dive, #2)",book,Kylie Scott,1
b7288,"The Lost Prince (The Iron Fey: Call of the Forgotten, #1)",book,Julie Kagawa,1
b2322,Dreams of Joy (Shanghai Girls #2),book,Lisa See,1
b7816,"The Rose and the Thorn (The Riyria Chronicles, #2)",book,Michael J. Sullivan,1
b5511,"The Eternity Cure (Blood of Eden, #2)",book,Julie Kagawa,1
b364,How the Grinch Stole Christmas!,book,Dr. Seuss,1
b6076,"The Gates of Rome (Emperor, #1)",book,Conn Iggulden,1
b2225,"John Dies at the End (John Dies at the End, #1)",book,David Wong,1
b3326,"Carpe Corpus (The Morganville Vampires, #6)",book,Rachel Caine,1
b4710,"Etiquette & Espionage (Finishing School, #1)",book,Gail Carriger,1
b2289,Beauty: A Retelling of the Story of Beauty and the Beast,book,Robin McKinley,1
b7030,"The Lone Drow (Forgotten Realms: Hunter's Blades, #2; Legend of Drizzt, #15)",book,R.A. Salvatore,1
b4026,Judas Unchained,book,Peter F. Hamilton,1
b7523,"Hogwarts: An Incomplete and Unreliable Guide (Pottermore Presents, #3)",book,J.K. Rowling,1
b9367,My Friend Dahmer,book,Derf Backderf,1
b7931,"The Walking Dead, Vol. 10: What We Become",book,Robert Kirkman,1
b1032,"Fablehaven (Fablehaven, #1)",book,Brandon Mull,1
b2301,"The Ask and the Answer (Chaos Walking, #2)",book,Patrick Ness,1
b5216,In the Company of the Courtesan,book,Sarah Dunant,1
b2293,"The Girl of Fire and Thorns (Fire and Thorns, #1)",book,Rae Carson,1
b2103,The Importance of Being Earnest and Other Plays,book,"Oscar Wilde, Richard Allen Cave",1
b4109,Making Faces,book,Amy Harmon,1
b3650,A Supposedly Fun Thing I'll Never Do Again:  Essays and Arguments,book,David Foster Wallace,1
b1970,Possession,book,A.S. Byatt,1
b5055,Nightfall,book,"Isaac Asimov, Robert Silverberg",1
b1525,"Crossroads of Twilight (Wheel of Time, #10)",book,Robert Jordan,1
b3746,"Edenbrooke (Edenbrooke, #1)",book,Julianne Donaldson,1
b3121,"Die for Me (Revenants, #1)",book,Amy Plum,1
b3059,Mindset: The New Psychology of Success,book,Carol S. Dweck,1
b5886,Honor's Splendour,book,Julie Garwood,1
b7929,Very Good Lives: The Fringe Benefits of Failure and the Importance of Imagination,book,"J.K. Rowling, Joel Holland",1
b1882,"The Snowman (Harry Hole, #7)",book,"Jo Nesbø, Don Bartlett",1
b2331,November 9,book,Colleen Hoover,1
b2616,"Pattern Recognition (Blue Ant, #1)",book,William Gibson,1
b2010,Black Like Me,book,John Howard Griffin,1
b2911,"Narcissus in Chains (Anita Blake, Vampire Hunter, #10)",book,Laurell K. Hamilton,1
b2901,"Undead and Unwed (Undead, #1)",book,MaryJanice Davidson,1
b2367,In the Time of the Butterflies,book,Julia Alvarez,1
b660,Congo,book,Michael Crichton,1
b9911,"A Knight of the Word (Word & Void, #2)",book,Terry Brooks,1
b1938,"Charlie and the Great Glass Elevator (Charlie Bucket, #2)",book,"Roald Dahl, Quentin Blake",1
b1581,Hawaii,book,James A. Michener,1
b5165,"It Happened One Autumn (Wallflowers, #2)",book,Lisa Kleypas,1
b4147,"You Are Not So Smart: Why You Have Too Many Friends on Facebook, Why Your Memory Is Mostly Fiction, and 46 Other Ways You're Deluding Yourself",book,David McRaney,1
b4024,"The Program (The Program, #1)",book,Suzanne Young,1
b3263,"Chain Reaction (Perfect Chemistry, #3)",book,Simone Elkeles,1
b505,"Left Behind (Left Behind, #1)",book,"Tim LaHaye, Jerry B. Jenkins",1
b3422,"Come Away with Me (With Me in Seattle, #1)",book,Kristen Proby,1
b6781,"Parallel Worlds: A Journey Through Creation, Higher Dimensions, and the Future of the Cosmos",book,Michio Kaku,1
b3213,Angels Fall,book,Nora Roberts,1
b2488,"Need (Need, #1)",book,Carrie Jones,1
b5769,"Deadline (Newsflesh Trilogy, #2)",book,Mira Grant,1
b6219,Hyperspace,book,Michio Kaku,1
b7612,"The Bully Pulpit: Theodore Roosevelt, William Howard Taft, and the Golden Age of Journalism",book,Doris Kearns Goodwin,1
b6144,Interesting Times: The Play,book,"Stephen Briggs, Terry Pratchett",1
b4156,"My Soul to Take (Soul Screamers, #1)",book,Rachel Vincent,1
b4901,"Industrial Magic (Women of the Otherworld, #4)",book,Kelley Armstrong,1
b740,"The Little House Collection (Little House, #1-9)",book,"Laura Ingalls Wilder, Garth Williams",1
b6592,The Girl Next Door,book,Jack Ketchum,1
b1138,Tell No One,book,Harlan Coben,1
b2431,"Flaggermusmannen (Harry Hole, #1)",book,"Jo Nesbø, Don Bartlett",1
b1373,"The Indian in the Cupboard (The Indian in the Cupboard, #1)",book,Lynne Reid Banks,1
b5389,The Fall of the House of Usher,book,Edgar Allan Poe,1
b2645,"Phantom (Sword of Truth, #10)",book,Terry Goodkind,1
b5972,A Child's Garden of Verses,book,"Robert Louis Stevenson, Tasha Tudor",1
b3572,His Excellency: George Washington,book,Joseph J. Ellis,1
b3097,The Search,book,Nora Roberts,1
b3406,The Dante Club,book,Matthew Pearl,1
b1898,"Dust (Silo, #3)",book,Hugh Howey,1
b8208,"Drink Deep (Chicagoland Vampires, #5)",book,Chloe Neill,1
b8098,"The Awakened Mage (Kingmaker, Kingbreaker, #2)",book,Karen Miller,1
b9586,"The Rogue (Traitor Spy Trilogy, #2)",book,Trudi Canavan,1
b5339,"Hunter x Hunter, Vol. 01 (Hunter x Hunter, #1)",book,"Yoshihiro Togashi, 冨樫 義博",1
b7543,Pyongyang: A Journey in North Korea,book,Guy Delisle,1
b6508,"Swamp Thing, Vol. 1: Saga of the Swamp Thing",book,"Alan Moore, Stephen R. Bissette, John Totleben, Rick Veitch, Ramsey Campbell",1
b6509,"3001: The Final Odyssey (Space Odyssey, #4)",book,Arthur C. Clarke,1
b9775,"Sweet Tooth, Volume 1: Out of the Deep Woods",book,"Jeff Lemire, José Villarrubia, Carlos M. Mangual",1
b7042,"Q is for Quarry (Kinsey Millhone, #17)",book,Sue Grafton,1
b9330,"The Elves of Cintra (Genesis of Shannara, #2)",book,Terry Brooks,1
b4781,"Unleash the Night (Dark Hunter, #8; Were-Hunter, #2)",book,Sherrilyn Kenyon,1
b6610,"T is for Trespass (Kinsey Millhone, #20)",book,Sue Grafton,1
b227,The Client,book,John Grisham,1
b2356,"Origin (Lux, #4)",book,Jennifer L. Armentrout,1
b9062,"Winter's Passage (Iron Fey, #1.5)",book,Julie Kagawa,1
b2395,"Never Never (Never Never, #1)",book,"Colleen Hoover, Tarryn Fisher",1
b8609,The Lady of Shalott,book,"Alfred Tennyson, Charles Keeping",1
b9877,"Trumps of Doom (The Chronicles of Amber, #6)",book,Roger Zelazny,1
b1903,"Son (The Giver, #4)",book,Lois Lowry,1
b6858,"S is for Silence (Kinsey Millhone, #19)",book,Sue Grafton,1
b2038,"The Van Alen Legacy (Blue Bloods, #4)",book,Melissa de la Cruz,1
b7377,"Transmetropolitan, Vol. 2: Lust for Life (Transmetropolitan, #2)",book,"Warren Ellis, Darick Robertson",1
b3179,"Gregor and the Curse of the Warmbloods (Underland Chronicles, #3)",book,Suzanne Collins,1
b3605,Northern Lights,book,Nora Roberts,1
b6910,"O is for Outlaw (Kinsey Millhone, #15)",book,Sue Grafton,1
b9470,"Gemina (The Illuminae Files, #2)",book,"Amie Kaufman, Jay Kristoff, Marie Lu",1
b2276,"In Flight (Up in the Air, #1)",book,R.K. Lilley,1
b4361,The Postman,book,David Brin,1
b4266,"Startide Rising (The Uplift Saga, #2)",book,David Brin,1
b8162,The Castle of Otranto,book,Horace Walpole,1
b9135,"Venom (Elemental Assassin, #3)",book,Jennifer Estep,1
b3676,Sister Carrie,book,Theodore Dreiser,1
b3101,The Raven and other poems,book,"Edgar Allan Poe, Philip Pullman",1
b1111,Mr. Maybe,book,Jane Green,1
b3072,Forward the Foundation (Foundation: Prequel #2),book,Isaac Asimov,1
b3975,"Boundless (Unearthly, #3)",book,Cynthia Hand,1
b3515,"Plum Lucky (Stephanie Plum, #13.5)",book,Janet Evanovich,1
b5340,"Vengeance in Death (In Death, #6)",book,J.D. Robb,1
b7469,Summer of Night,book,Dan Simmons,1
b5252,"Paradise (Second Opportunities, #1)",book,Judith McNaught,1
b2139,Elon Musk: Inventing the Future,book,Ashlee Vance,1
b673,Americanah,book,Chimamanda Ngozi Adichie,1
b656,"I'd Tell You I Love You, But Then I'd Have to Kill You (Gallagher Girls, #1)",book,Ally Carter,1
b9434,"King of Foxes (Conclave of Shadows, #2)",book,Raymond E. Feist,1
b2665,"Twisted Perfection (Rosemary Beach, #5; Perfection, #1)",book,Abbi Glines,1
b3004,"Crash (Crash, #1)",book,Nicole  Williams,1
b1508,"In a Dark, Dark Wood",book,Ruth Ware,1
b7074,"King Henry IV, Part 1 (Wars of the Roses, #2)",book,"William Shakespeare, David Scott Kastan",1
b4224,"Motorcycle Man (Dream Man, #4)",book,Kristen Ashley,1
b9953,"Marked in Flesh (The Others, #4)",book,Anne Bishop,1
b8686,The King in Yellow and Other Horror Stories,book,"Robert W. Chambers, E.F. Bleiler",1
b2889,"Mistborn Trilogy Boxed Set (Mistborn, #1-3)",book,Brandon Sanderson,1
b3258,Carolina Moon,book,Nora Roberts,1
b500,"The Princess Diaries (The Princess Diaries, #1)",book,Meg Cabot,1
b6582,"Bloody Jack (Bloody Jack, #1)",book,L.A. Meyer,1
b9392,Lincoln in the Bardo,book,George Saunders,1
b7455,News of the World,book,Paulette Jiles,1
b5646,"Dream a Little Dream (Chicago Stars, #4)",book,Susan Elizabeth Phillips,1
b6970,"The Highlander's Touch (Highlander, #3)",book,Karen Marie Moning,1
b8278,"The Crossing Places (Ruth Galloway, #1)",book,Elly Griffiths,1
b4726,"A Deepness in the Sky (Zones of Thought, #2)",book,Vernor Vinge,1
b2701,"The Claiming of Sleeping Beauty (Sleeping Beauty, #1)",book,"A.N. Roquelaure, Anne Rice",1
b1628,"Wool (Wool, #1)",book,Hugh Howey,1
b4407,Inside Out & Back Again,book,Thanhha Lai,1
b6758,Books of Blood: Volume One (Books of Blood #1),book,Clive Barker,1
b4253,"The Kalahari Typing School for Men (No. 1 Ladies' Detective Agency, #4)",book,Alexander McCall Smith,1
b9593,Mine to Possess (Psy-Changeling #4),book,Nalini Singh,1
b5728,"Dance of the Gods (Circle Trilogy, #2)",book,Nora Roberts,1
b3427,The Buddha in the Attic,book,Julie Otsuka,1
b1102,Dry,book,Augusten Burroughs,1
b4831,Where the Mountain Meets the Moon,book,Grace Lin,1
b4801,"Kiss of Crimson (Midnight Breed, #2)",book,Lara Adrian,1
b3364,Our Town,book,"Thornton Wilder, Donald Margulies, Tappan Wilder",1
b7021,The Damnation Game,book,Clive Barker,1
b3625,"The End of Faith: Religion, Terror, and the Future of Reason",book,Sam Harris,1
b1448,"Relic (Pendergast, #1)",book,"Douglas Preston, Lincoln Child",1
b2417,"Ascend (Trylle, #3)",book,Amanda Hocking,1
b5324,"The Immortal Highlander (Highlander, #6)",book,Karen Marie Moning,1
b1913,"Rachel's Holiday (Walsh Family, #2)",book,Marian Keyes,1
b7906,The Sandman: The Dream Hunters,book,"Neil Gaiman, Yoshitaka Amano",1
b9585,"Messenger of Truth (Maisie Dobbs, #4)",book,Jacqueline Winspear,1
b1583,Nick & Norah's Infinite Playlist,book,"Rachel Cohn, David Levithan",1
b8169,2312,book,Kim Stanley Robinson,1
b8645,"Blood Cross (Jane Yellowrock, #2)",book,Faith Hunter,1
b6331,House of M,book,"Brian Michael Bendis, Olivier Coipel, Tim Townsend, Rick Magyar, John Dell, Scott Hanna, Frank D'Armata, Chris Eliopoulos, James Taveras, Omar Otieku, Tom Valente, Esad Ribic",1
b5967,"Chasing Vermeer (Chasing Vermeer, #1)",book,"Blue Balliett, Brett Helquist",1
b4931,At the Mountains of Madness and Other Tales of Terror,book,H.P. Lovecraft,1
b5710,"Twice Tempted (Night Prince, #2)",book,Jeaniene Frost,1
b115,Middlesex,book,Jeffrey Eugenides,1
b5321,"Curse of the Bane (The Last Apprentice / Wardstone Chronicles, #2)",book,"Joseph Delaney, Patrick  Arrasmith",1
b5625,The Wordy Shipmates,book,Sarah Vowell,1
b6461,"The Umbrella Academy, Vol. 1: The Apocalypse Suite",book,"Gerard Way, Gabriel Bá, Dave Stewart, Nate Piekos, Tony Ong",1
b1459,"At First Sight (Jeremy Marsh & Lexie Darnell, #2)",book,Nicholas Sparks,1
b2468,The Pit and the Pendulum,book,Edgar Allan Poe,1
b7813,"The Walking Dead, Vol. 11: Fear the Hunters",book,"Robert Kirkman, Charlie Adlard, Cliff Rathburn",1
b2423,Fool,book,Christopher Moore,1
b657,The White Tiger,book,Aravind Adiga,1
b6326,The Waves,book,Virginia Woolf,1
b8252,"Feral Sins (The Phoenix Pack, #1)",book,Suzanne Wright,1
b7082,Fevre Dream,book,George R.R. Martin,1
b520,The Wind-Up Bird Chronicle,book,"Haruki Murakami, Jay Rubin",1
b3020,The Metamorphosis and Other Stories,book,"Franz Kafka, Jason Baker, Donna Freed",1
b8741,The Ghost Bride,book,Yangsze Choo,1
b2950,All the President's Men,book,"Carl Bernstein, Bob Woodward",1
b6446,"Imperium: A Novel of Ancient Rome (Cicero, #1)",book,Robert   Harris,1
b2034,"Bloodsucking Fiends (A Love Story, #1)",book,Christopher Moore,1
b3265,"Dark Prince (Dark, #1)",book,Christine Feehan,1
b3627,"The Emperor of Nihon-Ja (Ranger's Apprentice, #10)",book,John Flanagan,1
b9999,Cinderella Ate My Daughter: Dispatches from the Frontlines of the New Girlie-Girl Culture,book,Peggy Orenstein,1
b3910,"Peter and the Shadow Thieves (Peter and the Starcatchers, #2)",book,"Dave Barry, Ridley Pearson, Greg Call",1
b4372,"I Hunt Killers (Jasper Dent, #1)",book,Barry Lyga,1
b9781,Maid-sama! Vol. 02 (Maid-sama! #2),book,Hiro Fujiwara,1
b7549,"P is for Peril (Kinsey Millhone, #16)",book,Sue Grafton,1
b5204,"The Walking Dead, Vol. 04: The Heart's Desire",book,"Robert Kirkman, Charlie Adlard, Cliff Rathburn",1
b3015,"Finding Cinderella (Hopeless, #2.5)",book,Colleen Hoover,1
b6156,Why I Am Not a Christian and Other Essays on Religion and Related Subjects,book,"Bertrand Russell, Paul  Edwards",1
b5428,"Dauntless (The Lost Fleet, #1)",book,Jack Campbell,1
b3323,A Christmas Carol and Other Christmas Writings,book,"Charles Dickens, Michael Slater",1
b5012,NurtureShock: New Thinking About Children,book,"Po Bronson, Ashley Merryman",1
b1877,The Elements of Style,book,"William Strunk Jr., E.B. White",1
b6256,Imajica,book,Clive Barker,1
b3882,"The $100 Startup: Reinvent the Way You Make a Living, Do What You Love, and Create a New Future",book,Chris Guillebeau,1
b5000,Passion Unleashed (Demonica #3),book,Larissa Ione,1
b4753,"To Your Scattered Bodies Go (Riverworld, #1)",book,Philip José Farmer,1
b5791,"Third Grave Dead Ahead (Charley Davidson, #3)",book,Darynda Jones,1
b4826,The Call of Cthulhu,book,H.P. Lovecraft,1
b9556,"Kitty Goes to Washington (Kitty Norville, #2)",book,Carrie Vaughn,1
b2448,"First Lord's Fury (Codex Alera, #6)",book,Jim Butcher,1
b5179,"Throne of Jade (Temeraire, #2)",book,Naomi Novik,1
b5137,"Sweet Dreams (Colorado Mountain, #2)",book,Kristen Ashley,1
b4153,The Life of Elizabeth I,book,Alison Weir,1
b2931,Flatland: A Romance of Many Dimensions,book,"Edwin A. Abbott, Banesh Hoffmann",1
b3142,Theodore Rex,book,Edmund Morris,1
b6096,"Wideacre  (The Wideacre Trilogy, #1)",book,Philippa Gregory,1
b811,The Good Girl,book,Mary Kubica,1
b1013,Better Homes and Gardens New Cook Book  ,book,Better Homes and Gardens,1
b1574,The Left Hand of Darkness,book,"Ursula K. Le Guin, Lech Jęczmyk",1
b1753,"Reason to Breathe (Breathing, #1)",book,Rebecca Donovan,1
b4768,The Fountains of Paradise,book,Arthur C. Clarke,1
b7811,"The Autumn Republic (Powder Mage, #3)",book,Brian  McClellan,1
b8378,"Palace of Stone (Princess Academy, #2)",book,Shannon Hale,1
b9577,"The Chronicles of Pern: First Fall (Pern, #12)",book,Anne McCaffrey,1
b6339,"Hearts in Darkness (Hearts in Darkness, #1)",book,Laura Kaye,1
b4078,The Great and Secret Show (Book of the Art #1),book,Clive Barker,1
b5156,"Touch of Power (Healer, #1)",book,Maria V. Snyder,1
b1007,My Horizontal Life: A Collection of One-Night Stands,book,Chelsea Handler,1
b9463,Pebble in the Sky (Galactic Empire #3),book,Isaac Asimov,1
b2336,The Bhagavad Gita,book,"Krishna-Dwaipayana Vyasa, Simon Brodbeck, Juan Mascaró",1
b6401,Sex at Dawn: The Prehistoric Origins of Modern Sexuality,book,"Christopher  Ryan, Cacilda Jethá",1
b837,"Every Day (Every Day, #1)",book,David Levithan,1
b235,The Husband's Secret,book,Liane Moriarty,1
b6163,"V is for Vengeance (Kinsey Millhone, #22)",book,Sue Grafton,1
b846,Animal Farm / 1984,book,"George Orwell, Christopher Hitchens",1
b5639,"Deadly Decisions (Temperance Brennan, #3)",book,Kathy Reichs,1
b5897,Welcome to Night Vale,book,"Joseph Fink, Jeffrey Cranor",1
b5844,The Nature of the Beast (Chief Inspector Armand Gamache #11),book,Louise Penny,1
b5229,"That Hideous Strength (Space Trilogy, #3)",book,C.S. Lewis,1
b4371,The Ringworld Engineers (Ringworld #2),book,Larry Niven,1
b3573,"Burning Chrome (Sprawl, #0)",book,"William Gibson, Bruce Sterling",1
b4281,The Darkest Passion (Lords of the Underworld #5),book,Gena Showalter,1
b4857,"Eternal Kiss of Darkness (Night Huntress World, #2)",book,Jeaniene Frost,1
b5659,Sins of the Night (Dark-Hunter #7),book,Sherrilyn Kenyon,1
b4670,The Melancholy Death of Oyster Boy and Other Stories,book,Tim Burton,1
b3330,"A Fistful of Charms (The Hollows, #4)",book,Kim Harrison,1
b1660,The Sisters Brothers,book,"Patrick deWitt, Marcelo Barbão",1
b883,The Blind Assassin,book,Margaret Atwood,1
b3711,"Ship Breaker (Ship Breaker, #1)",book,Paolo Bacigalupi,1
b7723,Discourse on Method,book,"René Descartes, Donald A. Cress",1
b6173,Democracy in America ,book,"Alexis de Tocqueville, Isaac Kramnick, Gerald Bevan",1
b7786,"On the Prowl (Alpha & Omega, #0.5)",book,"Patricia Briggs, Eileen Wilks, Karen Chance, Sunny",1
b5915,Daniel Deronda,book,"George Eliot, Edmund White",1
b2298,Lies My Teacher Told Me,book,James W. Loewen,1
b1091,"Cruel & Unusual (Kay Scarpetta, #4)",book,Patricia Cornwell,1
b3682,"Lost in Shangri-la: A True Story of Survival, Adventure, and the Most Incredible Rescue Mission of World War II",book,Mitchell Zuckoff,1
b7375,The Great Railway Bazaar,book,Paul Theroux,1
b9097,This Changes Everything: Capitalism vs. The Climate,book,Naomi Klein,1
b524,Wall and Piece,book,Banksy,1
b7621,"The Assassin and the Desert (Throne of Glass, #0.3)",book,Sarah J. Maas,1
b5141,Friday,book,Robert A. Heinlein,1
b6035,The Prize,book,Julie Garwood,1
b3959,The Joker,book,"Brian Azzarello, Lee Bermejo",1
b6612,The Great Influenza: The Story of the Deadliest Pandemic in History,book,John M. Barry,1
b1839,Look Me in the Eye: My Life with Asperger's,book,John Elder Robison,1
b3846,"Between the Lines (Between the Lines, #1)",book,"Jodi Picoult, Samantha van Leer",1
b884,"Hollow City (Miss Peregrine’s Peculiar Children, #2)",book,Ransom Riggs,1
b873,"The Reptile Room (A Series of Unfortunate Events, #2)",book,"Lemony Snicket, Brett Helquist",1
b6780,"Sir Thursday (The Keys to the Kingdom, #4)",book,Garth Nix,1
b2813,"You (You, #1)",book,Caroline Kepnes,1
b824,"Oedipus Rex  (The Theban Plays, #1)",book,"Sophocles, J.E. Thomas",1
b6673,"Waylander (The Drenai Saga, #3)",book,David Gemmell,1
b5545,"And the Band Played On: Politics, People, and the AIDS Epidemic",book,"Randy Shilts, William Greider",1
b3626,"The Adoration of Jenna Fox (Jenna Fox Chronicles, #1)",book,Mary E. Pearson,1
b7624,"Once and Always (Sequels, #1)",book,Judith McNaught,1
b6266,"The Pledge (The Pledge, #1)",book,Kimberly Derting,1
b5982,"Rama II (Rama, #2)",book,"Arthur C. Clarke, Gentry Lee",1
b5345,"White Cat (Curse Workers, #1)",book,Holly Black,1
b5889,"Valley of Silence (Circle Trilogy, #3)",book,Nora Roberts,1
b1494,Born Standing Up: A Comic's Life,book,Steve Martin,1
b6916,My Cousin Rachel,book,Daphne du Maurier,1
b3878,Cold Comfort Farm,book,"Stella Gibbons, Lynne Truss, Roz Chast",1
b940,One Plus One,book,Jojo Moyes,1
b2570,"MaddAddam (MaddAddam, #3)",book,Margaret Atwood,1
b5367,"Eon (The Way, #1)",book,Greg Bear,1
b5835,Cleopatra's Daughter,book,Michelle Moran,1
b7792,"A Tale Dark & Grimm (A Tale Dark & Grimm, #1)",book,Adam Gidwitz,1
b5976,"The Walking Dead, Vol. 12: Life Among Them",book,"Robert Kirkman, Charlie Adlard",1
b1699,The Lake House,book,Kate Morton,1
b5825,"Conspiracy in Death (In Death, #8)",book,J.D. Robb,1
b5760,"Dark Side of the Moon (Dark-Hunter #9, Were-Hunter #3)",book,Sherrilyn Kenyon,1
b7961,"Priestess of Avalon (Avalon, #4)",book,"Marion Zimmer Bradley, Diana L. Paxson",1
b9160,"About That Night (FBI/US Attorney, #3)",book,Julie James,1
b878,A Beautiful Mind,book,Sylvia Nasar,1
b121,Lolita,book,"Vladimir Nabokov, Craig Raine",1
b5426,"The Perfect Play (Play by Play, #1)",book,Jaci Burton,1
b4940,Veganomicon: The Ultimate Vegan Cookbook,book,"Isa Chandra Moskowitz, Terry Hope Romero",1
b9067,"The Golden Dynasty (Fantasyland, #2)",book,Kristen Ashley,1
b3439,"Al Capone Does My Shirts (Al Capone at Alcatraz, #1)",book,Gennifer Choldenko,1
b9031,"Never Love a Highlander (McCabe Trilogy, #3)",book,Maya Banks,1
b8535,A New Hope  (Star Wars: Novelizations #4),book,"Alan Dean Foster, George Lucas",1
b5666,"Excession (Culture, #5)",book,Iain M. Banks,1
b6574,"Case Closed, Vol. 1",book,Gosho Aoyama,1
b1923,Barrel Fever: Stories and Essays,book,David Sedaris,1
b6743,"Succubus on Top (Georgina Kincaid, #2)",book,Richelle Mead,1
b3732,"Beautiful Player (Beautiful Bastard, #3)",book,Christina Lauren,1
b3305,Linchpin: Are You Indispensable?,book,Seth Godin,1
b2852,Battle Royale,book,"Koushun Takami, Yuji Oniki",1
b4449,The Demigod Diaries,book,"Rick Riordan, Haley Riordan",1
b1157,The One Minute Manager,book,"Kenneth H. Blanchard, Spencer Johnson",1
b532,Batman: Year One,book,"Frank Miller, David Mazzucchelli, Richmond Lewis, Dennis O'Neil",1
b2347,"Lasher (Lives of the Mayfair Witches, #2)",book,Anne Rice,1
b4165,The Fill-In Boyfriend,book,Kasie West,1
b4656,"A Caress of Twilight (Merry Gentry, #2)",book,Laurell K. Hamilton,1
b5218,"Devil May Cry (Dark-Hunter, #11)",book,Sherrilyn Kenyon,1
b6529,"Naked Heat (Nikki Heat, #2)",book,Richard Castle,1
b8267,Branded by Fire (Psy-Changeling #6),book,Nalini Singh,1
b325,A Prayer for Owen Meany,book,John Irving,1
b5498,"City of Golden Shadow (Otherland, #1)",book,Tad Williams,1
b4313,China Dolls,book,Lisa See,1
b2796,The Lost Wife,book,Alyson Richman,1
b9741,"The Walking Dead, Vol. 13: Too Far Gone",book,"Robert Kirkman, Charlie Adlard, Cliff Rathburn",1
b6998,The Feminine Mystique,book,"Betty Friedan, Anna Quindlen",1
b7750,"The Blessing Way (Leaphorn & Chee, #1)",book,Tony Hillerman,1
b1309,Life,book,Keith Richards,1
b8787,"Marlfox (Redwall, #11)",book,Brian Jacques,1
b5656,"W is for Wasted (Kinsey Millhone, #23)",book,Sue Grafton,1
b3046,"The Moosewood Cookbook: Recipes from Moosewood Restaurant, Ithaca, New York",book,Mollie Katzen,1
b1351,"School's Out—Forever (Maximum Ride, #2)",book,James Patterson,1
b3160,Elsewhere,book,Gabrielle Zevin,1
b7901,"Mr. Kiss and Tell (Veronica Mars, #2)",book,"Rob Thomas, Jennifer Graham",1
b5638,"Law Man (Dream Man, #3)",book,Kristen Ashley,1
b8911,"The Blood Mirror (Lightbringer, #4)",book,Brent Weeks,1
b2803,"First Grave on the Right (Charley Davidson, #1)",book,Darynda Jones,1
b4830,"The Ruby Circle (Bloodlines, #6)",book,Richelle Mead,1
b9382,"Claimed By Shadow (Cassandra Palmer, #2)",book,Karen Chance,1
b3314,"Quicksilver (The Baroque Cycle, #1)",book,Neal Stephenson,1
b9114,The Complete Tales and Poems,book,Edgar Allan Poe,1
b6576,"Yu Yu Hakusho, Volume 1: Goodbye, Material World! (Yu Yu Hakusho, #1)",book,Yoshihiro Togashi,1
b5178,"The Hook Up (Game On, #1)",book,Kristen Callihan,1
b1445,Flipped,book,Wendelin Van Draanen,1
b5197,"Frigid (Frigid, #1)",book,"J. Lynn, Jennifer L. Armentrout",1
b7637,"Virgin River (Virgin River, #1)",book,Robyn Carr,1
b2455,Committed: A Skeptic Makes Peace with Marriage,book,Elizabeth Gilbert,1
b7421,The Miseducation of Cameron Post,book,Emily M. Danforth,1
b1584,Rosencrantz and Guildenstern Are Dead,book,"Tom Stoppard, Henry Popkin",1
b4488,"Legion (Legion, #1)",book,Brandon Sanderson,1
b1551,Behind Closed Doors,book,B.A. Paris,1
b2333,"The Mighty Storm (The Storm, #1)",book,Samantha Towle,1
b9074,"Exile's Return (Conclave of Shadows, #3)",book,Raymond E. Feist,1
b4745,"Mitosis (The Reckoners, #1.5)",book,Brandon Sanderson,1
b4175,The Puppet Masters,book,Robert A. Heinlein,1
b6896,"Five Dialogues: Euthyphro, Apology, Crito, Meno, Phaedo",book,"Plato, G.M.A. Grube, John M. Cooper",1
b628,"Patriot Games (Jack Ryan Universe, #2)",book,Tom Clancy,1
b3901,"Starters (Starters, #1)",book,Lissa Price,1
b4365,"Knight (Unfinished Hero, #1)",book,Kristen Ashley,1
b3356,Escape,book,"Carolyn Jessop, Laura Palmer",1
b2993,The Lottery,book,Shirley Jackson,1
b9280,Eleanor of Aquitaine: A Life ,book,Alison Weir,1
b907,"Vision in White (Bride Quartet, #1)",book,Nora Roberts,1
b1470,"This Man (This Man, #1)",book,Jodi Ellen Malpas,1
b4451,Neil Patrick Harris: Choose Your Own Autobiography,book,"Neil Patrick Harris, David Javerbaum, Antony Hare",1
b3942,"Sin City, Vol. 2: A Dame to Kill For (Sin City, #2)",book,Frank Miller,1
b8940,The Rest Is Noise: Listening to the Twentieth Century,book,Alex  Ross,1
b3316,"The Fairy-Tale Detectives (The Sisters Grimm, #1)",book,"Michael Buckley, Peter Ferguson",1
b2320,"Chronicles, Vol. 1",book,Bob Dylan,1
b5512,"Holiday in Death (In Death, #7)",book,J.D. Robb,1
b3510,"Cerulean Sins (Anita Blake, Vampire Hunter, #11)",book,Laurell K. Hamilton,1
b8627,"Ross Poldark (Poldark, #1)",book,Winston Graham,1
b1968,"Peter and the Starcatchers (Peter and the Starcatchers, #1)",book,"Dave Barry, Ridley Pearson, Greg Call",1
b6682,My Name is Mary Sutter,book,Robin Oliveira,1
b4446,"Fade Out (The Morganville Vampires, #7)",book,Rachel Caine,1
b2790,American Lion: Andrew Jackson in the White House,book,Jon Meacham,1
b7480,The Better Angels of Our Nature: Why Violence Has Declined,book,Steven Pinker,1
b5562,"The Last Policeman (The Last Policeman, #1)",book,Ben H. Winters,1
b9198,"An Acceptable Time (A Wrinkle in Time Quintet, #5)",book,Madeleine L'Engle,1
b9595,The Force Awakens (Star Wars),book,"Alan Dean Foster, Lawrence Kasdan, J.J. Abrams, Michael Arndt",1
b6451,"The Firebird (Slains, #2)",book,Susanna Kearsley,1
b2165,"Anybody Out There? (Walsh Family, #4)",book,Marian Keyes,1
b9451,"Death at La Fenice (Commissario Brunetti, #1)",book,Donna Leon,1
b9869,"Then Came You (The Gamblers, #1)",book,Lisa Kleypas,1
b7183,"The Madman’s Daughter (The Madman’s Daughter, #1)",book,Megan Shepherd,1
b5810,"The Secret Hour (Midnighters, #1)",book,Scott Westerfeld,1
b6838,"Brilliance of the Moon (Tales of the Otori, #3)",book,Lian Hearn,1
b9925,"City of Masks (Stravaganza, #1)",book,Mary Hoffman,1
b1055,Midnight's Children,book,Salman Rushdie,1
b4370,The Brain That Changes Itself: Stories of Personal Triumph from the Frontiers of Brain Science,book,Norman Doidge,1
b5457,"Be with Me (Wait for You, #2)",book,"J. Lynn, Jennifer L. Armentrout",1
b3254,"The Stupidest Angel: A Heartwarming Tale of Christmas Terror (Pine Cove, #3)",book,Christopher Moore,1
b2053,All the King's Men,book,Robert Penn Warren,1
b1268,Where We Belong,book,Emily Giffin,1
b8668,"The Assassin and the Underworld (Throne of Glass, #0.4)",book,Sarah J. Maas,1
b4120,The Blind Watchmaker: Why the Evidence of Evolution Reveals a Universe Without Design,book,Richard Dawkins,1
b3485,Letter to a Christian Nation,book,Sam Harris,1
b927,"Crank (Crank, #1)",book,Ellen Hopkins,1
b2019,"The Maze of Bones  (The 39 Clues, #1)",book,Rick Riordan,1
b3306,Just So Stories,book,Rudyard Kipling,1
b1497,"The Borrowers (The Borrowers, #1)",book,"Mary Norton, Beth Krush, Joe Krush",1
b4493,The Sociopath Next Door,book,Martha Stout,1
b6669,"Necroscope (Necroscope, #1)",book,Brian Lumley,1
b7655,"The Ruby in the Smoke (Sally Lockhart, #1)",book,Philip Pullman,1
b5106,"Angel (Angel, #1)",book,L.A. Weatherly,1
b6416,"Sweet Filthy Boy (Wild Seasons, #1)",book,Christina Lauren,1
b2700,The Narrow Road to the Deep North,book,Richard Flanagan,1
b6530,Titus Andronicus,book,William Shakespeare,1
b5931,Adam Bede,book,"George Eliot, Joanna Trollope, Hugh Osborne",1
b4754,Midnight Bayou,book,Nora Roberts,1
b2618,"1,000 Places to See Before You Die",book,Patricia Schultz,1
b1493,"Old Yeller (Old Yeller, #1)",book,Fred Gipson,1
b4087,Avalon High,book,Meg Cabot,1
b6471,The Greater Journey: Americans in Paris,book,David McCullough,1
b1763,"4th of July (Women's Murder Club, #4)",book,"James Patterson, Maxine Paetro",1
b5906,The Vagina Monologues,book,"Eve Ensler, Gloria Steinem",1
b2593,"Stargazer (Evernight, #2)",book,Claudia Gray,1
b2024,The Fall,book,"Albert Camus, Justin O'Brien",1
b7506,"The Belgariad, Vol. 1: Pawn of Prophecy / Queen of Sorcery / Magician's Gambit (The Belgariad, #1-3)",book,David Eddings,1
b5248,The Darkest Lie (Lords of the Underworld #6),book,Gena Showalter,1
b7209,Paris,book,Edward Rutherfurd,1
b6109,"Size 14 Is Not Fat Either (Heather Wells, #2)",book,Meg Cabot,1
b2970,"Fatal Voyage (Temperance Brennan, #4)",book,Kathy Reichs,1
b7609,Dog on It (A Chet and Bernie Mystery #1),book,Spencer Quinn,1
b4341,The Undercover Economist,book,Tim Harford,1
b7319,"Gunmetal Magic (Kate Daniels, #5.5)",book,Ilona Andrews,1
b7890,Anyone But You,book,Jennifer Crusie,1
b9371,"The Legend of Luke (Redwall, #12)",book,Brian Jacques,1
b9515,"Johannes Cabal the Necromancer (Johannes Cabal, #1)",book,Jonathan L. Howard,1
b392,"Diary of a Wimpy Kid (Diary of a Wimpy Kid, #1)",book,Jeff Kinney,1
b3962,Secrets of a Charmed Life,book,Susan Meissner,1
b4019,Marvels,book,"Kurt Busiek, Alex Ross",1
b2609,"Midnight Riot (Peter Grant, #1)",book,Ben Aaronovitch,1
b6774,"Fourth Grave Beneath My Feet (Charley Davidson, #4)",book,Darynda Jones,1
b3695,The Intelligent Investor (Collins Business Essentials),book,"Benjamin Graham, Jason Zweig, Warren Buffett",1
b216,The Art of Racing in the Rain,book,Garth Stein,1
b2942,"Tai-Pan (Asian Saga, #2)",book,James Clavell,1
b5765,The Third Chimpanzee: The Evolution and Future of the Human Animal,book,Jared Diamond,1
b7737,"Ozma of Oz (Oz, #3)",book,L. Frank Baum,1
b1401,The Artist's Way: A Spiritual Path to Higher Creativity,book,Julia Cameron,1
b3839,"Midnight Awakening (Midnight Breed, #3)",book,Lara Adrian,1
b6121,"Boy Meets Girl (Boy, #2)",book,Meg Cabot,1
b5664,Thomas Jefferson: The Art of Power,book,Jon Meacham,1
b8047,The Double Helix,book,James D. Watson,1
b4470,"Poison Princess (The Arcana Chronicles, #1)",book,Kresley Cole,1
b4720,"Gregor and the Marks of Secret (Underland Chronicles, #4)",book,Suzanne Collins,1
b1465,The Chosen,book,Chaim Potok,1
b9530,"The Quiche of Death (Agatha Raisin, #1)",book,M.C. Beaton,1
b5867,"The Sword of Shannara Trilogy (Shannara, #1-3)",book,Terry Brooks,1
b5600,"The Hollow (Sign of Seven, #2)",book,Nora Roberts,1
b5262,"Abandon (Abandon, #1)",book,Meg Cabot,1
b809,Brave New World / Brave New World Revisited,book,"Aldous Huxley, Christopher Hitchens",1
b6971,The Smitten Kitchen Cookbook,book,Deb Perelman,1
b8553,Physics of the Future: How Science Will Shape Human Destiny and Our Daily Lives by the Year 2100,book,Michio Kaku,1
b10000,The First World War,book,John Keegan,1
b350,Fear and Loathing in Las Vegas,book,"Hunter S. Thompson, Ralph Steadman",1
b5738,Everyone Brave is Forgiven,book,Chris Cleave,1
b6761,"Daring to Dream (Dream Trilogy, #1)",book,Nora Roberts,1
b3415,Annie on My Mind,book,Nancy Garden,1
b9308,The Dark Is Rising Sequence  (The Dark Is Rising #1-5),book,Susan Cooper,1
b4241,"Reaper's Property (Reapers MC, #1)",book,Joanna Wylde,1
b5662,"Reboot (Reboot, #1)",book,Amy Tintera,1
b1489,"On the Banks of Plum Creek  (Little House, #4)",book,"Laura Ingalls Wilder, Garth Williams",1
b7353,Measure for Measure,book,"William Shakespeare, Barbara A. Mowat, Paul Werstine",1
b5892,"Deep Kiss of Winter (Includes: Immortals After Dark, #8; Alien Huntress, #3.5)",book,"Kresley Cole, Gena Showalter",1
b3108,"Cause of Death (Kay Scarpetta, #7)",book,Patricia Cornwell,1
b6534,"Grave Secret (Harper Connelly, #4)",book,Charlaine Harris,1
b5720,"Lead (Stage Dive, #3)",book,Kylie Scott,1
b9861,A Countess Below Stairs,book,Eva Ibbotson,1
b2385,"The Dragonbone Chair (Memory, Sorrow, and Thorn, #1)",book,Tad Williams,1
b6435,The Making of the Atomic Bomb,book,Richard Rhodes,1
b9075,"Princess of Glass (The Princesses of Westfalin Trilogy, #2)",book,Jessica Day George,1
b1744,"The Redbreast (Harry Hole, #3)",book,"Jo Nesbø, Don Bartlett",1
b1748,Goodnight Nobody,book,Jennifer Weiner,1
b4587,"Supernaturally (Paranormalcy, #2)",book,Kiersten White,1
b9385,Batwoman: Elegy,book,"Greg Rucka, J.H. Williams III, Rachel Maddow",1
b8617,"The 13½ Lives of Captain Bluebear (Zamonia, #1)",book,"Walter Moers, John Brownjohn",1
b9636,"The Sea of Trolls (Sea of Trolls, #1)",book,Nancy Farmer,1
b9421,"An Incomplete Revenge (Maisie Dobbs, #5)",book,Jacqueline Winspear,1
b1940,The Wasp Factory,book,Iain Banks,1
b7187,Last Chance to See,book,"Douglas Adams, Mark Carwardine",1
b9368,"The Lion's Lady (Crown's Spies, #1)",book,Julie Garwood,1
b3308,Complications: A Surgeon's Notes on an Imperfect Science,book,"Atul Gawande, Susanne Kuhlmann-Krieg",1
b1087,I Am the Messenger,book,Markus Zusak,1
b6397,"Something from the Nightside (Nightside, #1)",book,Simon R. Green,1
b8820,"Eternal Rider (Lords of Deliverance, #1, Demonica, #6)",book,Larissa Ione,1
b4746,La Dame aux Camélias,book,"Alexandre Dumas fils, David Coward",1
b5830,Grimm's Fairy Tales,book,"Jacob Grimm, Wilhelm Grimm, منى الخميسي",1
b1338,The Book of Mormon: Another Testament of Jesus Christ,book,"Anonymous, Joseph Smith Jr.",1
b1284,"It's Not Summer Without You (Summer, #2)",book,Jenny Han,1
b2115,Black Hawk Down,book,Mark Bowden,1
b7128,Chasm City,book,Alastair Reynolds,1
b1786,Before the Fall,book,Noah Hawley,1
b6123,The Door Into Summer,book,Robert A. Heinlein,1
b3387,The Winter of Our Discontent,book,"John Steinbeck, Susan Shillinglaw",1
b2691,"You Suck (A Love Story, #2)",book,Christopher Moore,1
b8826,"Planetary, Volume 1: All Over the World and Other Stories",book,"Warren Ellis, John Cassaday",1
b5538,The Dreaming Void,book,Peter F. Hamilton,1
b6590,The Authoritative Calvin and Hobbes: A Calvin and Hobbes Treasury,book,Bill Watterson,1
b2563,"Monsters of Men (Chaos Walking, #3)",book,Patrick Ness,1
b4395,Women Who Run With the Wolves: Myths and Stories of the Wild Woman Archetype,book,Clarissa Pinkola Estés,1
b7275,"Far from the Tree: Parents, Children, and the Search for Identity",book,Andrew Solomon,1
b7367,"Tempting the Best Man (Gamble Brothers, #1)",book,"J. Lynn, Jennifer L. Armentrout",1
b4842,The Virgin Blue,book,Tracy Chevalier,1
b7199,My Life on the Road,book,Gloria Steinem,1
b3628,The Complete Calvin and Hobbes,book,Bill Watterson,1
b3986,Please Kill Me: The Uncensored Oral History of Punk,book,"Legs McNeil, Gillian McCain",1
b681,"Little House in the Big Woods (Little House, #1)",book,"Laura Ingalls Wilder, Garth Williams",1
b6950,"Archangel's Consort (Guild Hunter, #3)",book,Nalini Singh,1
b8077,"The Walking Dead, Vol. 14: No Way Out",book,"Robert Kirkman, Charlie Adlard, Cliff Rathburn",1
b6842,"Twenty Years After (The D'Artagnan Romances, #2)",book,"Alexandre Dumas, David Coward, Auguste Maquet",1
b6640,"Lady Friday (The Keys to the Kingdom, #5)",book,Garth Nix,1
b5422,"A Great Reckoning (Chief Inspector Armand Gamache, #12)",book,Louise Penny,1
b8472,Metaphysics,book,"Aristotle, Joe Sachs",1
b3297,"One Week Girlfriend (One Week Girlfriend, #1)",book,Monica  Murphy,1
b5714,Redemption Ark,book,Alastair Reynolds,1
b5613,"I Am Not A Serial Killer (John Cleaver, #1)",book,Dan Wells,1
b5021,"Own the Wind (Chaos, #1)",book,Kristen Ashley,1
b7346,"Spell of the Highlander (Highlander, #7)",book,Karen Marie Moning,1
b2435,Catching Jordan,book,Miranda Kenneally,1
b2801,The Boy Who Sneaks in My Bedroom Window,book,Kirsty Moseley,1
b7167,Saving Grace,book,Julie Garwood,1
b5476,The Crossover,book,Kwame Alexander,1
b3608,"Incubus Dreams (Anita Blake, Vampire Hunter, #12)",book,Laurell K. Hamilton,1
b4650,"The Grey King (The Dark Is Rising, #4)",book,Susan Cooper,1
b1277,The Case for Christ,book,Lee Strobel,1
b8117,"Transmetropolitan, Vol. 3: Year of the Bastard (Transmetropolitan, #3)",book,"Warren Ellis, Darick Robertson, Rodney Ramos",1
b8587,"The Shadow Throne (The Ascendance Trilogy, #3)",book,Jennifer A. Nielsen,1
b2934,The Art of Loving,book,"Erich Fromm, Peter D. Kramer, Rainer Funk",1
b7121,"Blackout (Newsflesh Trilogy, #3)",book,Mira Grant,1
b3017,"Beauty from Pain (Beauty, #1)",book,Georgia Cates,1
b4014,"Emily of New Moon (Emily, #1)",book,L.M. Montgomery,1
b5445,"Queen of Babble in the Big City (Queen of Babble, #2)",book,Meg Cabot,1
b3606,The Pioneer Woman Cooks: Recipes from an Accidental Country Girl,book,Ree Drummond,1
b551,Life After Life,book,Kate Atkinson,1
b1466,The Agony and the Ecstasy,book,"Irving Stone, שמואל שניצר",1
b7834,"The Witch With No Name (The Hollows, #13)",book,Kim Harrison,1
b4155,Earth (The Book): A Visitor's Guide to the Human Race,book,"Jon Stewart, Rory Albanese, Kevin Bleyer, Rich Bloomquist, Steve Bodow, Tim Carvell, Wyatt Cenac, Hallie Haglund, J.R. Havlan, David Javerbaum, Elliott Kalan, Josh Lieb, Sam Means, Jo Miller, John Oliver, Daniel Radosh, Jason Ross",1
b9015,Play of Passion (Psy-Changeling #9),book,Nalini Singh,1
b2444,How We Decide,book,Jonah Lehrer,1
b4734,Not My Father's Son,book,Alan Cumming,1
b2848,A God in Ruins,book,Kate Atkinson,1
b5631,"The Best Man (Blue Heron, #1)",book,Kristan Higgins,1
b2610,Lucy Sullivan Is Getting Married,book,Marian Keyes,1
b2457,"The Transfer (Divergent, #0.1)",book,Veronica Roth,1
b5371,"The Scottish Prisoner (Lord John Grey, #3)",book,Diana Gabaldon,1
b6868,The Subtle Art of Not Giving a F*ck: A Counterintuitive Approach to Living a Good Life,book,Mark Manson,1
b7026,The Difference Engine ,book,"William Gibson, Bruce Sterling",1
b5896,"Wild Man (Dream Man, #2)",book,Kristen Ashley,1
b8363,"The Assassin and the Empire (Throne of Glass, #0.5)",book,Sarah J. Maas,1
b6649,"Girl of Nightmares (Anna, #2)",book,Kendare Blake,1
b6477,"The Dark Hills Divide (The Land of Elyon, #1)",book,Patrick Carman,1
b5326,"VALIS (VALIS Trilogy, #1)",book,Philip K. Dick,1
b1113,Thus Spoke Zarathustra,book,"Friedrich Nietzsche, Walter Kaufmann",1
b3107,"The Proposition (The Proposition, #1)",book,Katie Ashley,1
b7569,"An Army at Dawn: The War in North Africa, 1942-1943 (World War II Liberation Trilogy, #1)",book,Rick Atkinson,1
b1927,Alive: The Story of the Andes Survivors,book,Piers Paul Read,1
b5660,"Shades of Earth (Across the Universe, #3)",book,Beth Revis,1
b9130,"Unhinged (Splintered, #2)",book,A.G. Howard,1
b3579,I Feel Bad about My Neck: And Other Thoughts on Being a Woman,book,Nora Ephron,1
b6023,"Almost Heaven (Sequels, #3)",book,Judith McNaught,1
b1261,The Eyes of the Dragon,book,Stephen King,1
b8841,"InterWorld (InterWorld, #1)",book,"Neil Gaiman, Michael Reaves",1
b6721,"Envy (Luxe, #3)",book,Anna Godbersen,1
b2302,Scarlett,book,Alexandra Ripley,1
b4161,"James Potter and the Hall of Elders' Crossing (James Potter, #1)",book,G. Norman Lippert,1
b4999,Tartuffe,book,"Molière, Martin Sorrell",1
b8521,Echo,book,Pam Muñoz Ryan,1
b4223,"Radiant Shadows (Wicked Lovely, #4)",book,Melissa Marr,1
b3862,"Kiss of Death (The Morganville Vampires, #8)",book,"Rachel Caine, Cynthia Holloway",1
b396,Hotel on the Corner of Bitter and Sweet,book,Jamie Ford,1
b6985,"Sapphique (Incarceron, #2)",book,Catherine Fisher,1
b6193,Ecstasy Unveiled (Demonica #4),book,Larissa Ione,1
b2574,"The Black Ice (Harry Bosch, #2; Harry Bosch Universe, #2)",book,Michael Connelly,1
b7978,"The Mapping of Love and Death (Maisie Dobbs, #7)",book,Jacqueline Winspear,1
b5854,"Faking It (Losing It, #2)",book,Cora Carmack,1
b5679,Batman: The Black Mirror,book,"Scott Snyder, Jock, Francesco Francavilla, Jared K. Fletcher, Sal Cipriano, David   Baron",1
b2647,Flags of Our Fathers,book,"James D. Bradley, Ron Powers",1
b1451,"The Walking Dead, Compendium 1",book,Robert Kirkman,1
b6118,"Magic Breaks (Kate Daniels, #7)",book,Ilona Andrews,1
b1773,"Reckless (Thoughtless, #3)",book,S.C. Stephens,1
b2759,"A Living Nightmare (Cirque Du Freak, #1)",book,Darren Shan,1
b1222,Stuart Little,book,"E.B. White, Garth Williams",1
b7153,"The Cloud Searchers (Amulet, #3)",book,Kazu Kibuishi,1
b7997,Washington Square,book,"Henry James, Michael Cunningham",1
b588,"The Bourne Supremacy (Jason Bourne, #2)",book,Robert Ludlum,1
b4588,"First King of Shannara (The Original Shannara Trilogy, #0)",book,Terry Brooks,1
b848,The Bonesetter's Daughter,book,Amy Tan,1
b2935,"Gregor and the Code of Claw (Underland Chronicles, #5)",book,Suzanne Collins,1
b8966,Ain't She Sweet,book,Susan Elizabeth Phillips,1
b2015,The Bridges of Madison County,book,Robert James Waller,1
b626,The Polar Express,book,Chris Van Allsburg,1
b3334,The Marriage of Opposites,book,Alice Hoffman,1
b1550,"Heist Society (Heist Society, #1)",book,Ally Carter,1
b6630,Batman: Whatever Happened to the Caped Crusader?,book,"Neil Gaiman, Andy Kubert, Matt Wagner, Simon Bisley, Bernie Mireault, Mark Buckingham",1
b1467,"The Angel's Game (The Cemetery of Forgotten Books, #2)",book,"Carlos Ruiz Zafón, Lucia Graves",1
b3643,Ragtime,book,E.L. Doctorow,1
b5369,"Memories, Dreams, Reflections",book,"C.G. Jung, Aniela Jaffé, Richard Winston, Clara Winston",1
b6450,The Road to Little Dribbling: Adventures of an American in Britain,book,Bill Bryson,1
b6257,On Writing Well: The Classic Guide to Writing Nonfiction,book,William Zinsser,1
b9677,"The Devil You Know (Felix Castor, #1)",book,Mike Carey,1
b2403,A Passage to India,book,"E.M. Forster, Oliver Stallybrass, Pankaj Mishra",1
b2413,"The Last Kingdom (The Saxon Stories, #1)",book,Bernard Cornwell,1
b7596,"Haunted (Women of the Otherworld, #5)",book,Kelley Armstrong,1
b9415,"Mercy Blade (Jane Yellowrock, #3)",book,Faith Hunter,1
b9812,Frederica,book,Georgette Heyer,1
b7041,"Loyalty in Death (In Death, #9)",book,"J.D. Robb, Susan Ericksen",1
b4929,"White Hot Kiss (The Dark Elements, #1)",book,Jennifer L. Armentrout,1
b3611,"A Touch of Dead (Sookie Stackhouse, #4.1, #4.3, #5.1, #7.1, #8.1)",book,Charlaine Harris,1
b3584,"River God (Ancient Egypt, #1)",book,Wilbur Smith,1
b5016,"Everlost (Skinjacker, #1)",book,Neal Shusterman,1
b4749,"D-Day, June 6, 1944: The Battle for the Normandy Beaches",book,Stephen E. Ambrose,1
b6267,The Villa,book,Nora Roberts,1
b7735,The Suspicions of Mr. Whicher: A Shocking Murder and the Undoing of a Great Victorian Detective,book,Kate Summerscale,1
b1788,The Calvin and Hobbes Tenth Anniversary Book,book,Bill Watterson,1
b719,A New Earth: Awakening to Your Life's Purpose,book,Eckhart Tolle,1
b2380,Cat on a Hot Tin Roof,book,Tennessee Williams,1
b4724,The Light in the Ruins,book,Chris Bohjalian,1
b1981,"Naked (The Blackstone Affair, #1)",book,Raine Miller,1
b5437,Lord Jim,book,Joseph Conrad,1
b7923,An Anthropologist on Mars: Seven Paradoxical Tales,book,Oliver Sacks,1
b6458,Juliet,book,Anne Fortier,1
b7035,House of Suns,book,Alastair Reynolds,1
b1025,Blue Like Jazz: Nonreligious Thoughts on Christian Spirituality,book,Donald Miller,1
b6923,"Witness in Death (In Death, #10)",book,"J.D. Robb, Susan Ericksen",1
b5488,"In The Afterlight (The Darkest Minds, #3)",book,Alexandra Bracken,1
b7372,Stupid White Men,book,Michael Moore,1
b5874,"Monster Hunter International (Monster Hunter International, #1)",book,Larry Correia,1
b1371,Predictably Irrational: The Hidden Forces That Shape Our Decisions,book,Dan Ariely,1
b7895,"Street Magic (The Circle Opens, #2)",book,Tamora Pierce,1
b914,"The Forever War (The Forever War, #1)",book,Joe Haldeman,1
b1692,He's Just Not That Into You: The No-Excuses Truth to Understanding Guys,book,"Greg Behrendt, Liz Tuccillo",1
b6152,Fuzzy Nation,book,John Scalzi,1
b5062,Mr. Perfect,book,Linda Howard,1
b5088,The Man Who Was Thursday: A Nightmare,book,"G.K. Chesterton, Jonathan Lethem",1
b4770,Two Boys Kissing,book,David Levithan,1
b8562,"Gentle Rogue (Malory-Anderson Family, #3)",book,Johanna Lindsey,1
b1667,What Happened to Goodbye,book,Sarah Dessen,1
b5051,"Galileo's Daughter: A Historical Memoir of Science, Faith and Love",book,Dava Sobel,1
b5871,"The Pagan Stone (Sign of Seven, #3)",book,Nora Roberts,1
b5836,"Grave Secrets (Temperance Brennan, #5)",book,Kathy Reichs,1
b9602,"Track of the Cat (Anna Pigeon, #1)",book,Nevada Barr,1
b3810,Tribes: We Need You to Lead Us,book,Seth Godin,1
b6804,Drift: The Unmooring of American Military Power,book,Rachel Maddow,1
b3180,The Lover's Dictionary,book,David Levithan,1
b8087,The Lions of Al-Rassan,book,Guy Gavriel Kay,1
b4790,"Authority (Southern Reach, #2)",book,Jeff VanderMeer,1
b2897,Assassination Vacation,book,Sarah Vowell,1
b1485,"The Black Dahlia (L.A. Quartet, #1)",book,James Ellroy,1
b8740,"Good Wives (Little Women, #1.5)",book,Louisa May Alcott,1
b555,"Hamlet: Screenplay, Introduction And Film Diary",book,"Kenneth Branagh, William Shakespeare",1
b2948,Unbearable Lightness: A Story of Loss and Gain,book,Portia de Rossi,1
b5721,"No Humans Involved (Women of the Otherworld, #7)",book,Kelley Armstrong,1
b6126,"Matter (Culture, #8)",book,Iain M. Banks,1
b6628,"The Frog Princess (Tales of the Frog Princess, #1)",book,E.D. Baker,1
b5547,"Midnight Rising (Midnight Breed, #4)",book,Lara Adrian,1
b8623,Billions & Billions: Thoughts on Life and Death at the Brink of the Millennium,book,"Carl Sagan, Ann Druyan",1
b1879,Best Friends Forever,book,Jennifer Weiner,1
b3646,Garlic and Sapphires: The Secret Life of a Critic in Disguise,book,Ruth Reichl,1
b9505,Reasons to Stay Alive,book,Matt Haig,1
b7594,QED: The Strange Theory of Light and Matter,book,Richard Feynman,1
b3128,The Mummy (Ramses the Damned #1),book,Anne Rice,1
b5479,The Rose Garden,book,Susanna Kearsley,1
b7704,Holding the Dream (Dream Trilogy #2),book,Nora Roberts,1
b196,Fight Club,book,Chuck Palahniuk,1
b2229,Prozac Nation,book,Elizabeth Wurtzel,1
b1570,The Electric Kool-Aid Acid Test,book,Tom Wolfe,1
b6490,"Pathfinder (Pathfinder, #1)",book,Orson Scott Card,1
b2556,"The Long Winter (Little House, #6)",book,"Laura Ingalls Wilder, Garth Williams",1
b1322,"The Last Unicorn (The Last Unicorn, #1)",book,Peter S. Beagle,1
b1893,"Release Me (Stark Trilogy, #1)",book,J. Kenner,1
b4102,Stepbrother Dearest,book,Penelope Ward,1
b807,The Circle,book,Dave Eggers,1
b4595,"The Brutal Telling (Chief Inspector Armand Gamache, #5)",book,Louise Penny,1
b1121,"Blood Meridian, or the Evening Redness in the West",book,Cormac McCarthy,1
b9964,"The Mime Order (The Bone Season, #2)",book,Samantha Shannon,1
b903,Anthem,book,Ayn Rand,1
b6385,The Masque of the Red Death,book,Edgar Allan Poe,1
b1535,"Saving the World and Other Extreme Sports (Maximum Ride, #3)",book,James Patterson,1
b7511,Aurora,book,Kim Stanley Robinson,1
b1956,"Little Town on the Prairie  (Little House, #7)",book,"Laura Ingalls Wilder, Garth Williams",1
b5092,"Seduced by Moonlight (Merry Gentry, #3)",book,Laurell K. Hamilton,1
b4288,A Northern Light,book,Jennifer Donnelly,1
b1035,Einstein: His Life and Universe,book,Walter Isaacson,1
b4679,A Quick Bite (Argeneau #1),book,Lynsay Sands,1
b8244,"Embrace the Night (Cassandra Palmer, #3)",book,Karen Chance,1
b1349,The Blind Side: Evolution of a Game,book,Michael   Lewis,1
b6299,Falling Angels,book,Tracy Chevalier,1
b1303,"The Road Less Traveled: A New Psychology of Love, Traditional Values, and Spiritual Growth",book,M. Scott Peck,1
b5518,Small Sacrifices: A True Story of Passion and Murder,book,Ann Rule,1
b2261,"The 5th Horseman (Women's Murder Club, #5)",book,"James Patterson, Maxine Paetro",1
b2986,"Hidden (House of Night, #10)",book,"P.C. Cast, Kristin Cast",1
b2443,"Collide (Collide, #1)",book,Gail McHugh,1
b3429,The Winter People,book,Jennifer McMahon,1
b3742,"War Horse (War Horse, #1)",book,Michael Morpurgo,1
b6816,"The Fourth Bear (Nursery Crime, #2)",book,Jasper Fforde,1
b1620,A Scanner Darkly,book,Philip K. Dick,1
b4630,"Bare Bones (Temperance Brennan, #6)",book,Kathy Reichs,1
b8551,"The Queen's Poisoner (Kingfountain, #1)",book,Jeff Wheeler,1
b2793,"Mad About the Boy (Bridget Jones, #3)",book,Helen Fielding,1
b4958,Just My Type: A Book About Fonts,book,Simon Garfield,1
b4162,Where Men Win Glory: The Odyssey of Pat Tillman,book,Jon Krakauer,1
b5626,Bel-Ami,book,"Guy de Maupassant, Douglas Parmée",1
b1614,"We'll Always Have Summer (Summer, #3)",book,Jenny Han,1
b8496,Agnes and the Hitman,book,"Jennifer Crusie, Bob Mayer",1
b8844,The Replacement,book,Brenna Yovanoff,1
b5263,"The Full Cupboard of Life (No. 1 Ladies' Detective Agency, #5)",book,Alexander McCall Smith,1
b7416,"The Life and Opinions of Tristram Shandy, Gentleman",book,"Laurence Sterne, Melvyn New",1
b3970,"Ghost Town (The Morganville Vampires, #9)",book,Rachel Caine,1
b1033,"The Wide Window (A Series of Unfortunate Events, #3)",book,"Lemony Snicket, Brett Helquist",1
b3023,"Three Men in a Boat (Three Men, #1)",book,Jerome K. Jerome,1
b3551,The Children of Men,book,P.D. James,1
b383,A Million Little Pieces,book,James Frey,1
b8294,The Android's Dream,book,John Scalzi,1
b3079,Tortilla Flat,book,John Steinbeck,1
b8936,Ghettoside: A True Story of Murder in America,book,Jill Leovy,1
b1824,"Flawless (Pretty Little Liars, #2)",book,Sara Shepard,1
b3767,Practical Magic,book,Alice Hoffman,1
b5264,"How to Marry a Millionaire Vampire (Love at Stake, #1)",book,Kerrelyn Sparks,1
b7657,"Scarlet (Scarlet, #1)",book,A.C. Gaughen,1
b4879,Beyond Belief: My Secret Life Inside Scientology and My Harrowing Escape,book,"Jenna Miscavige Hill, Lisa Pulitzer",1
b2910,Catch Me If You Can: The True Story of a Real Fake,book,"Frank W. Abagnale, Stan Redding",1
b2589,Certain Girls (Cannie Shapiro #2),book,Jennifer Weiner,1
b6847,"The Unwanteds (Unwanteds, #1)",book,Lisa McMann,1
b2408,"Love Story (Love Story, #1)",book,Erich Segal,1
b1832,"Child 44 (Leo Demidov, #1)",book,Tom Rob Smith,1
b5322,"The Struggle (The Vampire Diaries, #2)",book,L.J. Smith,1
b6048,Full Moon Rising (Riley Jenson Guardian #1),book,Keri Arthur,1
b6318,The Cat Who Walks Through Walls (The World As Myth),book,Robert A. Heinlein,1
b2481,Bury My Heart at Wounded Knee: An Indian History of the American West,book,Dee Brown,1
b1345,Pretty Girls,book,Karin Slaughter,1
b6157,The Art of Travel,book,Alain de Botton,1
b9274,"The Pagan Lord (The Saxon Stories, #7)",book,Bernard Cornwell,1
b8523,The Gulag Archipelago 1918-1956,book,"Aleksandr Solzhenitsyn, Edward E. Ericson Jr.",1
b2938,The Other Side of the Story,book,Marian Keyes,1
b6187,His Last Bow: 8 Stories,book,Arthur Conan Doyle,1
b6762,"Judgment in Death (In Death, #11)",book,"J.D. Robb, Nora Roberts",1
b9259,"Red Glove (Curse Workers, #2)",book,Holly Black,1
b702,The Hundred-Year-Old Man Who Climbed Out of the Window and Disappeared,book,"Jonas Jonasson, Rod Bradbury",1
b5517,"Every Boy's Got One (Boy, #3)",book,Meg Cabot,1
b4359,"Women in Love (Brangwen Family, #2)",book,D.H. Lawrence,1
b2684,"Shadowland (The Mediator, #1)",book,Meg Cabot,1
b1487,Wild Swans: Three Daughters of China,book,Jung Chang,1
b9132,"Until You (Westmoreland, #3)",book,Judith McNaught,1
b4951,Batman: The Man Who Laughs,book,"Ed Brubaker, Doug Mahnke, Patrick Zircher, Aaron Sowd, Steve Bird",1
b8433,A History of the World in 6 Glasses,book,Tom Standage,1
b7969,"The Secret History of the Pink Carnation (Pink Carnation, #1)",book,Lauren Willig,1
b9598,"Soul Eater, Vol. 02 (Soul Eater, #2)",book,Atsushi Ohkubo,1
b6148,"Break No Bones (Temperance Brennan, #9)",book,Kathy Reichs,1
b6773,"Sever (The Chemical Garden, #3)",book,Lauren DeStefano,1
b4601,"Year of Yes: How to Dance It Out, Stand In the Sun and Be Your Own Person",book,Shonda Rhimes,1
b8970,"Falling Free (Vorkosigan Saga, #4)",book,Lois McMaster Bujold,1
b4443,"The Long Goodbye (Philip Marlowe, #6)",book,Raymond Chandler,1
b6611,"Preacher, Volume 4: Ancient History",book,"Garth Ennis, Steve Dillon, Steve Pugh, Matt Hollingsworth, Carlos Ezquerra, Richard Case",1
b3011,Bookends,book,Jane Green,1
b3032,"A Shade of Vampire (A Shade of Vampire, #1)",book,Bella Forrest,1
b1861,"Shadowland (The Immortals, #3)",book,Alyson Noel,1
b5940,"Purgatorio (The Divine Comedy, #2)",book,"Dante Alighieri, Robert M. Durling",1
b3630,Serena,book,Ron Rash,1
b5118,"Stars Above (The Lunar Chronicles, #4.5)",book,Marissa Meyer,1
b1738,When You Reach Me,book,Rebecca Stead,1
b1897,The Lost Boy (Dave Pelzer #2),book,Dave Pelzer,1
b5360,"The Rose Society (The Young Elites, #2)",book,Marie Lu,1
b2324,"By the Shores of Silver Lake  (Little House, #5)",book,"Laura Ingalls Wilder, Garth Williams",1
b147,Thirteen Reasons Why,book,Jay Asher,1
b5829,"Bones to Ashes (Temperance Brennan, #10)",book,Kathy Reichs,1
b1174,The Girls,book,Emma Cline,1
b1607,"The Poet (Jack McEvoy, #1; Harry Bosch Universe, #5)",book,Michael Connelly,1
b1650,The Call of the Wild/White Fang,book,Jack London,1
b3555,I Was Told There'd Be Cake,book,Sloane Crosley,1
b378,The Namesake,book,Jhumpa Lahiri,1
b7968,Finding the Dream (Dream Trilogy #3),book,Nora Roberts,1
b8682,Thérèse Raquin,book,"Émile Zola, Robin Buss",1
b1994,"Forever Too Far (Rosemary Beach, #3; Too Far, #3)",book,Abbi Glines,1
b1059,"Among the Hidden (Shadow Children, #1)",book,Margaret Peterson Haddix,1
b4325,"The Walking Dead, Vol. 03: Safety Behind Bars",book,"Robert Kirkman, Charlie Adlard",1
b1904,The Sandman: Overture,book,"Neil Gaiman, J.H. Williams III, Dave Stewart, Todd Klein",1
b409,Fried Green Tomatoes at the Whistle Stop Cafe,book,Fannie Flagg,1
b8345,"Shadow's Claim (Immortals After Dark, #13; The Dacians, #1)",book,Kresley Cole,1
b7940,"Succubus Dreams (Georgina Kincaid, #3)",book,Richelle Mead,1
b1600,"Tripwire  (Jack Reacher, #3)",book,Lee Child,1
b3185,"Pure (Covenant, #2)",book,Jennifer L. Armentrout,1
b8916,The Faerie Queene ,book,"Edmund Spenser, Thomas P. Roche, C. Patrick O'Donnell",1
b2560,The 21 Irrefutable Laws of Leadership: Follow Them and People Will Follow You,book,"John C. Maxwell, Zig Ziglar",1
b8383,A Wrinkle in Time: The Graphic Novel,book,"Hope Larson, Madeleine L'Engle",1
b3040,"Because of Low (Sea Breeze, #2)",book,Abbi Glines,1
b3400,The End of the Affair,book,"Graham Greene, Monica Ali",1
b5640,Rising Strong,book,Brené Brown,1
b2055,The Woods,book,Harlan Coben,1
b9242,"Sins & Needles (The Artists Trilogy, #1)",book,Karina Halle,1
b7435,"Fifth Grave Past the Light (Charley Davidson, #5)",book,Darynda Jones,1
b7279,Hallucinations,book,Oliver Sacks,1
b4259,Chasing Fire,book,Nora Roberts,1
b2738,Balzac and the Little Chinese Seamstress,book,"Dai Sijie, Ina Rilke",1
b4075,"Astonishing X-Men, Volume 1: Gifted",book,"Joss Whedon, John Cassaday",1
b4003,Ben-Hur: A Tale of the Christ,book,Lew Wallace,1
b4172,Black Hills,book,Nora Roberts,1
b4135,"The Retribution of Mara Dyer (Mara Dyer, #3)",book,Michelle Hodkin,1
b2163,What to Expect When You're Expecting,book,"Heidi Murkoff, Arlene Eisenberg, Sandee Hathaway",1
b9604,"Lawrence in Arabia: War, Deceit, Imperial Folly, and the Making of the Modern Middle East",book,Scott Anderson,1
b3763,An American Tragedy,book,"Theodore Dreiser, Richard R. Lingeman",1
b6641,"Rock Chick Rescue (Rock Chick, #2)",book,Kristen Ashley,1
b461,"The Good Earth (House of Earth, #1)",book,Pearl S. Buck,1
b5937,The Ascent of Money: A Financial History of the World,book,Niall Ferguson,1
b9171,"Faking It (Dempseys, #2)",book,Jennifer Crusie,1
b8909,"Up from the Grave (Night Huntress, #7)",book,Jeaniene Frost,1
b3123,Confessions of an Economic Hit Man,book,John Perkins,1
b5087,The Astronaut Wives Club,book,Lily Koppel,1
b7150,"Betrayal in Death (In Death, #12)",book,"J.D. Robb, Nora Roberts",1
b4706,Can't We Talk about Something More Pleasant?,book,Roz Chast,1
b4218,"Queen of Babble Gets Hitched (Queen of Babble, #3)",book,Meg Cabot,1
b339,Goodnight Moon,book,"Margaret Wise Brown, Clement Hurd",1
b4214,A Single Shard,book,Linda Sue Park,1
b3920,"The Physician (Cole Family Trilogy, #1)",book,Noah Gordon,1
b2252,"'Tis (Frank McCourt, #2)",book,Frank McCourt,1
b1716,"The Rise of Nine (Lorien Legacies, #3)",book,Pittacus Lore,1
b8702,"Hostage to Pleasure (Psy-Changeling, #5)",book,Nalini Singh,1
b3033,The Right Stuff,book,Tom Wolfe,1
b5537,The Blank Slate: The Modern Denial of Human Nature,book,Steven Pinker,1
b7638,The Algebraist,book,Iain M. Banks,1
b2584,Down and Out in Paris and London,book,George Orwell,1
b9346,"Call Me Irresistible (Wynette, Texas #5)",book,Susan Elizabeth Phillips,1
b3053,"Top Secret Twenty-One (Stephanie Plum, #21)",book,Janet Evanovich,1
b9848,"A Civil Campaign (Vorkosigan Saga, #12)",book,Lois McMaster Bujold,1
b7119,"The Ship Who Sang (Brainship, #1)",book,Anne McCaffrey,1
b5186,"Off to Be the Wizard (Magic 2.0, #1)",book,Scott  Meyer,1
b2604,"Taltos (Lives of the Mayfair Witches, #3)",book,"Anne Rice, Tim Curry",1
b4311,"Just Ella (The Palace Chronicles, #1)",book,Margaret Peterson Haddix,1
b3807,"Knots and Crosses (Inspector Rebus, #1)",book,"Ian Rankin, Mircea Pricăjan",1
b9618,"Dragon Actually (Dragon Kin, #1)",book,G.A. Aiken,1
b2804,A House in the Sky,book,"Amanda Lindhout, Sara Corbett",1
b1750,How to Stop Worrying and Start Living,book,Dale Carnegie,1
b6835,"Well-Schooled in Murder (Inspector Lynley, #3)",book,Elizabeth  George,1
b2707,Boomerang: Travels in the New Third World,book,Michael   Lewis,1
b1218,"This Present Darkness (Darkness, #1)",book,Frank E. Peretti,1
b4820,"Beauty's Release (Sleeping Beauty, #3)",book,"A.N. Roquelaure, Anne Rice",1
b4995,"Patient Zero (Joe Ledger, #1)",book,Jonathan Maberry,1
b8234,"Batman: Earth One, Volume 1",book,"Geoff Johns, Gary Frank, Jon Sibal, Brad Anderson, Rob Leigh",1
b7296,"Cross Bones (Temperance Brennan, #8)",book,Kathy Reichs,1
b6920,The Indispensable Calvin and Hobbes,book,Bill Watterson,1
b2853,The Girl Who Chased the Moon,book,Sarah Addison Allen,1
b8832,"Days of Magic, Nights of War (Abarat, #2)",book,Clive Barker,1
b4444,"Farewell, My Lovely (Philip Marlowe, #2)",book,Raymond Chandler,1
b2064,The Miraculous Journey of Edward Tulane,book,"Kate DiCamillo, Bagram Ibatoulline",1
b9078,Orientalism,book,Edward Said,1
b3832,"Danse Macabre (Anita Blake, Vampire Hunter, #14)",book,Laurell K. Hamilton,1
b2031,"Point of Origin (Kay Scarpetta, #9)",book,Patricia Cornwell,1
b6203,Sin Undone (Demonica #5),book,Larissa Ione,1
b6972,"The Cross of Lead (Crispin, #1)",book,Avi,1
b4767,"How Children Succeed: Grit, Curiosity, and the Hidden Power of Character",book,Paul Tough,1
b6278,Jamaica Inn,book,Daphne du Maurier,1
b2407,"Princeps' Fury (Codex Alera, #5)",book,Jim Butcher,1
b7539,"The Magic Thief (Magic Thief, #1)",book,"Sarah Prineas, Antonio Javier Caparo",1
b3874,"Micah (Anita Blake, Vampire Hunter, #13)",book,Laurell K. Hamilton,1
b698,The Silver Linings Playbook,book,Matthew Quick,1
b9726,The Empathy Exams: Essays,book,Leslie Jamison,1
b3504,The Known World,book,Edward P. Jones,1
b3016,Last Chance Saloon,book,Marian Keyes,1
b4339,"Tiger's Quest (The Tiger Saga, #2)",book,Colleen Houck,1
b3744,"A Drink Before the War (Kenzie & Gennaro, #1)",book,Dennis Lehane,1
b7532,"Rusty Nailed (Cocktail, #2)",book,Alice Clayton,1
b7194,"Wicked Ties (Wicked Lovers, #1)",book,Shayla Black,1
b5978,Pedagogy of the Oppressed,book,"Paulo Freire, Myra Bergman Ramos, Donaldo Macedo, Richard Shaull",1
b5879,"Preacher, Volume 6: War in the Sun",book,"Garth Ennis, Steve Dillon, Peter Snejbjerg",1
b1439,The Age of Miracles,book,Karen Thompson Walker,1
b9969,Gut: The Inside Story of Our Body’s Most Underrated Organ,book,"Giulia Enders, Jill Enders",1
b4758,Common Sense,book,Thomas Paine,1
b6864,"Dream Chaser (Dark-Hunter #13, Dream-Hunter #3)",book,Sherrilyn Kenyon,1
b1292,'Salem's Lot,book,"Stephen King, Jerry N. Uelsmann",1
b3361,"First, Break All the Rules: What the World's Greatest Managers Do Differently",book,"Marcus Buckingham, Curt Coffman",1
b6150,"Broken Angels (Takeshi Kovacs, #2)",book,Richard K. Morgan,1
b4504,"Winesburg, Ohio",book,Sherwood Anderson,1
b8231,"Wondrous Strange (Wondrous Strange, #1)",book,Lesley Livingston,1
b2151,Saga #1,book,"Brian K. Vaughan, Fiona Staples",1
b9158,Slammerkin,book,Emma Donoghue,1
b7667,Lost Souls,book,Poppy Z. Brite,1
b8846,"The Information: A History, a Theory, a Flood",book,James Gleick,1
b4996,Death Comes for the Archbishop,book,Willa Cather,1
b7555,Bone Gap,book,Laura Ruby,1
b4204,"Spells (Wings, #2)",book,Aprilynne Pike,1
b3755,Bartleby the Scrivener,book,Herman Melville,1
b4461,"Nemesis Games (The Expanse, #5)",book,James S.A. Corey,1
b6890,"Batman, Volume 2: The City of Owls",book,"Scott Snyder, Greg Capullo, Jonathan Glapion, James Tynion IV, Rafael Albuquerque, Jason Fabok, Becky Cloonan, Andy Clarke, Sandu Florea",1
b4704,Why Be Happy When You Could Be Normal?,book,Jeanette Winterson,1
b8382,1421: The Year China Discovered America,book,Gavin Menzies,1
b8214,"Sin City, Vol. 3: The Big Fat Kill (Sin City, #3)",book,Frank Miller,1
b6798,Accelerando (Singularity),book,Charles Stross,1
b5663,Hunger Makes Me a Modern Girl,book,Carrie Brownstein,1
b4091,The Prime of Miss Jean Brodie,book,Muriel Spark,1
b4016,Grendel,book,John Gardner,1
b2296,"Unnatural Exposure (Kay Scarpetta, #8)",book,Patricia Cornwell,1
b7355,All Our Yesterdays,book,Cristin Terrill,1
b8618,The Wives of Henry VIII,book,Antonia Fraser,1
b6861,"Inside Out (Insider, #1)",book,Maria V. Snyder,1
b9562,"Kitty and the Silver Bullet (Kitty Norville, #4)",book,Carrie Vaughn,1
b7591,Broken Monsters,book,Lauren Beukes,1
b6074,Surface Detail (Culture #9),book,Iain M. Banks,1
b9290,"Batman: The Dark Knight Strikes Again (The Dark Knight Saga, #2)",book,"Frank Miller, Lynn Varley",1
b8393,"Enemy of God (The Warlord Chronicles, #2)",book,Bernard Cornwell,1
b4030,"The Dream Hunter (Dark-Hunter #10, Dream-Hunter #1)",book,Sherrilyn Kenyon,1
b332,"The Magician's Nephew (Chronicles of Narnia, #6)",book,C.S. Lewis,1
b1571,Naked Lunch,book,"William S. Burroughs, James Grauerholz, Barry  Miles",1
b7780,"Succubus Heat (Georgina Kincaid, #4)",book,Richelle Mead,1
b8160,Manufacturing Consent: The Political Economy of the Mass Media,book,"Noam Chomsky, Edward S. Herman",1
b6538,"The Master Magician (The Paper Magician Trilogy, #3)",book,Charlie N. Holmberg,1
b5970,"The Unidentified Redhead (Redhead, #1)",book,Alice Clayton,1
b6485,The Drunkard's Walk: How Randomness Rules Our Lives,book,Leonard Mlodinow,1
b2161,Since You've Been Gone,book,Morgan Matson,1
b8306,"Time and Again (Time, #1)",book,Jack Finney,1
b6128,Maurice,book,E.M. Forster,1
b5926,The Night Watch,book,Sarah Waters,1
b4267,"Significance (Significance, #1)",book,Shelly Crane,1
b7614,"The Short Victorious War (Honor Harrington, #3)",book,David Weber,1
b6789,The Sweet Gum Tree,book,Katherine Allred,1
b1215,Someone Like You,book,Sarah Dessen,1
b7050,"Playing with Fire (Skulduggery Pleasant, #2)",book,Derek Landy,1
b591,The Absolutely True Diary of a Part-Time Indian,book,"Sherman Alexie, Ellen Forney",1
b3995,"Sin City, Vol. 4: That Yellow Bastard (Sin City, #4)",book,Frank Miller,1
b2149,"A Song of Ice and Fire (A Song of Ice and Fire, #1-4)",book,George R.R. Martin,1
b3737,"Gods and Generals (The Civil War Trilogy, #1)",book,Jeff Shaara,1
b4386,"A Gathering of Shadows (Shades of Magic, #2)",book,"V.E. Schwab, Victoria Schwab",1
b2639,"The Brass Verdict (Harry Bosch, #14; Mickey Haller, #2; Harry Bosch Universe, #17)",book,Michael Connelly,1
b1205,Hard-Boiled Wonderland and the End of the World,book,"Haruki Murakami, Alfred Birnbaum",1
b8495,"Mirror Dance (Vorkosigan Saga, #8)",book,Lois McMaster Bujold,1
b4705,"Outpost (Razorland, #2)",book,Ann Aguirre,1
b3921,"Prodigal Son (Dean Koontz's Frankenstein, #1)",book,"Dean Koontz, Kevin J. Anderson, Scott Brick",1
b1492,The Complete Poems of Emily Dickinson,book,"Emily Dickinson, Thomas H. Johnson",1
b5189,"Germinal (Les Rougon-Macquart, #13)",book,"Émile Zola, Roger Pearson",1
b4170,"Strange Angels (Strange Angels, #1)",book,"Lili St. Crow, Lilith Saintcrow",1
b6931,"Lord John and the Brotherhood of the Blade  (Lord John Grey, #2)",book,Diana Gabaldon,1
b7832,The Love Song of J. Alfred Prufrock and Other Poems,book,T.S. Eliot,1
b1677,Next,book,Michael Crichton,1
b3340,Merrick (The Vampire Chronicles #7),book,Anne Rice,1
b6681,"Excalibur (The Warlord Chronicles, #3)",book,Bernard Cornwell,1
b5171,"Portrait in Death (In Death, #16)",book,J.D. Robb,1
b7502,"Dragon Flight (Dragon Slippers, #2)",book,Jessica Day George,1
b6220,How the Mind Works,book,Steven Pinker,1
b1709,"Forever Odd (Odd Thomas, #2)",book,Dean Koontz,1
b4418,The Partly Cloudy Patriot,book,"Sarah Vowell, Katherine Streeter",1
b8554,"The Naturals (The Naturals, #1)",book,Jennifer Lynn Barnes,1
b678,The Storied Life of A.J. Fikry,book,Gabrielle Zevin,1
b5269,Fermat's Enigma: The Epic Quest to Solve the World's Greatest Mathematical Problem,book,Simon Singh,1
b6836,"Perfect (Second Opportunities, #2)",book,Judith McNaught,1
b5299,"Monday Mourning (Temperance Brennan, #7)",book,Kathy Reichs,1
b9472,Lorna Doone,book,"R.D. Blackmore, Michelle Allen",1
b4398,The Long Tail: Why the Future of Business is Selling Less of More,book,Chris Anderson,1
b4232,The Club Dumas,book,"Arturo Pérez-Reverte, Sonia Soto",1
b8737,Palestine,book,"Joe Sacco, Edward Said",1
b4540,14,book,Peter Clines,1
b400,Neuromancer,book,William Gibson,1
b4849,"Father Mine (Black Dagger Brotherhood, #6.5)",book,J.R. Ward,1
b7142,In Search of Schrödinger's Cat: Quantum Physics and Reality,book,John Gribbin,1
b5749,"Veil of Midnight (Midnight Breed, #5)",book,Lara Adrian,1
b6747,"The Dark and Hollow Places (The Forest of Hands and Teeth, #3)",book,Carrie Ryan,1
b5591,"Virtual Light (Bridge, #1)",book,William Gibson,1
b6208,"Lady Luck (Colorado Mountain, #3)",book,Kristen Ashley,1
b2571,"These Happy Golden Years (Little House, #8)",book,"Laura Ingalls Wilder, Garth Williams",1
b6754,Dodger,book,Terry Pratchett,1
b7289,"Devil Bones (Temperance Brennan, #11)",book,Kathy Reichs,1
b4348,The Magic Mountain,book,"Thomas Mann, John E. Woods",1
b77,"Holes (Holes, #1)",book,"Louis Sachar, Louis Sachar",1
b5468,"One Good Turn (Jackson Brodie, #2)",book,Kate Atkinson,1
b9474,"Head Over Heels (Lucky Harbor, #3)",book,Jill Shalvis,1
b8458,"Wicked Nights (Angels of the Dark, #1)",book,Gena Showalter,1
b2080,Big Magic: Creative Living Beyond Fear,book,Elizabeth Gilbert,1
b1561,Doctor Zhivago,book,"Boris Pasternak, Max Hayward, Manya Harari, John Bayley",1
b2213,Lightning,book,Dean Koontz,1
b2152,"Perfect (Pretty Little Liars, #3)",book,Sara Shepard,1
b2085,The Lacuna,book,Barbara Kingsolver,1
b1255,The House on Mango Street,book,Sandra Cisneros,1
b2216,The Couple Next Door,book,Shari Lapena,1
b8899,Selected Poems,book,"George Gordon Byron, Peter J. Manning, Susan J. Wolfson",1
b3372,Saint Anything,book,Sarah Dessen,1
b3990,"The Harlequin (Anita Blake, Vampire Hunter #15)",book,Laurell K. Hamilton,1
b8206,"Splendor (Luxe, #4)",book,Anna Godbersen,1
b6906,"Touch of Frost (Mythos Academy, #1)",book,Jennifer Estep,1
b9809,Spark Joy: An Illustrated Master Class on the Art of Organizing and Tidying Up,book,Marie Kondō,1
b779,A Fine Balance,book,Rohinton Mistry,1
b385,Quiet: The Power of Introverts in a World That Can't Stop Talking,book,Susan Cain,1
b2619,"Physik (Septimus Heap, #3)",book,"Angie Sage, Mark Zug",1
b1642,Song of Solomon,book,Toni Morrison,1
b3091,The Source,book,James A. Michener,1
b3482,The Castle,book,"Franz Kafka, Mark Harman, Regaip Minareci, Şerif Yeşilbucak",1
b2166,"Zero to One: Notes on Startups, or How to Build the Future",book,"Peter Thiel, Blake  Masters",1
b5598,"The Fire Within (The Last Dragon Chronicles, #1)",book,Chris d'Lacey,1
b1829,The Omen,book,David Seltzer,1
b2776,"While It Lasts (Sea Breeze, #3)",book,Abbi Glines,1
b3879,"Just One Year (Just One Day, #2)",book,Gayle Forman,1
b6459,The Darkest Secret (Lords of the Underworld #7),book,Gena Showalter,1
b2199,The Lottery and Other Stories,book,Shirley Jackson,1
b8159,X-Men: The Dark Phoenix Saga,book,"Chris Claremont, John Byrne",1
b5826,"In the Company of Cheerful Ladies (No. 1 Ladies' Detective Agency, #6)",book,Alexander McCall Smith,1
b3747,The Perfume Collector,book,Kathleen Tessaro,1
b4006,"A Knight of the Seven Kingdoms (The Tales of Dunk and Egg, #1-3)",book,"George R.R. Martin, Gary Gianni",1
b3134,The Orchardist,book,Amanda Coplin,1
b6494,"A Lot like Love (FBI/US Attorney, #2)",book,Julie James,1
b1696,"Glass Houses (The Morganville Vampires, #1)",book,Rachel Caine,1
b6994,Birthright,book,Nora Roberts,1
b6279,"Airborn (Matt Cruse, #1)",book,Kenneth Oppel,1
b2568,"The 6th Target (Women's Murder Club, #6)",book,"James Patterson, Maxine Paetro",1
b3908,The Royal We,book,"Heather Cocks, Jessica  Morgan",1
b7476,Double Star,book,Robert A. Heinlein,1
b3631,Ghost Soldiers: The Epic Account of World War II's Greatest Rescue Mission,book,Hampton Sides,1
b5818,High Noon,book,Nora Roberts,1
b6179,Azincourt,book,Bernard Cornwell,1
b6731,Bad Moon Rising (Dark-Hunter #18; Were-Hunter #4; Hellchaser #2),book,Sherrilyn Kenyon,1
b6974,"Deep (Stage Dive, #4)",book,Kylie Scott,1
b5902,The Darkest Surrender  (Lords of the Underworld #8),book,Gena Showalter,1
b8450,"Curse the Dawn (Cassandra Palmer, #4)",book,Karen Chance,1
b1559,"Rapture (Fallen, #4)",book,Lauren Kate,1
b4176,All the Missing Girls,book,Megan Miranda,1
b6127,Leo,book,Mia Sheridan,1
b5903,Danse Macabre,book,Stephen King,1
b1197,"Free Four: Tobias Tells the Divergent Knife-Throwing Scene (Divergent, #1.5)",book,Veronica Roth,1
b4854,"Started Early, Took My Dog (Jackson Brodie, #4)",book,Kate Atkinson,1
b7125,"Tears of Tess (Monsters in the Dark, #1)",book,Pepper Winters,1
b3377,The Gambler,book,"Fyodor Dostoyevsky, Constance Garnett, Gary Saul Morson",1
b6996,Cod: A Biography of the Fish that Changed the World,book,Mark Kurlansky,1
b9514,Unfamiliar Fishes,book,Sarah Vowell,1
b8561,"The Wretched of Muirwood (Legends of Muirwood, #1)",book,Jeff Wheeler,1
b1698,The Dark Tower: The Gunslinger Born,book,"Peter David, Robin Furth, Jae Lee, Richard Isanove, Stephen King",1
b901,Year of Wonders,book,Geraldine Brooks,1
b449,"Betrayed (House of Night, #2)",book,"P.C. Cast, Kristin Cast",1
b674,Suzanne's Diary for Nicholas,book,James Patterson,1
b754,Half Broke Horses,book,Jeannette Walls,1
b7574,"Seduction in Death (In Death, #13)",book,J.D. Robb,1
b3352,Girl in Hyacinth Blue,book,Susan Vreeland,1
b1308,"A Court of Mist and Fury (A Court of Thorns and Roses, #2)",book,Sarah J. Maas,1
b2194,"Lady Midnight (The Dark Artifices, #1)",book,Cassandra Clare,1
b7280,"Burned (Fever, #7)",book,Karen Marie Moning,1
b4887,"Game Change: Obama and the Clintons, McCain and Palin, and the Race of a Lifetime",book,"John Heilemann, Mark Halperin",1
b4072,A Street Cat Named Bob: How One Man and His Cat Found Hope on the Streets,book,James Bowen,1
b2349,No Easy Day: The Firsthand Account of the Mission That Killed Osama Bin Laden,book,"Mark Owen, Kevin Maurer",1
b3118,The Valley of Amazement,book,Amy Tan,1
b2940,"An Echo in the Darkness (Mark of the Lion, #2)",book,Francine Rivers,1
b7240,"The Dry (Aaron Falk, #1)",book,Jane Harper,1
b3486,"Shadow Souls (The Vampire Diaries: The Return, #2)",book,L.J. Smith,1
b1563,"Pines (Wayward Pines, #1)",book,Blake Crouch,1
b9480,"The Orc King (Forgotten Realms: Transitions, #1; Legend of Drizzt, #17)",book,R.A. Salvatore,1
b7357,Forever Amber ,book,Kathleen Winsor,1
b8211,"Big Boned (Heather Wells, #3)",book,Meg Cabot,1
b623,"Mr. Mercedes (Bill Hodges Trilogy, #1)",book,Stephen King,1
b4192,"Blood And Gold (The Vampire Chronicles, #8)",book,Anne Rice,1
b6942,Tribute,book,Nora Roberts,1
b8887,"The Thousand Names (The Shadow Campaigns, #1)",book,Django Wexler,1
b6763,"Innocent in Death (In Death, #24)",book,J.D. Robb,1
b5310,Lord of Light,book,"Roger Zelazny, Sönmez Güven",1
b3704,The Bane Chronicles,book,"Cassandra Clare, Sarah Rees Brennan, Maureen Johnson, Cassandra Jean",1
b8687,H.M.S. Surprise,book,Patrick O'Brian,1
b9699,Nemesis,book,Isaac Asimov,1
b3335,Imagine: How Creativity Works,book,Jonah Lehrer,1
b3751,"Blood, Bones, and Butter: The Inadvertent Education of a Reluctant Chef",book,Gabrielle Hamilton,1
b653,Blindness,book,"José Saramago, Giovanni Pontiero",1
b343,The Runaway Jury,book,John Grisham,1
b7185,"Hero (Hero, #1)",book,Samantha Young,1
b5399,The Fire Next Time,book,"James     Baldwin, Kıvanç Güney",1
b4332,History of the Peloponnesian War,book,"Thucydides, Rex Warner, Moses I. Finley",1
b5295,"A Stroke of Midnight (Merry Gentry, #4)",book,Laurell K. Hamilton,1
b1481,Her Fearful Symmetry,book,Audrey Niffenegger,1
b6979,"See Jane Score (Chinooks Hockey Team, #2)",book,Rachel Gibson,1
b3788,Thunderstruck,book,Erik Larson,1
b6956,"Leven Thumps and the Gateway to Foo (Leven Thumps, #1)",book,Obert Skye,1
b5806,The Moral Landscape: How Science Can Determine Human Values,book,Sam Harris,1
b462,Ways of Seeing,book,John Berger,1
b4013,Medium Raw: A Bloody Valentine to the World of Food and the People Who Cook,book,Anthony Bourdain,1
b3199,"Seduced in the Dark (The Dark Duet, #2)",book,C.J. Roberts,1
b3158,"The Apprentice (Rizzoli & Isles, #2)",book,Tess Gerritsen,1
b4356,The Paradox of Choice: Why More Is Less,book,Barry Schwartz,1
b3519,The Razor's Edge,book,W. Somerset Maugham,1
b5676,"The Garden of Rama (Rama, #3)",book,"Arthur C. Clarke, Gentry Lee",1
b7512,"Purity in Death (In Death, #15)",book,J.D. Robb,1
b6428,"Short Stories from Hogwarts of Heroism, Hardship and Dangerous Hobbies (Pottermore Presents, #1)",book,"J.K. Rowling, MinaLima",1
b9566,Attack of the Deranged Mutant Killer Monster Snow Goons,book,Bill Watterson,1
b9362,"Nice Girls Don't Have Fangs (Jane Jameson, #1)",book,Molly Harper,1
b1841,Sundays at Tiffany's,book,"James Patterson, Gabrielle Charbonnet",1
b5630,Idoru (Bridge #2),book,William Gibson,1
b9186,Crazy For You,book,Jennifer Crusie,1
b3649,"Rock Me (Ross Siblings, #2)",book,Cherrie Lynn,1
b9626,"Transmetropolitan, Vol. 4: The New Scum (Transmetropolitan, #4)",book,"Warren Ellis, Darick Robertson, Rodney Ramos, Keith Akin",1
b6765,"Once Upon a Marigold (Upon a Marigold, #1)",book,Jean Ferris,1
b1326,Dead Wake: The Last Crossing of the Lusitania,book,Erik Larson,1
b4321,Lexicon,book,Max Barry,1
b8930,Them: Adventures with Extremists,book,Jon Ronson,1
b2045,God Emperor of Dune (Dune Chronicles #4),book,Frank Herbert,1
b6067,"Nobody's Baby But Mine (Chicago Stars, #3)",book,Susan Elizabeth Phillips,1
b5905,"Blue Shoes and Happiness (No. 1 Ladies' Detective Agency, #7)",book,Alexander McCall Smith,1
b2012,"Jack & Jill (Alex Cross, #3)",book,James Patterson,1
b8673,"Raven Black (Shetland Island, #1)",book,Ann Cleeves,1
b4752,Stuck-Up Suit,book,"Vi Keeland, Penelope Ward",1
b2867,The War of Art: Break Through the Blocks & Win Your Inner Creative Battles,book,"Steven Pressfield, Robert McKee",1
b7014,"Preacher, Volume 8: All Hell's a-Coming",book,"Garth Ennis, Steve Dillon, John McCrea",1
b6705,Don't Look Back,book,Jennifer L. Armentrout,1
b6465,"Infected (Infected, #1)",book,Scott Sigler,1
b6515,"Pivot Point (Pivot Point, #1)",book,Kasie West,1
b9464,Too Good to Be True,book,Kristan Higgins,1
b5131,"Broken Prince (The Royals, #2)",book,Erin Watt,1
b7576,"Upon the Midnight Clear (Dark-Hunter #12, Dream-Hunter #2)",book,Sherrilyn Kenyon,1
b4256,The Wednesday Wars,book,Gary D. Schmidt,1
b9398,Stand on Zanzibar,book,John Brunner,1
b5386,Death in Venice,book,"Thomas Mann, Michael Henry Heim, Michael Cunningham",1
b2307,"Eligible: A Modern Retelling of Pride and Prejudice (The Austen Project, #4)",book,Curtis Sittenfeld,1
b606,Jonathan Livingston Seagull,book,"Richard Bach, Russell Munson",1
b4318,More Than This,book,Patrick Ness,1
b5180,Mornings on Horseback,book,David McCullough,1
b741,The Girls' Guide to Hunting and Fishing,book,Melissa Bank,1
b3443,Portrait of a Killer: Jack the Ripper - Case Closed,book,Patricia Cornwell,1
b7976,"Reunion in Death (In Death, #14)",book,J.D. Robb,1
b2402,"Unbelievable (Pretty Little Liars, #4)",book,Sara Shepard,1
b7535,"The Wicked Will Rise (Dorothy Must Die, #2)",book,Danielle  Paige,1
b4511,How to Tell If Your Cat Is Plotting to Kill You,book,"Matthew Inman, The Oatmeal",1
b4424,"Infinity (Chronicles of Nick, #1)",book,Sherrilyn Kenyon,1
b9140,"Personal Demon (Women of the Otherworld, #8)",book,Kelley Armstrong,1
b7854,"Born of Night (The League, #1)",book,Sherrilyn Kenyon,1
b7107,"The Taming of the Queen (The Plantagenet and Tudor Novels, #11)",book,Philippa Gregory,1
b5105,The Geography of You and Me,book,Jennifer E. Smith,1
b4471,"Tatiana and Alexander (The Bronze Horseman, #2)",book,Paullina Simons,1
b5392,"Regeneration (Regeneration, #1)",book,Pat Barker,1
b9192,"Thorn Queen (Dark Swan, #2)",book,Richelle Mead,1
b6776,"The Legend of Huma (Dragonlance: Heroes, #1)",book,Richard A. Knaak,1
b9721,The Fall of Berlin 1945,book,Antony Beevor,1
b5100,Fantastic Voyage,book,Isaac Asimov,1
b3165,"Hourglass (Evernight, #3)",book,Claudia Gray,1
b8097,"100 Bullets, Vol. 1: First Shot, Last Call",book,"Brian Azzarello, Eduardo Risso",1
b3923,A Book of Five Rings: The Classic Guide to Strategy,book,"Miyamoto Musashi, Victor Harris",1
b5135,"Loves Music, Loves to Dance",book,Mary Higgins Clark,1
b3374,The Taking,book,Dean Koontz,1
b9578,"Berserk, Vol. 1 (Berserk, #1)",book,"Kentaro Miura, Jason DeAngelis",1
b8534,"Serafina and the Black Cloak (Serafina, #1)",book,Robert  Beatty,1
b7005,"Rock Chick Redemption (Rock Chick, #3)",book,Kristen Ashley,1
b5405,Percy Jackson's Greek Gods (A Percy Jackson and the Olympians Guide),book,"Rick Riordan, John Rocco",1
b4833,"Rock Hard (Sinners on Tour, #2)",book,Olivia Cunning,1
b7120,"The Dark Forest (Remembrance of Earth’s Past, #2)",book,"Liu Cixin, Joel Martinsen",1
b9727,"Heretic (The Grail Quest, #3)",book,Bernard Cornwell,1
b1160,"The Big Sleep (Philip Marlowe, #1)",book,Raymond Chandler,1
b8948,"Zita the Spacegirl (Zita the Spacegirl, #1)",book,Ben Hatke,1
b4303,"Forest of Secrets (Warriors, #3)",book,Erin Hunter,1
b9710,"The Rats (Rats, #1)",book,James Herbert,1
b8322,"Heat Rises (Nikki Heat, #3)",book,Richard Castle,1
b692,"Firefly Lane (Firefly Lane, #1)",book,Kristin Hannah,1
b6661,"Out of Oz (The Wicked Years, #4)",book,"Gregory Maguire, Douglas Smith",1
b9798,"Bleach, Volume 03",book,Tite Kubo,1
b2121,"61 Hours (Jack Reacher, #14)",book,Lee Child,1
b9298,The Case of Charles Dexter Ward,book,H.P. Lovecraft,1
b2532,"The Prince (The Selection, #0.5)",book,Kiera Cass,1
b4499,The Paris Architect,book,Charles Belfoure,1
b6542,"The Marriage Trap (Marriage to a Billionaire, #2)",book,Jennifer Probst,1
b4071,Civilization and Its Discontents,book,"Sigmund Freud, James Strachey, Peter Gay",1
b4007,"Misguided Angel (Blue Bloods, #5)",book,Melissa de la Cruz,1
b1871,"Rules of Prey (Lucas Davenport, #1)",book,John Sandford,1
b5081,American Sphinx: The Character of Thomas Jefferson,book,Joseph J. Ellis,1
b4933,"Dragonsdawn (Pern, #9)",book,Anne McCaffrey,1
b7927,"The Akhenaten Adventure (Children of the Lamp, #1)",book,P.B. Kerr,1
b8219,"Crash into You (Pushing the Limits, #3)",book,Katie McGarry,1
b3018,Where Are the Children?,book,Mary Higgins Clark,1
b776,The Art Book,book,Phaidon Press,1
b3542,Crucial Conversations: Tools for Talking When Stakes Are High,book,"Kerry Patterson, Joseph Grenny, Ron McMillan, Al Switzler, Stephen R. Covey",1
b8629,"The Look of Love (San Francisco Sullivans, #1; The Sullivans, #1)",book,Bella Andre,1
b3999,"A World Without Heroes (Beyonders, #1)",book,Brandon Mull,1
b5308,"Independent Study (The Testing, #2)",book,Joelle Charbonneau,1
b3127,"Dandelion Wine (Green Town, #1)",book,Ray Bradbury,1
b2744,Everyday Italian: 125 Simple and Delicious Recipes,book,Giada De Laurentiis,1
b6011,What Do You Care What Other People Think?,book,Richard Feynman,1
b5309,"X (Kinsey Millhone, #24)",book,Sue Grafton,1
b5922,Blackmoore,book,Julianne Donaldson,1
b4957,"Shadow Spell (The Cousins O'Dwyer Trilogy, #2)",book,Nora Roberts,1
b3143,The Far Pavilions,book,M.M. Kaye,1
b2248,Killing Kennedy: The End of Camelot,book,"Bill O'Reilly, Martin Dugard",1
b566,"After You (Me Before You, #2)",book,Jojo Moyes,1
b5779,Crossing the Chasm: Marketing and Selling High-Tech Products to Mainstream Customers,book,"Geoffrey A. Moore, Regis McKenna",1
b4806,"The Bonehunters (Malazan Book of the Fallen, #6)",book,Steven Erikson,1
b9017,Epileptic,book,David B.,1
b6117,"Sworn to Silence (Kate Burkholder, #1)",book,Linda Castillo,1
b7254,Homicidal Psycho Jungle Cat: A Calvin and Hobbes Collection,book,Bill Watterson,1
b8261,The Blood of Flowers,book,Anita Amirrezvani,1
b1105,Dune Messiah (Dune Chronicles #2),book,Frank Herbert,1
b6559,Moab Is My Washpot (Memoir #1),book,Stephen Fry,1
b7112,One Silent Night (Dark-Hunter #15),book,Sherrilyn Kenyon,1
b6149,"The Willpower Instinct: How Self-Control Works, Why It Matters, and What You Can Do to Get More of It",book,Kelly McGonigal,1
b2773,"7th Heaven (Women's Murder Club, #7)",book,"James Patterson, Maxine Paetro",1
b8420,"Batman: Hush, Vol. 1",book,"Jeph Loeb, Jim Lee, Scott Williams",1
b5772,My Stroke of Insight: A Brain Scientist's Personal Journey,book,Jill Bolte Taylor,1
b5064,"Waking Up Married (Waking Up, #1)",book,Mira Lyn Kelly,1
b662,Interpreter of Maladies,book,Jhumpa Lahiri,1
b3826,"Over Sea, Under Stone (The Dark Is Rising, #1)",book,Susan Cooper,1
b7917,Krakatoa: The Day the World Exploded,book,Simon Winchester,1
b9255,Little Lord Fauntleroy,book,Frances Hodgson Burnett,1
b3745,"Heartsick (Archie Sheridan & Gretchen Lowell, #1)",book,Chelsea Cain,1
b358,"Oh, The Places You'll Go!",book,Dr. Seuss,1
b9432,Amusing Ourselves to Death: Public Discourse in the Age of Show Business,book,"Neil Postman, Andrew Postman",1
b4127,"Black Notice (Kay Scarpetta, #10)",book,Patricia Cornwell,1
b2506,"Casino Royale (James Bond, #1)",book,Ian Fleming,1
b6606,"Preacher, Volume 5: Dixie Fried",book,"Garth Ennis, Steve Dillon",1
b1358,"One Shot (Jack Reacher, #9)",book,Lee Child,1
b7013,"Hana (Delirium, #1.5)",book,Lauren Oliver,1
b4029,The Son,book,Philipp Meyer,1
b3460,The Railway Children,book,E. Nesbit,1
b4562,"Darkest Mercy (Wicked Lovely, #5)",book,Melissa Marr,1
b2381,"The Final Warning (Maximum Ride, #4)",book,James Patterson,1
b6937,The Design of Everyday Things,book,Donald A. Norman,1
b7814,Rainbows End,book,Vernor Vinge,1
b2753,Barefoot Contessa at Home: Everyday Recipes You'll Make Over and Over Again,book,"Ina Garten, Quentin Bacon",1
b3852,"Deity (Covenant, #3)",book,Jennifer L. Armentrout,1
b5079,The Siren,book,Kiera Cass,1
b8635,"Sharpe's Rifles (Sharpe, #6)",book,Bernard Cornwell,1
b7670,"Nexus (Nexus, #1)",book,Ramez Naam,1
b9525,"Shadows Linger (The Chronicles of the Black Company, #2)",book,Glen Cook,1
b5608,"Unleashed (Ross Siblings, #1)",book,Cherrie Lynn,1
b7070,"Genghis: Lords of the Bow (Conqueror, #2)",book,Conn Iggulden,1
b4085,The Bad Place,book,Dean Koontz,1
b8303,How Music Works,book,David Byrne,1
b3546,Tender at the Bone: Growing Up at the Table,book,Ruth Reichl,1
b7789,"The Many Lives & Secret Sorrows of Josephine B. (Josephine Bonaparte, #1)",book,Sandra Gulland,1
b4096,Bringing Down the House: The Inside Story of Six M.I.T. Students Who Took Vegas for Millions,book,Ben Mezrich,1
b2182,"Night World, No. 1 (Night World, #1-3)",book,L.J. Smith,1
b4355,"Eighth Grade Bites (The Chronicles of Vladimir Tod, #1)",book,Heather Brewer,1
b3313,The Gargoyle,book,Andrew Davidson,1
b6909,"The Forsyte Saga (The Forsyte Chronicles, #1-3)",book,John Galsworthy,1
b5348,"The Land of Painted Caves (Earth's Children, #6)",book,Jean M. Auel,1
b8262,"Five Children and It (Five Children, #1)",book,E. Nesbit,1
b7422,Coraline (Illustrated/Graphic Novel Edition),book,"Neil Gaiman, P. Craig Russell",1
b8643,"Mortal Engines (The Hungry City Chronicles, #1)",book,Philip Reeve,1
b6188,House Atreides (Prelude to Dune #1),book,"Brian Herbert, Kevin J. Anderson",1
b8401,"The Chronicles of Thomas Covenant, the Unbeliever (The Chronicles of Thomas Covenant the Unbeliever, #1-3)",book,Stephen R. Donaldson,1
b4425,"Blood Noir (Anita Blake, Vampire Hunter #16)",book,Laurell K. Hamilton,1
b9184,"Succubus Shadows (Georgina Kincaid, #5)",book,Richelle Mead,1
b1088,Far from the Madding Crowd,book,"Thomas Hardy, Rosemarie Morgan, Shannon Russell",1
b8008,"Imitation in Death (In Death, #17)",book,J.D. Robb,1
b5609,"Mistral's Kiss (Merry Gentry, #5)",book,Laurell K. Hamilton,1
b9574,The Private Patient (Adam Dalgliesh #14),book,P.D. James,1
b3321,Pale Fire,book,Vladimir Nabokov,1
b6879,The Fry Chronicles (Memoir #2),book,Stephen Fry,1
b7911,"Divided in Death (In Death, #18)",book,J.D. Robb,1
b4039,Mennonite in a Little Black Dress: A Memoir of Going Home,book,Rhoda Janzen,1
b3549,"Fever (Breathless, #2)",book,Maya Banks,1
b6585,"Survivor In Death (In Death, #20)",book,J.D. Robb,1
b4550,"The Darkest Hour (Warriors, #6)",book,Erin Hunter,1
b3238,Beauty Queens,book,Libba Bray,1
b112,"Me Before You (Me Before You, #1)",book,Jojo Moyes,1
b4483,It's a Magical World: A Calvin and Hobbes Collection,book,Bill Watterson,1
b6667,"Crave (Fallen Angels, #2)",book,J.R. Ward,1
b7766,Absolution Gap,book,Alastair Reynolds,1
b7996,"Visions in Death (In Death, #19)",book,J.D. Robb,1
b3595,Mythology: Timeless Tales of Gods and Heroes,book,"Edith Hamilton, Steele Savage",1
b7065,"206 Bones (Temperance Brennan, #12)",book,Kathy Reichs,1
b2923,"Practical Demonkeeping (Pine Cove, #1)",book,Christopher Moore,1
b3892,Smilla's Sense of Snow,book,"Peter Høeg, Tiina Nunnally",1
b2375,"Tinker, Tailor, Soldier, Spy",book,John le Carré,1
b2500,Reamde,book,Neal Stephenson,1
b8183,"Waterfall (River of Time, #1)",book,Lisa Tawn Bergren,1
b9855,A Kiss in Time,book,Alex Flinn,1
b9225,The Midwich Cuckoos,book,John Wyndham,1
b8323,Homicide: A Year on the Killing Streets,book,David Simon,1
b9956,"Astonishing X-Men, Volume 2: Dangerous",book,"Joss Whedon, John Cassaday",1
b6440,"The Butlerian Jihad (Legends of Dune, #1)",book,"Brian Herbert, Kevin J. Anderson",1
b2936,"Eric (Discworld, #9; Rincewind #4)",book,Terry Pratchett,1
b1820,"Hunger (Gone, #2)",book,Michael  Grant,1
b3391,"Tricky Twenty-Two (Stephanie Plum, #22)",book,Janet Evanovich,1
b5729,"Nevermore (Nevermore, #1)",book,Kelly Creagh,1
b8949,"Paradiso (The Divine Comedy, #3)",book,"Dante Alighieri, Dorothy L. Sayers, Barbara Reynolds",1
b9159,"Simply Irresistible (Chinooks Hockey Team, #1)",book,Rachel Gibson,1
b5516,"Three Times Lucky (Tupelo Landing, #1)",book,Sheila Turnage,1
b5777,An Instance of the Fingerpost,book,Iain Pears,1
b7714,The Bronze Bow,book,Elizabeth George Speare,1
b1670,Same Kind of Different as Me,book,"Ron Hall, Denver Moore, Lynn Vincent",1
b6587,Affinity,book,Sarah Waters,1
b9942,Dangerous Girls,book,"Abigail Haas, Abby McDonald",1
b138,The Scarlet Letter,book,"Nathaniel Hawthorne, Thomas E. Connolly, Nina Baym",1
b7488,"Maid for Love (Gansett Island Series, #1)",book,Marie Force,1
b8351,"The Darkest Hour (KGI, #1)",book,Maya Banks,1
b1976,I'm a Stranger Here Myself: Notes on Returning to America after Twenty Years Away,book,Bill Bryson,1
b9603,"The Mane Event (Pride, #1)",book,Shelly Laurenston,1
b2919,"Wicked (Pretty Little Liars, #5)",book,Sara Shepard,1
b2436,Touching the Void: The True Story of One Man's Miraculous Survival,book,Joe Simpson,1
b6505,The Blue Castle ,book,L.M. Montgomery,1
b4422,"Hannibal Rising (Hannibal Lecter, #4)",book,Thomas Harris,1
b7633,"Born in Death (In Death, #23)",book,"J.D. Robb, Susan Ericksen",1
b3469,"Alas, Babylon",book,Pat Frank,1
b1883,Stoner,book,"John  Williams, John McGahern",1
b2318,The Millionaire Next Door: The Surprising Secrets of Americas Wealthy,book,"Thomas J. Stanley, William D. Danko",1
b8542,"Origin in Death (In Death, #21)",book,J.D. Robb,1
b2373,"Blindsighted (Grant County, #1)",book,Karin Slaughter,1
b1320,"The Complete Sherlock Holmes, Vol 2",book,"Arthur Conan Doyle, Kyle Freeman",1
b3184,The Sugar Queen,book,Sarah Addison Allen,1
b2136,The Jane Austen Book Club,book,Karen Joy Fowler,1
b6095,Essentialism: The Disciplined Pursuit of Less,book,Greg McKeown,1
b2360,I Let You Go,book,Clare Mackintosh,1
b4119,A Briefer History of Time,book,"Stephen Hawking, Leonard Mlodinow",1
b7554,"Alienated (Alienated, #1)",book,Melissa Landers,1
b2362,"Friday Night Lights: A Town, a Team, and a Dream",book,H.G. Bissinger,1
b2097,Demian. Die Geschichte von Emil Sinclairs Jugend,book,Hermann Hesse,1
b2497,"The Last Coyote (Harry Bosch, #4; Harry Bosch Universe, #4)",book,Michael Connelly,1
b3192,"A Beautiful Wedding (Beautiful, #2.5)",book,Jamie McGuire,1
b8061,Lady Almina and the Real Downton Abbey: The Lost Legacy of Highclere Castle,book,Fiona Carnarvon,1
b6563,"Kissing Coffins (Vampire Kisses, #2)",book,Ellen Schreiber,1
b4803,The Everything Store: Jeff Bezos and the Age of Amazon,book,Brad Stone,1
b2544,Dr. Faustus,book,Christopher Marlowe,1
b9295,Made in America: An Informal History of the English Language in the United States,book,Bill Bryson,1
b7447,The Darkest Seduction (Lords of the Underworld #9),book,Gena Showalter,1
b7143,"The Keep (Adversary Cycle, #1)",book,F. Paul Wilson,1
b2685,"Killer (Pretty Little Liars, #6)",book,Sara Shepard,1
b5563,Earth Abides,book,George R. Stewart,1
b6880,Second Treatise of Government,book,"John Locke, C.B. Macpherson",1
b7987,The Hydrogen Sonata (Culture #10),book,Iain M. Banks,1
b5334,The Highly Sensitive Person: How to Thrive When the World Overwhelms You,book,Elaine N. Aron,1
b4502,Island Beneath the Sea,book,"Isabel Allende, Margaret Sayers Peden",1
b4028,Going Too Far,book,Jennifer Echols,1
b1130,Ugly Love,book,Colleen Hoover,1
b2736,The Particular Sadness of Lemon Cake,book,Aimee Bender,1
b3863,"Fixed on You (Fixed, #1)",book,Laurelin Paige,1
b56,"Breaking Dawn (Twilight, #4)",book,Stephenie Meyer,1
b5605,"This Book Is Full of Spiders: Seriously, Dude, Don't Touch It (John Dies at the End, #2)",book,David Wong,1
b1163,"The Miserable Mill (A Series of Unfortunate Events, #4)",book,"Lemony Snicket, Brett Helquist",1
b9110,Bomb: The Race to Build—and Steal—the World's Most Dangerous Weapon,book,Steve Sheinkin,1
b369,"Stargirl (Stargirl, #1)",book,Jerry Spinelli,1
b2873,Lucifer's Hammer,book,"Larry Niven, Jerry Pournelle",1
b6336,"The Good Husband of Zebra Drive (No. 1 Ladies' Detective Agency, #8)",book,Alexander McCall Smith,1
b7818,"Frostbitten (Women of the Otherworld, #10)",book,Kelley Armstrong,1
b4858,"The Spellman Files (The Spellmans, #1)",book,Lisa Lutz,1
b469,Fantastic Beasts and Where to Find Them,book,"Newt Scamander, J.K. Rowling, Albus Dumbledore",1
b6714,In the Kingdom of Ice: The Grand and Terrible Polar Voyage of the USS Jeannette,book,Hampton Sides,1
b4732,"The Little Lady Agency (The Little Lady Agency, #1)",book,Hester Browne,1
b3171,"Dearly Devoted Dexter (Dexter, #2)",book,Jeff Lindsay,1
b8725,"Two Ravens and One Crow (The Iron Druid Chronicles, #4.5)",book,Kevin Hearne,1
b7163,"Twisted (Tangled, #2)",book,Emma Chase,1
b6167,"The 39 Steps (Richard Hannay, #1)",book,John Buchan,1
b9037,Y: The Last Man - The Deluxe Edition Book One,book,"Brian K. Vaughan, Pia Guerra, José Marzán Jr., Pamela Rambo, Clem Robins, J.G. Jones",1
b4701,The Fog,book,James Herbert,1
b2239,"Dragons of Spring Dawning (Dragonlance: Chronicles, #3)",book,"Margaret Weis, Tracy Hickman",1
b5684,"A Lick of Frost (Merry Gentry, #6)",book,"Laurell K. Hamilton, Laural Merlington",1
b1673,"Beneath This Man (This Man, #2)",book,Jodi Ellen Malpas,1
b5207,The Days Are Just Packed: A Calvin and Hobbes Collection,book,Bill Watterson,1
b5702,"The Innovators: How a Group of  Hackers, Geniuses and Geeks Created the Digital Revolution",book,Walter Isaacson,1
b2474,The 48 Laws of Power,book,"Robert Greene, Joost Elffers",1
b3924,Tick Tock,book,Dean Koontz,1
b849,"Angus, Thongs and Full-Frontal Snogging (Confessions of Georgia Nicolson, #1)",book,Louise Rennison,1
b1468,"Love, Rosie",book,Cecelia Ahern,1
b7414,What the Dead Know,book,Laura Lippman,1
b2747,Oranges Are Not the Only Fruit,book,Jeanette Winterson,1
b9366,"The Gift (Crown's Spies, #3)",book,Julie Garwood,1
b6885,"Geisha, a Life",book,"Mineko Iwasaki, Rande Brown",1
b3366,"Echo Park (Harry Bosch, #12; Harry Bosch Universe, #14)",book,Michael Connelly,1
b7369,"The Siren (The Original Sinners, #1)",book,Tiffany Reisz,1
b7203,"Rock Chick Revenge (Rock Chick, #5)",book,Kristen Ashley,1
b537,The Power of Habit: Why We Do What We Do in Life and Business,book,Charles Duhigg,1
b5746,"Vain (The Seven Deadly, #1)",book,Fisher Amelie,1
b8084,Naked Economics: Undressing the Dismal Science,book,Charles Wheelan,1
b2829,Elizabeth Is Missing,book,Emma Healey,1
b4060,"The Last Star (The 5th Wave, #3)",book,Rick Yancey,1
b2164,"The Icebound Land (Ranger's Apprentice, #3)",book,John Flanagan,1
b4871,"Born in Ice (Born In Trilogy, #2)",book,Nora Roberts,1
b3416,Pirate Latitudes,book,Michael Crichton,1
b3568,A Girl Named Zippy,book,Haven Kimmel,1
b8036,City of Women,book,David R. Gillham,1
b158,"Charlie and the Chocolate Factory (Charlie Bucket, #1)",book,"Roald Dahl, Quentin Blake",1
b5589,Milkweed,book,Jerry Spinelli,1
b1440,Have a Little Faith: a True Story,book,Mitch Albom,1
b9179,"Breathe (Breathe, #1)",book,Sarah Crossan,1
b7062,"Slated (Slated, #1)",book,Teri Terry,1
b7553,"Dust & Decay (Rot & Ruin, #2)",book,Jonathan Maberry,1
b9387,"Foreplay (The Ivy Chronicles, #1)",book,Sophie Jordan,1
b9949,The Men Who Stare at Goats,book,Jon Ronson,1
b8256,"Creation in Death (In Death, #25)",book,J.D. Robb,1
b3505,Giovanni's Room,book,James     Baldwin,1
b1777,Art and Fear: Observations on the Perils (and Rewards) of Artmaking,book,"David Bayles, Ted Orland",1
b3516,This Charming Man,book,Marian Keyes,1
b4430,Whiskey Beach,book,Nora Roberts,1
b9056,"Glimmerglass (Faeriewalker, #1)",book,Jenna Black,1
b2214,"Cat and Mouse (Alex Cross, #4)",book,"James Patterson, Keith David, Anthony Heald",1
b5325,"No god but God: The Origins, Evolution and Future of Islam",book,Reza Aslan,1
b7248,"Kill the Dead (Sandman Slim, #2)",book,Richard Kadrey,1
b7685,The Lions of Little Rock,book,Kristin Levine,1
b5255,Incognito: The Secret Lives of the Brain,book,David Eagleman,1
b2770,A Man Without a Country,book,Kurt Vonnegut Jr.,1
b1435,Sophie's Choice,book,William Styron,1
b1296,State of Fear,book,Michael Crichton,1
b2348,Yellow Crocus,book,Laila Ibrahim,1
b5580,The Calvin and Hobbes Lazy Sunday Book,book,Bill Watterson,1
b8883,After the Night,book,Linda Howard,1
b7898,The Boy Who Harnessed the Wind: Creating Currents of Electricity and Hope,book,"William Kamkwamba, Bryan Mealer",1
b6799,Girl at War,book,Sara Nović,1
b9521,Operation Mincemeat: How a Dead Man and a Bizarre Plan Fooled the Nazis and Assured an Allied Victory,book,Ben Macintyre,1
b1592,Airframe,book,Michael Crichton,1
b3410,Centennial,book,James A. Michener,1
b8302,"Field of Dishonor (Honor Harrington, #4)",book,David Weber,1
b4272,How to Be a Domestic Goddess: Baking and the Art of Comfort Cooking,book,Nigella Lawson,1
b5603,"Heads in Beds: A Reckless Memoir of Hotels, Hustles, and So-Called Hospitality",book,Jacob Tomsky,1
b7464,"The Spine of the World (Forgotten Realms: Paths of Darkness, #2; Legend of Drizzt, #12)",book,R.A. Salvatore,1
b2370,The Legend of Sleepy Hollow (Graphic Novel),book,"Bo Hampton, Tracey Hampton, Washington Irving",1
b9027,"The Will (Magdalene, #1)",book,Kristen Ashley,1
b6658,"The Fury (The Vampire Diaries, #3)",book,L.J. Smith,1
b9962,Cunt: A Declaration of Independence,book,"Inga Muscio, Betty Dodson",1
b3113,"Wicked Appetite (Lizzy & Diesel, #1)",book,Janet Evanovich,1
b4974,The Cherry Orchard,book,"Anton Chekhov, Tom    Murphy",1
b8694,"Strangers in Death (In Death, #26)",book,J.D. Robb,1
b2048,Six Years,book,Harlan Coben,1
b4952,"Midnight (Warriors: The New Prophecy, #1)",book,Erin Hunter,1
b5677,"Blue-Eyed Devil (Travises, #2)",book,Lisa Kleypas,1
b6442,The Complete Poetry and Prose,book,"William Blake, David V. Erdman, Harold Bloom",1
b1131,"Chocolat (Chocolat, #1)",book,Joanne Harris,1
b7995,"The Sunday Philosophy Club (Isabel Dalhousie, #1)",book,Alexander McCall Smith,1
b4448,"Charade (Games, #1)",book,Nyrae Dawn,1
b5304,Midnight,book,Dean Koontz,1
b6567,Big Bang: The Origin of the Universe,book,Simon Singh,1
b5752,"Preacher, Volume 9: Alamo",book,"Garth Ennis, Steve Dillon",1
b6365,"Price of a Kiss (Forbidden Men, #1)",book,Linda Kage,1
b3365,"Heartless (Pretty Little Liars, #7)",book,Sara Shepard,1
b2009,"Brother Odd (Odd Thomas, #3)",book,Dean Koontz,1
b1408,Lone Survivor: The Eyewitness Account of Operation Redwing and the Lost Heroes of SEAL Team 10,book,"Marcus Luttrell, Patrick Robinson",1
b6517,The Water Knife,book,Paolo Bacigalupi,1
b8512,Battlefield Earth: A Saga of the Year 3000,book,L. Ron Hubbard,1
b3267,The Shining Girls,book,Lauren Beukes,1
b1772,"The Black Stallion (The Black Stallion, #1)",book,"Walter Farley, Keith Ward",1
b5597,"The Jewel (The Lone City, #1)",book,Amy Ewing,1
b6026,"Trust in Me (Wait for You, #1.5)",book,"J. Lynn, Jennifer L. Armentrout",1
b7836,The Wings of the Dove,book,"Henry James, Amy Bloom, Pierre A. Walker",1
b9899,"Grit: Passion, Perseverance, and the Science of Success",book,Angela Duckworth,1
b2573,Skipping Christmas,book,John Grisham,1
b7743,"Stay with Me (Wait for You, #3)",book,"J. Lynn, Jennifer L. Armentrout",1
b2257,Who's Afraid of Virginia Woolf?,book,Edward Albee,1
b8240,"Ashes of Midnight (Midnight Breed, #6)",book,Lara Adrian,1
b4251,"Blackwood Farm (The Vampire Chronicles, #9)",book,Anne Rice,1
b4035,The Barefoot Contessa Cookbook,book,"Ina Garten, Melanie Acevedo",1
b2695,"The Face on the Milk Carton (Janie Johnson, #1)",book,Caroline B. Cooney,1
b9386,When the Emperor Was Divine,book,Julie Otsuka,1
b9650,Nine Parts of Desire: The Hidden World of Islamic Women,book,Geraldine Brooks,1
b4320,"As Sure as the Dawn (Mark of the Lion, #3)",book,Francine Rivers,1
b1582,Revolutionary Road,book,Richard Yates,1
b6233,"Charlie Bone and the Time Twister (The Children of the Red King, #2)",book,Jenny Nimmo,1
b2330,"Mile High (Up in the Air, #2)",book,R.K. Lilley,1
b4199,"Black: The Birth of Evil (The Circle, #1)",book,Ted Dekker,1
b6325,"Memory in Death (In Death, #22)",book,J.D. Robb,1
b4932,Lit,book,Mary Karr,1
b3661,The Innovator's Dilemma: The Revolutionary Book that Will Change the Way You Do Business (Collins Business Essentials),book,Clayton M. Christensen,1
b5489,"Goddess Interrupted (Goddess Test, #2)",book,Aimee Carter,1
b9148,"Jacob (Nightwalkers, #1)",book,Jacquelyn Frank,1
b5221,"River Secrets (The Books of Bayern, #3)",book,Shannon Hale,1
b5483,The Effective Executive: The Definitive Guide to Getting the Right Things Done (Harperbusiness Essentials),book,Peter F. Drucker,1
b1969,Collapse: How Societies Choose to Fail or Succeed,book,Jared Diamond,1
b5298,And Another Thing...,book,Eoin Colfer,1
b5090,The Monster of Florence,book,"Douglas Preston, Mario Spezi",1
b3906,Deal Breaker (Myron Bolitar #1),book,Harlan Coben,1
b3806,Hideaway,book,Dean Koontz,1
b2266,The Pursuit of God,book,A.W. Tozer,1
b2340,Sex and the City,book,Candace Bushnell,1
b793,From the Mixed-Up Files of Mrs. Basil E. Frankweiler,book,E.L. Konigsburg,1
b6418,The Temporal Void,book,Peter F. Hamilton,1
b2831,The Warmth of Other Suns: The Epic Story of America's Great Migration,book,Isabel Wilkerson,1
b1963,"The Bourne Ultimatum (Jason Bourne, #3)",book,Robert Ludlum,1
b3169,The Most Dangerous Game,book,Richard Connell,1
b5226,Gang Leader for a Day: A Rogue Sociologist Takes to the Streets,book,Sudhir Venkatesh,1
b6384,The Happiness Hypothesis: Finding Modern Truth in Ancient Wisdom,book,Jonathan Haidt,1
b6952,"The Declaration (The Declaration, #1)",book,Gemma Malley,1
b2649,The Story of My Experiments With Truth,book,Mahatma Gandhi,1
b8357,Martin Chuzzlewit,book,"Charles Dickens, Patricia Ingham, Hablot Knight Browne",1
b5686,"The Witch's Daughter (The Witch's Daughter, #1)",book,Paula Brackston,1
b9261,Kulti,book,Mariana Zapata,1
b8168,The Complete Poems,book,"Anne Sexton, Maxine Kumin",1
b7027,"Preacher, Volume 7: Salvation",book,"Garth Ennis, Steve Dillon",1
b5404,Main Street,book,Sinclair Lewis,1
b3898,The Hare With Amber Eyes: A Family's Century of Art and Loss,book,Edmund de Waal,1
b4408,"Dreamless (Starcrossed, #2)",book,Josephine Angelini,1
b7687,"Hollowland (The Hollows, #1)",book,Amanda Hocking,1
b4008,"Undeniable (Undeniable, #1)",book,Madeline Sheehan,1
b1942,Stories I Only Tell My Friends,book,Rob Lowe,1
b8435,The Widow of the South,book,Robert Hicks,1
b3772,"War and Remembrance (The Henry Family, #2)",book,Herman Wouk,1
b6513,"Shades of Midnight (Midnight Breed, #7)",book,Lara Adrian,1
b6010,"Disney after Dark (Kingdom Keepers, #1)",book,"Ridley Pearson, David Frankland",1
b4959,"Promises in Death (In Death, #28)",book,J.D. Robb,1
b1047,The One and Only Ivan,book,"Katherine Applegate, Patricia Castelao",1
b5980,Identity Crisis,book,"Brad Meltzer, Rags Morales, Michael Bair, Joss Whedon",1
b8612,Hellblazer: Original Sins,book,"Jamie Delano, John Ridgway, Alfredo Alcalá",1
b6285,Born on a Blue Day: Inside the Extraordinary Mind of an Autistic Savant,book,Daniel Tammet,1
b8486,The Secret Chord,book,Geraldine Brooks,1
b459,A Man Called Ove,book,"Fredrik Backman, Henning Koch",1
b7299,"All-Star Superman, Vol. 2",book,"Grant Morrison, Frank Quitely",1
b9149,You Slay Me (Aisling Grey #1),book,Katie MacAlister,1
b3106,The Quiet American,book,"Graham Greene, Robert  Stone",1
b9965,Mister B. Gone,book,Clive Barker,1
b1099,Tao Te Ching,book,"Lao Tzu, Gia-Fu Feng, Jane English, Chungliang Al Huang, Rowena Pattee Kryder, Toinette Lippe",1
b3764,The Snows of Kilimanjaro and Other Stories,book,Ernest Hemingway,1
b1718,"The Second Summer of the Sisterhood (Sisterhood, #2)",book,Ann Brashares,1
b525,"Pandemonium (Delirium, #2)",book,Lauren Oliver,1
b897,"Rendezvous with Rama (Rama, #1)",book,Arthur C. Clarke,1
b966,Presumed Innocent,book,Scott Turow,1
b9052,"Sixth Grave on the Edge (Charley Davidson, #6)",book,Darynda Jones,1
b6350,"Peter and the Secret of Rundoon (Peter and the Starcatchers, #3)",book,"Dave Barry, Ridley Pearson, Greg Call",1
b3797,Eaters of the Dead,book,Michael Crichton,1
b6047,Honolulu,book,Alan Brennert,1
b9738,"Dirty (Dive Bar, #1)",book,Kylie Scott,1
b5794,First They Killed My Father: A Daughter of Cambodia Remembers,book,Loung Ung,1
b8283,"Sovereign (Matthew Shardlake, #3)",book,C.J. Sansom,1
b5843,The Fold,book,Peter Clines,1
b3653,"The Sinner (Rizzoli & Isles, #3)",book,Tess Gerritsen,1
b7321,"Rock Chick Renegade (Rock Chick, #4)",book,Kristen Ashley,1
b9575,"Flag in Exile (Honor Harrington, #5)",book,David Weber,1
b3866,"The Boy in the Suitcase (Nina Borg, #1)",book,"Lene Kaaberbøl, Agnete Friis",1
b1579,Chelsea Chelsea Bang Bang,book,Chelsea Handler,1
b3521,Neil Gaiman's Neverwhere,book,"Mike Carey, Glenn Fabry, Neil Gaiman",1
b8943,"No Place to Hide: Edward Snowden, the NSA, and the U.S. Surveillance State",book,Glenn Greenwald,1
b5587,Skeletons at the Feast,book,Chris Bohjalian,1
b9016,"Fury (New Species, #1)",book,Laurann Dohner,1
b6292,"Skinwalker (Jane Yellowrock, #1)",book,Faith Hunter,1
b5814,"Broken (Women of the Otherworld, #6)",book,Kelley Armstrong,1
b4804,"The Air He Breathes (Elements, #1)",book,Brittainy C. Cherry,1
b9172,Underground: The Tokyo Gas Attack and the Japanese Psyche,book,"Haruki Murakami, Alfred Birnbaum, Philip Gabriel",1
b6287,Little Princes: One Man's Promise to Bring Home the Lost Children of Nepal,book,Conor Grennan,1
b2751,"Trunk Music (Harry Bosch, #5; Harry Bosch Universe, #6)",book,Michael Connelly,1
b5025,"Tiger's Voyage (The Tiger Saga, #3)",book,Colleen Houck,1
b1617,"Without Fail (Jack Reacher, #6)",book,"Lee Child, Dick Hill",1
b8194,"The Death of Kings (Emperor, #2)",book,Conn Iggulden,1
b3069,Fooled by Randomness: The Hidden Role of Chance in Life and in the Markets,book,Nassim Nicholas Taleb,1
b1225,"The Austere Academy (A Series of Unfortunate Events, #5)",book,"Lemony Snicket, Brett Helquist",1
b9780,Necronomicon: The Best Weird Tales,book,"H.P. Lovecraft, Les Edwards, Stephen Jones",1
b6301,"Ashes (Ashes Trilogy, #1)",book,Ilsa J. Bick,1
b5462,The Good Lord Bird,book,James McBride,1
b5108,Chinese Cinderella: The True Story of an Unwanted Daughter,book,Adeline Yen Mah,1
b6130,The Stepford Wives,book,Ira Levin,1
b6925,Ask the Passengers,book,A.S. King,1
b8078,"The Walking Dead, Book Two (The Walking Dead #13-24)",book,"Robert Kirkman, Charlie Adlard",1
b3262,"The Talented Mr. Ripley (Ripley, #1)",book,Patricia Highsmith,1
b9892,"Salvation in Death (In Death, #27)",book,J.D. Robb,1
b5842,"The Rose & the Dagger (The Wrath & the Dawn, #2)",book,Renee Ahdieh,1
b2854,A Town Like Alice,book,Nevil Shute,1
b5568,The Colorado Kid (Hard Case Crime #13),book,Stephen King,1
b6327,The Nine: Inside the Secret World of the Supreme Court,book,Jeffrey Toobin,1
b5817,"Shopaholic to the Stars (Shopaholic, #7)",book,Sophie Kinsella,1
b7102,Mariana,book,Susanna Kearsley,1
b921,All the Bright Places,book,"Jennifer Niven, فرانک معنوی",1
b9609,"The White Rose (The Chronicles of the Black Company, #3)",book,Glen Cook,1
b4867,"Skin Trade (Anita Blake, Vampire Hunter #17)",book,Laurell K. Hamilton,1
b6478,"Fracture Me (Shatter Me, #2.5)",book,Tahereh Mafi,1
b581,"Scarlet (The Lunar Chronicles, #2)",book,Marissa Meyer,1
b3431,"Body Double (Rizzoli & Isles, #4)",book,Tess Gerritsen,1
b6080,"Swallowing Darkness (Merry Gentry, #7)",book,Laurell K. Hamilton,1
b689,Beautiful Ruins,book,Jess Walter,1
b6053,"Raven's Gate (The Gatekeepers, #1)",book,Anthony Horowitz,1
b72,The Shining (The Shining #1),book,Stephen King,1
b6016,"Embrace (The Violet Eden Chapters, #1)",book,Jessica Shirvington,1
b9397,"Agents of Light and Darkness (Nightside, #2)",book,Simon R. Green,1
b5579,"Vanish (Firelight, #2)",book,Sophie Jordan,1
b5635,RoomHate,book,Penelope Ward,1
b4525,The Sign of the Beaver,book,Elizabeth George Speare,1
b8058,"Rock Chick Reckoning (Rock Chick, #6)",book,Kristen Ashley,1
b4442,"Ruin (Ruin, #1)",book,Rachel Van Dyken,1
b5917,"Chasing Perfect (Fool's Gold, #1)",book,Susan Mallery,1
b2027,If on a Winter's Night a Traveler,book,"Italo Calvino, William Weaver",1
b8043,The Problem with Forever,book,Jennifer L. Armentrout,1
b6091,"The Shadows (Black Dagger Brotherhood, #13)",book,J.R. Ward,1
b9676,"Fantasy in Death (In Death, #30)",book,J.D. Robb,1
b3666,"Just for Now (Sea Breeze, #4)",book,Abbi Glines,1
b1697,Captivating: Unveiling the Mystery of a Woman's Soul,book,"John Eldredge, Stasi Eldredge",1
b3405,"Driven (Driven, #1)",book,K. Bromberg,1
b4115,The Sixth Extinction: An Unnatural History,book,Elizabeth Kolbert,1
b3075,"Twilight: The Graphic Novel, Vol. 1 (Twilight: The Graphic Novel, #1)",book,"Young Kim, Stephenie Meyer",1
b9122,"Fall From Grace (Mad World, #1)",book,Christine Zolendz,1
b8432,"Olympos (Ilium, #2)",book,Dan Simmons,1
b8666,Dark Star Safari: Overland from Cairo to Cape Town,book,Paul Theroux,1
b4077,"The Gamble (Colorado Mountain, #1)",book,Kristen Ashley,1
b7497,"The Winter Rose (The Tea Rose, #2)",book,Jennifer Donnelly,1
b3139,A Hero of Our Time,book,"Mikhail Lermontov, Paul Foote",1
b5555,"Jet (Marked Men, #2)",book,Jay Crownover,1
b3805,"The Weed That Strings the Hangman's Bag (Flavia de Luce, #2)",book,Alan Bradley,1
b8139,This Star Won't Go Out: The Life and Words of Esther Grace Earl,book,"Esther Earl, Lori Earl, Wayne Earl, John Green",1
b723,Shantaram,book,Gregory David Roberts,1
b6550,"Prized (Birthmarked, #2)",book,Caragh M. O'Brien,1
b1054,"Reached (Matched, #3)",book,Ally Condie,1
b1239,Chronicle of a Death Foretold,book,"Gabriel García Márquez, Gregory Rabassa",1
b2242,"The Sum of All Fears (Jack Ryan Universe, #7)",book,Tom Clancy,1
b3985,Love Is a Mix Tape,book,Rob Sheffield,1
b882,Eye of the Needle,book,Ken Follett,1
b4230,"The Lost City of Faar (Pendragon, #2)",book,D.J. MacHale,1
b8705,"Hard Magic (Grimnoir Chronicles, #1)",book,Larry Correia,1
b3024,Desert Solitaire,book,Edward Abbey,1
b1490,"Finders Keepers (Bill Hodges Trilogy, #2)",book,Stephen King,1
b1282,After Dark,book,"Haruki Murakami, Jay Rubin",1
b3597,Lies & the Lying Liars Who Tell Them: A Fair & Balanced Look at the Right,book,Al Franken,1
b356,"The Bad Beginning (A Series of Unfortunate Events, #1)",book,"Lemony Snicket, Brett Helquist",1
b2002,The Death of Ivan Ilych,book,"Leo Tolstoy, Aylmer Maude",1
b7589,"The Vor Game (Vorkosigan Saga, #6)",book,Lois McMaster Bujold,1
b6633,Babbitt,book,Sinclair Lewis,1
b2517,The Spy Who Came In from the Cold,book,John le Carré,1
b4674,The Humans,book,Matt Haig,1
b1932,"Lover Unleashed (Black Dagger Brotherhood, #9)",book,J.R. Ward,1
b7578,"Sea of Swords (Forgotten Realms: Paths of Darkness, #4; Legend of Drizzt, #13)",book,R.A. Salvatore,1
b6657,"More Than This (More Than, #1)",book,Jay McLean,1
b3680,"Blow Fly (Kay Scarpetta, #12)",book,Patricia Cornwell,1
b8375,Darwin's Dangerous Idea: Evolution and the Meanings of Life,book,Daniel C. Dennett,1
b7322,"The Marriage Mistake (Marriage to a Billionaire, #3)",book,Jennifer Probst,1
b718,The Sound and the Fury,book,William Faulkner,1
b9121,Great North Road,book,Peter F. Hamilton,1
b9465,"Ultimate Spider-Man, Volume 1: Power and Responsibility",book,"Brian Michael Bendis, Mark Bagley",1
b6496,"The Angel of Darkness (Dr. Laszlo Kreizler, #2)",book,Caleb Carr,1
b8977,Drop Dead Healthy: One Man's Humble Quest for Bodily Perfection,book,A.J. Jacobs,1
b8961,Footfall,book,"Larry Niven, Jerry Pournelle",1
b3774,The Best Christmas Pageant Ever (The Herdmans #1),book,Barbara Robinson,1
b2016,"Gone Tomorrow (Jack Reacher, #13)",book,Lee Child,1
b391,The Lorax,book,Dr. Seuss,1
b1615,Open,book,"Andre Agassi, J.R. Moehringer",1
b1221,Summer Sisters,book,Judy Blume,1
b9222,"Ghost Wars: The Secret History of the CIA, Afghanistan, and bin Laden from the Soviet Invasion to September 10, 2001",book,Steve Coll,1
b2429,"Persuader (Jack Reacher, #7)",book,Lee Child,1
b1166,"The Last Straw (Diary of a Wimpy Kid, #3)",book,Jeff Kinney,1
b6541,"Attack of the Fiend (The Last Apprentice / Wardstone Chronicles, #4)",book,"Joseph Delaney, Patrick  Arrasmith",1
b5123,Shroud for a Nightingale (Adam Dalgliesh #4),book,P.D. James,1
b7682,"Friend-Zoned (Friend-Zoned, #1)",book,Belle Aurora,1
b9998,The Mauritius Command,book,Patrick O'Brian,1
b6516,"The Dogs of Riga (Kurt Wallander, #2)",book,"Henning Mankell, Laurie Thompson",1
b7688,"Hetalia: Axis Powers, Vol. 1 (Hetalia: Axis Powers, #1)",book,Hidekaz Himaruya,1
b6883,The House at Tyneford,book,Natasha Solomons,1
b2278,"All-American Girl (All-American Girl, #1)",book,Meg Cabot,1
b9412,"Bound by Honor (Born in Blood Mafia Chronicles, #1)",book,Cora Reilly,1
b9783,"Batman, Volume 3: Death of the Family",book,"Scott Snyder, Greg Capullo, Jonathan Glapion",1
b3876,"The Last Precinct (Kay Scarpetta, #11)",book,Patricia Cornwell,1
b5107,"Seeds of Rebellion (Beyonders, #2)",book,Brandon Mull,1
b8406,"The Gods of Mars (Barsoom, #2)",book,Edgar Rice Burroughs,1
b7037,The Black Cat,book,Edgar Allan Poe,1
b4460,"Mattimeo (Redwall, #3)",book,Brian Jacques,1
b9118,George Washington's Secret Six: The Spy Ring That Saved the American Revolution,book,"Brian Kilmeade, Don Yaeger",1
b2393,"Echo Burning (Jack Reacher, #5)",book,Lee Child,1
b7310,"As Chimney Sweepers Come to Dust (Flavia de Luce, #7)",book,Alan Bradley,1
b5893,Doll Bones,book,"Holly Black, Eliza Wheeler",1
b6624,"Last Breath (The Morganville Vampires, #11)",book,Rachel Caine,1
b3659,The Revenant,book,Michael Punke,1
b4572,"The 100 (The 100, #1)",book,Kass Morgan,1
b4841,"The Edge of Always (The Edge of Never, #2)",book,J.A. Redmerski,1
b7801,"Addicted to You (Addicted, #1)",book,"Krista Ritchie, Becca Ritchie",1
b4389,Barefoot Contessa Back to Basics,book,"Ina Garten, Quentin Bacon",1
b2733,"The Name of This Book Is Secret (Secret, #1)",book,"Pseudonymous Bosch, Gilbert Ford",1
b3708,Kitchen,book,"Banana Yoshimoto, Megan Backus",1
b3498,On the Jellicoe Road,book,Melina Marchetta,1
b1319,"All the Pretty Horses (The Border Trilogy, #1)",book,Cormac McCarthy,1
b4025,"City of Bones (Harry Bosch, #8; Harry Bosch Universe, #10)",book,Michael Connelly,1
b3589,"The Vincent Brothers (The Vincent Boys, #2)",book,Abbi Glines,1
b8876,"Angelology (Angelology, #1)",book,Danielle Trussoni,1
b6571,"The Outcasts (Brotherband Chronicles, #1)",book,John Flanagan,1
b3084,"The People of Sparks (Book of Ember, #2)",book,Jeanne DuPrau,1
b4683,The Well of Lost Plots (Thursday Next #3),book,Jasper Fforde,1
b6988,How to Cook Everything Vegetarian: Simple Meatless Recipes for Great Food,book,Mark Bittman,1
b345,"Eldest (The Inheritance Cycle, #2)",book,Christopher Paolini,1
b9034,"Babylon's Ashes (The Expanse, #6)",book,James S.A. Corey,1
b3965,"Angels Flight (Harry Bosch, #6; Harry Bosch Universe, #7)",book,Michael Connelly,1
b9834,The Map That Changed the World,book,Simon Winchester,1
b4185,"Fallen Crest High (Fallen Crest High, #1)",book,Tijan,1
b7328,"Indulgence in Death (In Death, #31)",book,J.D. Robb,1
b8046,To Sell Is Human: The Surprising Truth About Moving Others,book,Daniel H. Pink,1
b8438,The Magician's Elephant,book,"Kate DiCamillo, Yoko Tanaka",1
b9357,My Brother Sam Is Dead,book,"James Lincoln Collier, Christopher Collier",1
b9902,"Death Without Company (Walt Longmire, #2)",book,Craig Johnson,1
b4865,The Bridge of San Luis Rey,book,Thornton Wilder,1
b6597,"What Really Happened in Peru (The Bane Chronicles, #1)",book,"Cassandra Clare, Sarah Rees Brennan",1
b36,"The Giver (The Giver, #1)",book,Lois Lowry,1
b8049,House Harkonnen (Prelude to Dune #2),book,"Brian Herbert, Kevin J. Anderson",1
b8347,A Night to Remember,book,"Walter Lord, Nathaniel Philbrick",1
b4738,"Gabriel's Redemption (Gabriel's Inferno, #3)",book,Sylvain Reynard,1
b6235,"Charlie Bone and the Invisible Boy (The Children of the Red King, #3)",book,Jenny Nimmo,1
b9073,The Flame and the Flower,book,Kathleen E. Woodiwiss,1
b7960,"Child of the Prophecy (Sevenwaters, #3)",book,Juliet Marillier,1
b8503,Buddenbrooks: The Decline of a Family,book,"Thomas Mann, John E. Woods, T.J. Reed",1
b6845,"The Seventh Gate (The Death Gate Cycle, #7)",book,"Margaret Weis, Tracy Hickman",1
b7446,"The Neutronium Alchemist (Night's Dawn, #2)",book,Peter F. Hamilton,1
b444,"Winnie-the-Pooh (Winnie-the-Pooh, #1)",book,"A.A. Milne, Ernest H. Shepard",1
b1270,Sputnik Sweetheart,book,"Haruki Murakami, Philip Gabriel",1
b2065,The Last Letter from Your Lover,book,Jojo Moyes,1
b7405,Batman & Robin: Batman Reborn,book,"Grant Morrison, Frank Quitely, Philip Tan, Jonathan Glapion, Alex Sinclair",1
b4817,"Apollyon (Covenant, #4)",book,Jennifer L. Armentrout,1
b8688,The Virtue of Selfishness: A New Concept of Egoism,book,"Ayn Rand, Nathaniel Branden",1
b6493,"Axel (Corps Security, #1)",book,Harper Sloan,1
b2135,"Bad Luck and Trouble (Jack Reacher, #11)",book,Lee Child,1
b3992,"Found (The Missing, #1)",book,Margaret Peterson Haddix,1
b5757,"Raised by Wolves (Raised by Wolves, #1)",book,Jennifer Lynn Barnes,1
b4914,"Starless Night (Forgotten Realms: Legacy of the Drow, #2; Legend of Drizzt, #8)",book,R.A. Salvatore,1
b1972,"Without Remorse (Jack Ryan Universe, #1)",book,Tom Clancy,1
b9526,"Honor Among Enemies (Honor Harrington, #6)",book,David Weber,1
b3721,Keeping You a Secret,book,Julie Anne Peters,1
b7149,"Forever Peace (The Forever War, #2)",book,Joe Haldeman,1
b8667,"Crystal Singer (Crystal Singer, #1)",book,Anne McCaffrey,1
b5938,Food: A Love Story,book,Jim Gaffigan,1
b2422,"End of Watch (Bill Hodges Trilogy, #3)",book,Stephen King,1
b2102,The Windup Girl,book,Paolo Bacigalupi,1
b5111,Bossman,book,Vi Keeland,1
b9173,"The Twentieth Wife (Taj Mahal Trilogy, #1)",book,Indu Sundaresan,1
b7713,All You Need Is Kill,book,"Hiroshi Sakurazaka, 桜坂洋, Alexander O. Smith, Joseph Reeder",1
b2628,Why We Broke Up,book,"Daniel Handler, Maira Kalman",1
b9243,A Little History of the World,book,"E.H. Gombrich, Caroline Mustill, Clifford Harper",1
b3426,"Taking Chances (Taking Chances, #1)",book,Molly McAdams,1
b8719,"The Man With a Load of Mischief (Richard Jury, #1)",book,Martha Grimes,1
b7179,"Jar City (Inspector Erlendur, #3)",book,"Arnaldur Indriðason, Bernard Scudder",1
b476,The World According to Garp,book,John Irving,1
b3776,"King Rat (Asian Saga, #4)",book,James Clavell,1
b4409,"Predestined (Existence Trilogy, #2)",book,Abbi Glines,1
b8436,Obsession,book,Jennifer L. Armentrout,1
b6487,Don't Make Me Think: A Common Sense Approach to Web Usability,book,Steve Krug,1
b6075,"The Mating  (Law of the Lycans, #2)",book,Nicky Charles,1
b3785,On Photography,book,Susan Sontag,1
b1919,"Dash & Lily's Book of Dares (Dash & Lily, #1)",book,"Rachel Cohn, David Levithan",1
b8657,"Breakable (Contours of the Heart, #2)",book,Tammara Webber,1
b5420,The Structure of Scientific Revolutions,book,Thomas S. Kuhn,1
b587,Everything Is Illuminated,book,Jonathan Safran Foer,1
b1194,"Dog Days (Diary of a Wimpy Kid, #4)",book,Jeff Kinney,1
b5195,Twilight Eyes,book,Dean Koontz,1
b6252,"Woken Furies (Takeshi Kovacs, #3)",book,Richard K. Morgan,1
b4692,The Cellist of Sarajevo,book,Steven Galloway,1
b8448,"The Memory of Earth (Homecoming, #1)",book,Orson Scott Card,1
b3873,The Obsession,book,Nora Roberts,1
b7770,Tales of a Female Nomad: Living at Large in the World,book,Rita Golden Gelman,1
b7886,By the Sword (Valdemar),book,Mercedes Lackey,1
b4399,Mein Kampf,book,Adolf Hitler,1
b2844,Left to Tell: Discovering God Amidst the Rwandan Holocaust,book,"Immaculée Ilibagiza, Steve Erwin",1
b8128,"Children of God (The Sparrow, #2)",book,Mary Doria Russell,1
b4730,"Undead and Unemployed (Undead, #2)",book,MaryJanice Davidson,1
b4394,"Heat: An Amateur's Adventures as Kitchen Slave, Line Cook, Pasta-Maker, and Apprentice to a Dante-Quoting Butcher in Tuscany",book,Bill Buford,1
b7797,"Dark Reunion (The Vampire Diaries, #4)",book,L.J. Smith,1
b4783,"Metro 2033 (METRO, #1)",book,"Dmitry Glukhovsky, M. David Drevs",1
b2712,"Awake at Dawn (Shadow Falls, #2)",book,C.C. Hunter,1
b1643,Red Storm Rising,book,Tom Clancy,1
b3280,"Lost Light (Harry Bosch, #9; Harry Bosch Universe, #11)",book,Michael Connelly,1
b2554,"Monstrous Regiment (Discworld, #31; Industrial Revolution, #3)",book,Terry Pratchett,1
b7415,"Rome (Marked Men, #3)",book,"Jay Crownover, Charlotte Connan de vries",1
b7998,On Becoming a Person: A Therapist's View of Psychotherapy,book,"Carl R. Rogers, Peter D. Kramer",1
b6000,The Apothecary's Daughter,book,Julie Klassen,1
b5349,Autobiography of a Face,book,Lucy Grealy,1
b8141,Story of O (Story of O #1),book,"Pauline Réage, Sabine d'Estree",1
b1509,The House of Mirth,book,"Edith Wharton, Nina Bawden",1
b8110,"Rock Chick Regret (Rock Chick, #7)",book,Kristen Ashley,1
b8614,"Dawn of Wonder (The Wakening, #1)",book,Jonathan Renshaw,1
b3211,Thanks for the Memories,book,Cecelia Ahern,1
b3036,"Fluke: Or, I Know Why the Winged Whale Sings",book,Christopher Moore,1
b3076,The French Lieutenant's Woman,book,John Fowles,1
b2999,The Japanese Lover,book,"Isabel Allende, Nick Caistor, Amanda Hopkinson",1
b9842,Humans of New York: Stories,book,Brandon Stanton,1
b7815,"The Friend Zone (Game On, #2)",book,Kristen Callihan,1
b1790,The Art Forger,book,B.A. Shapiro,1
b6046,Genius: The Life and Science of Richard Feynman,book,James Gleick,1
b6848,"Ashfall (Ashfall, #1)",book,Mike Mullin,1
b5288,"The Lost Gate (Mither Mages, #1)",book,Orson Scott Card,1
b6346,"Dawn (Warriors: The New Prophecy, #3)",book,Erin Hunter,1
b7518,"The Art of Simple Food: Notes, Lessons, and Recipes from a Delicious Revolution",book,Alice Waters,1
b1876,"The Affair (Jack Reacher, #16)",book,Lee Child,1
b6564,War,book,Sebastian Junger,1
b6551,"With a Tangled Skein (Incarnations of Immortality, #3)",book,Piers Anthony,1
b8651,"River of Blue Fire (Otherland, #2)",book,Tad Williams,1
b4189,Princess: A True Story of Life Behind the Veil in Saudi Arabia,book,Jean Sasson,1
b7679,"For You (The 'Burg, #1)",book,Kristen Ashley,1
b7259,"I Am Nujood, Age 10 and Divorced",book,"Nujood Ali, Delphine Minoui, Linda Coverdale",1
b2226,The Demon-Haunted World: Science as a Candle in the Dark,book,"Carl Sagan, Ann Druyan",1
b7725,"Endlessly (Paranormalcy, #3)",book,Kiersten White,1
b5585,"Confessions of a Murder Suspect (Confessions, #1)",book,"James Patterson, Maxine Paetro",1
b425,Go Ask Alice,book,"Beatrice Sparks, Anonymous",1
b2787,Forever . . .,book,Judy Blume,1
b5984,"Who Could That Be at This Hour? (All the Wrong Questions, #1)",book,"Lemony Snicket, Seth",1
b4117,A Whole New Mind: Why Right-Brainers Will Rule the Future,book,Daniel H. Pink,1
b9868,"The Rowan (The Tower and the Hive, #1)",book,Anne McCaffrey,1
b3897,Batman: Dark Victory,book,"Jeph Loeb, Tim Sale",1
b8895,Moriarty (Sherlock Holmes #2),book,Anthony Horowitz,1
b6553,The Good Soldier,book,"Ford Madox Ford, Kenneth Womack, William Baker",1
b9113,The Last Wife of Henry VIII,book,Carolly Erickson,1
b4481,"The Mephisto Club (Rizzoli & Isles, #6)",book,Tess Gerritsen,1
b5832,"Between the Lines (Between the Lines, #1)",book,Tammara Webber,1
b3081,"Love Unrehearsed (Love, #2)",book,Tina Reber,1
b7700,"Taken by Midnight (Midnight Breed, #8)",book,Lara Adrian,1
b2282,"Max (Maximum Ride, #5)",book,James Patterson,1
b1656,All Things Bright and Beautiful (All Creatures Great and Small),book,James Herriot,1
b8250,"Tea Time for the Traditionally Built (No. 1 Ladies' Detective Agency, #10)",book,Alexander McCall Smith,1
b4538,The Swan Thieves,book,Elizabeth Kostova,1
b4893,Brunelleschi's Dome: How a Renaissance Genius Reinvented Architecture,book,Ross King,1
b3815,"Wheat Belly: Lose the Wheat, Lose the Weight, and Find Your Path Back to Health",book,William  Davis,1
b6930,"Reaper's Legacy (Reapers MC, #2)",book,Joanna Wylde,1
b3266,NARUTO -ナルト- 巻ノ四十三,book,Masashi Kishimoto,1
b4198,"Fight with Me (With Me in Seattle, #2)",book,Kristen Proby,1
b4239,The Sympathizer,book,Viet Thanh Nguyen,1
b2621,Traveling Mercies: Some Thoughts on Faith,book,Anne Lamott,1
b6269,"Dark Desire (Dark, #2)",book,Christine Feehan,1
b6489,"Shadows (Lux, #0.5)",book,Jennifer L. Armentrout,1
b5703,Kabul Beauty School: An American Woman Goes Behind the Veil,book,Deborah Rodriguez,1
b7100,"Sempre (Sempre, #1)",book,J.M. Darhower,1
b3979,The Rule of Four,book,"Ian Caldwell, Dustin Thomason",1
b2748,"Grounded (Up in the Air, #3)",book,R.K. Lilley,1
b3104,Lincoln,book,David Herbert Donald,1
b1376,"The Ugly Truth (Diary of a Wimpy Kid, #5)",book,Jeff Kinney,1
b9957,"Inside of a Dog: What Dogs See, Smell, and Know",book,Alexandra Horowitz,1
b6232,The Devotion of Suspect X,book,"Keigo Higashino, Alexander O. Smith",1
b5766,The Given Day (Coughlin #1),book,Dennis Lehane,1
b3982,"The Closers (Harry Bosch, #11; Harry Bosch Universe, #13)",book,Michael Connelly,1
b4403,"Consequences (Consequences, #1)",book,Aleatha Romig,1
b9847,"Without You, There Is No Us: My Time with the Sons of North Korea's Elite",book,Suki Kim,1
b6110,The Pioneer Woman Cooks: Food from My Frontier ,book,Ree Drummond,1
b7394,"The Naked God (Night's Dawn, #3)",book,Peter F. Hamilton,1
b564,It's Kind of a Funny Story,book,Ned Vizzini,1
b2263,"Bonhoeffer: Pastor, Martyr, Prophet, Spy",book,Eric Metaxas,1
b8639,Detroit: An American Autopsy,book,Charlie LeDuff,1
b3217,The Birth House,book,Ami McKay,1
b6846,"Hellboy, Vol. 2: Wake the Devil (Hellboy, #2)",book,Mike Mignola,1
b2245,"The Enemy (Jack Reacher, #8)",book,Lee Child,1
b1918,"The Elfstones of Shannara  (The Original Shannara Trilogy, #2)",book,Terry Brooks,1
b7784,Wolverine: Origin,book,"Paul Jenkins, Andy Kubert, Richard Isanove, Joe Quesada, Bill Jemas",1
b3688,"The Cabinet of Curiosities (Pendergast, #3)",book,"Douglas Preston, Lincoln Child",1
b8518,"At Peace (The 'Burg, #2)",book,Kristen Ashley,1
b6197,"Sunset (Warriors: The New Prophecy, #6)",book,Erin Hunter,1
b8251,"Starlight (Warriors: The New Prophecy, #4)",book,Erin Hunter,1
b2396,Into the Darkest Corner,book,Elizabeth Haynes,1
b9747,"Kindred in Death (In Death, #29)",book,J.D. Robb,1
b2066,"Gorky Park (Arkady Renko, #1)",book,Martin Cruz Smith,1
b3380,"Nemesis (Harry Hole, #4)",book,"Jo Nesbø, Don Bartlett",1
b9995,"Billy Budd, Sailor",book,Herman Melville,1
b6270,"Fragments (Partials Sequence, #2)",book,Dan Wells,1
b7278,"Bones of the Hills (Conqueror, #3)",book,Conn Iggulden,1
b7229,Dead End in Norvelt,book,Jack Gantos,1
b4283,"Revenge Wears Prada: The Devil Returns (The Devil Wears Prada, #2)",book,Lauren Weisberger,1
b4131,"Gone, Baby, Gone (Kenzie & Gennaro, #4)",book,Dennis Lehane,1
b1700,A Tale for the Time Being,book,Ruth Ozeki,1
b5266,"Beautiful Bitch (Beautiful Bastard, #1.5)",book,Christina Lauren,1
b2363,Beautiful Boy: A Father's Journey Through His Son's Addiction,book,David Sheff,1
b9863,"The Stainless Steel Rat (Stainless Steel Rat, #4)",book,Harry Harrison,1
b6386,The Evolutionary Void,book,Peter F. Hamilton,1
b5410,"Flirt (Anita Blake, Vampire Hunter #18)",book,Laurell K. Hamilton,1
b5813,"The Candy Shop War (The Candy Shop War, #1)",book,Brandon Mull,1
b8615,"Celebrity in Death (In Death, #34)",book,J.D. Robb,1
b4662,"Simple Perfection (Rosemary Beach, #6; Perfection, #2)",book,Abbi Glines,1
b9201,Love Bites (Argeneau #2),book,Lynsay Sands,1
b3937,Blaze,book,"Richard Bachman, Stephen King",1
b955,"Shopaholic Takes Manhattan (Shopaholic, #2)",book,Sophie Kinsella,1
b7012,Methuselah's Children,book,Robert A. Heinlein,1
b3048,My Name is Red,book,"Orhan Pamuk, Erdağ M. Göknar",1
b6086,"Vampireville (Vampire Kisses, #3)",book,Ellen Schreiber,1
b6746,Round Ireland with a Fridge,book,Tony Hawks,1
b5527,Out of Africa,book,"Isak Dinesen, Karen Blixen",1
b2849,Caught,book,Harlan Coben,1
b6693,Zodiac,book,Robert Graysmith,1
b3286,"Tribulation Force (Left Behind, #2)",book,"Tim LaHaye, Jerry B. Jenkins",1
b4505,"Beautiful Redemption (The Maddox Brothers, #2)",book,Jamie McGuire,1
b2565,Wonderstruck,book,Brian Selznick,1
b2442,Winning,book,"Jack Welch, Suzy Welch",1
b2730,"The Cardinal of the Kremlin (Jack Ryan Universe, #5)",book,Tom Clancy,1
b992,"The Twilight Saga (Twilight, #1-4)",book,"Stephenie Meyer, Ilyana Kadushin, Matt Walters",1
b7088,"The Miracle at Speedy Motors (No.1 Ladies' Detective Agency, #9)",book,Alexander McCall Smith,1
b2596,"The Reversal (Harry Bosch, #16; Mickey Haller, #4; Harry Bosch Universe, #19)",book,Michael Connelly,1
b5188,Rage,book,"Richard Bachman, Stephen King",1
b1424,"Die Trying (Jack Reacher, #2)",book,Lee Child,1
b2644,Cane River,book,Lalita Tademy,1
b3778,"Never Never: Part Two (Never Never, #2)",book,"Colleen Hoover, Tarryn Fisher",1
b1289,"The Ersatz Elevator (A Series of Unfortunate Events, #6)",book,"Lemony Snicket, Brett Helquist",1
b747,"Sabriel (Abhorsen,  #1)",book,Garth Nix,1
b8109,"The Absolute Sandman, Volume One",book,"Neil Gaiman, Mike Dringenberg, Chris Bachalo, Michael Zulli, Kelly Jones, Charles Vess, Colleen Doran, Malcolm Jones III, Steve Parkhouse, Daniel Vozzo, Lee Loughridge, Steve Oliff, Todd Klein, Dave McKean, Sam Kieth",1
b5225,Fatal Vision,book,Joe McGinniss,1
b8860,Sanctuary,book,Nora Roberts,1
b8157,Wanted,book,"Mark Millar, J.G. Jones, Brian K. Vaughan",1
b2530,The Widow,book,Fiona Barton,1
b6703,"A Hidden Fire (Elemental Mysteries, #1)",book,Elizabeth   Hunter,1
b6202,The Portable Atheist: Essential Readings for the Nonbeliever,book,"Christopher Hitchens, Titus Lucretius Carus, Omar Khayyám, Thomas Hobbes, Baruch Spinoza, David Hume, James Boswell, Percy Bysshe Shelley, George Eliot, Charles Darwin, Leslie Stephen, Anatole France, Mark Twain, Joseph Conrad, Thomas Hardy, Emma Goldman, H.P. Lovecraft, Carl Van Doren, H.L. Mencken, Sigmund Freud, Albert Einstein, George Orwell, John Betjeman, Chapman Cohen, Bertrand Russell, Philip Larkin, Martin Gardner, Carl Sagan, John Updike, John Leslie Mackie, Michael Shermer, A.J. Ayer, Daniel C. Dennett, Charles Templeton, Richard Dawkins, Victor J. Stenger, Elizabeth S.  Anderson, Penn Jillette, Ian McEwan, Steven Weinberg, Salman Rushdie, Ibn Warraq, Sam Harris, A.C. Grayling, Ayaan Hirsi Ali, John Stuart Mill, Karl Marx",1
b4557,The Wedding Girl,book,Madeleine Wickham,1
b4694,If You Ask Me (And of Course You Won't),book,Betty White,1
b8897,Prisoner of My Desire,book,Johanna Lindsey,1
b8497,Logicomix: An epic search for truth,book,"Apostolos Doxiadis, Christos H. Papadimitriou, Alecos Papadatos, Annie Di Donna",1
b7892,"The Long War (The Long Earth, #2)",book,"Terry Pratchett, Stephen Baxter",1
b7132,"Treachery in Death (In Death, #32)",book,"J.D. Robb, Nora Roberts",1
b9166,"Insatiable (Insatiable, #1)",book,Meg Cabot,1
b7378,"The Atrocity Archives (Laundry Files, #1)",book,Charles Stross,1
b8579,"Calculated in Death (In Death, #36)",book,J.D. Robb,1
b8135,"Fearless (The Lost Fleet, #2)",book,Jack Campbell,1
b8033,The Gift of Therapy: An Open Letter to a New Generation of Therapists and Their Patients,book,"Irvin D. Yalom, Nicola Ferguson",1
b4994,This Boy's Life,book,Tobias Wolff,1
b8400,Black Holes and Baby Universes,book,Stephen Hawking,1
b3705,"The Narrows (Harry Bosch, #10; Harry Bosch Universe, #12)",book,Michael Connelly,1
b5254,Replay,book,Ken Grimwood,1
b3577,"The Vampire's Assistant (Cirque Du Freak, #2)",book,Darren Shan,1
b2529,"Dark Flame (The Immortals, #4)",book,Alyson Noel,1
b8205,"Royally Screwed (Royally, #1)",book,Emma Chase,1
b7782,Under Locke,book,Mariana Zapata,1
b3503,If You Could See Me Now,book,Cecelia Ahern,1
b5223,"Inescapable (The Premonition, #1)",book,Amy A. Bartol,1
b5194,"Ninth Key (The Mediator, #2)",book,Meg Cabot,1
b3604,The Nazi Officer's Wife: How One Jewish Woman Survived the Holocaust,book,"Edith Hahn Beer, Susan Dworkin, Susan Sarandon, Julia Ormond, Rory Kennedy",1
b1662,Fantastic Mr. Fox,book,"Roald Dahl, Quentin Blake",1
b4740,Better: A Surgeon's Notes on Performance,book,Atul Gawande,1
b1625,Wild at Heart: Discovering the Secret of a Man's Soul,book,John Eldredge,1
b3616,"Covet (Fallen Angels, #1)",book,J.R. Ward,1
b5054,"Sea of Poppies (Ibis Trilogy, #1)",book,Amitav Ghosh,1
b5713,Crush It!: Why Now Is the Time to Cash In on Your Passion,book,Gary Vaynerchuk,1
b879,The Jungle,book,"Upton Sinclair, Earl Lee, Kathleen DeGrave",1
b3035,"Vanish (Rizzoli & Isles, #5)",book,Tess Gerritsen,1
b7541,"I, Elizabeth",book,Rosalind Miles,1
b2547,"Violets Are Blue (Alex Cross, #7)",book,James Patterson,1
b4655,Epic Fail,book,Claire LaZebnik,1
b4807,"Forever My Girl (The Beaumont Series, #1)",book,Heidi McLaughlin,1
b5224,"Illusions (Wings, #3)",book,Aprilynne Pike,1
b4417,The Upside of Irrationality: The Unexpected Benefits of Defying Logic at Work and at Home,book,Dan Ariely,1
b8254,"Flash and Bones (Temperance Brennan, #14)",book,Kathy Reichs,1
b9447,"Rama Revealed (Rama, #4)",book,"Arthur C. Clarke, Gentry Lee",1
b7846,"The Sight (Warriors: Power of Three, #1)",book,Erin Hunter,1
b5363,The Short and Tragic Life of Robert Peace: A Brilliant Young Man Who Left Newark for the Ivy League,book,Jeff Hobbs,1
b5466,"Take a Chance (Rosemary Beach, #7; Chance, #1)",book,Abbi Glines,1
b1618,"A Voice in the Wind (Mark of the Lion, #1)",book,"Francine Rivers, Richard Ferrone",1
b5072,"The Salmon of Doubt (Dirk Gently, #3)",book,Douglas Adams,1
b6275,"The Enemy (The Enemy, #1)",book,Charlie Higson,1
b9282,"Staked (The Iron Druid Chronicles, #8)",book,Kevin Hearne,1
b3652,"Revenge of the Witch (The Last Apprentice / Wardstone Chronicles, #1)",book,"Joseph Delaney, Patrick  Arrasmith",1
b4623,"Timebound (The Chronos Files, #1)",book,Rysa Walker,1
b9552,"The Last Werewolf (The Last Werewolf, #1)",book,Glen Duncan,1
b1187,My Brilliant Friend (The Neapolitan Novels #1),book,"Elena Ferrante, Ann Goldstein",1
b9567,"Crewel (Crewel World, #1)",book,Gennifer Albin,1
b2054,"Girls in Pants: The Third Summer of the Sisterhood (Sisterhood, #3)",book,Ann Brashares,1
b4818,"I Heart New York (I Heart, #1)",book,Lindsey Kelk,1
b1771,The Tenant of Wildfell Hall,book,"Anne Brontë, Stevie Davies",1
b5985,"The Calling (Darkness Rising, #2)",book,Kelley Armstrong,1
b2398,"Roses are Red (Alex Cross, #6)",book,James Patterson,1
b3564,No One Here Gets Out Alive,book,"Danny Sugerman, Jerry Hopkins",1
b6407,Dragonlance Chronicles (Dragonlance #1-3),book,"Margaret Weis, Tracy Hickman",1
b4605,The Power and the Glory,book,"Graham Greene, John Updike",1
b5032,Going Bovine,book,Libba Bray,1
b2456,Keeping the Moon,book,Sarah Dessen,1
b8802,The City of Falling Angels,book,John Berendt,1
b4573,"Hades (Halo, #2)",book,Alexandra Adornetto,1
b198,The Color Purple,book,Alice Walker,1
b7374,"The Faceless Ones (Skulduggery Pleasant, #3)",book,Derek Landy,1
b4545,Eat and Run: My Unlikely Journey to Ultramarathon Greatness,book,"Scott Jurek, Steve Friedman",1
b4338,The Price of Salt,book,Patricia Highsmith,1
b4691,West with the Night,book,Beryl Markham,1
b4895,"Metro Girl (Alex Barnaby, #1)",book,Janet Evanovich,1
b9806,"One Piece, Volume 38: Rocketman!! (One Piece, #38)",book,Eiichirō Oda,1
b6372,"Heartbreaker (Buchanan-Renard, #1)",book,Julie Garwood,1
b4466,"Mine (Real, #2)",book,Katy Evans,1
b9326,"The Goal (Off-Campus, #4)",book,Elle Kennedy,1
b6107,The Swans of Fifth Avenue,book,Melanie Benjamin,1
b3804,Whispers,book,Dean Koontz,1
b5034,"The Dead-Tossed Waves (The Forest of Hands and Teeth, #2)",book,Carrie Ryan,1
b4459,"The Elf Queen of Shannara (Heritage of Shannara, #3)",book,Terry Brooks,1
b9136,The Shadowhunter's Codex,book,"Cassandra Clare, Joshua Lewis",1
b6904,"Pucked (Pucked, #1)",book,Helena Hunting,1
b593,"A Wizard of Earthsea (Earthsea Cycle, #1)",book,Ursula K. Le Guin,1
b3137,"The Talismans of Shannara (Heritage of Shannara, #4)",book,Terry Brooks,1
b7418,The Passion of Artemisia,book,Susan Vreeland,1
b7396,Kon-Tiki: Across The Pacific In A Raft,book,Thor Heyerdahl,1
b4041,"The City of Mirrors (The Passage, #3)",book,Justin Cronin,1
b2723,Fool Me Once,book,Harlan Coben,1
b2617,The Kind Worth Killing,book,Peter  Swanson,1
b4637,"The Proposal (The Proposition, #2)",book,Katie Ashley,1
b4304,The Little Stranger,book,Sarah Waters,1
b5370,"Bullet (Anita Blake, Vampire Hunter #19)",book,Laurell K. Hamilton,1
b8010,"Skellig (Skellig, #1)",book,David Almond,1
b7445,"Fire Inside (Chaos, #2)",book,Kristen Ashley,1
b5271,"My Blood Approves (My Blood Approves, #1)",book,Amanda Hocking,1
b7772,Big Rock,book,Lauren Blakely,1
b1616,"Stormbreaker (Alex Rider, #1)",book,Anthony Horowitz,1
b1203,"Aristotle and Dante Discover the Secrets of the Universe (Aristotle and Dante Discover the Secrets of the Universe, #1)",book,Benjamin Alire Sáenz,1
b8880,"Transmetropolitan, Vol. 5: Lonely City (Transmetropolitan, #5)",book,"Warren Ellis, Darick Robertson, Rodney Ramos, Patrick Stewart",1
b5840,Complete Works of Oscar Wilde,book,"Oscar Wilde, Merlin Holland",1
b1797,The Crying of Lot 49,book,Thomas Pynchon,1
b4458,"The Never War (Pendragon, #3)",book,D.J. MacHale,1
b8353,A Long Way Home,book,Saroo Brierley,1
b5305,The Gatecrasher,book,Madeleine Wickham,1
b4277,Rebecca of Sunnybrook Farm,book,Kate Douglas Wiggin,1
b7252,"Sweet Surrender (Sweet, #1)",book,Maya Banks,1
b9768,"Wild Seed (Patternmaster, #1)",book,Octavia E. Butler,1
b2704,Then Came You,book,Jennifer Weiner,1
b9802,Rump: The True Story of Rumpelstiltskin,book,Liesl Shurtliff,1
b1684,The Richest Man in Babylon,book,George S. Clason,1
b8236,"Undead and Unappreciated (Undead, #3)",book,MaryJanice Davidson,1
b6131,The Longest Day,book,Cornelius Ryan,1
b6814,"The Human Division (Old Man's War, #5)",book,John Scalzi,1
b3140,The Atonement Child,book,Francine Rivers,1
b2688,The Peach Keeper,book,Sarah Addison Allen,1
b9418,Daily Rituals: How Artists Work,book,Mason Currey,1
b3946,Matterhorn,book,Karl Marlantes,1
b7875,The Girl Who Came Home,book,Hazel Gaynor,1
b3614,"Nicolae (Left Behind, #3)",book,"Tim LaHaye, Jerry B. Jenkins",1
b2221,The Life We Bury,book,Allen Eskens,1
b5280,Girl in a Band,book,Kim Gordon,1
b9611,"All Fall Down (Embassy Row, #1)",book,Ally Carter,1
b3010,"The Ice Princess (Patrik Hedström, #1)",book,"Camilla Läckberg, Steven T. Murray",1
b4866,White Nights,book,Fyodor Dostoyevsky,1
b9414,"Deeper Than Midnight (Midnight Breed, #9)",book,Lara Adrian,1
b9128,"Retribution (Dark-Hunter, #19)",book,Sherrilyn Kenyon,1
b6333,Trinity,book,Leon Uris,1
b6417,The Winter's Tale,book,William Shakespeare,1
b2734,"Dorothy Must Die (Dorothy Must Die, #1)",book,Danielle  Paige,1
b9493,The Reef,book,Nora Roberts,1
b5928,"Blood Canticle (The Vampire Chronicles, #10)",book,Anne Rice,1
b9022,The Prestige,book,Christopher Priest,1
b3860,"Searching for Dragons (Enchanted Forest Chronicles, #2)",book,"Patricia C. Wrede, Peter de Sève",1
b4143,On the Fence,book,Kasie West,1
b9084,The Greatest Generation,book,Tom Brokaw,1
b8637,"Touching Darkness (Midnighters, #2)",book,Scott Westerfeld,1
b4638,"My Family and Other Animals (Corfu Trilogy, #1)",book,"Gerald Durrell, Helma Lapiņa",1
b6875,Artisan Bread in Five Minutes a Day: The Discovery That Revolutionizes Home Baking,book,"Jeff Hertzberg, Zoë François, Mark Luinenburg",1
b5412,"Bite Me (A Love Story, #3)",book,Christopher Moore,1
b6871,"The Dark Monk (The Hangman's Daughter, #2)",book,"Oliver Pötzsch, Lee Chadeayne",1
b3144,"Nothing to Lose (Jack Reacher, #12)",book,Lee Child,1
b4652,"Devoured (Devoured, #1)",book,Emily Snow,1
b8050,Dream Warrior (Dream-Hunter #4; Dark-Hunter #17),book,Sherrilyn Kenyon,1
b1850,"Wake (Wake, #1)",book,Lisa McMann,1
b1925,"Piercing the Darkness (Darkness, #2)",book,Frank E. Peretti,1
b8769,"Devil's Game (Reapers MC, #3)",book,Joanna Wylde,1
b7671,The Wolf and the Dove,book,Kathleen E. Woodiwiss,1
b3610,Babyville,book,Jane Green,1
b3458,"The Heist (Fox and O'Hare, #1)",book,"Janet Evanovich, Lee Goldberg",1
b2681,The Reason for God: Belief in an Age of Skepticism,book,Timothy J. Keller,1
b7920,"Great by Choice: Uncertainty, Chaos, and Luck--Why Some Thrive Despite Them All",book,"James C. Collins, Morten T. Hansen",1
b5152,The Yearling,book,Marjorie Kinnan Rawlings,1
b4524,One Past Midnight: The Langoliers,book,"Stephen King, Willem Dafoe",1
b7693,How Google Works,book,"Eric Schmidt, Jonathan Rosenberg",1
b9889,"Overruled (The Legal Briefs, #1)",book,Emma Chase,1
b5930,Boy's Life,book,Robert McCammon,1
b6609,Why We Get Fat: And What to Do About It,book,Gary Taubes,1
b5077,All Around the Town,book,Mary Higgins Clark,1
b7461,"Tall, Tatted and Tempting (The Reed Brothers, #1)",book,Tammy Falkner,1
b7222,"Of Triton (The Syrena Legacy, #2)",book,Anna Banks,1
b3583,"Princess in Love (The Princess Diaries, #3)",book,Meg Cabot,1
b5797,You Belong To Me,book,Mary Higgins Clark,1
b5290,"Vittorio, The Vampire (New Tales of the Vampires, #2)",book,Anne Rice,1
b6038,Flyboys: A True Story of Courage,book,James D. Bradley,1
b6411,"Fables, Vol. 6: Homelands",book,"Bill Willingham, Mark Buckingham, David Hahn, Steve Leialoha",1
b7090,"Nana (Les Rougon-Macquart, #9)",book,Émile Zola,1
b1106,The Great Divorce,book,C.S. Lewis,1
b2602,"The Devil's Star (Harry Hole, #5)",book,Jo Nesbø,1
b1233,"The Vile Village (A Series of Unfortunate Events, #7)",book,"Lemony Snicket, Brett Helquist",1
b3966,"Teacher Man (Frank McCourt, #3)",book,Frank McCourt,1
b3883,"The Lust Lizard of Melancholy Cove (Pine Cove, #2)",book,Christopher Moore,1
b1042,Dirk Gently's Holistic Detective Agency (Dirk Gently #1),book,Douglas Adams,1
b2251,Still Missing,book,Chevy Stevens,1
b5382,The Sea Wolf,book,Jack London,1
b7001,"Stones Into Schools: Promoting Peace With Books, Not Bombs, in Afghanistan and Pakistan",book,"Greg Mortenson, Khaled Hosseini",1
b1185,Cold Sassy Tree,book,Olive Ann Burns,1
b8994,"Bones Are Forever (Temperance Brennan, #15)",book,Kathy Reichs,1
b2482,"The Pianist: The Extraordinary Story of One Man's Survival in Warsaw, 1939–45",book,"Władysław Szpilman, Anthea Bell",1
b6168,Blue Nights,book,Joan Didion,1
b7096,The Other Typist,book,Suzanne Rindell,1
b5007,"Predator (Kay Scarpetta, #14)",book,Patricia Cornwell,1
b7439,"Revelation (Matthew Shardlake, #4)",book,C.J. Sansom,1
b3502,Flora and Ulysses: The Illuminated Adventures,book,"Kate DiCamillo, K.G. Campbell",1
b1717,Essential Tales and Poems,book,"Edgar Allan Poe, Benjamin F. Fisher",1
b6090,The Baker's Daughter,book,Sarah McCoy,1
b2562,"The Perfect Game (The Perfect Game, #1)",book,J. Sterling,1
b6733,"Peeps (Peeps, #1)",book,Scott Westerfeld,1
b6976,"Superman: Earth One, Volume 1",book,"J. Michael Straczynski, Shane Davis, Sandra Hope, Barbara Ciardo, Rob Leigh",1
b3750,"Reliquary (Pendergast, #2)",book,"Douglas Preston, Lincoln Child",1
b4802,"The Keepsake (Rizzoli & Isles, #7)",book,Tess Gerritsen,1
b2528,"Dark Witch (The Cousins O'Dwyer Trilogy, #1)",book,Nora Roberts,1
b6989,A Little Something Different,book,Sandy   Hall,1
b9334,"The Field of Swords (Emperor, #3)",book,Conn Iggulden,1
b9277,"The Forge of God (Forge of God, #1)",book,Greg Bear,1
b8292,A Girl Like You,book,Gemma Burgess,1
b4393,"The Dark Divine (The Dark Divine, #1)",book,Bree Despain,1
b5803,"Dance with a Vampire (Vampire Kisses, #4)",book,Ellen Schreiber,1
b251,The Cat in the Hat,book,Dr. Seuss,1
b3808,A Good Man is Hard to Find and Other Stories,book,Flannery O'Connor,1
b2781,A Grief Observed,book,C.S. Lewis,1
b8412,"A Monstrous Regiment of Women (Mary Russell, #2)",book,Laurie R. King,1
b5961,"Right Ho, Jeeves (Jeeves, #6)",book,P.G. Wodehouse,1
b3622,"The 9th Judgment  (Women's Murder Club, #9)",book,"James Patterson, Maxine Paetro",1
b6960,"Creed (Unfinished Hero, #2)",book,Kristen Ashley,1
b9666,Dataclysm: Who We Are (When We Think No One's Looking),book,Christian Rudder,1
b5444,The Supernaturalist,book,Eoin Colfer,1
b2315,The Trumpet of the Swan,book,"E.B. White, Fred Marcellino",1
b7904,Job: A Comedy of Justice,book,Robert A. Heinlein,1
b7362,Everything Leads to You,book,Nina LaCour,1
b3339,"The Atlantis Complex (Artemis Fowl, #7)",book,Eoin Colfer,1
b2778,Two-Way Street,book,Lauren Barnholdt,1
b3872,for colored girls who have considered suicide/when the rainbow is enuf,book,Ntozake Shange,1
b4620,Barbarians at the Gate: The Fall of RJR Nabisco,book,"Bryan Burrough, John Helyar",1
b4777,A Rose for Emily and Other Stories,book,William Faulkner,1
b5786,The Dip: A Little Book That Teaches You When to Quit (and When to Stick),book,Seth Godin,1
b9983,"Blue exorcist, Tome 2",book,Kazue Kato,1
b5146,Slouching Towards Bethlehem,book,Joan Didion,1
b146,The Goldfinch,book,Donna Tartt,1
b4036,"Virals (Virals, #1)",book,"Kathy Reichs, Brendan Reichs",1
b8724,Waiter Rant: Thanks for the Tip-Confessions of a Cynical Waiter,book,"The Waiter, Steve Dublanica",1
b3261,"The Bedwetter: Stories of Courage, Redemption, and Pee",book,Sarah Silverman,1
b3430,"The Lying Game (The Lying Game, #1)",book,Sara Shepard,1
b2014,"When the Bough Breaks (Alex Delaware, #1)",book,Jonathan Kellerman,1
b5170,"Play with Me (With Me in Seattle, #3)",book,Kristen Proby,1
b3668,"Sandstorm (Sigma Force, #1)",book,James Rollins,1
b790,The Four Agreements: A Practical Guide to Personal Freedom,book,Miguel Ruiz,1
b5520,All My Friends Are Dead,book,"Avery Monsen, Jory John",1
b2687,"Fang (Maximum Ride, #6)",book,James Patterson,1
b8660,"Black Dawn (The Morganville Vampires, #12)",book,Rachel Caine,1
b5508,"Sherlock Holmes: The Complete Novels and Stories, Volume I",book,Arthur Conan Doyle,1
b7084,"Hollywood Dirt (Hollywood Dirt, #1)",book,Alessandra Torre,1
b6286,"The Bet (The Bet, #1)",book,Rachel Van Dyken,1
b1595,Long Walk to Freedom,book,Nelson Mandela,1
b3467,"The Black Box (Harry Bosch, #18; Harry Bosch Universe, #22)",book,Michael Connelly,1
b8586,The Soldier's Wife,book,Margaret Leroy,1
b7411,"Specter of the Past (Star Wars: The Hand of Thrawn, #1)",book,Timothy Zahn,1
b3222,The Book of Basketball: The NBA According to The Sports Guy,book,Bill Simmons,1
b9870,"Dark River (Warriors: Power of Three, #2)",book,Erin Hunter,1
b9554,What's the Matter with Kansas? How Conservatives Won the Heart of America,book,Thomas Frank,1
b6098,"If I Were You (Inside Out, #1)",book,Lisa Renee Jones,1
b596,The Rainmaker,book,John Grisham,1
b7452,"Rebel Heart (Dust Lands, #2)",book,Moira Young,1
b3464,The Doors of Perception & Heaven and Hell,book,Aldous Huxley,1
b8301,"Delusion in Death (In Death, #35)",book,J.D. Robb,1
b6689,"Dark Magic (Dark, #4)",book,Christine Feehan,1
b6639,The Righteous Mind: Why Good People are Divided by Politics and Religion,book,Jonathan Haidt,1
b621,"Are You There God? It's Me, Margaret",book,Judy Blume,1
b5775,Cold Fire,book,Dean Koontz,1
b1528,"Gardens of the Moon (The Malazan Book of the Fallen, #1)",book,Steven Erikson,1
b3218,"Fade (Wake, #2)",book,Lisa McMann,1
b2384,"The Fifth Witness (Mickey Haller, #5; Harry Bosch Universe, #20)",book,Michael Connelly,1
b2546,Lipstick Jungle,book,Candace Bushnell,1
b9944,Give and Take: A Revolutionary Approach to Success,book,Adam M. Grant,1
b5745,Barefoot Contessa Family Style: Easy Ideas and Recipes That Make Everyone Feel Like Family,book,"Ina Garten, Maura McEvoy",1
b4094,"A Long Way from Chicago (A Long Way from Chicago, #1)",book,Richard Peck,1
b3186,Purple Hibiscus,book,Chimamanda Ngozi Adichie,1
b8226,The Woodlanders,book,"Thomas Hardy, Patricia Ingham",1
b5278,"Return to Paradise (Leaving Paradise, #2)",book,Simone Elkeles,1
b3513,"Fear Nothing (Moonlight Bay, #1)",book,Dean Koontz,1
b5350,Vanishing Girls,book,Lauren Oliver,1
b8926,Humans of New York,book,Brandon Stanton,1
b6722,"Horde (Razorland, #3)",book,Ann Aguirre,1
b6196,"30 Days of Night, Vol. 1",book,"Steve Niles, Ben Templesmith",1
b5850,"Club Shadowlands (Masters of the Shadowlands, #1)",book,Cherise Sinclair,1
b9643,"The Gate Thief (Mither Mages, #2)",book,Orson Scott Card,1
b2106,"This Man Confessed (This Man, #3)",book,Jodi Ellen Malpas,1
b2657,False Memory,book,Dean Koontz,1
b8907,The Book on the Taboo Against Knowing Who You Are,book,Alan W. Watts,1
b3567,The Other Woman,book,Jane Green,1
b1705,Influence: The Psychology of Persuasion,book,Robert B. Cialdini,1
b1082,Colorless Tsukuru Tazaki and His Years of Pilgrimage,book,"Haruki Murakami, Philip Gabriel",1
b2425,My Life,book,Bill Clinton,1
b1947,My Sister's Grave (Tracy Crosswhite #1),book,Robert Dugoni,1
b1676,Galápagos,book,Kurt Vonnegut Jr.,1
b5912,"To Tame a Highland Warrior (Highlander, #2)",book,Karen Marie Moning,1
b3870,"A Darkness More Than Night (Harry Bosch, #7; Terry McCaleb, #2; Harry Bosch Universe, #9)",book,Michael Connelly,1
b6304,Remember Me,book,Mary Higgins Clark,1
b2672,Milk and Honey,book,Rupi Kaur,1
b6361,There's Treasure Everywhere: A Calvin and Hobbes Collection,book,Bill Watterson,1
b7505,"Shatterglass (The Circle Opens, #4)",book,Tamora Pierce,1
b2371,"Bitter Is the New Black: Confessions of a Condescending, Egomaniacal, Self-Centered Smartass, Or, Why You Should Never Carry A Prada Bag to the Unemployment Office",book,Jen Lancaster,1
b5503,"Maybe Not (Maybe, #1.5)",book,Colleen Hoover,1
b7038,Armor,book,John Steakley,1
b5372,"Reunion (The Mediator, #3)",book,Meg Cabot,1
b8788,Snow Country,book,"Yasunari Kawabata, Edward G. Seidensticker",1
b8112,"The Walking Dead, Book Three (The Walking Dead #25-36)",book,"Robert Kirkman, Charlie Adlard, Cliff Rathburn, Rus Wooton",1
b2059,"American Assassin (Mitch Rapp, #1)",book,Vince Flynn,1
b2878,"Alone (Detective D.D. Warren, #1)",book,Lisa Gardner,1
b249,Extremely Loud and Incredibly Close,book,Jonathan Safran Foer,1
b2957,Surprised by Joy: The Shape of My Early Life,book,C.S. Lewis,1
b8982,"Fables, Vol. 10: The Good Prince",book,"Bill Willingham, Mark Buckingham, Steve Leialoha, Aaron Alexovich, Andrew Pepoy",1
b4067,The Eight (The Eight #1),book,Katherine Neville,1
b5383,"Darkest Hour (The Mediator, #4)",book,Meg Cabot,1
b6990,This is the Story of a Happy Marriage,book,Ann Patchett,1
b3811,Wasted: A Memoir of Anorexia and Bulimia,book,Marya Hornbacher,1
b3056,Christy,book,Catherine Marshall,1
b7097,"Welcome to Shadowhunter Academy (Tales from the Shadowhunter Academy, #1)",book,"Cassandra Clare, Sarah Rees Brennan",1
b5096,"Music of the Heart (Runaway Train, #1)",book,Katie Ashley,1
b1740,In the Unlikely Event,book,Judy Blume,1
b2643,Black Boy,book,"Richard Wright, Jerry W. Ward Jr.",1
b9409,"Summer of My German Soldier (Summer of My German Soldier, #1)",book,Bette Greene,1
b7286,"Midnight Crossroad (Midnight, Texas, #1)",book,Charlaine Harris,1
b3978,The Robots of Dawn (Robot #3),book,Isaac Asimov,1
b3114,"Tales from a Not-So-Fabulous Life (Dork Diaries, #1)",book,Rachel Renée Russell,1
b6713,An Officer and a Spy,book,Robert   Harris,1
b9506,The Children's Book,book,A.S. Byatt,1
b2113,"Memory Man (Amos Decker, #1)",book,David Baldacci,1
b2599,"The Fall of Five (Lorien Legacies, #4)",book,Pittacus Lore,1
b6822,"From the Earth to the Moon (Extraordinary Voyages, #4)",book,Jules Verne,1
b7178,Songs of Willow Frost,book,Jamie Ford,1
b1446,Emotional Intelligence 2.0,book,"Travis Bradberry, Jean Greaves, Patrick Lencioni",1
b9098,"Aloha from Hell (Sandman Slim, #3)",book,Richard Kadrey,1
b8517,Fledgling,book,Octavia E. Butler,1
b8134,"Undead and Unreturnable (Undead, #4)",book,MaryJanice Davidson,1
b2308,Seven Days in the Art World,book,Sarah Thornton,1
b5282,"Book of the Dead (Kay Scarpetta, #15)",book,Patricia Cornwell,1
b6876,"The Code of the Woosters (Jeeves, #7)",book,P.G. Wodehouse,1
b4385,New York,book,Edward Rutherfurd,1
b9532,"The Marvelous Land of Oz (Oz, #2)",book,"L. Frank Baum, David McKee",1
b6143,"Hit List (Anita Blake, Vampire Hunter #20)",book,Laurell K. Hamilton,1
b4541,Okay for Now,book,Gary D. Schmidt,1
b9342,Single White Vampire (Argeneau #3),book,Lynsay Sands,1
b1152,The Time Keeper,book,Mitch Albom,1
b8758,"Beautiful Secret (Beautiful Bastard, #4)",book,Christina Lauren,1
b6303,"Sweet Home (Sweet Home, #1)",book,Tillie Cole,1
b6146,Let Me Call You Sweetheart,book,Mary Higgins Clark,1
b3635,Bone: The Complete Edition,book,Jeff Smith,1
b296,The Very Hungry Caterpillar Board Book,book,Eric Carle,1
b5048,"Haunted (The Mediator, #5)",book,Meg Cabot,1
b2913,"Claim Me (Stark Trilogy, #2)",book,J. Kenner,1
b7073,Loving Mr. Daniels,book,Brittainy C. Cherry,1
b1597,"The Power of One (The Power of One, #1)",book,Bryce Courtenay,1
b2839,War Brides,book,Helen Bryan,1
b4335,The Last Child,book,John Hart,1
b3448,Forgotten God: Reversing Our Tragic Neglect of the Holy Spirit,book,"Francis Chan, Danae Yankoski",1
b9462,"Midnight in Austenland (Austenland, #2)",book,Shannon Hale,1
b5184,My True Love Gave to Me: Twelve Holiday Stories,book,"Stephanie Perkins, Holly Black, Ally Carter, Matt de la Pena, Gayle Forman, Jenny Han, David Levithan, Kelly Link, Myra McEntire, Rainbow Rowell, Laini Taylor, Kiersten White",1
b2400,"Map of Bones (Sigma Force, #2)",book,James Rollins,1
b3707,"Wherever You Go, There You Are: Mindfulness Meditation in Everyday Life",book,Jon Kabat-Zinn,1
b5759,"Midnight (The Vampire Diaries: The Return, #3)",book,L.J. Smith,1
b8285,Batman and Son,book,"Grant Morrison, Andy Kubert, John Van Fleet, Jesse Delperdang",1
b9776,"Seventh Grave and No Body (Charley Davidson, #7)",book,Darynda Jones,1
b5045,"City of the Beasts (Eagle and Jaguar, #1)",book,"Isabel Allende, Margaret Sayers Peden",1
b4211,Elizabeth the Queen: The Life of a Modern Monarch,book,Sally Bedell Smith,1
b4823,Execution: The Discipline of Getting Things Done,book,"Larry Bossidy, Ram Charan, Charles Burck",1
b7434,"Raid (Unfinished Hero, #3)",book,Kristen Ashley,1
b8210,The Little Mermaid,book,"Hans Christian Andersen, Lisbeth Zwerger, Anthea Bell",1
b3008,Twenty Boy Summer,book,Sarah Ockler,1
b3317,Mort: The Play,book,"Terry Pratchett, Stephen Briggs",1
b9019,"Mountain of Black Glass (Otherland, #3)",book,Tad Williams,1
b496,"The Clan of the Cave Bear (Earth's Children, #1)",book,Jean M. Auel,1
b4811,Battle Cry of Freedom,book,James M. McPherson,1
b4733,On Liberty,book,John Stuart Mill,1
b6462,"Sentinel (Covenant, #5)",book,Jennifer L. Armentrout,1
b3918,"Soul Harvest: The World Takes Sides (Left Behind, #4)",book,"Tim LaHaye, Jerry B. Jenkins",1
b2754,"Blood Work (Harry Bosch Universe, #8; Terry McCaleb #1)",book,Michael Connelly,1
b3061,The Problem of Pain,book,C.S. Lewis,1
b3277,Gone for Good,book,Harlan Coben,1
b7548,Systematic Theology: An Introduction to Biblical Doctrine,book,Wayne A. Grudem,1
b8268,The Unexpected Everything,book,Morgan Matson,1
b2737,"The Big Bad Wolf  (Alex Cross, #9)",book,James Patterson,1
b6546,The Piano Teacher,book,Janice Y.K. Lee,1
b6677,Ghost in the Wires: My Adventures as the World's Most Wanted Hacker,book,"Kevin D. Mitnick, William L. Simon, Steve Wozniak",1
b6941,"Something Wonderful (Sequels, #2)",book,Judith McNaught,1
b7775,"Love and War (North and South, #2)",book,John Jakes,1
b1612,"The Next Always (Inn BoonsBoro, #1)",book,"Nora Roberts, MacLeod Andrews",1
b4876,"The Silent Girl (Rizzoli & Isles, #9)",book,Tess Gerritsen,1
b250,Wonder,book,R.J. Palacio,1
b8124,Zone One,book,Colson Whitehead,1
b1789,Dreamland,book,Sarah Dessen,1
b8286,On Food and Cooking: The Science and Lore of the Kitchen,book,Harold McGee,1
b3324,One More Thing: Stories and Other Stories,book,B.J. Novak,1
b7069,"Wieża Jaskółki (Saga o Wiedźminie, #6)",book,Andrzej Sapkowski,1
b2612,"A Suitable Boy (A Suitable Boy, #1)",book,Vikram Seth,1
b5250,"That Boy (That Boy, #1)",book,Jillian Dodd,1
b8342,"Wife by Wednesday (The Weekday Brides, #1)",book,Catherine Bybee,1
b6900,"Twisted Palace (The Royals, #3)",book,Erin Watt,1
b679,Madeline,book,Ludwig Bemelmans,1
b9684,The Law of Nines,book,Terry Goodkind,1
b6666,"Goddess (Starcrossed, #3)",book,Josephine Angelini,1
b2673,"Rainbow Six (Jack Ryan Universe, #10)",book,Tom Clancy,1
b4166,How I Live Now,book,Meg Rosoff,1
b4068,"Daddy-Long-Legs (Daddy-Long-Legs, #1)",book,Jean Webster,1
b8196,"A Certain Slant of Light (Light, #1)",book,Laura Whitcomb,1
b7865,"The Walking Dead, Compendium 2",book,"Robert Kirkman, Charlie Adlard",1
b8797,"Stunning (Pretty Little Liars, #11)",book,Sara Shepard,1
b7206,"Stars of Fortune (The Guardians Trilogy, #1)",book,Nora Roberts,1
b7157,"Tiger's Destiny (The Tiger Saga, #4)",book,Colleen Houck,1
b6300,Sleeping Arrangements,book,Madeleine Wickham,1
b5274,A Cook's Tour: Global Adventures in Extreme Cuisines,book,Anthony Bourdain,1
b2401,The Stranger,book,Harlan Coben,1
b1549,"The Carnivorous Carnival (A Series of Unfortunate Events, #9)",book,"Lemony Snicket, Brett Helquist",1
b5306,"The Confusion (The Baroque Cycle, #2)",book,Neal Stephenson,1
b6687,Hitch-22: A Memoir,book,Christopher Hitchens,1
b8662,"Parable of the Talents (Earthseed, #2)",book,Octavia E. Butler,1
b8544,The Invisible Gorilla: And Other Ways Our Intuitions Deceive Us,book,"Christopher Chabris, Daniel Simons",1
b4254,A Hundred Summers,book,Beatriz Williams,1
b9403,"Indemnity Only (V.I. Warshawski, #1)",book,Sara Paretsky,1
b1534,"The Camel Club (Camel Club, #1)",book,David Baldacci,1
b9013,"Hourglass (Hourglass, #1)",book,Myra McEntire,1
b1669,"13 Little Blue Envelopes (Little Blue Envelope, #1)",book,Maureen Johnson,1
b9755,"Debt Inheritance (Indebted, #1)",book,Pepper Winters,1
b5863,The Woman Warrior,book,Maxine Hong Kingston,1
b9423,You Don't Have to Say You Love Me,book,Sarra Manning,1
b8918,"Rock Chick Revolution (Rock Chick, #8)",book,Kristen Ashley,1
b9805,Open Season,book,Linda Howard,1
b1701,"I Hope They Serve Beer in Hell (Tucker Max, #1)",book,Tucker Max,1
b6421,"Teardrop (Teardrop, #1)",book,Lauren Kate,1
b6029,"Whitney, My Love (Westmoreland, #2)",book,Judith McNaught,1
b2259,Foucault's Pendulum,book,"Umberto Eco, William Weaver",1
b2461,"Confessor (Sword of Truth, #11)",book,Terry Goodkind,1
b2951,Wolfsbane (Nightshade #2; Nightshade World #5),book,Andrea Cremer,1
b5395,The Penelopiad,book,Margaret Atwood,1
b1507,The Power of Positive Thinking,book,Norman Vincent Peale,1
b4112,"Encyclopedia Brown, Boy Detective (Encyclopedia Brown, #1)",book,Donald J. Sobol,1
b7988,The Orenda,book,Joseph Boyden,1
b9303,Mythologies,book,"Roland Barthes, Annette Lavers",1
b2464,"Rabbit, Run (Rabbit Angstrom #1)",book,John Updike,1
b5801,While My Pretty One Sleeps,book,Mary Higgins Clark,1
b4234,"Twilight (The Mediator, #6)",book,Meg Cabot,1
b6199,When She Woke,book,Hillary Jordan,1
b8891,Misquoting Jesus: The Story Behind Who Changed the Bible and Why,book,Bart D. Ehrman,1
b2686,Blue Ocean Strategy: How To Create Uncontested Market Space And Make The Competition Irrelevant,book,"W. Chan Kim, Renée Mauborgne",1
b4033,The Moon and More,book,Sarah Dessen,1
b5450,"Until You (Fall Away, #1.5)",book,"Penelope Douglas, Nelson Hobbs",1
b7764,"Manwhore (Manwhore, #1)",book,Katy Evans,1
b1604,"Impulse (Impulse, #1)",book,Ellen Hopkins,1
b9904,"Hard as It Gets (Hard Ink, #1)",book,Laura Kaye,1
b4031,Island of the Sequined Love Nun,book,"Christopher Moore, Oliver Wyman",1
b6158,"The Summer Garden (The Bronze Horseman, #3)",book,Paullina Simons,1
b6204,The Tao of Physics: An Exploration of the Parallels between Modern Physics and Eastern Mysticism,book,Fritjof Capra,1
b7303,"Lost & Found (Lost & Found, #1)",book,Nicole  Williams,1
b8822,"Concealed in Death (In Death, #38)",book,J.D. Robb,1
b6340,"Shards of Honour  (Vorkosigan Saga, #1)",book,Lois McMaster Bujold,1
b89,The Princess Bride ,book,William Goldman,1
b906,Major Pettigrew's Last Stand,book,Helen Simonson,1
b2265,"Lies (Gone, #3)",book,Michael  Grant,1
b1260,The Beach House,book,"James Patterson, Peter de Jonge",1
b4731,Gates of Fire: An Epic Novel of the Battle of Thermopylae,book,Steven Pressfield,1
b3264,"Noble House (Asian Saga, #5)",book,James Clavell,1
b993,Tell the Wolves I'm Home,book,Carol Rifka Brunt,1
b6964,Wake (Watersong #1),book,Amanda Hocking,1
b2615,I Like You: Hospitality Under the Influence,book,Amy Sedaris,1
b5822,"The Prince of Mist (Niebla, #1)",book,"Carlos Ruiz Zafón, Lucia Graves",1
b7196,The Baller: A Down and Dirty Football Novel,book,Vi Keeland,1
b7709,Is It Just Me?,book,Miranda Hart,1
b9207,Emmy & Oliver,book,Robin Benway,1
b6834,"Sweet Reckoning (Sweet, #3)",book,Wendy Higgins,1
b7588,Turtle in Paradise,book,Jennifer L. Holm,1
b9004,"The Path to Power (The Years of Lyndon Johnson, #1)",book,Robert A. Caro,1
b3394,Hold Tight,book,Harlan Coben,1
b5618,"Turbo Twenty-Three (Stephanie Plum, #23)",book,Janet Evanovich,1
b9220,On Becoming Baby Wise: Giving Your Infant the Gift of Nighttime Sleep,book,Gary Ezzo,1
b5473,"Afterlife (Evernight, #4)",book,Claudia Gray,1
b9581,"Courageous (The Lost Fleet, #3)",book,Jack Campbell,1
b9378,"The Dragonslayer (Bone, #4)",book,"Jeff Smith, Steve Hamaker",1
b5596,Quo Vadis,book,"Henryk Sienkiewicz, W.S. Kuniczak",1
b4590,"The Overlook (Harry Bosch, #13; Harry Bosch Universe, #15)",book,Michael Connelly,1
b8424,"Welcome to the Jungle (The Dresden Files, #0.5)",book,Jim Butcher,1
b8204,"The Unwanted Wife (Unwanted, #1)",book,Natasha Anders,1
b9426,"Maid for the Billionaire (Legacy Collection, #1)",book,Ruth Cardello,1
b2552,Player Piano,book,Kurt Vonnegut Jr.,1
b7600,"Divine Misdemeanors (Merry Gentry, #8)",book,Laurell K. Hamilton,1
b843,"Fifty Shades Trilogy (Fifty Shades, #1-3)",book,E.L. James,1
b2859,"Debt of Honor (Jack Ryan Universe, #8)",book,Tom Clancy,1
b381,Where the Heart Is,book,Billie Letts,1
b9652,"Truce (Neighbor from Hell, #4)",book,R.L. Mathewson,1
b5945,"City of Night (Dean Koontz's Frankenstein, #2)",book,"Dean Koontz, Ed Gorman, John Bedford Lloyd",1
b6616,"UnSouled (Unwind, #3)",book,Neal Shusterman,1
b5172,"Second Chance Boyfriend (One Week Girlfriend, #2)",book,Monica  Murphy,1
b3916,Long Day's Journey Into Night,book,Eugene O'Neill,1
b7481,"When We Were Very Young (Winnie-the-Pooh, #3)",book,"A.A. Milne, Ernest H. Shepard",1
b8487,The Staff of Serapis (Percy Jackson & Kane Chronicles Crossover #2),book,Rick Riordan,1
b1342,"Night Watch (Discworld, #29; City Watch, #6)",book,Terry Pratchett,1
b7292,"Dude, Where's My Country?",book,Michael Moore,1
b2141,"Barely Breathing (Breathing, #2)",book,Rebecca Donovan,1
b6740,"The Blackhouse (Lewis Trilogy, #1)",book,Peter  May,1
b8514,I'll Be Seeing You,book,Mary Higgins Clark,1
b7888,"First Rider's Call (Green Rider, #2)",book,Kristen Britain,1
b8642,"Rival (Fall Away, #2)",book,"Penelope Douglas, Abby Craden, Nelson Hobbs",1
b8726,The Black Arrow,book,Robert Louis Stevenson,1
b3588,Truth and Beauty,book,Ann Patchett,1
b7942,Vegan Cupcakes Take Over the World: 75 Dairy-Free Recipes for Cupcakes that Rule,book,"Isa Chandra Moskowitz, Terry Hope Romero, Sara Quin",1
b5300,"Damaged (Damaged, #1)",book,H.M. Ward,1
b8369,"Harry, a History: The True Story of a Boy Wizard, His Fans, and Life Inside the Harry Potter Phenomenon",book,"Melissa Anelli, J.K. Rowling",1
b7281,The Murders in the Rue Morgue,book,Edgar Allan Poe,1
b4009,Four Blondes,book,Candace Bushnell,1
b9922,"Sea of Silver Light (Otherland, #4)",book,Tad Williams,1
b4608,"The Scions of Shannara (Heritage of Shannara, #1)",book,Terry Brooks,1
b6752,"Aztec (Aztec, #1)",book,Gary Jennings,1
b1922,Velocity,book,Dean Koontz,1
b8744,The Pact,book,Karina Halle,1
b6805,"Graduation Day (The Testing, #3)",book,Joelle Charbonneau,1
b4904,We Were Soldiers Once... and Young: Ia Drang - The Battle that Changed the War in Vietnam,book,"Harold G. Moore, Joseph L. Galloway",1
b7964,Contagious: Why Things Catch On,book,Jonah Berger,1
b5561,"The Bastard (Kent Family Chronicles, #1)",book,John Jakes,1
b3126,The Complete Short Stories,book,Ernest Hemingway,1
b7910,Phantoms in the Brain: Probing the Mysteries of the Human Mind,book,"V.S. Ramachandran, Sandra Blakeslee, Oliver Sacks",1
b8030,The Cradle Will Fall,book,Mary Higgins Clark,1
b4021,The Future of Us,book,"Jay Asher, Carolyn Mackler",1
b8590,"This Body of Death (Inspector Lynley, #16)",book,Elizabeth  George,1
b5776,Frog Music,book,Emma Donoghue,1
b6742,On the Street Where You Live,book,Mary Higgins Clark,1
b8500,"Stone Cold Touch (The Dark Elements, #2)",book,Jennifer L. Armentrout,1
b6379,Rise of the Governor (The Walking Dead #1),book,"Robert Kirkman, Jay Bonansinga",1
b5736,"Until Friday Night (The Field Party, #1)",book,Abbi Glines,1
b5124,"First Frost (Waverley Family, #2)",book,Sarah Addison Allen,1
b4450,"If You Stay (Beautifully Broken, #1)",book,Courtney Cole,1
b7312,"The Beast (Black Dagger Brotherhood, #14)",book,J.R. Ward,1
b9712,"Magic Binds (Kate Daniels, #9)",book,Ilona Andrews,1
b7058,"The Black Lyon (Montgomery/Taggert, #1)",book,Jude Deveraux,1
b2277,"Cross (Alex Cross, #12)",book,James Patterson,1
b4568,"Lost Lake (Lost Lake, #1)",book,Sarah Addison Allen,1
b8377,"Open Season (Joe Pickett, #1)",book,C.J. Box,1
b8527,"MacRieve (Immortals After Dark, #14)",book,Kresley Cole,1
b8904,Against a Dark Background,book,Iain M. Banks,1
b4579,Servant of the Bones,book,Anne Rice,1
b5531,Free Will,book,Sam Harris,1
b2046,The One & Only,book,Emily Giffin,1
b3912,The Beach House,book,Jane Green,1
b9924,"Blue Noon (Midnighters, #3)",book,Scott Westerfeld,1
b2708,Fly Away Home,book,Jennifer Weiner,1
b3452,"Princess in the Spotlight (The Princess Diaries, #2)",book,Meg Cabot,1
b3761,The Dirt: Confessions of the World's Most Notorious Rock Band,book,"Tommy Lee, Vince Neil, Nikki Sixx, Neil Strauss, Mick Mars, Tommy Lee",1
b1030,The Art of Fielding,book,Chad Harbach,1
b9563,The Society of the Spectacle,book,"Guy Debord, Donald Nicholson-Smith",1
b9021,Lost,book,"Gregory Maguire, Douglas Smith",1
b2822,"The Templar Legacy (Cotton Malone, #1)",book,Steve Berry,1
b2273,The Butterfly Garden (The Collector #1),book,Dot Hutchison,1
b8789,Getting Stoned with Savages: A Trip Through the Islands of Fiji and Vanuatu,book,J. Maarten Troost,1
b2032,"Sarah, Plain and Tall (Sarah, Plain and Tall, #1)",book,Patricia MacLachlan,1
b9882,Afterworlds (Afterworlds #1),book,Scott Westerfeld,1
b1242,The Lowland,book,Jhumpa Lahiri,1
b4132,"Tunnels of Blood (Cirque Du Freak, #3)",book,Darren Shan,1
b1334,The Tiger's Wife,book,Téa Obreht,1
b644,"Slammed (Slammed, #1)",book,Colleen Hoover,1
b1544,Disgrace,book,J.M. Coetzee,1
b2666,"Executive Orders (Jack Ryan Universe, #9)",book,Tom Clancy,1
b9266,"Witches of East End (The Beauchamp Family, #1)",book,Melissa de la Cruz,1
b8173,"The Problem Child (The Sisters Grimm, #3)",book,"Michael Buckley, Peter Ferguson",1
b4279,"The Dead and the Gone (Last Survivors, #2)",book,Susan Beth Pfeffer,1
b6412,"Reasonable Doubt: Volume 1 (Reasonable Doubt, #1)",book,Whitney G.,1
b3424,"Taken at Dusk (Shadow Falls, #3)",book,C.C. Hunter,1
b5319,"The Long Way Home (Chief Inspector Armand Gamache, #10)",book,Louise Penny,1
b3968,"The Last Guardian (Artemis Fowl, #8)",book,Eoin Colfer,1
b1250,The Dharma Bums,book,Jack Kerouac,1
b88,Paper Towns,book,John Green,1
b9174,"Captured (The Captive, #1)",book,Erica Stevens,1
b5174,The Collector,book,Nora Roberts,1
b5595,The Lifeboat,book,Charlotte Rogan,1
b4456,"Fallen in Love (Fallen, #3.5)",book,Lauren Kate,1
b4863,Fatherland,book,Robert   Harris,1
b5112,The Black Dagger Brotherhood: An Insider's Guide,book,J.R. Ward,1
b4360,Second Chance,book,Jane Green,1
b1827,"The Hostile Hospital (A Series of Unfortunate Events, #8)",book,"Lemony Snicket, Brett Helquist",1
b8621,"Nash (Marked Men, #4)",book,Jay Crownover,1
b5115,The Secret Adversary (Tommy and Tuppence #1),book,Agatha Christie,1
b1159,Stones from the River,book,Ursula Hegi,1
b6800,"Lord Loss (The Demonata, #1)",book,Darren Shan,1
b6688,Baudolino,book,"Umberto Eco, William Weaver, R.C.S. Libri",1
b3152,The Snowball: Warren Buffett and the Business of Life,book,Alice Schroeder,1
b6025,Red Harvest,book,Dashiell Hammett,1
b2757,"Ahab's Wife, or The Star-Gazer",book,Sena Jeter Naslund,1
b9108,"Taking Shots (Assassins, #1)",book,Toni Aleo,1
b6133,"The Reality Bug (Pendragon, #4)",book,D.J. MacHale,1
b9030,"The Billionaire Wins the Game (Billionaire Bachelors, #1)",book,Melody Anne,1
b4597,The Souls of Black Folk,book,"W.E.B. Du Bois, Donald B. Gibson, Monica W. Elbert",1
b1040,Let's Explore Diabetes with Owls,book,David Sedaris,1
b9351,"Shine Not Burn (Shine Not Burn, #1)",book,Elle Casey,1
b5230,The Bees,book,Laline Paull,1
b5504,"Black Water (Pendragon, #5)",book,D.J. MacHale,1
b507,"The Hunger Games Trilogy Boxset (The Hunger Games, #1-3)",book,Suzanne Collins,1
b2284,The Inheritance of Loss,book,Kiran Desai,1
b9804,"Heartstone (Matthew Shardlake, #5)",book,C.J. Sansom,1
b4648,"Prince of Wolves (The Grey Wolves, #1)",book,Quinn Loftis,1
b5014,Two Little Girls in Blue,book,Mary Higgins Clark,1
b7453,Sickened: The Memoir of a Munchausen by Proxy Childhood,book,Julie Gregory,1
b8785,"Thankless in Death (In Death, #37)",book,J.D. Robb,1
b6583,Shoe Dog: A Memoir by the Creator of NIKE,book,Phil Knight,1
b4216,Sacré Bleu: A Comedy d'Art,book,Christopher Moore,1
b5246,"Raw (RAW Family, #1)",book,Belle Aurora,1
b5952,The Bone Garden ,book,Tess Gerritsen,1
b5040,"The Eye of Minds (The Mortality Doctrine, #1)",book,James Dashner,1
b8000,The Red Queen: Sex and the Evolution of Human Nature,book,Matt Ridley,1
b9833,Turn Right at Machu Picchu: Rediscovering the Lost City One Step at a Time,book,Mark    Adams,1
b8915,Breaking the Spell: Religion as a Natural Phenomenon,book,Daniel C. Dennett,1
b8546,"Firestar's Quest (Warriors Super Edition, #1)",book,Erin Hunter,1
b4660,Operating Instructions: A Journal of My Son's First Year,book,Anne Lamott,1
b9068,Moonlight Becomes You,book,Mary Higgins Clark,1
b4594,Love Warrior,book,Glennon Doyle Melton,1
b1774,"The Grim Grotto (A Series of Unfortunate Events, #11)",book,"Lemony Snicket, Brett Helquist",1
b4037,"An Invisible Thread: The True Story of an 11-Year-Old Panhandler, a Busy Sales Executive, and an Unlikely Meeting with Destiny",book,"Laura Schroff, Alex Tresniowski, Valerie Salembier",1
b6548,Willpower: Rediscovering the Greatest Human Strength,book,"Roy F. Baumeister, John Tierney",1
b7186,Brain Droppings,book,George Carlin,1
b5155,The Sex Lives of Cannibals: Adrift in the Equatorial Pacific,book,J. Maarten Troost,1
b9441,The Incredible Hulk: Planet Hulk,book,"Greg Pak, Aaron Lopresti, Carlo Pagulayan, Juan Santacruz, Gary Frank, Takeshi Miyazawa",1
b2509,"The Atlantis Gene (The Origin Mystery, #1)",book,A.G. Riddle,1
b9286,"Do No Harm: Stories of Life, Death and Brain Surgery",book,Henry Marsh,1
b7247,"Sepulchre (Languedoc, #2)",book,Kate Mosse,1
b8896,Richard II,book,"William Shakespeare, Roma Gill, Robert          Jackson",1
b7009,The Defining Decade: Why Your Twenties Matter--And How to Make the Most of Them Now,book,Meg Jay,1
b5190,"Ceaseless (Existence Trilogy, #3)",book,Abbi Glines,1
b7522,The Areas of My Expertise: An Almanac of Complete World Knowledge Compiled with Instructive Annotation and Arranged in Useful Order,book,John Hodgman,1
b815,No Country for Old Men,book,Cormac McCarthy,1
b5166,"Scarpetta (Kay Scarpetta, #16)",book,Patricia Cornwell,1
b1844,Scar Tissue,book,"Anthony Kiedis, Larry Sloman",1
b3325,Men at Arms: The Play,book,"Terry Pratchett, Stephen Briggs",1
b9733,"Darker After Midnight (Midnight Breed, #10)",book,Lara Adrian,1
b1471,"A Dog's Purpose (A Dog's Purpose, #1)",book,W. Bruce Cameron,1
b1476,"The Slippery Slope (A Series of Unfortunate Events, #10)",book,"Lemony Snicket, Brett Helquist",1
b3559,"The Thousand-Dollar Tan Line (Veronica Mars, #1)",book,"Rob Thomas, Jennifer Graham",1
b2702,"The Midwife: A Memoir of Birth, Joy, and Hard Times",book,Jennifer Worth,1
b2072,"Burned (Burned, #1)",book,Ellen Hopkins,1
b4289,"Apollyon (Left Behind, #5)",book,"Tim LaHaye, Jerry B. Jenkins",1
b8136,"Dawn on a Distant Shore (Wilderness, #2)",book,Sara Donati,1
b9238,Superman: Birthright,book,"Mark Waid, Alfred Gough, Miles Millar, Dave McCaig, Gerry Alanguilan, Leinil Francis Yu",1
b6598,"Brothers Majere (Dragonlance: Preludes, #3)",book,Kevin Stein,1
b2288,Don't Let's Go to the Dogs Tonight,book,Alexandra Fuller,1
b6073,Dragon Tears,book,Dean Koontz,1
b2648,"The World of Winnie-the-Pooh (Winnie-the-Pooh, #1-2)",book,"A.A. Milne, Ernest H. Shepard",1
b5193,"Lost in Time (Blue Bloods, #6)",book,Melissa de la Cruz,1
b1288,The Long Walk,book,"Richard Bachman, Stephen King",1
b4240,"Evil Under the Sun (Hercule Poirot, #23)",book,Agatha Christie,1
b1813,"On the Island (On the Island, #1)",book,Tracey Garvis-Graves,1
b8866,Hero,book,Perry Moore,1
b5176,"D is for Deadbeat (Kinsey Millhone, #4)",book,Sue Grafton,1
b6520,"The Monkey's Raincoat (Elvis Cole, #1)",book,Robert Crais,1
b4516,The Strange Library,book,"Haruki Murakami, Ted Goossen",1
b3351,"The Mysterious Island (Extraordinary Voyages, #12)",book,"Jules Verne, Caleb Carr, Jordan Stump",1
b1796,"Gilead (Gilead, #1)",book,Marilynne Robinson,1
b5657,I'm Just Here for the Food: Food + Heat = Cooking,book,Alton Brown,1
b2219,"The Pillars of Creation (Sword of Truth, #7)",book,Terry Goodkind,1
b9046,"Hot Ticket (Sinners on Tour, #3)",book,Olivia Cunning,1
b9619,"Bad Romeo (Starcrossed, #1)",book,Leisa Rayven,1
b9982,"Feverborn (Fever, #8)",book,Karen Marie Moning,1
b7819,"Blood Kiss (Black Dagger Legacy, #1)",book,J.R. Ward,1
b4896,"Never Never: Part Three (Never Never, #3)",book,"Colleen Hoover, Tarryn Fisher",1
b7498,"The Last Full Measure (The Civil War Trilogy, #3)",book,Jeff Shaara,1
b8315,The Mermaid's Sister,book,Carrie Anne Noble,1
b7599,The Madonnas of Leningrad,book,Debra Dean,1
b8862,"The Bourbon Kings (The Bourbon Kings, #1)",book,J.R. Ward,1
b6779,"77 Shadow Street (Pendleton, #1)",book,Dean Koontz,1
b9258,"Double Time (Sinners on Tour, #5)",book,Olivia Cunning,1
b8857,Revolting Rhymes,book,"Roald Dahl, Quentin Blake",1
b7352,Follow the River,book,James Alexander Thom,1
b9488,"Festive in Death (In Death, #39)",book,J.D. Robb,1
b2872,"Necessary Lies (Necessary Lies, #1)",book,Diane Chamberlain,1
b3801,"10th Anniversary (Women's Murder Club, #10)",book,"James Patterson, Maxine Paetro",1
b4195,"The Guard (The Selection, #2.5)",book,Kiera Cass,1
b5529,Antifragile: Things That Gain from Disorder,book,Nassim Nicholas Taleb,1
b7172,The Overcoat,book,Nikolai Gogol,1
b1006,American Sniper: The Autobiography of the Most Lethal Sniper in U.S. Military History,book,"Chris Kyle, Scott McEwen, Jim DeFelice",1
b7273,Wave,book,Sonali Deraniyagala,1
b1977,"The End (A Series of Unfortunate Events, #13)",book,"Lemony Snicket, Brett Helquist",1
b4244,Hedda Gabler,book,"Henrik Ibsen, William Archer",1
b3757,"The Hypnotist (Joona Linna, #1)",book,"Lars Kepler, Ann Long",1
b6820,"The History of Sexuality, Volume 1: An Introduction",book,"Michel Foucault, Robert Hurley",1
b6575,The Abolition of Man,book,C.S. Lewis,1
b799,Watchers,book,Dean Koontz,1
b6768,Heart of Darkness and The Secret Sharer,book,Joseph Conrad,1
b3599,Troublemaker: Surviving Hollywood and Scientology,book,"Leah Remini, Rebecca Paley",1
b2594,Rising Sun,book,Michael Crichton,1
b6997,The Hidden Reality: Parallel Universes and the Deep Laws of the Cosmos,book,Brian Greene,1
b2383,"Split Second (Sean King & Michelle Maxwell, #1)",book,David Baldacci,1
b670,The Dead Zone,book,Stephen King,1
b6115,"Revealed (House of Night, #11)",book,"P.C. Cast, Kristin Cast",1
b1120,Aesop's Fables,book,"Aesop, Laura Harris, Laura Gibbs",1
b9971,"The Tycoon's Revenge (Baby for the Billionaire, #1)",book,Melody Anne,1
b4868,Jesus the Christ,book,James E. Talmage,1
b5883,"Icefire (The Last Dragon Chronicles, #2)",book,Chris d'Lacey,1
b2715,"Night Star (The Immortals, #5)",book,Alyson Noel,1
b6072,Rumour Has It,book,Jill Mansell,1
b4856,TransAtlantic,book,Colum McCann,1
b8704,Resurrection,book,"Leo Tolstoy, Louise Maude, Aylmer Maude",1
b9491,A Bite to Remember (Argeneau #5),book,Lynsay Sands,1
b2078,The Complete Tales,book,Beatrix Potter,1
b4772,The Ruins,book,Scott B. Smith,1
b3964,Johnny Got His Gun,book,Dalton Trumbo,1
b3472,The Complete Stories,book,Flannery O'Connor,1
b1856,Magical Thinking: True Stories,book,Augusten Burroughs,1
b2299,"Fool's Fate (Tawny Man, #3)",book,Robin Hobb,1
b4725,My Beloved World,book,Sonia Sotomayor,1
b9442,Elizabeth: The Struggle for the Throne,book,David Starkey,1
b3381,The Collected Poems,book,"Sylvia Plath, Ted Hughes",1
b8580,The Argonauts,book,Maggie Nelson,1
b4633,"Dexter in the Dark (Dexter, #3)",book,Jeff Lindsay,1
b5704,To Have and Have Not,book,Ernest Hemingway,1
b3647,"Panserhjerte (Harry Hole, #8)",book,Jo Nesbø,1
b4584,No Exit and Three Other Plays,book,"Jean-Paul Sartre, Stuart Gilbert, Lionel Abel",1
b4440,"Kushiel's Avatar (Phèdre's Trilogy, #3)",book,Jacqueline Carey,1
b5033,The Postman Always Rings Twice,book,James M. Cain,1
b9909,George,book,Alex Gino,1
b2914,Special Topics in Calamity Physics,book,Marisha Pessl,1
b9880,Meant to Be,book,Lauren Morrill,1
b7413,Black Lies,book,Alessandra Torre,1
b8493,"Once (Eve, #2)",book,Anna Carey,1
b1136,Let the Great World Spin,book,Colum McCann,1
b6604,Zorro,book,"Isabel Allende, Margaret Sayers Peden",1
b5167,"Darkness, Take My Hand (Kenzie & Gennaro, #2)",book,Dennis Lehane,1
b5761,"Mistakes Were Made (But Not by Me): Why We Justify Foolish Beliefs, Bad Decisions, and Hurtful Acts",book,"Carol Tavris, Elliot Aronson",1
b5592,American on Purpose: The Improbable Adventures of an Unlikely Patriot,book,Craig Ferguson,1
b4908,The Game: Penetrating the Secret Society of Pickup Artists,book,Neil Strauss,1
b4383,On the Beach,book,Nevil Shute,1
b2450,The Sea of Tranquility,book,Katja Millay,1
b8392,"Kaleidoscope Hearts (Hearts, #1)",book,Claire Contreras,1
b1652,"Cross My Heart and Hope to Spy (Gallagher Girls, #2)",book,Ally Carter,1
b5270,"The Christmas Box (The Christmas Box, #1)",book,Richard Paul Evans,1
b3765,Anne McCaffrey's Dragonflight #1,book,"Brynne Stephens, Lela Dowling, Cynthia Martin, Anne McCaffrey",1
b2050,"Night World, No. 2 (Night World, #4-6)",book,L.J. Smith,1
b3598,Killing Yourself to Live: 85% of a True Story,book,Chuck Klosterman,1
b3619,"Triptych (Will Trent, #1)",book,Karin Slaughter,1
b5965,"Betrayals (Strange Angels, #2)",book,"Lili St. Crow, Lilith Saintcrow",1
b5707,"The System of the World (The Baroque Cycle, #3)",book,Neal Stephenson,1
b3494,"The Burning Room (Harry Bosch, #19; Harry Bosch Universe, #24)",book,Michael Connelly,1
b7694,"Killing Sarai (In the Company of Killers, #1)",book,J.A. Redmerski,1
b6124,Luna,book,Julie Anne Peters,1
b2180,"Zero Day (John Puller, #1)",book,David Baldacci,1
b1865,You Can Heal Your Life,book,Louise L. Hay,1
b7876,The One Thing: The Surprisingly Simple Truth Behind Extraordinary Results,book,"Gary Keller, Jay Papasan",1
b3333,Skinny Dip,book,Carl Hiaasen,1
b7064,"Dark Gold (Dark, #3)",book,Christine Feehan,1
b6424,"Bad Things (Tristan & Danika, #1)",book,R.K. Lilley,1
b5997,Forget You,book,Jennifer Echols,1
b8679,The Truth According to Us,book,Annie Barrows,1
b833,The Chamber,book,John Grisham,1
b1150,Absolute Power,book,David Baldacci,1
b5279,My Heart and Other Black Holes,book,Jasmine Warga,1
b1126,"Vampire Knight, Vol. 1 (Vampire Knight, #1)",book,"Matsuri Hino, Tomo Kimura",1
b5733,"Welcome to Dead House (Goosebumps, #1)",book,R.L. Stine,1
b9066,Bite Me If You Can (Argeneau #6),book,Lynsay Sands,1
b5513,"Thief (Love Me with Lies, #3)",book,Tarryn Fisher,1
b6021,Comfort Me with Apples: More Adventures at the Table,book,Ruth Reichl,1
b8220,Colonel Roosevelt,book,Edmund Morris,1
b8901,Shadows of the Workhouse,book,Jennifer Worth,1
b4455,Rubyfruit Jungle,book,Rita Mae Brown,1
b3891,"Shoe Addicts Anonymous (Shoe Addict, #1)",book,Beth Harbison,1
b7835,"King (King, #1)",book,T.M. Frazier,1
b7046,"Generation Kill: Devil Dogs, Iceman, Captain America, and the New Face of American War",book,Evan Wright,1
b7650,Lady Audley's Secret,book,Mary Elizabeth Braddon,1
b8145,Punk 57,book,Penelope Douglas,1
b3615,Calling Me Home,book,Julie Kibler,1
b6881,Better off Friends,book,Elizabeth Eulberg,1
b7812,Delta of Venus,book,Anaïs Nin,1
b9538,Agent to the Stars,book,John Scalzi,1
b2169,The Grownup,book,Gillian Flynn,1
b4632,"The Indwelling (Left Behind, #7)",book,"Tim LaHaye, Jerry B. Jenkins",1
b4542,"Assassins (Left Behind, #6)",book,"Tim LaHaye, Jerry B. Jenkins",1
b8488,A Different Blue,book,Amy Harmon,1
b5068,A Sand County Almanac and Sketches Here and There,book,Aldo Leopold,1
b5696,The Brightest Star in the Sky,book,Marian Keyes,1
b9660,"DC: The New Frontier, Volume 1",book,"Darwyn Cooke, Dave Stewart, Jared K. Fletcher",1
b6882,The Shallows: What the Internet is Doing to Our Brains,book,Nicholas Carr,1
b7613,"Chasing the Prophecy (Beyonders, #3)",book,Brandon Mull,1
b3633,"Pulse (Collide, #2)",book,Gail McHugh,1
b638,A Visit from the Goon Squad,book,Jennifer Egan,1
b5584,"Avoiding Commitment (Avoiding, #1)",book,K.A. Linde,1
b3617,"Captivate (Need, #2)",book,Carrie Jones,1
b5136,"The Rivers of Zadaa (Pendragon, #6)",book,D.J. MacHale,1
b2202,"Gossip Girl (Gossip Girl, #1)",book,Cecily von Ziegesar,1
b1026,"A Breath of Snow and Ashes (Outlander, #6)",book,Diana Gabaldon,1
b7974,Silence,book,"Shūsaku Endō, William Johnston",1
b6932,The Executioner's Song,book,Norman Mailer,1
b4366,Business Model Generation,book,"Alexander Osterwalder, Yves Pigneur",1
b7459,The Prisoner of Zenda,book,Anthony Hope,1
b7057,"Monument 14 (Monument 14, #1)",book,Emmy Laybourne,1
b4990,"The Negotiator (O'Malley, #1)",book,Dee Henderson,1
b2123,George's Marvellous Medicine,book,"Roald Dahl, Quentin Blake",1
b4889,"A Perfect Blood (The Hollows, #10)",book,Kim Harrison,1
b5514,Between a Rock and a Hard Place,book,Aron Ralston,1
b7212,Captains Courageous,book,Rudyard Kipling,1
b7776,"Destined (Wings, #4)",book,Aprilynne Pike,1
b4079,The Mother Tongue: English and How It Got That Way,book,Bill Bryson,1
b7859,The Kreutzer Sonata,book,"Leo Tolstoy, Isai Kamen, Doris Lessing",1
b9438,"Tunnels (Tunnels, #1)",book,"Roderick Gordon, Brian  Williams",1
b941,The Hours,book,Michael Cunningham,1
b6183,"Charlie Bone and the Hidden King (The Children of the Red King, #5)",book,Jenny Nimmo,1
b1156,I Am America (And So Can You!),book,"Stephen Colbert, Richard Dahm, Paul Dinello, Allison Silverman, Michael Brumm, Eric Drydale, Rob Dubbin, Glenn Eichler, Peter Grosz, Peter Gwinn, Jay Katsir, Laura Krafft, Frank Lesser, Tom Purcell",1
b9955,"Wild Cards (Wild Cards, #1)",book,Simone Elkeles,1
b184,Matilda,book,"Roald Dahl, Quentin Blake",1
b5763,Roadwork,book,"Richard Bachman, Stephen King",1
b1975,"The Penultimate Peril (A Series of Unfortunate Events, #12)",book,"Lemony Snicket, Brett Helquist",1
b1756,M.C. Escher: The Graphic Work,book,"M.C. Escher, Bruce Brooks Pfeiffer",1
b4284,Selected Stories,book,"Anton Chekhov, Richard Pevear, Larissa Volokhonsky",1
b7039,The Brothers Lionheart,book,"Astrid Lindgren, Ilon Wikland, Jill M. Morgan",1
b8591,"Emily Climbs (Emily, #2)",book,L.M. Montgomery,1
b7603,"All Tomorrow's Parties (Bridge, #3)",book,William Gibson,1
b4927,"Red: The Heroic Rescue (The Circle, #2)",book,Ted Dekker,1
b2270,"Forever in Blue: The Fourth Summer of the Sisterhood (Sisterhood, #4)",book,Ann Brashares,1
b7227,Darkness Visible: A Memoir of Madness,book,William Styron,1
b6268,"Beautiful Broken Rules (Broken, #1)",book,Kimberly Lauren,1
b5020,"A Year Down Yonder (A Long Way from Chicago, #2)",book,Richard Peck,1
b4978,Infinity Welcomes Careful Drivers (Red Dwarf #1),book,Grant Naylor,1
b5693,Stuff White People Like: A Definitive Guide to the Unique Taste of Millions,book,Christian Lander,1
b8598,If Chins Could Kill: Confessions of a B-Movie Actor,book,Bruce Campbell,1
b6170,Paddle Your Own Canoe: One Man's Fundamentals for Delicious Living,book,Nick Offerman,1
b9377,"No Place to Run (KGI, #2)",book,Maya Banks,1
b3343,"Someday, Someday, Maybe",book,Lauren Graham,1
b9358,Dream Man,book,Linda Howard,1
b1714,The Kitchen God's Wife,book,Amy Tan,1
b4569,"Hardwired (Hacker, #1)",book,Meredith Wild,1
b7538,"Carry on, Jeeves (Jeeves, #3)",book,P.G. Wodehouse,1
b6161,The Weight of Blood,book,Laura McHugh,1
b8646,"Spying in High Heels (High Heels, #1)",book,Gemma Halliday,1
b7231,Self-Reliance and Other Essays,book,Ralph Waldo Emerson,1
b4387,From the Corner of His Eye,book,Dean Koontz,1
b7521,Crisis on Infinite Earths,book,"Marv Wolfman, George Pérez",1
b5403,"The Coffin Club (Vampire Kisses, #5)",book,Ellen Schreiber,1
b4700,"Still Life With Crows (Pendergast, #4)",book,"Douglas Preston, Lincoln Child",1
b6715,A Stranger Is Watching,book,Mary Higgins Clark,1
b798,"One Fish, Two Fish, Red Fish, Blue Fish",book,Dr. Seuss,1
b3385,Too Big to Fail: The Inside Story of How Wall Street and Washington Fought to Save the Financial System from Crisis — and Themselves,book,Andrew Ross Sorkin,1
b6274,Savage Inequalities: Children in America's Schools,book,Jonathan Kozol,1
b8584,"Kiss of Frost (Mythos Academy, #2)",book,Jennifer Estep,1
b8647,"The Lady in the Lake (Philip Marlowe, #4)",book,Raymond Chandler,1
b2399,"Naked Empire (Sword of Truth, #8)",book,Terry Goodkind,1
b4548,"The Mark (Left Behind, #8)",book,"Tim LaHaye, Jerry B. Jenkins",1
b578,Christine,book,"Stephen King, Marie Milpois",1
b6660,"Shelter (Mickey Bolitar, #1)",book,Harlan Coben,1
b6983,"Forever Mine (The Moreno Brothers, #1)",book,Elizabeth Reyes,1
b5833,Never Cry Wolf,book,Farley Mowat,1
b6085,"Aftermath (Star Wars: Aftermath, #1)",book,Chuck Wendig,1
b7241,Full House (Full #1),book,"Janet Evanovich, Charlotte Hughes",1
b8174,Washington's Crossing,book,David Hackett Fischer,1
b8164,"Endless Knight (The Arcana Chronicles, #2)",book,Kresley Cole,1
b1462,The Orphan Master's Son,book,Adam Johnson,1
b9528,"Obsession in Death (In Death, #40)",book,J.D. Robb,1
b6929,Terms of Enlistment (Frontlines #1),book,Marko Kloos,1
b7536,"Dark Fire (Dark, #6)",book,Christine Feehan,1
b4979,Coyote Blue,book,Christopher Moore,1
b1375,Me and Earl and the Dying Girl,book,Jesse Andrews,1
b6866,I Remember Nothing: and Other Reflections,book,Nora Ephron,1
b8571,Essentials of Classic Italian Cooking,book,"Marcella Hazan, Karin Kretschmann",1
b7982,Hidden Riches,book,Nora Roberts,1
b5424,The Fifth Discipline: The Art & Practice of The Learning Organization,book,Peter M. Senge,1
b4593,"Rising Storm (Warriors, #4)",book,Erin Hunter,1
b3831,A Man Named Dave (Dave Pelzer #3),book,Dave Pelzer,1
b6176,"Find You in the Dark (Find You in the Dark, #1)",book,A. Meredith Walters,1
b7190,What I Thought Was True,book,Huntley Fitzpatrick,1
b8190,Red Riding Hood,book,"Sarah Blakley-Cartwright, David Leslie Johnson, Catherine Hardwicke",1
b5875,"The Bitter Kingdom (Fire and Thorns, #3)",book,Rae Carson,1
b4673,"The Scarecrow (Jack McEvoy, #2)",book,Michael Connelly,1
b3077,The Rime of the Ancient Mariner,book,"Samuel Taylor Coleridge, Gustave Doré",1
b5009,Oblomov,book,"Ivan Goncharov, Stephen Pearl, Galya Diment",1
b7848,The Secret River,book,Kate Grenville,1
b8388,"Elven Star (The Death Gate Cycle, #2)",book,"Margaret Weis, Tracy Hickman",1
b8316,"The Inimitable Jeeves (Jeeves, #2)",book,P.G. Wodehouse,1
b8944,Pastwatch: The Redemption of Christopher Columbus,book,Orson Scott Card,1
b9007,"Intertwined (Intertwined, #1)",book,Gena Showalter,1
b9550,When Will Jesus Bring the Pork Chops?,book,George Carlin,1
b3085,Narcissus and Goldmund,book,"Hermann Hesse, Ursule Molinaro",1
b6004,"Providence (Providence, #1)",book,Jamie McGuire,1
b2908,The Beginning of Everything,book,Robyn Schneider,1
b6898,The Happy Prince,book,Oscar Wilde,1
b6001,"Rock the Heart (Black Falcon, #1)",book,Michelle A. Valentine,1
b4280,"White: The Great Pursuit (The Circle, #3)",book,Ted Dekker,1
b3636,"Eragon, Eldest & Brisingr (Inheritance, #1-3)",book,Christopher Paolini,1
b4553,"The Diamond Throne (The Elenium, #1)",book,David Eddings,1
b5200,"Bad Girls Don't Die (Bad Girls Don't Die, #1)",book,Katie Alender,1
b8867,There are No Children Here: The Story of Two Boys Growing Up in the Other America,book,Alex Kotlowitz,1
b6351,Holy Cow: An Indian Adventure,book,Sarah Macdonald,1
b3310,Camera Lucida: Reflections on Photography,book,"Roland Barthes, Richard Howard",1
b9950,"Ride Steady (Chaos, #3)",book,Kristen Ashley,1
b3131,The Collector,book,John Fowles,1
b6711,"Epilogue (The Dark Duet, #3)",book,C.J. Roberts,1
b8752,Miles: The Autobiography,book,"Miles Davis, Quincy Troupe",1
b8241,"Once Upon a Crime (The Sisters Grimm, #4)",book,"Michael Buckley, Peter Ferguson",1
b4862,The Missing Piece,book,Shel Silverstein,1
b3667,Killing Jesus: A History,book,"Bill O'Reilly, Martin Dugard",1
b6231,Killing Patton: The Strange Death of World War II's Most Audacious General,book,"Bill O'Reilly, Martin Dugard",1
b7061,"Beautiful Bombshell (Beautiful Bastard, #2.5)",book,Christina Lauren,1
b3531,"Love Comes Softly (Love Comes Softly, #1)",book,Janette Oke,1
b1703,"South of the Border, West of the Sun",book,"Haruki Murakami, Philip Gabriel",1
b5139,"Wicked Business (Lizzy & Diesel, #2)",book,Janet Evanovich,1
b6065,Why Evolution Is True,book,Jerry A. Coyne,1
b7894,The America's Test Kitchen Family Cookbook,book,"America's Test Kitchen, Carl Tremblay, Daniel J. Van Ackere",1
b1542,"Losing It (Losing It, #1)",book,Cora Carmack,1
b1154,Moneyball: The Art of Winning an Unfair Game,book,Michael   Lewis,1
b9867,Copper Sun,book,Sharon M. Draper,1
b6750,Eating the Dinosaur,book,Chuck Klosterman,1
b8729,"Dragon Prince (Dragon Prince, #1)",book,Melanie Rawn,1
b7339,A Homemade Life: Stories and Recipes from My Kitchen Table,book,Molly Wizenberg,1
b3026,Strengths Finder 2.0,book,Tom Rath,1
b5821,"Rock with Me (With Me in Seattle, #4)",book,Kristen Proby,1
b667,Along for the Ride,book,Sarah Dessen,1
b3283,"The Carrie Diaries (The Carrie Diaries, #1)",book,Candace Bushnell,1
b5338,"This World We Live In (Last Survivors, #3)",book,Susan Beth Pfeffer,1
b4137,A Wolf at the Table,book,Augusten Burroughs,1
b9926,"Hidden (Firelight, #3)",book,Sophie Jordan,1
b4625,"Twenty-Eight and a Half Wishes (Rose Gardner Mystery, #1)",book,Denise Grover Swank,1
b926,Luckiest Girl Alive,book,Jessica Knoll,1
b1383,Sideways Stories from Wayside School (Wayside School #1),book,"Louis Sachar, Adam McCauley",1
b4759,Falling Leaves: The Memoir of an Unwanted Chinese Daughter,book,Adeline Yen Mah,1
b6523,"The Neon Rain (Dave Robicheaux, #1)",book,James Lee Burke,1
b2974,"Angel (Maximum Ride, #7)",book,James Patterson,1
b1021,"Animal, Vegetable, Miracle: A Year of Food Life",book,"Barbara Kingsolver, Steven L. Hopp, Camille Kingsolver, Richard A. Houser",1
b6479,You Will Know Me,book,Megan Abbott,1
b6273,In Our Time,book,Ernest Hemingway,1
b3045,Finding Audrey,book,Sophie Kinsella,1
b3594,The Return of Sherlock Holmes,book,Arthur Conan Doyle,1
b4141,The Book of Tomorrow,book,Cecelia Ahern,1
b6174,Drop Shot (Myron Bolitar #2),book,Harlan Coben,1
b3291,"Stone of Farewell (Memory, Sorrow, and Thorn, #2)",book,Tad Williams,1
b4484,"Avatar: The Last Airbender (The Promise, #1)",book,"Gene Luen Yang, Bryan Konietzko, Michael Dante DiMartino, Gurihiru",1
b6341,"Asterix the Gaul (Asterix, #1)",book,"René Goscinny, Albert Uderzo, Anthea Bell, Derek Hockridge",1
b5689,"Until I Die (Revenants, #2)",book,Amy Plum,1
b5122,Fear and Loathing on the Campaign Trail '72,book,Hunter S. Thompson,1
b7270,The Death of Superman,book,"Dan Jurgens, Jerry Ordway, Louise Simonson, Roger Stern, Jon Bogdanove, Tom Grummett, Jackson Butch Guice, Brett Breeding, Rick Burchett, Doug Hazlewood, Dennis Janke, Denis Rodier",1
b3500,"Streams of Silver (Forgotten Realms: Icewind Dale, #2; Legend of Drizzt, #5)",book,R.A. Salvatore,1
b6829,The Idiot Girls' Action-Adventure Club: True Tales from a Magnificent and Clumsy Life,book,Laurie Notaro,1
b1092,Sycamore Row,book,John Grisham,1
b2374,Angle of Repose,book,Wallace Stegner,1
b3947,"The Mysterious Benedict Society and the Perilous Journey (The Mysterious Benedict Society, #2)",book,"Trenton Lee Stewart, Diana Sudyka",1
b3590,The Tin Drum,book,Günter Grass,1
b7529,The Garden of Evening Mists,book,Tan Twan Eng,1
b3354,"The Lady of the Rivers (The Plantagenet and Tudor Novels, #1)",book,Philippa Gregory,1
b5043,"Cockroaches (Harry Hole, #2)",book,"Jo Nesbø, Don Bartlett",1
b8116,"Queen Song (Red Queen, #0.1)",book,Victoria Aveyard,1
b4764,"Beauty from Surrender (Beauty, #2)",book,Georgia Cates,1
b7663,"Lockdown (Escape from Furnace, #1)",book,Alexander Gordon Smith,1
b6241,M Train,book,Patti Smith,1
b331,The Pact,book,Jodi Picoult,1
b9313,More Than Human,book,Theodore Sturgeon,1
b3771,"The Black Company (The Chronicles of the Black Company, #1)",book,Glen Cook,1
b9749,Hunters of Dune (Dune Chronicles #7),book,"Brian Herbert, Kevin J. Anderson",1
b963,The Partner,book,John Grisham,1
b7903,"It Ain't Me, Babe (Hades Hangmen, #1)",book,Tillie Cole,1
b7263,"The Past Through Tomorrow (Future History, #1-21)",book,"Robert A. Heinlein, Damon Knight",1
b7306,"Say Cheese and Die! (Goosebumps, #4)",book,R.L. Stine,1
b9163,MWF Seeking BFF: My Yearlong Search For A New Best Friend,book,Rachel Bertsche,1
b122,"Wicked: The Life and Times of the Wicked Witch of the West (The Wicked Years, #1)",book,"Gregory Maguire, Douglas Smith",1
b3223,"London Bridges (Alex Cross, #10)",book,James Patterson,1
b9000,Pretend You Don't See Her,book,Mary Higgins Clark,1
b5312,"Hellboy, Vol. 3: The Chained Coffin and Others (Hellboy, #3)",book,Mike Mignola,1
b4419,"My Father's Dragon (My Father's Dragon, #1)",book,Ruth Stiles Gannett,1
b4073,"Complete Me (Stark Trilogy, #3)",book,J. Kenner,1
b6629,Twelve Angry Men,book,"Reginald Rose, David Mamet",1
b1045,"Four: A Divergent Story Collection (Divergent, #0.1 - 0.4)",book,Veronica Roth,1
b4514,"Vampire Mountain (Cirque Du Freak, #4)",book,Darren Shan,1
b6343,"The Forever of Ella and Micha (The Secret, #2)",book,Jessica Sorensen,1
b8531,"The Renegades of Pern (Pern, #10)",book,Anne McCaffrey,1
b4327,The Last Sin Eater,book,Francine Rivers,1
b4249,A Place Called Here,book,Cecelia Ahern,1
b9761,How Green Was My Valley,book,Richard Llewellyn,1
b4699,The Wisdom of Crowds,book,James Surowiecki,1
b4322,One Fifth Avenue,book,"Candace Bushnell, Donna Murphy",1
b3329,The Heart Goes Last,book,Margaret Atwood,1
b3507,"The Gods of Guilt (Mickey Haller, #6; Harry Bosch Universe, #23)",book,Michael Connelly,1
b570,High Fidelity,book,Nick Hornby,1
b6165,"Spook Country (Blue Ant, #2)",book,William Gibson,1
b8703,"Random Family: Love, Drugs, Trouble, and Coming of Age in the Bronx",book,Adrian Nicole LeBlanc,1
b8253,Tintin in the Land of the Soviets (Tintin #1),book,"Hergé, Leslie Lonsdale-Cooper, Michael Turner",1
b2391,"One False Note (The 39 Clues, #2)",book,Gordon Korman,1
b9939,Where Good Ideas Come From: The Natural History of Innovation,book,Steven Johnson,1
b4482,The Scarlet Thread ,book,Francine Rivers,1
b9146,"Dark Days (Skulduggery Pleasant, #4)",book,Derek Landy,1
b8484,"Pearls of Lutra (Redwall, #9)",book,Brian Jacques,1
b3487,When It Happens,book,Susane Colasanti,1
b6103,"Forever Black (Forever, #1)",book,Sandi Lynn,1
b9276,The North Water,book,Ian McGuire,1
b4741,"Leave Me Breathless (Ross Siblings, #3)",book,Cherrie Lynn,1
b8037,The Misanthrope,book,Molière,1
b8051,Strength in What Remains: A Journey of Remembrance and Forgiveness,book,Tracy Kidder,1
b6056,"Bloody Valentine (Blue Bloods, #5.5)",book,Melissa de la Cruz,1
b6305,The Silver Palate Cookbook,book,"Julee Rosso, Sheila Lukins, Michael McLaughlin",1
b6348,All I Really Need to Know I Learned in Kindergarten,book,Robert Fulghum,1
b4312,"Eyes Wide Open (The Blackstone Affair, #3)",book,Raine Miller,1
b2963,What's So Amazing About Grace?,book,Philip Yancey,1
b6788,An Occurrence at Owl Creek Bridge,book,Ambrose Bierce,1
b5789,The Farseer Trilogy (Farseer Trilogy #1-3),book,Robin Hobb,1
b9182,Justice: What's the Right Thing to Do?,book,Michael J. Sandel,1
b6060,Sway: The Irresistible Pull of Irrational Behavior,book,"Ori Brafman, Rom Brafman",1
b7729,"Left Drowning (Left Drowning, #1)",book,Jessica Park,1
b8872,"Mercy (Buchanan-Renard, #2)",book,Julie Garwood,1
b8892,Wait for It,book,Mariana Zapata,1
b728,"Brown Bear, Brown Bear, What Do You See?",book,"Bill Martin Jr., Eric Carle",1
b4773,"A Dangerous Path (Warriors, #5)",book,Erin Hunter,1
b1115,A Stolen Life,book,Jaycee Dugard,1
b7225,"Queen of Fire (Raven's Shadow, #3)",book,Anthony  Ryan,1
b2797,History of Beauty,book,"Umberto Eco, Girolamo De Michele, Alastair McEwen",1
b9035,"Wrong Bed, Right Guy (Come Undone, #1)",book,Katee Robert,1
b1805,"Night World, No. 3 (Night World, #7-9)",book,L.J. Smith,1
b5658,All Things Wise and Wonderful,book,James Herriot,1
b9560,"Relentless (The Lost Fleet, #5)",book,Jack Campbell,1
b9779,Iron Man: Extremis,book,"Warren Ellis, Adi Granov",1
b3129,Switch: How to Change Things When Change Is Hard,book,"Chip Heath, Dan Heath",1
b2890,"The Coffin Dancer (Lincoln Rhyme, #2)",book,Jeffery Deaver,1
b5030,"Desecration (Left Behind, #9)",book,"Tim LaHaye, Jerry B. Jenkins",1
b5343,The Terminal Man,book,Michael Crichton,1
b1001,The Dinner,book,"Herman Koch, Sam Garrett",1
b2508,Sula,book,Toni Morrison,1
b3741,"Love You More (Tessa Leoni, #1; Detective D.D. Warren, #5)",book,Lisa Gardner,1
b7702,"The Law of Moses (The Law of Moses, #1)",book,Amy Harmon,1
b6918,"Invincible (Chronicles of Nick, #2)",book,Sherrilyn Kenyon,1
b7398,Relativity: The Special and the General Theory,book,"Albert Einstein, Nigel Calder, Robert W. Lawson",1
b5427,Straight Talking,book,Jane Green,1
b3803,The Good Guy,book,Dean Koontz,1
b5049,"Dragondrums (Harper Hall, #3)",book,Anne McCaffrey,1
b6700,"Rush Too Far (Rosemary Beach, #4; Too Far, #4)",book,Abbi Glines,1
b6239,"Royal Blood (Vampire Kisses, #6)",book,Ellen Schreiber,1
b8594,"Shadows in Flight (Ender's Shadow, #5)",book,Orson Scott Card,1
b4864,"Freedom™ (Daemon, #2)",book,Daniel Suarez,1
b6363,"In the Plex: How Google Thinks, Works, and Shapes Our Lives",book,Steven Levy,1
b8749,"A Beautiful Dark (A Beautiful Dark, #1)",book,Jocelyn Davies,1
b7517,Six Easy Pieces: Essentials of Physics By Its Most Brilliant Teacher,book,Richard Feynman,1
b8476,"My Soul to Save (Soul Screamers, #2)",book,Rachel Vincent,1
b1116,"The Immortals of Meluha (Shiva Trilogy, #1)",book,Amish Tripathi,1
b2920,"Transfer of Power (Mitch Rapp, #3)",book,Vince Flynn,1
b2579,SantaLand Diaries,book,David Sedaris,1
b4345,"Princess in Waiting (The Princess Diaries, #4)",book,Meg Cabot,1
b5774,Inés of My Soul,book,"Isabel Allende, Margaret Sayers Peden",1
b6897,"Wrong (Wrong, #1)",book,Jana Aston,1
b7250,"Kiss the Dead (Anita Blake, Vampire Hunter #21)",book,Laurell K. Hamilton,1
b9499,Pushing Ice,book,Alastair Reynolds,1
b2698,Invisible Cities,book,"Italo Calvino, William Weaver",1
b8417,"The Accidental Billionaires: The Founding of Facebook, a Tale of Sex, Money, Genius and Betrayal",book,Ben Mezrich,1
b893,"Fullmetal Alchemist, Vol. 1 (Fullmetal Alchemist, #1)",book,"Hiromu Arakawa, Akira Watanabe",1
b8233,The Book of Disquiet,book,"Fernando Pessoa, Richard Zenith",1
b7870,"Fighting for Flight (Fighting, #1)",book,J.B. Salsbury,1
b2329,Getting to Yes: Negotiating an Agreement Without Giving In,book,"Roger Fisher, William Ury, Bruce Patton",1
b916,Reading Lolita in Tehran,book,Azar Nafisi,1
b9083,Songbook,book,Nick Hornby,1
b7967,What Every Body is Saying: An Ex-FBI Agent's Guide to Speed-Reading People,book,"Joe Navarro, Marvin Karlins",1
b9844,"Life Before Legend: Stories of the Criminal and the Prodigy (Legend, #0.5)",book,Marie Lu,1
b1305,"The Boxcar Children (The Boxcar Children, #1)",book,"Gertrude Chandler Warner, L. Kate Deal",1
b124,Room,book,Emma Donoghue,1
b5955,Better Than Before: Mastering the Habits of Our Everyday Lives,book,Gretchen Rubin,1
b4247,"Phantom (Harry Hole, #9)",book,"Jo Nesbø, Don Bartlett",1
b8502,"The Rising (Darkness Rising, #3)",book,Kelley Armstrong,1
b9873,"The Last Council (Amulet, #4)",book,Kazu Kibuishi,1
b5240,"The Redeemer (Harry Hole, #6)",book,Jo Nesbø,1
b8001,"Monster in His Eyes (Monster in His Eyes, #1)",book,J.M. Darhower,1
b2876,I Was Here,book,Gayle Forman,1
b8952,"Take This Regret (Take This Regret, #1)",book,"Amy Lichtenhan, A.L. Jackson",1
b6484,"The Masterharper of Pern (Pern, #15)",book,Anne McCaffrey,1
b2440,The Satanic Verses,book,Salman Rushdie,1
b3576,"Out of Breath (Breathing, #3)",book,Rebecca Donovan,1
b2768,"Personal (Jack Reacher, #19)",book,Lee Child,1
b1028,Truly Madly Guilty,book,Liane Moriarty,1
b6769,S.,book,"J.J. Abrams, Doug Dorst",1
b2972,"My Favorite Mistake (My Favorite Mistake, #1)",book,Chelsea M. Cameron,1
b8524,Seven Years in Tibet,book,Heinrich Harrer,1
b4431,The Guy Not Taken: Stories,book,Jennifer Weiner,1
b1124,Lullaby,book,Chuck Palahniuk,1
b8570,Eugénie Grandet,book,"Honoré de Balzac, Sylvia Raphael, Christopher Prendergast",1
b6062,Waking Up: A Guide to Spirituality Without Religion,book,Sam Harris,1
b5946,"The Quillan Games (Pendragon, #7)",book,D.J. MacHale,1
b5739,The Great Train Robbery,book,Michael Crichton,1
b422,"Harry Potter Boxset (Harry Potter, #1-7)",book,J.K. Rowling,1
b8494,"Into the Deep (Into the Deep, #1)",book,Samantha Young,1
b9164,"Skin Deep (Legion, #2)",book,"Brandon Sanderson, Jon Foster",1
b492,"Speaker for the Dead (Ender's Saga, #2)",book,Orson Scott Card,1
b7716,A Civil Action,book,Jonathan Harr,1
b3524,"Lost in a Good Book (Thursday Next, #2)",book,Jasper Fforde,1
b680,Think and Grow Rich: The Landmark Bestseller - Now Revised and Updated for the 21st Century,book,Napoleon Hill,1
b4627,"The Book of the Dead (Pendergast, #7; Diogenes, #3)",book,"Douglas Preston, Lincoln Child",1
b8996,Dispatches,book,Michael Herr,1
b6132,Motor Mouth (Alex Barnaby #2),book,Janet Evanovich,1
b7936,Scoring Wilder,book,R.S. Grey,1
b1301,The Broker,book,John Grisham,1
b7868,The Firm,book,John Grisham,1
b1657,Infinite Jest,book,David Foster Wallace,1
b8293,"Sincerely, Carter (Sincerely Carter, #1)",book,Whitney G.,1
b6704,Stone Butch Blues,book,Leslie Feinberg,1
b6943,"16 Lighthouse Road (Cedar Cove, #1)",book,Debbie Macomber,1
b7077,The Bloodletter's Daughter: A Novel of Old Bohemia,book,Linda Lafferty,1
b5063,"Up to Me (The Bad Boys, #2)",book,M. Leighton,1
b7628,Onward: How Starbucks Fought for Its Life without Losing Its Soul,book,"Howard Schultz, Joanne Gordon",1
b4015,Heart of a Dog,book,"Mikhail Bulgakov, Mirra Ginsburg, Mikhail Bulgakov",1
b2415,"Bunnicula (Bunnicula, #1)",book,"James Howe, Deborah Howe, Alan Daniel",1
b9634,"Annabel (Delirium, #0.5)",book,Lauren Oliver,1
b4092,"Sloppy Firsts (Jessica Darling, #1)",book,Megan McCafferty,1
b6603,"Why Nations Fail: The Origins of Power, Prosperity, and Poverty",book,"Daron Acemoğlu, James A. Robinson",1
b5302,"The Preacher (Patrik Hedström, #2)",book,"Camilla Läckberg, Steven T. Murray",1
b8757,The Complete Works of H.P. Lovecraft,book,H.P. Lovecraft,1
b4076,"Fragile Eternity (Wicked Lovely, #3)",book,Melissa Marr,1
b4735,"Nigella Express: Good Food, Fast",book,Nigella Lawson,1
b8339,"Monster Hunter Vendetta (Monster Hunter International, #2)",book,Larry Correia,1
b7510,"One More Chance (Rosemary Beach, #8; Chance, #2)",book,Abbi Glines,1
b8089,"Until Trevor (Until, #2)",book,Aurora Rose Reynolds,1
b5227,Magician: Apprentice  (Raymond E. Feist's Magician: Apprentice #1),book,"Raymond E. Feist, Michael Avon Oeming, Bryan J.L. Glass, Ryan Stegman",1
b8463,Food Matters: A Guide to Conscious Eating with More Than 75 Recipes,book,Mark Bittman,1
b9549,Gargantua and Pantagruel,book,"François Rabelais, M.A. Screech",1
b5933,The Housekeeper and the Professor,book,"Yōko Ogawa, Stephen Snyder",1
b7136,"Carter Reed (Carter Reed, #1)",book,Tijan,1
b2863,"The Kill Artist (Gabriel Allon, #1)",book,Daniel Silva,1
b5900,"Dumplin' (Dumplin', #1)",book,Julie   Murphy,1
b7979,Born to Run,book,Bruce Springsteen,1
b1495,PostSecret: Extraordinary Confessions from Ordinary Lives (PostSecret),book,Frank Warren,1
b3734,The Diary of Frida Kahlo: An Intimate Self-Portrait,book,"Frida Kahlo, Carlos Fuentes, Sarah M. Lowe",1
b4942,Wise Blood,book,Flannery O'Connor,1
b4795,Night Chills,book,Dean Koontz,1
b2144,Papillon,book,Henri Charrière,1
b4048,"11th Hour (Women's Murder Club, #11)",book,"James Patterson, Maxine Paetro",1
b3775,"A Game of Thrones / A Clash of Kings (A Song of Ice and Fire, #1-2)",book,George R.R. Martin,1
b5510,The Far Side Gallery,book,Gary Larson,1
b8081,Way Station,book,Clifford D. Simak,1
b3560,The Plot Against America,book,Philip Roth,1
b9284,"Sweet Persuasion (Sweet, #2)",book,Maya Banks,1
b1564,Disclosure,book,Michael Crichton,1
b6502,"The Sword in the Stone (The Once and Future King, #1)",book,T.H. White,1
b7047,The Servants of Twilight,book,"Leigh Nichols, Dean Koontz",1
b9226,I Am Livia,book,Phyllis T. Smith,1
b4665,"The Pilgrims of Rayne (Pendragon, #8)",book,D.J. MacHale,1
b4294,"Hour Game (Sean King & Michelle Maxwell, #2)",book,David Baldacci,1
b7085,"Futures and Frosting (Chocolate Lovers, #2)",book,Tara Sivec,1
b8114,The Woman in the Dunes,book,"Kōbō Abe, E. Dale Saunders",1
b9778,Captain Blood,book,Rafael Sabatini,1
b8187,The Last Question,book,"Isaac Asimov, Bob E. Flick, Jim Gallant",1
b4713,Sole Survivor,book,Dean Koontz,1
b9020,"Mr. Churchill's Secretary (Maggie Hope Mystery, #1)",book,Susan Elia MacNeal,1
b3888,North of Beautiful,book,Justina Chen,1
b4051,The American Heiress,book,Daisy Goodwin,1
b7467,The Girl Before,book,J.P. Delaney,1
b2775,A Constellation of Vital Phenomena,book,Anthony Marra,1
b7669,The Way of Zen,book,Alan W. Watts,1
b2855,#GIRLBOSS,book,Sophia Amoruso,1
b3896,Living History,book,Hillary Rodham Clinton,1
b3342,The Myth of Sisyphus and Other Essays,book,"Albert Camus, Justin O'Brien",1
b1391,"Inkspell (Inkworld, #2)",book,"Cornelia Funke, Anthea Bell",1
b1312,White Noise,book,Don DeLillo,1
b3557,"Good Night, Mr. Tom",book,Michelle Magorian,1
b2845,"Plague (Gone, #4)",book,Michael  Grant,1
b8002,Where Are You Now?,book,Mary Higgins Clark,1
b5593,Always Looking Up: The Adventures of an Incurable Optimist,book,Michael J. Fox,1
b9946,From Beirut to Jerusalem,book,Thomas L. Friedman,1
b9817,Vampires are Forever (Argeneau #8),book,Lynsay Sands,1
b5052,Mila 18,book,Leon Uris,1
b7264,"Master of the Senate (The Years of Lyndon Johnson, #3)",book,Robert A. Caro,1
b6599,"Grain Brain: The Surprising Truth about Wheat, Carbs,  and Sugar--Your Brain's Silent Killers",book,"David  Perlmutter, Kristin Loberg",1
b1037,The Street Lawyer,book,John Grisham,1
b8747,The Creative Habit: Learn It and Use It for Life,book,Twyla Tharp,1
b7044,The Ship of Brides,book,Jojo Moyes,1
b3561,The Tender Bar,book,J.R. Moehringer,1
b5809,Che Guevara: A Revolutionary Life,book,Jon Lee Anderson,1
b4678,"Seize the Night (Moonlight Bay, #2)",book,"Dean Koontz, Keith Szarabajka",1
b4703,"Fever Dream (Pendergast, #10)",book,"Douglas Preston, Lincoln Child",1
b4379,"Black Order (Sigma Force, #3)",book,James Rollins,1
b8025,The Wretched of the Earth,book,"Frantz Fanon, Jean-Paul Sartre, Richard Philcox, Homi K. Bhabha",1
b8287,"Magic and Other Misdemeanors (The Sisters Grimm, #5)",book,"Michael Buckley, Peter Ferguson",1
b1915,"Dance Dance Dance (The Rat, #4)",book,Haruki Murakami,1
b1817,"Sahara (Dirk Pitt, #11)",book,Clive Cussler,1
b7308,Jinx,book,Meg Cabot,1
b5409,The Book of Speculation,book,Erika Swyler,1
b7237,Influx,book,Daniel Suarez,1
b7404,The Meaning of Marriage: Facing the Complexities of Commitment with the Wisdom of God,book,"Timothy J. Keller, Kathy  Keller",1
b9064,Rosemary: The Hidden Kennedy Daughter,book,Kate Clifford Larson,1
b7557,"Yes, Chef",book,Marcus Samuelsson,1
b9495,5 Very Good Reasons to Punch a Dolphin in the Mouth and Other Useful Guides,book,Matthew Inman,1
b2667,One Thousand Gifts: A Dare to Live Fully Right Where You Are,book,Ann Voskamp,1
b3602,Oz: The Wonderful Wizard of Oz,book,"Eric Shanower, Skottie Young, L. Frank Baum",1
b4136,Rachael Ray 365: No Repeats: A Year of Deliciously Different Dinners,book,Rachael Ray,1
b8830,A Cry In The Night,book,Mary Higgins Clark,1
b8792,The House of the Dead,book,"Fyodor Dostoyevsky, Ergin Altay",1
b8102,"Brotherhood in Death (In Death, #42)",book,J.D. Robb,1
b3031,"Everlasting (The Immortals, #6)",book,Alyson Noel,1
b3373,The Twelve Tribes of Hattie,book,Ayana Mathis,1
b4981,Orthodoxy,book,G.K. Chesterton,1
b5023,My Name Is Memory,book,Ann Brashares,1
b9294,The Auschwitz Escape,book,Joel C. Rosenberg,1
b3181,Art Through the Ages ,book,"Helen Gardner, Fred S. Kleiner, Christin J. Mamiya",1
b8566,The Plum Tree,book,Ellen Marie Wiseman,1
b5336,The First American: The Life and Times of Benjamin Franklin,book,H.W. Brands,1
b1245,The Brethren,book,John Grisham,1
b4836,The Know-It-All: One Man's Humble Quest to Become the Smartest Person in the World,book,A.J. Jacobs,1
b4521,"Batman: Knightfall, Vol. 1: Broken Bat",book,"Doug Moench, Chuck Dixon, Jim Aparo, Norm Breyfogle, Graham Nolan, Jim Balent",1
b8685,Behind Her Eyes,book,Sarah Pinborough,1
b8330,You Against Me,book,Jenny Downham,1
b5018,"Theodore Boone: Kid Lawyer (Theodore Boone, #1)",book,"John Grisham, Richard Thomas",1
b9888,The Last Boleyn,book,Karen Harper,1
b5281,"Ninth Grade Slays (The Chronicles of Vladimir Tod, #2)",book,Heather Brewer,1
b8942,Something like Normal,book,Trish Doller,1
b8044,Holding Up the Universe,book,Jennifer Niven,1
b8229,Killing Pablo: The Hunt for the World's Greatest Outlaw,book,Mark Bowden,1
b5705,Jackdaws,book,Ken Follett,1
b5356,"The Uplift War (The Uplift Saga, #3)",book,David Brin,1
b5887,Shut Out,book,Kody Keplinger,1
b1687,The Great Dune Trilogy  ,book,Frank Herbert,1
b2319,"Don't Judge a Girl by Her Cover (Gallagher Girls, #3)",book,Ally Carter,1
b867,The History of Love,book,Nicole Krauss,1
b2233,Possible Side Effects,book,Augusten Burroughs,1
b9500,"Heaven (Halo, #3)",book,Alexandra Adornetto,1
b4098,The Next Best Thing,book,Jennifer Weiner,1
b979,Leaving Time,book,Jodi Picoult,1
b4350,"A Thousand Pieces of You (Firebird, #1)",book,Claudia Gray,1
b5486,"Dark of the Moon (Virgil Flowers, #1)",book,John Sandford,1
b1992,The Magic of Thinking Big,book,David J. Schwartz,1
b7747,"The Two Swords (Forgotten Realms: Hunter's Blades, #3; Legend of Drizzt, #16)",book,R.A. Salvatore,1
b8419,"Dark Legend (Dark, #8)",book,Christine Feehan,1
b6919,Napalm & Silly Putty,book,George Carlin,1
b7552,"The Dirty Life: On Farming, Food, and Love",book,Kristin Kimball,1
b5035,Shadow Divers,book,Robert Kurson,1
b5337,"Dance of Death (Pendergast, #6; Diogenes, #2)",book,"Douglas Preston, Lincoln Child",1
b2638,Love and Respect: The Love She Most Desires; The Respect He Desperately Needs,book,Emerson Eggerichs,1
b5008,Codependent No More: How to Stop Controlling Others and Start Caring for Yourself,book,Melody Beattie,1
b4955,"The Illearth War (The Chronicles of Thomas Covenant the Unbeliever, #2)",book,Stephen R. Donaldson,1
b8569,"Styxx (Dark-Hunter, #22)",book,Sherrilyn Kenyon,1
b9508,The Shadowy Horses,book,Susanna Kearsley,1
b7207,I Suck at Girls,book,Justin Halpern,1
b3236,The All-Girl Filling Station's Last Reunion,book,Fannie Flagg,1
b4882,"The Wolf Gift (The Wolf Gift Chronicles, #1)",book,Anne Rice,1
b2227,Stolen: A Letter to My Captor,book,Lucy Christopher,1
b4124,Life Expectancy,book,Dean Koontz,1
b1852,"Glass (Crank, #2)",book,Ellen Hopkins,1
b3813,Alice's Adventures in Wonderland & Other Stories,book,"Lewis Carroll, John Tenniel",1
b5482,Chuck Klosterman IV: A Decade of Curious People and Dangerous Ideas,book,Chuck Klosterman,1
b5644,"Dirty Red (Love Me with Lies, #2)",book,Tarryn Fisher,1
b5228,Developing the Leader Within You,book,John C. Maxwell,1
b4954,"The Fallen Star (Fallen Star, #1)",book,Jessica Sorensen,1
b3641,The Curious Case of Benjamin Button,book,F. Scott Fitzgerald,1
b8313,"The Talent Code: Unlocking the Secret of Skill in Sports, Art, Music, Math, and Just About Everything Else",book,"Daniel Coyle, John Farrell",1
b3198,"The Concrete Blonde (Harry Bosch, #3; Harry Bosch Universe, #3)",book,Michael Connelly,1
b6352,"Last to Die (Rizzoli & Isles, #10)",book,Tess Gerritsen,1
b4436,"Twisted (Pretty Little Liars, #9)",book,Sara Shepard,1
b5364,Mao's Last Dancer,book,Li Cunxin,1
b3893,Shakespeare: The World as Stage,book,Bill Bryson,1
b8462,"Underworld (Abandon, #2)",book,Meg Cabot,1
b7617,"Dragon's Oath (House of Night Novellas, #1)",book,"P.C. Cast, Kristin Cast",1
b7533,"Dark Guardian (Dark, #9)",book,Christine Feehan,1
b4142,"Uncommon Criminals (Heist Society, #2)",book,Ally Carter,1
b5717,The Robe,book,Lloyd C. Douglas,1
b7205,The Places in Between,book,Rory Stewart,1
b9218,"Everbound (Everneath, #2)",book,Brodi Ashton,1
b7730,A Sick Day for Amos McGee,book,"Philip C. Stead, Erin E. Stead",1
b9109,"Sweet Addiction (Sweet Addiction, #1)",book,J.  Daniels,1
b7887,Storm of the Century: An Original Screenplay,book,Stephen King,1
b523,The Things They Carried,book,Tim O'Brien,1
b3466,What She Knew,book,Gilly Macmillan,1
b9883,The Bookman’s Tale,book,Charlie Lovett,1
b5575,Halo: The Fall of Reach,book,Eric S. Nylund,1
b7334,Graffiti Moon,book,Cath Crowley,1
b5243,"The Remnant (Left Behind, #10)",book,"Tim LaHaye, Jerry B. Jenkins",1
b6644,Jesus Land,book,Julia Scheeres,1
b7255,"Surrender Your Love (Surrender Your Love, #1)",book,J.C. Reed,1
b4050,When Things Fall Apart: Heart Advice for Difficult Times,book,Pema Chödrön,1
b6803,"Sometimes It Lasts (Sea Breeze, #5)",book,Abbi Glines,1
b467,The Brief Wondrous Life of Oscar Wao,book,Junot Díaz,1
b8557,"Tales From the Hood (The Sisters Grimm, #6)",book,"Michael Buckley, Peter Ferguson",1
b594,Because of Winn-Dixie,book,"Kate DiCamillo, Chris Sheban",1
b5129,"Hide (Detective D.D. Warren, #2)",book,Lisa Gardner,1
b4287,"Redemption (Redemption, #1)",book,"Karen Kingsbury, Gary Smalley",1
b7802,"Just One Night (Just One Day, #2.5)",book,Gayle Forman,1
b7223,What the Night Knows,book,Dean Koontz,1
b4543,"Red Country (First Law World, #6)",book,Joe Abercrombie,1
b4634,The Glass Bead Game,book,"Hermann Hesse, Richard Winston, Clara Winston, Theodore Ziolkowski",1
b7309,Death in Venice and Other Tales,book,"Thomas Mann, Joachim Neugroschel",1
b4636,Just One Look,book,Harlan Coben,1
b8201,Barefoot in Paris,book,"Ina Garten, Quentin Bacon",1
b1569,The Gift of the Magi,book,"O. Henry, Lisbeth Zwerger",1
b7873,Permission Marketing: Turning Strangers Into Friends And Friends Into Customers,book,Seth Godin,1
b8791,Big Trouble,book,Dave Barry,1
b9621,Day After Night,book,Anita Diamant,1
b5546,"Found in You (Fixed, #2)",book,Laurelin Paige,1
b2740,"Petals on the Wind (Dollanganger, #2)",book,V.C. Andrews,1
b2990,"The Story of Doctor Dolittle (Doctor Dolittle, #1)",book,"Hugh Lofting, Michael Hague",1
b9689,A Death in the Family,book,James Agee,1
b7826,The Moon Is Down,book,John Steinbeck,1
b4916,"Trials of Death (Cirque Du Freak, #5)",book,Darren Shan,1
b9240,Arthur & George,book,Julian Barnes,1
b5026,"Dead and Alive (Dean Koontz's Frankenstein, #3)",book,Dean Koontz,1
b2918,What She Left Behind,book,Ellen Marie Wiseman,1
b1306,The Silent Wife,book,A.S.A. Harrison,1
b1387,"Origins (The Vampire Diaries: Stefan's Diaries, #1)",book,"L.J. Smith, Kevin Williamson, Julie Plec",1
b6248,"Gone (Wake, #3)",book,Lisa McMann,1
b5920,"The Wheel of Darkness (Pendergast, #8)",book,"Douglas Preston, Lincoln Child",1
b6380,"The Thousand Orcs (Forgotten Realms: Hunter's Blades, #1; Legend of Drizzt, #14)",book,R.A. Salvatore,1
b8850,"The High Window (Philip Marlowe, #3)",book,Raymond Chandler,1
b8387,"The White Lioness (Kurt Wallander, #3)",book,"Henning Mankell, Laurie Thompson",1
b9344,Social Intelligence: The New Science of Human Relationships,book,Daniel Goleman,1
b3931,Not a Fan: Becoming a Completely Committed Follower of Jesus,book,Kyle Idleman,1
b5856,"Accordance (Significance, #2)",book,Shelly Crane,1
b3193,Bad Monkey,book,Carl Hiaasen,1
b5296,The Chemist,book,Stephenie Meyer,1
b3480,"Zen Mind, Beginner's Mind: Informal Talks on Zen Meditation and Practice",book,Shunryu Suzuki,1
b9101,"Try Me (One Night with Sole Regret, #1)",book,Olivia Cunning,1
b7458,Women of the Silk,book,Gail Tsukiyama,1
b5140,Escape from Mr. Lemoncello's Library (Mr. Lemoncello's Library #1),book,Chris Grabenstein,1
b8034,All Marketers Are Liars: The Power of Telling Authentic Stories in a Low-Trust World,book,Seth Godin,1
b2339,"Raise High the Roof Beam, Carpenters & Seymour: An Introduction",book,J.D. Salinger,1
b5648,The Samurai's Garden,book,Gail Tsukiyama,1
b4475,Zorba the Greek,book,"Nikos Kazantzakis, Νίκος Καζαντζάκης",1
b4643,A Million Miles in a Thousand Years: What I Learned While Editing My Life,book,Donald Miller,1
b7630,The Long Walk: The True Story of a Trek to Freedom,book,Slavomir Rawicz,1
b7999,"Safe with Me (With Me in Seattle, #5)",book,Kristen Proby,1
b7718,"Dark Challenge (Dark, #5)",book,Christine Feehan,1
b8652,"The Wind Singer (Wind on Fire, #1)",book,"William Nicholson, Peter Sís",1
b9288,The Christmas Train,book,David Baldacci,1
b9399,Homer's Odyssey,book,Gwen Cooper,1
b9607,"Singularity Sky (Eschaton, #1)",book,Charles Stross,1
b7365,The Peripheral,book,William Gibson,1
b8440,The Dead,book,James Joyce,1
b9023,Rhett Butler's People,book,Donald McCaig,1
b108,"Confessions of a Shopaholic (Shopaholic, #1)",book,Sophie Kinsella,1
b8698,The Sound of Gravel,book,Ruth Wariner,1
b3701,"After (After, #1)",book,Anna Todd,1
b8106,"The Invaders (Brotherband Chronicles, #2)",book,John Flanagan,1
b4900,Where They Found Her,book,Kimberly McCreight,1
b234,Speak,book,Laurie Halse Anderson,1
b4122,Once We Were Brothers,book,Ronald H. Balson,1
b1760,"Keys to the Demon Prison (Fablehaven, #5)",book,Brandon Mull,1
b9340,Tell Me Three Things,book,Julie Buxbaum,1
b4617,"The Wrong Side of Goodbye (Harry Bosch, #21; Harry Bosch Universe, #26)",book,Michael Connelly,1
b7551,"The Darkness That Comes Before (The Prince of Nothing, #1)",book,R. Scott Bakker,1
b4682,A Dangerous Fortune,book,Ken Follett,1
b7946,The Beauty Myth,book,Naomi Wolf,1
b1554,"Ptolemy's Gate (Bartimaeus, #3)",book,Jonathan Stroud,1
b3554,"Fueled (Driven, #2)",book,K. Bromberg,1
b7847,"Bad for You (Sea Breeze, #7)",book,Abbi Glines,1
b6933,"Suspect (Scott James & Maggie, #1)",book,Robert Crais,1
b1704,Mother Night,book,Kurt Vonnegut Jr.,1
b9612,The Charterhouse of Parma,book,"Stendhal, Richard Howard, Robert Andrew Parker",1
b6323,Apt Pupil,book,Stephen King,1
b8143,"Sacred (Kenzie & Gennaro, #3)",book,Dennis Lehane,1
b2184,"Pop Goes the Weasel (Alex Cross, #5)",book,James Patterson,1
b1937,"Out of the Silent Planet (Space Trilogy, #1)",book,C.S. Lewis,1
b8499,The Residence: Inside the Private World of the White House,book,Kate Andersen Brower,1
b3331,Desiring God: Meditations of a Christian Hedonist,book,John Piper,1
b2236,Holy Bible: New International Version,book,Anonymous,1
b7586,Texas,book,James A. Michener,1
b3928,When Nietzsche Wept,book,Irvin D. Yalom,1
b5936,The Face,book,Dean Koontz,1
b7152,"Pillar of Light (The Work and the Glory, #1)",book,Gerald N. Lund,1
b7195,"Charlie Bone and the Beast (The Children of the Red King, #6)",book,Jenny Nimmo,1
b6735,"Jealousy (Strange Angels, #3)",book,"Lili St. Crow, Lilith Saintcrow",1
b3124,Ficciones,book,"Jorge Luis Borges, Anthony Kerrigan, Anthony Bonner",1
b3657,"The Chocolate War (Chocolate War, #1)",book,Robert Cormier,1
b3475,Look Again,book,Lisa Scottoline,1
b4750,A Long Walk to Water: Based on a True Story,book,Linda Sue Park,1
b7053,Fade Away (Myron Bolitar #3),book,Harlan Coben,1
b4583,Micro,book,"Michael Crichton, Richard   Preston",1
b1867,"The Hangman's Daughter (The Hangman's Daughter, #1)",book,"Oliver Pötzsch, Lee Chadeayne",1
b3582,"The Ragamuffin Gospel: Good News for the Bedraggled, Beat-Up, and Burnt Out",book,"Brennan Manning, Michael W. Smith, Rich Mullins",1
b4686,"The Big Over Easy (Nursery Crime, #1)",book,Jasper Fforde,1
b6645,Flotsam,book,David Wiesner,1
b8151,"Unraveling (Unraveling, #1)",book,Elizabeth Norris,1
b4707,The Long Hard Road Out of Hell,book,"Marilyn Manson, Neil Strauss",1
b6732,"Robin Hood, The Prince of Thieves",book,Alexandre Dumas,1
b6510,"Prayers for Rain (Kenzie & Gennaro, #5)",book,Dennis Lehane,1
b4314,Megan Meade's Guide to the McGowan Boys,book,Kate Brian,1
b3706,"The Opportunist (Love Me with Lies, #1)",book,Tarryn Fisher,1
b7547,Competitive Strategy: Techniques for Analyzing Industries and Competitors,book,Michael E. Porter,1
b9631,"Holy Blood, Holy Grail",book,"Michael Baigent, Richard Leigh, Henry Lincoln",1
b8582,The Last Painting of Sara de Vos,book,Dominic Smith,1
b801,This is Where I Leave You,book,Jonathan Tropper,1
b4719,The Seven-Percent Solution,book,Nicholas Meyer,1
b5831,The Definitive Book of Body Language,book,"Allan Pease, Barbara Pease",1
b2836,"Tomorrow, When the War Began (Tomorrow, #1)",book,John Marsden,1
b8721,"The Path Between the Seas: The Creation of the Panama Canal, 1870-1914",book,David McCullough,1
b6100,"Wethering the Storm (The Storm, #2)",book,Samantha Towle,1
b6852,Under the Skin,book,Michel Faber,1
b8736,Free: The Future of a Radical Price,book,Chris Anderson,1
b5768,"Crush (Crash, #3)",book,Nicole  Williams,1
b7465,"The Haunted Mask (Goosebumps, #11)",book,R.L. Stine,1
b3005,"The Hit (Will Robie, #2)",book,David Baldacci,1
b9253,If Life Is a Bowl of Cherries What Am I Doing in the Pits?,book,Erma Bombeck,1
b5142,"Her Mother's Hope (Marta's Legacy, #1)",book,Francine Rivers,1
b5811,"Chosen at Nightfall (Shadow Falls, #5)",book,C.C. Hunter,1
b7407,The Flanders Panel,book,"Arturo Pérez-Reverte, Margaret Jull Costa",1
b5758,Promise Me (Myron Bolitar #8),book,Harlan Coben,1
b219,"The Chronicles of Narnia (Chronicles of Narnia, #1-7)",book,"C.S. Lewis, Pauline Baynes",1
b9099,"Until Lilly (Until, #3)",book,Aurora Rose Reynolds,1
b5159,"The Vampire Prince (Cirque Du Freak, #6)",book,Darren Shan,1
b1097,90 Minutes in Heaven: A True Story of Death and Life,book,"Don Piper, Cecil Murphey",1
b2774,"Make Me (Jack Reacher, #20)",book,Lee Child,1
b9799,"The Space Between (Outlander, #7.5)",book,Diana Gabaldon,1
b1310,Unaccustomed Earth,book,Jhumpa Lahiri,1
b6376,"Every Dead Thing (Charlie Parker, #1)",book,John Connolly,1
b8851,"Affliction (Anita Blake, Vampire Hunter #22)",book,Laurell K. Hamilton,1
b3981,"Avatar: The Last Airbender (The Search, #1)",book,"Gene Luen Yang, Bryan Konietzko, Michael Dante DiMartino, Dave Marshall, Gurihiru",1
b8565,Nostromo,book,Joseph Conrad,1
b2516,The Dog Stars,book,Peter Heller,1
b8761,"Evil Star (The Gatekeepers, #2)",book,Anthony Horowitz,1
b4046,The Far Side Gallery 3,book,Gary Larson,1
b9337,April 1865: The Month That Saved America,book,Jay Winik,1
b3585,O Pioneers!,book,Willa Cather,1
b7360,In Harm's Way: The Sinking of the U.S.S. Indianapolis and the Extraordinary Story of Its Survivors,book,Doug Stanton,1
b8955,Willing Captive,book,Belle Aurora,1
b328,Nineteen Minutes,book,Jodi Picoult,1
b7838,Lady Windermere's Fan,book,Oscar Wilde,1
b4551,"L.A. Confidential (L.A. Quartet, #3)",book,James Ellroy,1
b3148,The Christmas Shoes (Christmas Hope #1),book,Donna VanLiere,1
b3418,"Noughts & Crosses (Noughts & Crosses, #1)",book,Malorie Blackman,1
b9984,The Snow Leopard,book,Peter Matthiessen,1
b9029,"Spell or High Water (Magic 2.0, #2)",book,Scott  Meyer,1
b9898,"Spark (Elemental, #2)",book,Brigid Kemmerer,1
b6992,"Think of a Number (Dave Gurney, #1)",book,John Verdon,1
b402,The Tell-Tale Heart and Other Writings,book,Edgar Allan Poe,1
b7337,Mastery,book,Robert Greene,1
b6555,"Day by Day Armageddon (Day by Day Armageddon,#1)",book,J.L. Bourne,1
b9244,"Fire Burn and Cauldron Bubble (Jolie Wilkins, #1)",book,H.P. Mallory,1
b9448,"The Redhead Revealed (Redhead, #2)",book,Alice Clayton,1
b2428,"Only the Good Spy Young (Gallagher Girls, #4)",book,Ally Carter,1
b5394,Lucky Man,book,Michael J. Fox,1
b6033,A Brief History of Seven Killings,book,Marlon James,1
b3943,"Leaving Paradise (Leaving Paradise, #1)",book,Simone Elkeles,1
b6205,"Unbeautifully (Undeniable, #2)",book,Madeline Sheehan,1
b5899,"An Offer From a Gentleman (Bridgertons, #3)",book,Julia Quinn,1
b9824,Danger in the Shadows (O'Malley #0.5),book,Dee Henderson,1
b2870,That Summer,book,Sarah Dessen,1
b2454,Before I Die,book,Jenny Downham,1
b9937,"Promised (Birthmarked, #3)",book,Caragh M. O'Brien,1
b8394,"Cage (Corps Security, #2)",book,Harper Sloan,1
b7608,"Batman: Hush, Vol. 2",book,"Jeph Loeb, Jim Lee, Scott Williams",1
b9485,"The Beggar King (The Hangman's Daughter, #3)",book,"Oliver Pötzsch, Lee Chadeayne",1
b7912,Wildflower,book,Drew Barrymore,1
b3591,The Case for Faith: A Journalist Investigates the Toughest Objections to Christianity,book,Lee Strobel,1
b7629,Auschwitz,book,Laurence Rees,1
b6647,The Lion and the Mouse,book,Jerry Pinkney,1
b2206,Lies That Chelsea Handler Told Me,book,"Chelsea Handler, Johnny Kansas, Stephanie Stehling, Heather McDonald, Roy Handler, Brad Wollack, Amber Mazzola, Josh Wolf, Shoshanna Handler, Eva Magdalenski, Amy Meyer, Glen Handler, Dave Mallow, Sarah Colonna",1
b8640,"Gaudy Night (Lord Peter Wimsey, #12)",book,Dorothy L. Sayers,1
b6453,Blue Highways,book,William Least Heat-Moon,1
b6635,"Love Bites (Vampire Kisses, #7)",book,Ellen Schreiber,1
b9917,Such a Rush,book,Jennifer Echols,1
b1778,Frida: A Biography of Frida Kahlo,book,Hayden Herrera,1
b5380,"Dinosaurs Before Dark (Magic Tree House, #1)",book,"Mary Pope Osborne, Salvatore Murdocca",1
b7116,"The Unusual Suspects (The Sisters Grimm, #2)",book,"Michael Buckley, Peter Ferguson",1
b3840,The Shock of the New,book,Robert Hughes,1
b5781,The Innocent,book,Harlan Coben,1
b4508,Five Quarters of the Orange,book,Joanne Harris,1
b3980,"The Redemption of Callie & Kayden (The Coincidence, #2)",book,Jessica Sorensen,1
b6526,Kitten's First Full Moon,book,Kevin Henkes,1
b4860,"The Judas Strain (Sigma Force, #4)",book,James Rollins,1
b5908,A Handful of Dust,book,Evelyn Waugh,1
b7307,"Sharpe's Tiger (Sharpe, #1)",book,Bernard Cornwell,1
b8858,"The Mermaids Singing (Tony Hill & Carol Jordan, #1)",book,Val McDermid,1
b3726,Tweak: Growing Up On Methamphetamines,book,Nic Sheff,1
b9281,"Agamemnon (Oresteia, #1)",book,"Aeschylus, Judith Affleck, Philip de May, Patricia E. Easterling, John     Harrison",1
b8794,"Once (Once, #1)",book,Morris Gleitzman,1
b2847,La Vérité sur l'affaire Harry Quebert,book,Joël Dicker,1
b4397,"Now, Discover Your Strengths",book,"Marcus Buckingham, Donald O. Clifton",1
b1402,The Stinky Cheese Man and Other Fairly Stupid Tales,book,"Jon Scieszka, Lane Smith",1
b553,Needful Things,book,Stephen King,1
b7949,Auschwitz: A Doctor's Eyewitness Account,book,"Miklós Nyiszli, Tibère Kremer, Bruno Bettelheim, Richard Seaver",1
b7385,Giada's Family Dinners,book,"Giada De Laurentiis, Victoria Pearson",1
b8038,"The Belgariad Boxed Set: Pawn of Prophecy / Queen of Sorcery / Magician's Gambit / Castle of Wizardry / Enchanters' End Game (The Belgariad, #1-5)",book,David Eddings,1
b7158,Back Spin (Myron Bolitar #4),book,Harlan Coben,1
b4596,"The Prisoner of Cell 25 (Michael Vey, #1)",book,Richard Paul Evans,1
b1934,"Heat Wave (Nikki Heat, #1)",book,Richard Castle,1
b7744,Seven Years to Sin,book,Sylvia Day,1
b9970,The Virgin Cure,book,Ami McKay,1
b9994,"The Everafter War (The Sisters Grimm, #7)",book,"Michael Buckley, Peter Ferguson",1
b6194,The Uncommon Reader,book,Alan Bennett,1
b5624,"The Fifth Woman (Kurt Wallander, #6)",book,"Henning Mankell, Steven T. Murray",1
b7922,"Vampire Academy: The Graphic Novel (Vampire Academy: The Graphic Novel, #1)",book,"Richelle Mead, Emma Vieceli, Leigh Dragoon",1
b6823,"Armageddon: The Cosmic Battle of the Ages (Left Behind, #11)",book,"Tim LaHaye, Jerry B. Jenkins",1
b6751,The Declaration of Independence and The Constitution of the United States,book,Founding Fathers,1
b9433,"Nerilka's Story (Pern, #8)",book,Anne McCaffrey,1
b5548,"Kisscut (Grant County, #2)",book,Karin Slaughter,1
b4761,"Whispers at Moonrise (Shadow Falls, #4)",book,C.C. Hunter,1
b3556,Marie Antoinette: The Journey,book,Antonia Fraser,1
b8780,Prom and Prejudice,book,Elizabeth Eulberg,1
b4373,"Crashed (Driven, #3)",book,K. Bromberg,1
b1172,"The Opal Deception  (Artemis Fowl, #4)",book,Eoin Colfer,1
b3112,"Private (Private, #1)",book,"James Patterson, Maxine Paetro",1
b5463,"Greenwitch (The Dark Is Rising, #3)",book,Susan Cooper,1
b2838,Love Letters to the Dead,book,Ava Dellaira,1
b9835,"Lake in the Clouds (Wilderness, #3)",book,Sara Donati,1
b2578,A Lesson Before Dying,book,Ernest J. Gaines,1
b9202,Hard Choices,book,Hillary Rodham Clinton,1
b6802,"Sidetracked (Kurt Wallander, #5)",book,"Henning Mankell, Steven T. Murray",1
b8572,Silence of the Grave (Inspector Erlendur #4),book,"Arnaldur Indriðason, Bernard Scudder",1
b5650,Black-Eyed Susans,book,Julia Heaberlin,1
b7585,"Fire Star (The Last Dragon Chronicles, #3)",book,Chris d'Lacey,1
b5089,Cheaper by the Dozen,book,"Frank B. Gilbreth Jr., Ernestine Gilbreth Carey",1
b9725,"UnDivided (Unwind, #4)",book,Neal Shusterman,1
b5402,"Princess in Pink (The Princess Diaries, #5)",book,Meg Cabot,1
b8842,The Realm of Possibility,book,David Levithan,1
b9014,Positioning: The Battle for Your Mind: How to Be Seen and Heard in the Overcrowded Marketplace,book,"Al Ries, Jack Trout",1
b9934,Nourishing Traditions: The Cookbook That Challenges Politically Correct Nutrition and the Diet Dictocrats,book,Sally Fallon Morell,1
b9269,"Worth the Fight (MMA Fighter, #1)",book,Vi Keeland,1
b6605,The Introvert Advantage: How to Thrive in an Extrovert World,book,Marti Olsen Laney,1
b7754,The Road to Character,book,David  Brooks,1
b6293,Hissy Fit,book,Mary Kay Andrews,1
b8396,Our Dumb Century: The Onion Presents 100 Years of Headlines from America's Finest News Source,book,"Scott Dikkers, Maria Schneider, John Krewson, Robert Siegel, David Javerbaum, Todd Hanson, Carol Kolb, Mike Loew, Tim Harrod",1
b3950,The Wolf of Wall Street,book,Jordan Belfort,1
b1380,"The Complete Maus (Maus, #1-2)",book,Art Spiegelman,1
b8238,Malcolm X: A Life of Reinvention,book,Manning Marable,1
b8953,"Stay Out of the Basement  (Goosebumps, #2)",book,R.L. Stine,1
b7160,"Elixir (Covenant, #3.5)",book,Jennifer L. Armentrout,1
b8300,Orphan Number Eight,book,Kim van Alkemade,1
b1543,The Racketeer,book,John Grisham,1
b7390,Elizabeth Street,book,Laurie Fabiano,1
b8359,UR,book,Stephen King,1
b8105,Blackout: Remembering the Things I Drank to Forget,book,Sarah Hepola,1
b4489,Down the Rabbit Hole: Curious Adventures and Cautionary Tales of a Former Playboy Bunny,book,Holly Madison,1
b6813,Kira-Kira,book,Cynthia Kadohata,1
b6739,"Breathe (Colorado Mountain, #4)",book,Kristen Ashley,1
b1436,"Shopaholic and Sister (Shopaholic, #4)",book,Sophie Kinsella,1
b8045,Take the Cannoli,book,Sarah Vowell,1
b6686,"Cemetery Dance (Pendergast, #9)",book,"Douglas Preston, Lincoln Child",1
b1601,Emotional Intelligence: Why It Can Matter More Than IQ,book,Daniel Goleman,1
b6792,"Raven Rise (Pendragon, #9)",book,D.J. MacHale,1
b5393,"The Initiate (Divergent, #0.2)",book,Veronica Roth,1
b2092,Identical,book,Ellen Hopkins,1
b5857,Bloodrose (Nightshade #3; Nightshade World #6),book,Andrea Cremer,1
b2203,The Odessa File,book,Frederick Forsyth,1
b7508,The Scent of Rain and Lightning,book,Nancy Pickard,1
b5010,"Inca Gold (Dirk Pitt, #12)",book,Clive Cussler,1
b8947,Once a Runner,book,John L. Parker Jr.,1
b1555,The Island of Dr. Moreau,book,H.G. Wells,1
b9874,Dancing Wu Li Masters: An Overview of the New Physics (Perennial Classics),book,Gary Zukav,1
b9893,Open Road Summer,book,Emery Lord,1
b6899,"The Line (Witching Savannah, #1)",book,J.D. Horn,1
b9106,"Angel Fire (Angel, #2)",book,L.A. Weatherly,1
b9422,The Night Sister,book,Jennifer McMahon,1
b7581,The Personal MBA: Master the Art of Business,book,Josh Kaufman,1
b7002,A Mercy,book,Toni Morrison,1
b4977,"Sisterhood Everlasting (Sisterhood, #5)",book,Ann Brashares,1
b2882,"Happy Ever After (Bride Quartet, #4)",book,Nora Roberts,1
b9513,Olivia Joules and the Overactive Imagination,book,Helen Fielding,1
b6464,"Crush (Crush, #1)",book,Lacey Weatherford,1
b3233,"Tales from a Not-So-Popular Party Girl (Dork Diaries, #2)",book,Rachel Renée Russell,1
b4527,All Over But the Shoutin',book,Rick Bragg,1
b6671,"Variant (Variant, #1)",book,Robison Wells,1
b9104,The Bad Seed,book,"William March, Elaine Showalter",1
b2172,Welcome to the Monkey House,book,Kurt Vonnegut Jr.,1
b8374,Darth Vader and Son,book,Jeffrey Brown,1
b8364,"Misbehaving (Sea Breeze, #6)",book,Abbi Glines,1
b3493,"Many Lives, Many Masters: The True Story of a Prominent Psychiatrist, His Young Patient, and the Past Life Therapy That Changed Both Their Lives",book,Brian L. Weiss,1
b5125,Stories of Your Life and Others,book,Ted Chiang,1
b9807,"Corrupt (Devil's Night, #1)",book,"Penelope Douglas, Jeremy York, Tatiana Sokolov",1
b3843,Thr3e,book,Ted Dekker,1
b1079,"The Celestine Prophecy (Celestine Prophecy, #1)",book,James Redfield,1
b6619,"The Face Of Deception (Eve Duncan, #1)",book,Iris Johansen,1
b6099,"Beautifully Damaged (Beautifully Damaged, #1)",book,L.A. Fiore,1
b1388,The Last Juror,book,John Grisham,1
b3178,"One Second After (After, #1)",book,William R. Forstchen,1
b9723,"A War of Gifts (Ender's Saga, #1.1)",book,Orson Scott Card,1
b4491,The Pearl That Broke Its Shell,book,Nadia Hashimi,1
b8403,The Story of Philosophy: The Lives and Opinions of the World's Greatest Philosophers,book,Will Durant,1
b9774,"Mortal Coil (Skulduggery Pleasant, #5)",book,Derek Landy,1
b8022,"The Wanderer (Thunder Point, #1)",book,Robyn Carr,1
b8053,The Lord God Made Them All,book,James Herriot,1
b3829,"I, Alex Cross (Alex Cross, #16)",book,James Patterson,1
b6783,"Fate (My Blood Approves, #2)",book,Amanda Hocking,1
b8743,"Avatar: The Last Airbender (The Promise, #2)",book,"Gene Luen Yang, Michael Dante DiMartino, Gurihiru, Bryan Konietzko",1
b3119,Three Weeks With My Brother,book,"Nicholas Sparks, Micah Sparks",1
b9601,Superman: Whatever Happened to the Man of Tomorrow?,book,"Alan Moore, Curt Swan, George Pérez, Kurt Schaffenberger",1
b6013,"The Honor of the Queen (Honor Harrington, #2)",book,David Weber,1
b3476,Fever Pitch,book,Nick Hornby,1
b5421,Small Island,book,Andrea Levy,1
b7877,"Reasonable Doubt: Volume 2 (Reasonable Doubt, #2)",book,Whitney G.,1
b9299,Soon I Will Be Invincible,book,Austin Grossman,1
b2874,Montana Sky,book,Nora Roberts,1
b7615,Drinking: A Love Story,book,Caroline Knapp,1
b3161,Stay Close,book,Harlan Coben,1
b8900,After I'm Gone,book,Laura Lippman,1
b1872,"Ashes to Ashes (Kovac and Liska, #1)",book,Tami Hoag,1
b414,Little Bee,book,Chris Cleave,1
b8069,Journals,book,Kurt Cobain,1
b6422,"The Scarpetta Factor (Kay Scarpetta, #17)",book,Patricia Cornwell,1
b9285,"Redeemed (House of Night, #12)",book,"P.C. Cast, Kristin Cast",1
b3877,Girls in White Dresses,book,Jennifer Close,1
b5104,Clara and Mr. Tiffany,book,Susan Vreeland,1
b5963,"Moonrise (Warriors: The New Prophecy, #2)",book,Erin Hunter,1
b1244,Wintergirls,book,Laurie Halse Anderson,1
b7833,"A Girl of the Limberlost (Limberlost, #2)",book,Gene Stratton-Porter,1
b5121,No Second Chance,book,Harlan Coben,1
b4022,"Cross Country (Alex Cross, #14)",book,James Patterson,1
b5785,No Exit,book,Jean-Paul Sartre,1
b9535,"Until Nico (Until, #4)",book,Aurora Rose Reynolds,1
b8957,The Sweet Life in Paris: Delicious Adventures in the World's Most Glorious - and Perplexing - City,book,David Lebovitz,1
b5355,Trading Up,book,Candace Bushnell,1
b634,I've Got Your Number,book,Sophie Kinsella,1
b6946,I'd Know You Anywhere,book,Laura Lippman,1
b6626,Martha Stewart's Cookies: The Very Best Treats to Bake and to Share,book,"Martha Stewart, Victor Schrager",1
b9692,"Falling Under (Falling Under, #1)",book,Gwen Hayes,1
b8423,"Empress of the World (Battle Hall Davies, #1)",book,Sara Ryan,1
b3138,"Anne of Windy Poplars (Anne of Green Gables, #4)",book,L.M. Montgomery,1
b3417,Motherless Brooklyn,book,Jonathan Lethem,1
b1804,Three Wishes,book,Liane Moriarty,1
b6277,"The Empty Chair (Lincoln Rhyme, #3)",book,Jeffery Deaver,1
b7490,"Prentice Alvin (Tales of Alvin Maker, #3)",book,Orson Scott Card,1
b7111,Talent is Overrated: What Really Separates World-Class Performers from Everybody Else,book,Geoff Colvin,1
b2779,"All In (The Blackstone Affair, #2)",book,Raine Miller,1
b6251,Eiger Dreams: Ventures Among Men and Mountains,book,Jon Krakauer,1
b6807,Strange Highways,book,Dean Koontz,1
b1823,"A Bear Called Paddington (Paddington, #1)",book,"Michael Bond, Peggy Fortnum",1
b8766,"The Machine Crusade (Legends of Dune, #2)",book,"Brian Herbert, Kevin J. Anderson",1
b3355,Live Wire (Myron Bolitar #10),book,Harlan Coben,1
b4405,"The Strange Case of Origami Yoda (Origami Yoda, #1)",book,Tom Angleberger,1
b4776,"The Night Angel Trilogy (Night Angel, #1-3)",book,Brent Weeks,1
b5201,"Atlantis Found (Dirk Pitt, #15)",book,Clive Cussler,1
b2895,Think Like a Freak,book,"Steven D. Levitt, Stephen J. Dubner",1
b5289,"Police (Harry Hole, #10)",book,"Jo Nesbø, Don Bartlett",1
b8695,"The Archived (The Archived, #1)",book,Victoria Schwab,1
b3098,"Honeymoon (Honeymoon, #1)",book,"James Patterson, Howard Roughan",1
b5780,"Shugo Chara!, Vol. 1: Who Do You Want to Be? (Shugo Chara!, #1)",book,Peach-Pit,1
b4722,Toujours Provence,book,Peter Mayle,1
b9694,"The House on Tradd Street (Tradd Street, #1)",book,Karen   White,1
b9214,Call Me by Your Name,book,André Aciman,1
b3090,Valley of the Dolls,book,Jacqueline Susann,1
b2519,"When the Wind Blows (When the Wind Blows, #1)",book,James Patterson,1
b7224,"Knight & Play (Knight, #1)",book,Kitty French,1
b8273,The Orchid House,book,Lucinda Riley,1
b1733,The Summons,book,John Grisham,1
b9960,"The Prize Winner of Defiance, Ohio: How My Mother Raised 10 Kids on 25 Words or Less",book,Terry Ryan,1
b784,For One More Day,book,Mitch Albom,1
b2924,"The Last Templar (Templar, #1)",book,Raymond Khoury,1
b9954,Horrorstör,book,"Grady Hendrix, Michael Rogalski",1
b9527,"Altered (Altered, #1)",book,Jennifer Rush,1
b6547,I Have Lived a Thousand Years,book,Livia E. Bitton-Jackson,1
b5567,"Rainbow Valley (Anne of Green Gables, #7)",book,L.M. Montgomery,1
b4988,A Fall of Marigolds,book,Susan Meissner,1
b2304,This Side of Paradise,book,F. Scott Fitzgerald,1
b7616,"Five Weeks in a Balloon (Extraordinary Voyages, #1)",book,Jules Verne,1
b3939,History of Art,book,"H.W. Janson, Anthony F. Janson",1
b6854,"White Fire (Pendergast, #13)",book,"Douglas Preston, Lincoln Child",1
b4659,"Nevermore (Maximum Ride, #8)",book,James Patterson,1
b5094,Deceptively Delicious: Simple Secrets to Get Your Kids Eating Good Food,book,Jessica Seinfeld,1
b5144,"Red Rabbit (Jack Ryan Universe, #3)",book,Tom Clancy,1
b9903,Horus Rising,book,Dan Abnett,1
b4840,The Ice Twins,book,S.K. Tremayne,1
b8269,Exit to Eden,book,"Anne Rampling, Anne Rice",1
b7268,"Port Mortuary (Kay Scarpetta, #18)",book,Patricia Cornwell,1
b7524,"Ronia, the Robber's Daughter",book,"Astrid Lindgren, Patricia Crampton, Trina Schart Hyman",1
b9811,"The Bite Before Christmas (Argeneau, #15.5; Night Huntress, #6.5)",book,"Lynsay Sands, Jeaniene Frost",1
b2545,Dance with the Devil (Dark-Hunter #3),book,Sherrilyn Kenyon,1
b9390,"Body Movers (Body Movers, #1)",book,Stephanie Bond,1
b1854,"Only Time Will Tell (The Clifton Chronicles, #1)",book,Jeffrey Archer,1
b5507,By the Light of the Moon,book,Dean Koontz,1
b7192,"Ruthless (Pretty Little Liars, #10)",book,Sara Shepard,1
b8138,The Danish Girl,book,David Ebershoff,1
b6712,Ultramarathon Man: Confessions of an All-Night Runner,book,Dean Karnazes,1
b1578,Intensity,book,Dean Koontz,1
b4292,Michelangelo and the Pope's Ceiling,book,Ross King,1
b3777,"Fear (Gone, #5)",book,Michael  Grant,1
b7429,Civil Disobedience and Other Essays,book,Henry David Thoreau,1
b7496,The Golden Notebook,book,Doris Lessing,1
b4681,"Ice Station (Shane Schofield, #1)",book,Matthew Reilly,1
b7677,Baking: From My Home to Yours,book,"Dorie Greenspan, Alan    Richardson",1
b627,The True Story of the 3 Little Pigs,book,"Jon Scieszka, Lane Smith",1
b9026,Winter Moon,book,Dean Koontz,1
b7402,The Happiness Advantage: The Seven Principles of Positive Psychology That Fuel Success and Performance at Work,book,Shawn Achor,1
b3495,"Never Eat Alone: And Other Secrets to Success, One Relationship at a Time",book,Keith Ferrazzi,1
b5655,"The Bear and the Dragon (Jack Ryan Universe, #11)",book,Tom Clancy,1
b5565,"Allies of the Night (Cirque du Freak, #8)",book,Darren Shan,1
b3696,The Universe in a Nutshell,book,Stephen Hawking,1
b9287,Jennifer Government,book,Max Barry,1
b1017,The Girl You Left Behind,book,Jojo Moyes,1
b6999,Brighton Rock,book,"Graham Greene, J.M. Coetzee",1
b2478,Coma,book,Robin Cook,1
b8107,The Moon and Sixpence,book,W. Somerset Maugham,1
b5390,"The Soldiers of Halla (Pendragon, #10)",book,D.J. MacHale,1
b508,Nickel and Dimed: On (Not) Getting By in America,book,Barbara Ehrenreich,1
b7528,"Wait for Me (Against All Odds, #1)",book,Elisabeth Naughton,1
b9651,You'll Grow Out of It,book,Jessi Klein,1
b3125,"Winter Prey (Lucas Davenport, #5)",book,John Sandford,1
b9912,Henry's Freedom Box: A True Story from the Underground Railroad,book,"Ellen Levine, Kadir Nelson",1
b7051,"Forever with You (Fixed, #3)",book,Laurelin Paige,1
b7103,Going Solo,book,"Roald Dahl, Quentin Blake",1
b6901,"The Diamond of Darkhold (Book of Ember, #4)",book,Jeanne DuPrau,1
b6594,Out,book,"Natsuo Kirino, Stephen Snyder",1
b7109,"The Man Who Smiled (Kurt Wallander, #4)",book,"Henning Mankell, Laurie Thompson",1
b9325,"Lenobia's Vow (House of Night Novellas, #2)",book,"P.C. Cast, Kristin Cast",1
b6481,Arcadia,book,Tom Stoppard,1
b6321,"Dexter By Design (Dexter, #4)",book,Jeff Lindsay,1
b4939,The Complete Stories,book,"Franz Kafka, Nahum N. Glatzer, John Updike, Willa Muir, Edwin Muir, Tania Stern, James Stern, Ernst Kaiser, Eithne Wilkins",1
b7739,The Christmas Sweater,book,Glenn Beck,1
b3419,Incidents in the Life of a Slave Girl,book,Harriet Jacobs,1
b4011,"The Girl In The Ice (Detective Erika Foster, #1)",book,Robert Bryndza,1
b7973,"Where You Are (Between the Lines, #2)",book,Tammara Webber,1
b6400,The Beatles Anthology,book,"The Beatles, Paul McCartney, Ringo Starr, John Lennon, George Harrison",1
b8655,Those Guys Have All the Fun: Inside the World of ESPN,book,"James Andrew Miller, Tom Shales",1
b7706,"Mr. Darcy's Diary (Jane Austen Heroes, #1)",book,Amanda Grange,1
b5365,"The Neighbor (Detective D.D. Warren, #3)",book,Lisa Gardner,1
b6332,"Tenth Grade Bleeds (The Chronicles of Vladimir Tod, #3)",book,Heather Brewer,1
b8082,"My Soul to Keep (Soul Screamers, #3)",book,Rachel Vincent,1
b2477,"The Sword Thief (The 39 Clues, #3)",book,Peter Lerangis,1
b6370,"Beautiful Sacrifice (The Maddox Brothers, #3)",book,Jamie McGuire,1
b8176,Desert Flower,book,"Waris Dirie, Cathleen Miller",1
b3177,"The Realms of the Gods (Immortals, #4)",book,Tamora Pierce,1
b9916,"Shopaholic to the Rescue (Shopaholic, #8)",book,Sophie Kinsella,1
b4780,The Lives of the Artists,book,"Giorgio Vasari, Julia Conway Bondanella, Peter Bondanella",1
b9716,Hammer of the Gods,book,Stephen Davis,1
b9289,"Dark Destiny (Dark, #13)",book,Christine Feehan,1
b5528,"The Watchman (Elvis Cole, #11; Joe Pike, #1)",book,Robert Crais,1
b9997,"Means of Ascent (The Years of Lyndon Johnson, #2)",book,Robert A. Caro,1
b6088,Mrs. Lincoln's Dressmaker,book,Jennifer Chiaverini,1
b9717,Winter in Madrid,book,C.J. Sansom,1
b6921,Funny in Farsi: A Memoir of Growing Up Iranian in America,book,Firoozeh Dumas,1
b7845,The Obstacle Is the Way: The Timeless Art of Turning Trials into Triumph,book,Ryan Holiday,1
b7251,The Garden of Eden,book,Ernest Hemingway,1
b9105,"Connected (Connections, #1)",book,Kim Karr,1
b5881,A Single Man,book,Christopher Isherwood,1
b6218,"From the Two Rivers: The Eye of the World, Part 1 (Wheel of time, #1-1)",book,Robert Jordan,1
b5890,"The Prophet of Yonwood (Book of Ember, #3)",book,Jeanne DuPrau,1
b6699,The Passenger,book,Lisa Lutz,1
b7595,"Defiance (Strange Angels, #4)",book,"Lili St. Crow, Lilith Saintcrow",1
b9318,The Guardian (O'Malley #2),book,Dee Henderson,1
b8272,The Complete Guide to Middle-Earth,book,"Robert Foster, J.R.R. Tolkien",1
b8762,"You Were Mine (Rosemary Beach, #9)",book,Abbi Glines,1
b7060,Everyday Food: Great Food Fast,book,Martha Stewart,1
b8062,"Dies the Fire (Emberverse, #1)",book,S.M. Stirling,1
b8328,How to Love,book,Katie Cotugno,1
b4108,Portrait in Sepia,book,"Isabel Allende, Margaret Sayers Peden",1
b4032,All the Ugly and Wonderful Things,book,Bryn Greenwood,1
b5909,Leota's Garden,book,Francine Rivers,1
b8329,Paris to the Moon,book,Adam Gopnik,1
b7098,Alien,book,Alan Dean Foster,1
b9637,The Man from Beijing,book,"Henning Mankell, Laurie Thompson",1
b9681,"Crow's Row (Crow's Row, #1)",book,Julie Hockley,1
b7380,"Dark Fire (Matthew Shardlake, #2)",book,C.J. Sansom,1
b8404,The Gnostic Gospels,book,Elaine Pagels,1
b7844,India After Gandhi: The History of the World's Largest Democracy,book,Ramachandra Guha,1
b1951,"The Evolution of Mara Dyer (Mara Dyer, #2)",book,Michelle Hodkin,1
b7509,"Pacific Vortex! (Dirk Pitt, #1)",book,"Clive Cussler, Michael Pritchard",1
b4104,Demons,book,"Fyodor Dostoyevsky, Richard Pevear, Larissa Volokhonsky",1
b2310,The Total Money Makeover: A Proven Plan for Financial Fitness,book,Dave Ramsey,1
b9553,"Attack on Titan: No Regrets, Volume 01",book,"Hajime Isayama, Hikaru Suruga, Gan Sunaaku",1
b7715,On Love,book,Alain de Botton,1
b9973,The Seven Principles for Making Marriage Work: A Practical Guide from the Country's Foremost Relationship Expert,book,"John M. Gottman, Nan Silver",1
b6912,"The Chase (Fox and O'Hare, #2)",book,"Janet Evanovich, Lee Goldberg",1
b8664,"Empire of the Sun (Empire of the Sun, #1)",book,J.G. Ballard,1
b7919,Airman,book,Eoin Colfer,1
b7783,The Leopard,book,"Giuseppe Tomasi di Lampedusa, Archibald Colquhoun",1
b5711,Unorthodox: The Scandalous Rejection of My Hasidic Roots,book,Deborah Feldman,1
b8216,"Hornet's Nest (Andy Brazil, #1)",book,Patricia Cornwell,1
b8277,Say You're One of Them,book,Uwem Akpan,1
b7993,"Secret History (Mistborn, #3.5)",book,Brandon Sanderson,1
b8674,"Infamous (Chronicles of Nick, #3)",book,Sherrilyn Kenyon,1
b6665,Cry to Heaven,book,Anne Rice,1
b1195,The Round House,book,Louise Erdrich,1
b3665,"Out of Sight, Out of Time (Gallagher Girls, #5)",book,Ally Carter,1
b4212,The Son,book,"Jo Nesbø, Charlotte Barslund",1
b1407,The King of Torts,book,John Grisham,1
b7235,"Afterburn (Jax & Gia, #1)",book,Sylvia Day,1
b4169,Fix-It and Forget-It Cookbook: Feasting with Your Slow Cooker,book,"Dawn J. Ranck, Phyllis Pellman Good",1
b7752,"Stenhuggaren (Patrik Hedström, #3)",book,Camilla Läckberg,1
b7503,"What Katy Did (Carr Family, #1)",book,Susan Coolidge,1
b8763,Full Tilt (Full #2),book,"Janet Evanovich, Charlotte Hughes",1
b5376,The Constitution of the United States of America,book,Founding Fathers,1
b3735,Creepshow,book,"Stephen King, Bernie Wrightson, Michele Wrightson",1
b3357,"The Collectors (Camel Club, #2)",book,David Baldacci,1
b6623,Dare Me,book,Megan Abbott,1
b3553,Mean Streak,book,Sandra Brown,1
b1943,Crazy Rich Asians (Crazy Rich Asians #1),book,Kevin Kwan,1
b6532,"Night of the Living Dummy (Goosebumps, #7)",book,R.L. Stine,1
b132,The Five People You Meet in Heaven,book,Mitch Albom,1
b8549,I Will Teach You To Be Rich,book,Ramit Sethi,1
b6223,"Live and Let Die (James Bond, #2)",book,Ian Fleming,1
b7460,"Flutter (My Blood Approves, #3)",book,Amanda Hocking,1
b1794,At the Water's Edge,book,Sara Gruen,1
b5253,Jumanji,book,Chris Van Allsburg,1
b6066,Brokeback Mountain,book,Annie Proulx,1
b2475,"My Side of the Mountain (Mountain, #1)",book,Jean Craighead George,1
b4349,Chasing the Dime,book,Michael Connelly,1
b9355,"The Girl in the Steel Corset (Steampunk Chronicles, #1)",book,Kady Cross,1
b7173,Musashi,book,"Eiji Yoshikawa, Charles Terry, Edwin O. Reischauer",1
b4839,Summer Rental,book,Mary Kay Andrews,1
b7926,"The Hollow (The Hollow, #1)",book,Jessica Verday,1
b8076,"Dark Demon (Dark, #16)",book,Christine Feehan,1
b8248,"Branded (Fall of Angels, #1)",book,Keary Taylor,1
b4059,Purple Cow: Transform Your Business by Being Remarkable,book,Seth Godin,1
b6097,The Magic Finger (Young Puffin Developing Reader),book,"Roald Dahl, Quentin Blake",1
b5570,Darkness,book,John Saul,1
b3689,The Practice of the Presence of God,book,Brother Lawrence,1
b7412,Binge,book,Tyler Oakley,1
b8834,True Love Story,book,Willow Aster,1
b6178,"Intuition (The Premonition, #2)",book,Amy A. Bartol,1
b4559,"Entice (Need, #3)",book,Carrie Jones,1
b7202,"Remy (Real, #3)",book,Katy Evans,1
b8526,"The Bar Code Tattoo (Bar Code, #1)",book,Suzanne Weyn,1
b8324,"Mrs. Mike (Mrs. Mike, #1)",book,"Benedict Freedman, Nancy Freedman",1
b7135,The Adventures of Augie March,book,"Saul Bellow, Christopher Hitchens",1
b2337,The New York Trilogy,book,"Paul Auster, Art Spiegelman",1
b5065,No Time for Goodbye (No Time For Goodbye #1),book,Linwood Barclay,1
b2386,"Persepolis, Volume 1",book,Marjane Satrapi,1
b5868,Maybe in Another Life,book,Taylor Jenkins Reid,1
b1905,"Blood Song (Raven's Shadow, #1)",book,Anthony  Ryan,1
b333,Still Alice,book,Lisa Genova,1
b7758,"Die Again (Rizzoli & Isles, #11)",book,Tess Gerritsen,1
b7329,We Need New Names,book,NoViolet Bulawayo,1
b8941,"Cross My Heart (Cross My Heart, #1)",book,Katie Klein,1
b1504,"The Battle for Skandia (Ranger's Apprentice, #4)",book,John Flanagan,1
b9887,My Lobotomy,book,"Howard Dully, Charles Fleming",1
b8979,The Case-Book of Sherlock Holmes,book,Arthur Conan Doyle,1
b3234,"Farmer Boy (Little House, #3)",book,"Laura Ingalls Wilder, Garth Williams",1
b5441,House,book,"Frank E. Peretti, Ted Dekker",1
b6466,This Song Will Save Your Life,book,Leila Sales,1
b5495,When Genius Failed: The Rise and Fall of Long-Term Capital Management,book,Roger Lowenstein,1
b4850,Peace Is Every Step: The Path of Mindfulness in Everyday Life,book,"Thich Nhat Hanh, Arnold Kotler, Dalai Lama XIV",1
b4629,The Expats,book,Chris Pavone,1
b9133,"Servant of the Shard (Forgotten Realms: Paths of Darkness, #3; The Sellswords, #1)",book,R.A. Salvatore,1
b6175,"The Lake of Souls (Cirque Du Freak, #10)",book,Darren Shan,1
b5681,"Killers of the Dawn (Cirque Du Freak, #9)",book,Darren Shan,1
b2174,Truman,book,David McCullough,1
b5770,Long Lost  (Myron Bolitar #9),book,Harlan Coben,1
b5698,"Girl Walks into a Bar . . .: Comedy Calamities, Dating Disasters, and a Midlife Miracle",book,Rachel Dratch,1
b6427,The Whipping Boy,book,"Sid Fleischman, Peter Sís",1
b1586,The Beach,book,Alex Garland,1
b4913,"The Shop on Blossom Street (Blossom Street, #1)",book,Debbie Macomber,1
b3041,Leonardo's Notebooks,book,"Leonardo da Vinci, H. Anna Suh",1
b6042,True History of the Kelly Gang,book,Peter Carey,1
b5038,Chopsticks,book,"Jessica Anthony, Rodrigo Corral",1
b1545,"The House at Pooh Corner (Winnie-the-Pooh, #2)",book,"A.A. Milne, Ernest H. Shepard",1
b5358,Lucky Jim,book,"Kingsley Amis, David Lodge",1
b4377,"12th of Never (Women's Murder Club, #12)",book,"James Patterson, Maxine Paetro",1
b4103,Einstein's Dreams,book,Alan Lightman,1
b3402,Bambi,book,"Felix Salten, Barbara Cooney",1
b6709,"Look to Windward (Culture, #7)",book,Iain M. Banks,1
b5979,"William Shakespeare's Star Wars: Verily, A New Hope (William Shakespeare's Star Wars, #4)",book,Ian Doescher,1
b6111,"Defiance (Significance, #3)",book,Shelly Crane,1
b9667,The Gay Science,book,"Friedrich Nietzsche, Walter Kaufmann",1
b7902,A Higher Call: An Incredible True Story of Combat and Chivalry in the War-Torn Skies of World War II,book,"Adam Makos, Larry Alexander",1
b6745,Inherit the Wind,book,"Jerome Lawrence, Robert E.  Lee",1
b2791,"The Forgotten (John Puller, #2)",book,David Baldacci,1
b6129,"New York to Dallas (In Death, #33)",book,"J.D. Robb, Susan Ericksen",1
b9296,The Drama of the Gifted Child: The Search for the True Self,book,"Alice  Miller, Ruth Ward",1
b8630,Blockade Billy,book,Stephen King,1
b5059,"Love Wins: A Book About Heaven, Hell, and the Fate of Every Person Who Ever Lived",book,Rob Bell,1
b8465,"Glorious Appearing: The End of Days (Left Behind, #12)",book,"Tim LaHaye, Jerry B. Jenkins",1
b4296,"Ballet Shoes (Shoes, #1)",book,"Noel Streatfeild, Diane Goode",1
b9561,The Nose,book,"Nikolai Gogol, Kevin Hawkes",1
b7806,Sadako and the Thousand Paper Cranes,book,"Eleanor Coerr, Ronald Himler",1
b2995,"The Alexandria Link (Cotton Malone, #2)",book,Steve Berry,1
b5712,"The Selection Stories: The Prince & The Guard (The Selection, #0.5, 2.5)",book,Kiera Cass,1
b5163,On Death and Dying,book,Elisabeth Kübler-Ross,1
b6315,High-Rise,book,J.G. Ballard,1
b7483,The Truth Seeker (O'Malley #3),book,Dee Henderson,1
b2608,"The Woman Who Rides Like a Man (Song of the Lioness, #3)",book,Tamora Pierce,1
b8978,The Revenge of the Baby-Sat,book,Bill Watterson,1
b3242,"Born Free: A Lioness of Two Worlds (Story of Elsa, #1)",book,Joy Adamson,1
b2146,"The Wishing Spell (The Land of Stories, #1)",book,"Chris Colfer, Brandon Dorman",1
b3634,Love Walked In,book,Marisa de los Santos,1
b1611,"Rise of the Evening Star (Fablehaven, #2)",book,Brandon Mull,1
b9187,Letter to My Daughter,book,Maya Angelou,1
b2675,Sister,book,Rosamund Lupton,1
b9091,Help for the Haunted,book,John Searles,1
b6984,"Soccernomics: Why England Loses, Why Germany and Brazil Win, and Why the U.S., Japan, Australia, Turkey--and Even Iraq--Are Destined to Become the Kings of the World's Most Popular Sport",book,"Simon Kuper, Stefan Szymanski",1
b2191,Faeries,book,"Brian Froud, Alan Lee",1
b9126,Superman for All Seasons,book,"Jeph Loeb, Tim Sale, Bjarne Hansen",1
b3063,"The Dark Is Rising (The Dark is Rising, #2)",book,Susan Cooper,1
b1243,"The Ruins of Gorlan (Ranger's Apprentice, #1)",book,John Flanagan,1
b5272,"Until November (Until, #1)",book,Aurora Rose Reynolds,1
b6289,Too Late,book,Colleen Hoover,1
b7028,How Will You Measure Your Life?,book,"Clayton M. Christensen, James Allworth, Karen Dillon",1
b9183,13 Hours: The Inside Account of What Really Happened In Benghazi,book,Mitchell Zuckoff,1
b6369,"All the Weyrs of Pern (Pern, #11)",book,Anne McCaffrey,1
b9522,Beyond Band of Brothers: The War Memoirs of Major Dick Winters,book,"Dick Winters, Cole C. Kingseed",1
b5004,Amazonia,book,James Rollins,1
b6631,The Pioneer Woman: Black Heels to Tractor Wheels,book,Ree Drummond,1
b5977,"Some Luck (Last Hundred Years: A Family Saga, #1)",book,Jane Smiley,1
b1447,Make Way for Ducklings,book,Robert McCloskey,1
b2925,Official Book Club Selection: A Memoir According to Kathy Griffin,book,Kathy Griffin,1
b6617,The Miracle of Mindfulness: An Introduction to the Practice of Meditation,book,Thich Nhat Hanh,1
b3102,The Weight of Silence,book,Heather Gudenkauf,1
b4302,"Such a Pretty Fat: One Narcissist's Quest to Discover If Her Life Makes Her Ass Look Big, or Why Pie Is Not the Answer",book,Jen Lancaster,1
b6911,"Deadly Little Secret (Touch, #1)",book,Laurie Faria Stolarz,1
b8041,"The Son (Divergent, #0.3)",book,Veronica Roth,1
b3565,"Misty of Chincoteague (Misty, #1)",book,"Marguerite Henry, Wesley Dennis",1
b5143,Tuesday,book,David Wiesner,1
b9920,"Dream Dark (Caster Chronicles, #2.5)",book,"Kami Garcia, Margaret Stohl",1
b1834,The Hypnotist's Love Story,book,Liane Moriarty,1
b7437,A Midsummer's Nightmare,book,Kody Keplinger,1
b8091,Prayers for Sale,book,Sandra Dallas,1
b8311,The Two-Family House,book,Lynda Cohen Loigman,1
b5276,"Finding Me: A Decade of Darkness, a Life Reclaimed - A Memoir of the Cleveland Kidnappings",book,"Michelle Knight, Michelle Burford",1
b2585,"Maid-sama! Vol. 01 (Maid-sama!, #1)",book,Hiro Fujiwara,1
b2735,The Husband,book,Dean Koontz,1
b7340,The Three Pigs,book,David Wiesner,1
b6784,Ina May's Guide to Childbirth,book,Ina May Gaskin,1
b1266,The Snowy Day,book,Ezra Jack Keats,1
b5974,"The Queen (The Selection, #0.4)",book,Kiera Cass,1
b9292,The Now Habit: A Strategic Program for Overcoming Procrastination and Enjoying Guilt-Free Play,book,Neil A. Fiore,1
b3073,"Saphirblau (Edelstein-Trilogie, #2)",book,Kerstin Gier,1
b7295,"Ready or Not (All-American Girl, #2)",book,Meg Cabot,1
b5301,"The Princess and the Goblin  (Princess Irene and Curdie, #1)",book,"George MacDonald, Arthur Hughes",1
b3389,"Girl Online (Girl Online, #1)",book,"Zoe Sugg, Siobhan Curham",1
b1438,The Prayer of Jabez:  Breaking Through to the Blessed Life,book,Bruce H. Wilkinson,1
b4298,We the Living,book,"Ayn Rand, Leonard Peikoff",1
b4391,Smashed: Story of a Drunken Girlhood,book,Koren Zailckas,1
b6337,Up from Slavery,book,"Booker T. Washington, Ishmael Reed",1
b5443,"Raise the Titanic! (Dirk Pitt, #4)",book,Clive Cussler,1
b5998,"Wanted (Wanted, #1)",book,Kelly Elliott,1
b6886,The Knowledge of the Holy,book,A.W. Tozer,1
b7213,"Shadow Prey (Lucas Davenport, #2)",book,John Sandford,1
b9411,"The Midwife's Revolt (The Midwife Series, #1)",book,Jodi Daynard,1
b5453,It Starts with Food: Discover the Whole30 and Change Your Life in Unexpected Ways,book,"Dallas Hartwig, Melissa Hartwig",1
b3526,"The Hidden Oracle (The Trials of Apollo, #1)",book,Rick Riordan,1
b6856,Wir Kinder vom Bahnhof Zoo,book,"Christiane F., Kai Hermann, Horst Rieck",1
b5031,Redeployment,book,Phil Klay,1
b9832,"Birdman (Jack Caffery, #1)",book,Mo Hayder,1
b2933,The Spectacular Now,book,Tim Tharp,1
b3835,"Bright Lights, Big Ass: A Self-Indulgent, Surly, Ex-Sorority Girl's Guide to Why It Often Sucks in the City, or Who Are These Idiots and Why Do They All Live Next Door to Me?",book,Jen Lancaster,1
b6561,"Eyes of Prey (Lucas Davenport, #3)",book,John Sandford,1
b8482,"Dragonheart (Pern, #21)",book,Todd J. McCaffrey,1
b4846,"Live to Tell (Detective D.D. Warren, #4)",book,Lisa Gardner,1
b5524,Cash,book,"Johnny Cash, Patrick   Carr",1
b7649,The Killer Inside Me,book,Jim Thompson,1
b9859,"Beacon 23: The Complete Novel (Beacon 23, #1-5)",book,Hugh Howey,1
b4380,"Fractured (Will Trent, #2)",book,Karin Slaughter,1
b9558,"Reasonable Doubt: Volume 3 (Reasonable Doubt, #3)",book,Whitney G.,1
b4892,"Cross Fire (Alex Cross, #17)",book,James Patterson,1
b9938,"The Serpent of Venice (The Fool, #2)",book,Christopher Moore,1
b7302,Miracle in the Andes,book,"Nando Parrado, Vince Rause",1
b9745,"Not Quite Dating (Not Quite, #1)",book,Catherine Bybee,1
b7817,Twilight Watch (Watch #3),book,"Sergei Lukyanenko, Andrew Bromfield",1
b6522,Black Ice,book,Becca Fitzpatrick,1
b2051,Geek Love,book,Katherine Dunn,1
b9028,"A Grimm Warning (The Land of Stories, #3)",book,"Chris Colfer, Brandon Dorman",1
b4564,"Checkmate (Neighbor from Hell, #3)",book,R.L. Mathewson,1
b2683,"The Sins of the Father (The Clifton Chronicles, #2)",book,Jeffrey Archer,1
b7841,A Place Called Freedom,book,Ken Follett,1
b8130,Jamie at Home: Cook Your Way to the Good Life,book,Jamie Oliver,1
b3219,The Little Friend,book,Donna Tartt,1
b9529,EntreLeadership: 20 Years of Practical Business Wisdom from the Trenches,book,Dave Ramsey,1
b6457,The Miracle of Forgiveness,book,Spencer W. Kimball,1
b5719,The Yonahlossee Riding Camp for Girls,book,Anton DiSclafani,1
b9547,"The Cinderella Murder (Under Suspicion, #2)",book,"Mary Higgins Clark, Alafair Burke",1
b8548,This is Not My Hat,book,Jon Klassen,1
b2208,"Down to You (The Bad Boys, #1)",book,M. Leighton,1
b3693,"Buried Prey (Lucas Davenport, #21)",book,John Sandford,1
b1100,"Kane and Abel (Kane and Abel, #1)",book,Jeffrey Archer,1
b9728,"Bay of Sighs (The Guardians Trilogy, #2)",book,Nora Roberts,1
b3470,"The Third Option (Mitch Rapp, #4)",book,Vince Flynn,1
b5209,"Odd Apocalypse (Odd Thomas, #5)",book,Dean Koontz,1
b6878,"The Bone Bed (Kay Scarpetta, #20)",book,Patricia Cornwell,1
b6652,"Lord of the Shadows (Cirque Du Freak, #11)",book,Darren Shan,1
b6676,You Had Me At Hello,book,Mhairi McFarlane,1
b5208,"An Illustrated Life: Drawing Inspiration From The Private Sketchbooks Of Artists, Illustrators And Designers",book,Danny Gregory,1
b2784,Decision Points,book,George W. Bush,1
b8670,Darth Plagueis,book,James Luceno,1
b6951,Sacajawea (Lewis & Clark Expedition),book,Anna Lee Waldo,1
b6902,Standing for Something: 10 Neglected Virtues That Will Heal Our Hearts and Homes,book,Gordon B. Hinckley,1
b9038,Candy Girl: A Year in the Life of an Unlikely Stripper,book,Diablo Cody,1
b7666,"Chew, Vol. 2: International Flavor",book,"John Layman, Rob Guillory",1
b6201,"Princess in Training (The Princess Diaries, #6)",book,Meg Cabot,1
b4002,"The Revenge of Seven (Lorien Legacies, #5)",book,Pittacus Lore,1
b7392,Fear and Trembling,book,"Søren Kierkegaard, Alastair Hannay",1
b4966,"The Mysterious Benedict Society and the Prisoner's Dilemma (The Mysterious Benedict Society, #3)",book,"Trenton Lee Stewart, Del Roy",1
b6595,Tom's Midnight Garden,book,"Philippa Pearce, Susan Einzig",1
b968,Cleopatra: A Life,book,Stacy Schiff,1
b7204,The Little Match Girl,book,"Hans Christian Andersen, Rachel Isadora",1
b9309,The Flight of Gemma Hardy,book,Margot Livesey,1
b8903,One Up On Wall Street: How To Use What You Already Know To Make Money In The Market,book,"Peter Lynch, John Rothchild",1
b7658,Stealing Parker,book,Miranda Kenneally,1
b6390,The Te of Piglet,book,Benjamin Hoff,1
b9393,"Zero History (Blue Ant, #3)",book,William Gibson,1
b6963,Believing Christ: The Parable of the Bicycle and Other Good News,book,Stephen E. Robinson,1
b99,"Fifty Shades Darker (Fifty Shades, #2)",book,E.L. James,1
b2927,The Horse Whisperer,book,Nicholas Evans,1
b5541,"Among the Impostors (Shadow Children, #2)",book,Margaret Peterson Haddix,1
b4099,The Heroin Diaries: A Year In The Life Of A Shattered Rock Star,book,Nikki Sixx,1
b4537,Lysistrata,book,"Aristophanes, Sarah Ruden",1
b7068,Martin Eden,book,"Jack London, Andrew Sinclair",1
b7348,One False Move (Myron Bolitar #5),book,Harlan Coben,1
b791,House Rules,book,Jodi Picoult,1
b5751,I Don't Know How She Does It,book,Allison Pearson,1
b3078,The Paper Bag Princess,book,"Robert Munsch, Michael Martchenko",1
b5037,The Glass Palace,book,Amitav Ghosh,1
b7131,"Breaking Night: A Memoir of Forgiveness, Survival, and My Journey from Homeless to Harvard",book,Liz Murray,1
b8659,Bella Tuscany,book,Frances Mayes,1
b4163,God's Smuggler,book,"Brother Andrew, Elizabeth Sherrill, John Sherrill",1
b7921,2BR02B,book,Kurt Vonnegut Jr.,1
b5688,"Live by Night (Coughlin, #2)",book,Dennis Lehane,1
b2900,"Ender in Exile (Ender's Saga, #1.2)",book,Orson Scott Card,1
b6849,"Bright Side (Bright Side, #1)",book,Kim Holden,1
b7166,Big Girl Panties,book,Stephanie Evanovich,1
b3864,"Maximum Ride, Vol. 1 (Maximum Ride: The Manga, #1)",book,"James Patterson, NaRae Lee",1
b6317,The Looming Tower: Al-Qaeda and the Road to 9/11,book,Lawrence Wright,1
b3021,The Space Between Us,book,Thrity Umrigar,1
b9079,"Like a Fire Burning (The Work and the Glory, #2)",book,Gerald N. Lund,1
b8048,Cook with Jamie,book,Jamie Oliver,1
b5694,"Blood Magick (The Cousins O'Dwyer Trilogy, #3)",book,Nora Roberts,1
b9458,"Hawkeye, Volume 2: Little Hits",book,"Matt Fraction, David Aja, Francesco Francavilla, Steve Lieber, Jesse Hamm, Annie Wu, Matt Hollingsworth, Chris Eliopoulos",1
b4912,"Catch Me (Detective D.D. Warren, #6)",book,Lisa Gardner,1
b1062,"The Heir (The Selection, #4)",book,Kiera Cass,1
b3694,Love Does: Discover a Secretly Incredible Life in an Ordinary World,book,Bob Goff,1
b9759,Another Bullshit Night in Suck City,book,Nick Flynn,1
b8122,The Dry Grass of August,book,Anna Jean Mayhew,1
b2523,The Incredible Journey,book,Sheila Burnford,1
b1683,Liar's Poker,book,Michael   Lewis,1
b9339,The Protector (O'Malley #4),book,Dee Henderson,1
b4751,"Light (Gone, #6)",book,Michael  Grant,1
b5564,Thunderhead,book,"Douglas Preston, Lincoln Child",1
b8093,Dark Rivers of the Heart,book,Dean Koontz,1
b7122,"Cold Vengeance (Pendergast, #11)",book,"Douglas Preston, Lincoln Child",1
b5796,The Speed of Trust: The One Thing that Changes Everything,book,Stephen M.R. Covey,1
b4983,The Heart of the Matter,book,Graham Greene,1
b9383,"Meet Samantha: An American Girl (American Girls: Samantha, #1)",book,"Susan S. Adler, Renée Graef, Nancy Niles",1
b9758,The Complete Robot (Robot #0.3),book,Isaac Asimov,1
b9200,"Charlie Bone and the Shadow (The Children of the Red King, #7)",book,Jenny Nimmo,1
b4463,"First Family (Sean King & Michelle Maxwell, #4)",book,David Baldacci,1
b4560,"From Russia With Love (James Bond, #5)",book,Ian Fleming,1
b6863,Everything That Rises Must Converge: Stories,book,"Flannery O'Connor, Robert Fitzgerald",1
b9177,A Vintage Affair,book,Isabel Wolff,1
b8683,The Night Strangers,book,Chris Bohjalian,1
b9928,Thirteen Moons,book,Charles Frazier,1
b4197,The Motorcycle Diaries: Notes on a Latin American Journey,book,"Ernesto Che Guevara, Aleida Guevara March",1
b8573,The Catastrophic History of You and Me,book,Jess Rothenberg,1
b6726,Waiting,book,Ha Jin,1
b9316,The Healer (O'Malley #5),book,Dee Henderson,1
b4412,"The Other Wes Moore: One Name, Two Fates",book,"Wes  Moore, Tavis Smiley",1
b4905,Whiteout,book,Ken Follett,1
b2406,"The Mammoth Hunters (Earth's Children, #3)",book,Jean M. Auel,1
b2663,The Little Paris Bookshop,book,"Nina George, Simon Pare",1
b6884,"The Autobiography of Martin Luther King, Jr.",book,"Martin Luther King Jr., Clayborne Carson",1
b5110,Raymond E. Feist's Magician Master,book,"Bryan J.L. Glass, Tim Seeley, Hugo Petrus, Raymond E. Feist",1
b2583,All Fall Down,book,Jennifer Weiner,1
b3802,The Island,book,Victoria Hislop,1
b6059,"Alex Cross's Trial (Alex Cross, #15)",book,"James Patterson, Richard DiLallo",1
b3796,"Tricks (Tricks, #1)",book,Ellen Hopkins,1
b3358,The Hitchhiker's Guide to the Galaxy: A Trilogy in Four Parts,book,Douglas Adams,1
b7559,The Thing Around Your Neck,book,Chimamanda Ngozi Adichie,1
b5734,The Master Butchers Singing Club,book,Louise Erdrich,1
b2861,"Point Blank (Alex Rider, #2)",book,Anthony Horowitz,1
b1348,Horton Hears a Who!,book,Dr. Seuss,1
b6190,The Pickwick Papers,book,Charles Dickens,1
b2494,"Damned (Damned, #1)",book,Chuck Palahniuk,1
b5691,"Remember (Redemption, #2)",book,"Karen Kingsbury, Gary Smalley",1
b7257,Fargo Rock City: A Heavy Metal Odyssey in Rural North Dakota,book,Chuck Klosterman,1
b6441,The 80/20 Principle: The Secret to Achieving More with Less,book,Richard Koch,1
b6521,The Caine Mutiny,book,Herman Wouk,1
b911,Gerald's Game,book,Stephen King,1
b2311,Mr. Popper's Penguins,book,"Richard Atwater, Florence Atwater, Robert Lawson",1
b7705,"Fallen Crest Family (Fallen Crest High, #2)",book,Tijan,1
b9583,"My Soul to Steal (Soul Screamers, #4)",book,Rachel Vincent,1
b3473,"Dark Visions (Dark Visions, #1-3)",book,L.J. Smith,1
b5869,"Carry On, Warrior: Thoughts on Life Unarmed",book,Glennon Doyle Melton,1
b4598,I Never Promised You a Rose Garden,book,"Hannah  Green, Joanne Greenberg",1
b5888,"Bad Rep (Bad Rep, #1)",book,A. Meredith Walters,1
b9391,"The Nasty Bits: Collected Varietal Cuts, Usable Trim, Scraps, and Bones",book,Anthony Bourdain,1
b8935,Forgotten,book,Cat Patrick,1
b1031,A Moveable Feast,book,Ernest Hemingway,1
b5819,The Farm,book,Tom Rob Smith,1
b454,If You Give a Mouse a Cookie,book,"Laura Joffe Numeroff, Felicia Bond",1
b1749,The Death and Life of Charlie St. Cloud,book,Ben Sherwood,1
b5080,The Quiet Game,book,Greg Iles,1
b9978,The Sailor Who Fell from Grace with the Sea,book,"Yukio Mishima, John Nathan",1
b7762,Mornings in Jenin,book,Susan Abulhawa,1
b8869,"Happily Ever After (The Selection, #0.4, 0.5, 2.5, 2.6)",book,Kiera Cass,1
b2703,Hell's Angels: A Strange and Terrible Saga,book,Hunter S. Thompson,1
b5098,"Truth (Consequences, #2)",book,Aleatha Romig,1
b5687,The Readers of Broken Wheel Recommend,book,"Katarina Bivald, Alice Menzies",1
b7180,"The Vanished Man (Lincoln Rhyme, #5)",book,Jeffery Deaver,1
b8933,"Red Notice: A True Story of High Finance, Murder, and One Man’s Fight for Justice",book,Bill Browder,1
b3375,"If There Be Thorns (Dollanganger, #3)",book,V.C. Andrews,1
b8113,"A Quest of Heroes (The Sorcerer's Ring, #1)",book,Morgan Rice,1
b9406,A Redbird Christmas,book,Fannie Flagg,1
b6192,The Romanov Prophecy,book,Steve Berry,1
b8232,How Soccer Explains the World,book,Franklin Foer,1
b7003,Zodiac,book,Neal Stephenson,1
b3320,The Philosophy of Andy Warhol (From A to B and Back Again),book,Andy Warhol,1
b5245,"Twilight: The Graphic Novel, Vol. 2  (Twilight: The Graphic Novel, #2)",book,"Stephenie Meyer, Young Kim",1
b2719,"The Sorcerer in the North (Ranger's Apprentice, #5)",book,John Flanagan,1
b7489,And the Shofar Blew,book,Francine Rivers,1
b5359,"A Faint Cold Fear (Grant County, #3)",book,Karin Slaughter,1
b8504,Uncle Vanya,book,Anton Chekhov,1
b7878,Joseph Had a Little Overcoat,book,Simms Taback,1
b7032,Bonjour tristesse,book,Françoise Sagan,1
b9551,The Marvels,book,Brian Selznick,1
b150,The Red Tent,book,Anita Diamant,1
b3367,The Winner,book,David Baldacci,1
b5408,"Undone (Will Trent, #3)",book,Karin Slaughter,1
b2256,Jesus Calling: Enjoying Peace in His Presence,book,Sarah  Young,1
b4577,Memoirs of a Teenage Amnesiac,book,Gabrielle Zevin,1
b2830,"Consent to Kill (Mitch Rapp, #8)",book,Vince Flynn,1
b7992,"Never Have I Ever (The Lying Game, #2)",book,Sara Shepard,1
b6291,Lust for Life,book,Irving Stone,1
b8530,"The Fallen and Leviathan (The Fallen, #1-2)",book,Thomas E. Sniegoski,1
b5154,I Am Ozzy,book,"Ozzy Osbourne, Chris Ayres",1
b5119,Clapton: The Autobiography,book,Eric Clapton,1
b9808,The Center Cannot Hold: My Journey Through Madness,book,Elyn R. Saks,1
b7473,"204 Rosewood Lane (Cedar Cove, #2)",book,Debbie Macomber,1
b4837,"Touch & Go (Tessa Leoni, #2)",book,Lisa Gardner,1
b7210,The Necklace and Other Short Stories,book,Guy de Maupassant,1
b6063,"The Call of the Wild, White Fang and Other Stories",book,Jack London,1
b2492,The Cross and the Switchblade,book,"David Wilkerson, John Sherrill, Elizabeth Sherrill",1
b8809,The Testament of Mary,book,Colm Tóibín,1
b9467,"Night Owl (Night Owl, #1)",book,M. Pierce,1
b6808,The Passion,book,Jeanette Winterson,1
b7779,I'm with the Band: Confessions of a Groupie,book,"Pamela Des Barres, Dave Navarro",1
b8793,"A Total Waste of Makeup (Charlize Edwards, #1)",book,Kim Gruenenfelder,1
b9702,"Carry On, Mr. Bowditch",book,Jean Lee Latham,1
b2835,"Separation of Power (Mitch Rapp, #5)",book,Vince Flynn,1
b3905,The Middle Place,book,Kelly Corrigan,1
b5214,"The Archer's Tale (The Grail Quest, #1)",book,Bernard Cornwell,1
b8656,Big Fish,book,Daniel Wallace,1
b3993,First Comes Love,book,Emily Giffin,1
b5872,A Tale of Two Cities / Great Expectations,book,Charles Dickens,1
b7031,"Why We Suck: A Feel Good Guide to Staying Fat, Loud, Lazy and Stupid",book,Denis Leary,1
b7575,Double Indemnity,book,James M. Cain,1
b7086,"Common Sense, The Rights of Man and Other Essential Writings",book,"Thomas Paine, Sidney Hook, Jack Fruchtman Jr.",1
b9093,"The Lightning Thief: The Graphic Novel (Percy Jackson and the Olympians, #1)",book,"Rick Riordan, Robert Venditti, José Villarrubia, Attila Futaki",1
b3376,Owl Moon,book,"Jane Yolen, John Schoenherr",1
b5237,"Bless Me, Ultima",book,Rudolfo Anaya,1
b8498,HHhH,book,Laurent Binet,1
b3881,Vincent Van Gogh: The Complete Paintings,book,"Rainer Metzger, Ingo F. Walther",1
b7915,Every Last Word,book,Tamara Ireland Stone,1
b9050,"The Infernal Devices: Clockwork Angel (The Infernal Devices: Manga, #1)",book,"Cassandra Clare, Hye-Kyung Baek",1
b4789,The Darkest Evening of the Year,book,Dean Koontz,1
b2522,"The Hard Way (Jack Reacher, #10)",book,Lee Child,1
b2810,The Magus,book,John Fowles,1
b5530,"From Ashes (From Ashes, #1)",book,Molly McAdams,1
b9048,Harry Potter Schoolbooks Box Set: Two Classic Books from the Library of Hogwarts School of Witchcraft and Wizardry,book,J.K. Rowling,1
b7804,"The Fire (Witch & Wizard, #3)",book,"James Patterson, Jill Dembowski, Elijah Wood, Spencer Locke",1
b8786,Call for the Dead,book,John le Carré,1
b9680,"Thrive: The Third Metric to Redefining Success and Creating a Life of Well-Being, Wisdom, and Wonder",book,Arianna Huffington,1
b8312,Miracles,book,C.S. Lewis,1
b8411,Diagnostic and Statistical Manual of Mental Disorders DSM-IV-TR,book,American Psychiatric Association,1
b4585,Foundation and Chaos (Second Foundation Trilogy #2),book,Greg Bear,1
b3537,"Stone Cold (Camel Club, #3)",book,David Baldacci,1
b9517,In the Miso Soup,book,"Ryū Murakami, Ralph McCarthy",1
b8932,The Unofficial Harry Potter Cookbook: From Cauldron Cakes to Knickerbocker Glory--More Than 150 Magical Recipes for Wizards and Non-Wizards Alike (Unofficial Cookbook),book,Dinah Bucholz,1
b8806,"Warlock (Ancient Egypt, #3)",book,Wilbur Smith,1
b7501,"Post Captain (Aubrey/Maturin, #2)",book,Patrick O'Brian,1
b4748,Fish: A Proven Way to Boost Morale and Improve Results,book,"Stephen C. Lundin, Harry Paul, John Christensen, Kenneth H. Blanchard",1
b5996,A Random Walk Down Wall Street,book,Burton G. Malkiel,1
b5297,"Empress Orchid (Empress Orchid, #1)",book,Anchee Min,1
b3927,"The King (Black Dagger Brotherhood, #12)",book,J.R. Ward,1
b5975,"The Devil Colony (Sigma Force, #7)",book,James Rollins,1
b6818,The Enchantress of Florence,book,Salman Rushdie,1
b2664,Sweet Tooth,book,Ian McEwan,1
b4717,"The Shunning (The Heritage of Lancaster County, #1)",book,Beverly  Lewis,1
b7593,"This Is Water: Some Thoughts, Delivered on a Significant Occasion, about Living a Compassionate Life",book,David Foster Wallace,1
b6690,The Amber Room,book,Steve Berry,1
b4066,"The Perfect Husband (Quincy & Rainie, #1)",book,Lisa Gardner,1
b2660,As a Man Thinketh,book,James Allen,1
b5292,"The Lace Reader (The Lace Reader, #1)",book,Brunonia Barry,1
b4845,"Dawn of the Dreadfuls (Pride and Prejudice and Zombies, #0.5)",book,"Steve Hockensmith, Jane Austen, Patrick Arrasmith",1
b5070,"The China Study: The Most Comprehensive Study of Nutrition Ever Conducted And the Startling Implications for Diet, Weight Loss, And Long-term Health",book,"T. Colin Campbell, Thomas M. Campbell II",1
b930,Olive Kitteridge,book,Elizabeth Strout,1
b2212,The Confession,book,John Grisham,1
b9697,"The Finding (Law of the Lycans, #5)",book,Nicky Charles,1
b1806,Fall on Your Knees,book,Ann-Marie MacDonald,1
b7564,"Lots of Candles, Plenty of Cake",book,Anna Quindlen,1
b585,"Death Note, Vol. 1: Boredom (Death Note, #1)",book,"Tsugumi Ohba, Takeshi Obata",1
b5352,"Darke (Septimus Heap, #6)",book,"Angie Sage, Mark Zug",1
b8416,Black Elk Speaks: Being the Life Story of a Holy Man of the Oglala Sioux,book,"Black Elk, John G. Neihardt",1
b7759,"Party Princess (The Princess Diaries, #7)",book,Meg Cabot,1
b6388,Perfect You,book,Elizabeth Scott,1
b3162,The Quickie,book,"James Patterson, Michael Ledwidge",1
b7662,The Illuminatus! Trilogy,book,"Robert Shea, Robert Anton Wilson",1
b9379,Eat to Live: The Revolutionary Formula for Fast and Sustained Weight Loss,book,Joel Fuhrman,1
b4819,"Airhead (Airhead, #1)",book,Meg Cabot,1
b7860,The Way to Cook,book,Julia Child,1
b8808,"Wisdom (My Blood Approves, #4)",book,Amanda Hocking,1
b9241,"Truth Will Prevail (The Work and the Glory, #3)",book,Gerald N. Lund,1
b6229,Invasion of the Body Snatchers,book,Jack Finney,1
b8431,The Final Detail (Myron Bolitar #6),book,Harlan Coben,1
b9271,"Fools Rush In (Weddings by Bella, #1)",book,Janice  Thompson,1
b3821,"Conversations with God: An Uncommon Dialogue, Book 1",book,Neale Donald Walsch,1
b8885,The Bookseller,book,Cynthia Swanson,1
b1855,The Seven Spiritual Laws of Success: A Practical Guide to the Fulfillment of Your Dreams,book,Deepak Chopra,1
b6070,The Solitaire Mystery: A Novel About Family and Destiny,book,"Jostein Gaarder, Sarah Jane Hails",1
b7757,Say What You Will,book,Cammie McGovern,1
b3413,First Things First,book,"Stephen R. Covey, A. Roger Merrill, Rebecca R. Merrill",1
b6319,Shattered,book,"K.R. Dwyer, Dean Koontz",1
b4669,"Forever Princess (The Princess Diaries, #10)",book,Meg Cabot,1
b5082,Headhunters,book,"Jo Nesbø, Don Bartlett",1
b4923,"Unlucky 13 (Women’s Murder Club, #13)",book,"James Patterson, Maxine Paetro",1
b8733,To Build a Fire,book,Jack London,1
b4602,The Lover,book,"Marguerite Duras, Barbara Bray, Maxine Hong Kingston",1
b6589,"Iceberg (Dirk Pitt, #3)",book,Clive Cussler,1
b7436,"The Seventh Scroll (Ancient Egypt, #2)",book,Wilbur Smith,1
b835,"Naruto, Vol. 01: The Tests of the Ninja (Naruto, #1)",book,"Masashi Kishimoto, Katy Bridges",1
b9885,I'll Walk Alone,book,Mary Higgins Clark,1
b1902,The Associate,book,John Grisham,1
b6195,Amerika,book,"Franz Kafka, بهرام مقدادی",1
b3300,Calico Joe,book,John Grisham,1
b5509,"Strong Poison (Lord Peter Wimsey, #6)",book,Dorothy L. Sayers,1
b4566,With the Old Breed: At Peleliu and Okinawa,book,"Eugene B. Sledge, Paul Fussell",1
b6209,"The Lonely Hearts Club (The Lonely Hearts Club, #1)",book,Elizabeth Eulberg,1
b2538,Ordinary Grace,book,William Kent Krueger,1
b9548,"Vicious (Sinners of Saint, #1)",book,L.J. Shen,1
b4635,The Yellow Birds,book,Kevin Powers,1
b7165,"When Calls the Heart (Canadian West, #1)",book,Janette Oke,1
b7427,"Moonraker (James Bond, #3)",book,Ian Fleming,1
b9706,"Jake Undone (Jake, #1)",book,Penelope Ward,1
b9591,"Gathering Darkness (Falling Kingdoms, #3)",book,"Morgan Rhodes, Michelle Rowen",1
b7341,Learned Optimism: How to Change Your Mind and Your Life,book,Martin E.P. Seligman,1
b7566,The Fixer Upper,book,Mary Kay Andrews,1
b6394,The Fever,book,Megan Abbott,1
b5091,Winter's Bone,book,Daniel Woodrell,1
b4095,Cradle and All,book,James Patterson,1
b3842,"Thirst No. 2: Phantom, Evil Thirst, and Creatures of Forever (Thirst, #2)",book,Christopher Pike,1
b7287,"Catering to Nobody (A Goldy Bear Culinary Mystery, #1)",book,Diane Mott Davidson,1
b6236,"First Shift: Legacy (Shift, #1)",book,Hugh Howey,1
b6865,The Gun Seller,book,Hugh Laurie,1
b5148,"Angelfire (Angelfire, #1)",book,Courtney Allison Moulton,1
b5332,"Ilium (Ilium, #1)",book,Dan Simmons,1
b5885,Citizen Soldiers: The U. S. Army from the Normandy Beaches to the Bulge to the Surrender of Germany,book,Stephen E. Ambrose,1
b1847,Illusions: The Adventures of a Reluctant Messiah,book,Richard Bach,1
b9189,The Man Who Walked Between the Towers,book,Mordicai Gerstein,1
b2622,"Memorial Day (Mitch Rapp, #7)",book,Vince Flynn,1
b7221,"Eeny Meeny (Helen Grace, #1)",book,M.J. Arlidge,1
b5497,"Hunters of the Dusk (Cirque Du Freak, #7)",book,Darren Shan,1
b3880,"One with You (Crossfire, #5)",book,Sylvia Day,1
b3483,"Emperor of Thorns (The Broken Empire, #3)",book,Mark  Lawrence,1
b4729,Gnomes,book,"Rien Poortvliet, Wil Huygen",1
b9896,Turn of Mind,book,Alice LaPlante,1
b4404,The 7 Habits of Highly Effective Teens: The Ultimate Teenage Success Guide,book,Sean Covey,1
b2387,"At Home in Mitford (Mitford Years, #1)",book,Jan Karon,1
b6680,Something Like Fate,book,Susane Colasanti,1
b549,Corduroy,book,Don Freeman,1
b3736,Harry Potter Page to Screen: The Complete Filmmaking Journey,book,Bob McCabe,1
b4110,Q & A,book,Vikas Swarup,1
b5918,The Debutante Divorcee,book,Plum Sykes,1
b5078,"L.A. Candy (L.A. Candy, #1)",book,Lauren Conrad,1
b6519,The Cove  (FBI Thriller #1),book,Catherine Coulter,1
b8346,Glitter and Glue,book,Kelly Corrigan,1
b7475,"Eleventh Grade Burns (The Chronicles of Vladimir Tod, #4)",book,Heather Brewer,1
b8608,Darkest Fear (Myron Bolitar #7),book,Harlan Coben,1
b7807,"Death Note, Vol. 4: Love (Death Note, #4)",book,"Tsugumi Ohba, Takeshi Obata",1
b8280,"One Step Behind  (Kurt Wallander, #7)",book,"Henning Mankell, Ebba Segerberg",1
b2326,The Cricket in Times Square,book,"George Selden, Garth Williams",1
b2515,"Act of Treason (Mitch Rapp, #9)",book,Vince Flynn,1
b3639,"The 101 Dalmatians (The Hundred and One Dalmatians, #1)",book,"Dodie Smith, Michael Dooling",1
b8908,Mother Courage and Her Children,book,"Bertolt Brecht, David Hare",1
b1318,Post Office,book,Charles Bukowski,1
b5715,"The Venetian Betrayal (Cotton Malone, #3)",book,Steve Berry,1
b4151,Don't Waste Your Life,book,John Piper,1
b7654,"Return (Redemption, #3)",book,"Karen Kingsbury, Gary Smalley",1
b5406,"Dairy Queen (Dairy Queen, #1)",book,Catherine Gilbert Murdock,1
b2101,"The Harry Potter Collection 1-4 (Harry Potter, #1-4)",book,"J.K. Rowling, Mary GrandPré",1
b9587,The Seven Storey Mountain,book,"Thomas Merton, Robert Giroux, William H. Shannon",1
b6032,The Untethered Soul: The Journey Beyond Yourself,book,Michael A. Singer,1
b6691,"The Omen Machine (Sword of Truth, #12; Richard and Kahlan, #1)",book,Terry Goodkind,1
b4723,The Lost Painting,book,Jonathan Harr,1
b8886,The Climb: Tragic Ambitions on Everest,book,"Anatoli Boukreev, G. Weston DeWalt",1
b5396,The Improbable Adventures of Sherlock Holmes,book,"John Joseph Adams, Robert J. Sawyer, Stephen King, Michael Moorcock, Sharyn McCrumb, Stephen Baxter, Anne Perry, Barbara Hambly, Tanith Lee, Neil Gaiman, Rob Rogers, Naomi Novik, Anthony Burgess, Dominic Green, Laurie R. King, Barbara Roden, Peter Tremayne, Tim Lebbon, Bradley H. Sinor, Edward D. Hoch, Vonda N. McIntyre, Darrell Schweitzer, Mary Robinette Kowal, H.Paul Jeffers, Geoffrey A. Landis, Amy Myers, Tony Pi, Chris Roberson, Mark Valentine",1
b3461,"The Last Mile (Amos Decker, #2)",book,David Baldacci,1
b4062,QB VII,book,Leon Uris,1
b6145,The Wall of Winnipeg and Me,book,Mariana Zapata,1
b8485,The Element: How Finding Your Passion Changes Everything,book,"Ken Robinson, Lou Aronica",1
b7558,Teen Idol,book,Meg Cabot,1
b9836,"Tyrant (King, #2)",book,T.M. Frazier,1
b8997,"The Troubled Man (Kurt Wallander, #10)",book,"Henning Mankell, Laurie Thompson",1
b2635,"Act Like a Lady, Think Like a Man: What Men Really Think About Love, Relationships, Intimacy, and Commitment",book,Steve Harvey,1
b6524,The Imitation of Christ,book,"Thomas à Kempis, William Benham",1
b6172,"Heat Lightning (Virgil Flowers, #2)",book,John Sandford,1
b7745,"Perfect Scoundrels (Heist Society, #3)",book,Ally Carter,1
b9816,Neighbor Dearest,book,Penelope Ward,1
b5481,"The English Assassin (Gabriel Allon, #2)",book,Daniel Silva,1
b9229,The Fourteenth Goldfish,book,"Jennifer L. Holm, Tad Carpenter",1
b6082,California,book,Edan Lepucki,1
b7019,The Dot,book,Peter H. Reynolds,1
b8065,Another Brooklyn,book,Jacqueline Woodson,1
b9546,"Secondhand Souls (Grim Reaper, #2)",book,Christopher Moore,1
b9940,"Demon Thief (The Demonata, #2)",book,Darren Shan,1
b9370,Heart on a Chain,book,Cindy C. Bennett,1
b8011,An Enquiry Concerning Human Understanding,book,David Hume,1
b7220,Saving June,book,Hannah Harrington,1
b3540,The Elephant Vanishes,book,"Haruki Murakami, Jay Rubin, Alfred Birnbaum",1
b4875,Night School,book,"Lee Child, Dick Hill",1
b6083,Guards! Guards!: The Play,book,"Stephen Briggs, Terry Pratchett",1
b6155,Heart of Darkness and Selected Short Fiction,book,"Joseph Conrad, A. Michael Matin",1
b3753,"Harry Potter Collection (Harry Potter, #1-6)",book,J.K. Rowling,1
b8354,"Twilight (Warriors: The New Prophecy, #5)",book,Erin Hunter,1
b3043,"Wayward (Wayward Pines, #2)",book,Blake Crouch,1
b3363,Dr. Seuss's ABC: An Amazing Alphabet Book! (Bright and Early Board Books),book,Dr. Seuss,1
b2928,Why Men Love Bitches: From Doormat to Dreamgirl—A Woman's Guide to Holding Her Own in a Relationship,book,Sherry Argov,1
b9095,Shoeless Joe,book,W.P. Kinsella,1
b6949,7: An Experimental Mutiny Against Excess,book,Jen Hatmaker,1
b1707,Harriet the Spy (Harriet the Spy #1),book,Louise Fitzhugh,1
b9153,"If I Die (Soul Screamers, #5)",book,Rachel Vincent,1
b4054,Andy Goldsworthy: A Collaboration with Nature,book,Andy Goldsworthy,1
b2378,Barefoot,book,Elin Hilderbrand,1
b8276,The Awakening and Selected Stories,book,"Kate Chopin, Cynthia Brantley Johnson, Alyssa  Harad",1
b7243,"Two Graves (Pendergast, #12)",book,"Douglas Preston, Lincoln Child",1
b7975,"Numbers (Numbers, #1)",book,Rachel Ward,1
b5949,"The Green Mile, Part 1: The Two Dead Girls",book,Stephen King,1
b3167,"Executive Power (Mitch Rapp, #6)",book,Vince Flynn,1
b7274,"Fire Sea (The Death Gate Cycle, #3)",book,"Margaret Weis, Tracy Hickman",1
b4546,"Broken (Will Trent, #4)",book,Karin Slaughter,1
b5434,"Second Helpings (Jessica Darling, #2)",book,Megan McCafferty,1
b5795,The Funhouse,book,"Owen  West, Dean Koontz",1
b1238,What Is the What,book,Dave Eggers,1
b7534,Prophet,book,Frank E. Peretti,1
b795,About a Boy,book,Nick Hornby,1
b3315,My Story,book,"Elizabeth  Smart, Chris Stewart",1
b1365,The Heart is a Lonely Hunter,book,Carson McCullers,1
b8060,The Inn at Rose Harbor (Rose Harbor #1),book,Debbie Macomber,1
b6387,"The Forbidden Game (The Forbidden Game, #1-3)",book,L.J. Smith,1
b5138,Nicholas and Alexandra,book,Robert K. Massie,1
b2720,Autobiography of a Yogi,book,Paramahansa Yogananda,1
b4949,"Stolen Innocence: My Story of Growing Up in a Polygamous Sect, Becoming a Teenage Bride, and Breaking Free of Warren Jeffs",book,"Elissa Wall, Lisa Pulitzer",1
b8778,"The Hidden Child (Patrik Hedström, #5)",book,"Camilla Läckberg, Tiina Nunnally",1
b8716,An Artist of the Floating World,book,Kazuo Ishiguro,1
b1384,The Art of Happiness,book,"Dalai Lama XIV, Howard C. Cutler",1
b5604,Confederates in the Attic: Dispatches from the Unfinished Civil War,book,Tony Horwitz,1
b7994,The Five Love Languages of Children,book,"Gary Chapman, D. Ross Campbell",1
b785,"Clear and Present Danger (Jack Ryan Universe, #6)",book,Tom Clancy,1
b8556,"Firewall (Wallander, #8)",book,"Henning Mankell, Ebba Segerberg",1
b7471,Tourist Season,book,Carl Hiaasen,1
b2114,Mudbound,book,Hillary Jordan,1
b1998,The Power of a Praying Wife,book,Stormie Omartian,1
b7924,"Dexter Is Delicious (Dexter, #5)",book,Jeff Lindsay,1
b2968,"The Merchant of Death (Pendragon, #1)",book,D.J. MacHale,1
b4358,"Nine Dragons (Harry Bosch, #15; Mickey Haller, #3; Harry Bosch Universe, #18)",book,Michael Connelly,1
b9756,The Midwife of Hope River,book,Patricia Harman,1
b6591,Cloudstreet,book,Tim Winton,1
b5465,"Kissed by an Angel/The Power of Love/Soulmates (Kissed by an Angel, #1-3)",book,Elizabeth Chandler,1
b7018,"The Magical Worlds of Harry Potter: A Treasury of Myths, Legends, and Fascinating Facts",book,David Colbert,1
b9443,"Rumors of War (Children of the Promise, #1)",book,Dean Hughes,1
b6995,The Peacegiver: How Christ Offers to Heal Our Hearts and Homes,book,James L. Ferrell,1
b1870,"Running Blind (Jack Reacher, #4)",book,Lee Child,1
b1397,"The Lost Colony (Artemis Fowl, #5)",book,Eoin Colfer,1
b708,Eleven Minutes,book,"Paulo Coelho, Margaret Jull Costa",1
b6504,"Prince Lestat (The Vampire Chronicles, #11)",book,Anne Rice,1
b3989,"The Dark Elf Trilogy Collector's Edition (Forgotten Realms: Dark Elf Trilogy, #1-3; Legend of Drizzt, #1-3)",book,R.A. Salvatore,1
b6572,On Ugliness,book,Umberto Eco,1
b4971,No Ordinary Time: Franklin and Eleanor Roosevelt: The Home Front in World War II,book,Doris Kearns Goodwin,1
b3401,Who Do You Love,book,Jennifer Weiner,1
b8871,"The Fire Eternal (The Last Dragon Chronicles, #4)",book,Chris d'Lacey,1
b9081,"Molly Moon's Incredible Book of Hypnotism (Molly Moon, #1)",book,Georgia Byng,1
b9185,Roses,book,Leila Meacham,1
b6907,Never Knowing,book,Chevy Stevens,1
b5783,Island,book,Aldous Huxley,1
b5968,The Jesus I Never Knew,book,Philip Yancey,1
b8335,Ripper,book,"Isabel Allende, Oliver Brock, Frank Wynne",1
b2877,"The Complete Tales and Poems of Winnie-the-Pooh (Winnie-the-Pooh, #1-4)",book,"A.A. Milne, Ernest H. Shepard",1
b4736,The Dead Key,book,D.M. Pulley,1
b8325,A Work in Progress,book,Connor Franta,1
b9945,"Rock Bottom (Tristan & Danika, #2)",book,R.K. Lilley,1
b3613,My Name Is Asher Lev,book,Chaim Potok,1
b5750,Subterranean,book,James Rollins,1
b2586,Griffin and Sabine (Griffin & Sabine #1),book,Nick Bantock,1
b8925,"The Phoenix Project: A Novel About IT, DevOps, and Helping Your Business Win",book,"Gene Kim, Kevin Behr, George Spafford",1
b2561,Cat's Eye,book,Margaret Atwood,1
b7980,Primates of Park Avenue,book,Wednesday Martin,1
b5726,Don't You Cry,book,Mary Kubica,1
b2342,Beyond Good and Evil,book,"Friedrich Nietzsche, R.J. Hollingdale, Michael Tanner",1
b8711,"The Job (Fox and O'Hare, #3)",book,"Janet Evanovich, Lee Goldberg",1
b6071,You Are a Badass: How to Stop Doubting Your Greatness and Start Living an Awesome Life,book,Jen Sincero,1
b6392,The Twelve Chairs,book,"Ilya Ilf, Eugene Petrov, Maurice Friedberg, John H.C. Richardson",1
b4832,"Swallows and Amazons (Swallows and Amazons, #1)",book,Arthur Ransome,1
b5050,The Story of Beautiful Girl,book,Rachel Simon,1
b7282,The Summer Tree (The Fionavar Tapestry #1),book,Guy Gavriel Kay,1
b8837,"Diamonds Are Forever (James Bond, #4)",book,Ian Fleming,1
b9839,Antigone,book,Jean Anouilh,1
b8314,Dear Daughter,book,Elizabeth Little,1
b4973,The Moviegoer,book,Walker Percy,1
b7214,Violin,book,Anne Rice,1
b4794,"Indelible (Grant County, #4)",book,Karin Slaughter,1
b7623,Adrift: Seventy-Six Days Lost at Sea,book,Steven Callahan,1
b9349,"A Modern Witch (A Modern Witch, #1)",book,Debora Geary,1
b8427,The Red Garden,book,Alice Hoffman,1
b6164,"Among the Betrayed (Shadow Children, #3)",book,Margaret Peterson Haddix,1
b8013,The Book with No Pictures,book,B.J. Novak,1
b4388,"Blind Willow, Sleeping Woman",book,"Haruki Murakami, Philip Gabriel, Jay Rubin",1
b6654,The Endurance: Shackleton's Legendary Antarctic Expedition,book,Caroline Alexander,1
b7787,Silent Prey (Lucas Davenport #4),book,John Sandford,1
b1229,Stellaluna,book,Janell Cannon,1
b4402,"The Perfect Hope (Inn Boonsboro, #3)",book,Nora Roberts,1
b8515,This Time Together: Laughter and Reflection,book,Carol Burnett,1
b3050,"The Sixth Man (Sean King & Michelle Maxwell, #5)",book,David Baldacci,1
b7678,Promises to Keep,book,Jane Green,1
b4222,"My Man Jeeves (Jeeves, #1)",book,P.G. Wodehouse,1
b3009,Rich Dad's Cashflow Quadrant: Rich Dad's Guide to Financial Freedom,book,"Robert T. Kiyosaki, Sharon L. Lechter",1
b896,We Need to Talk About Kevin,book,Lionel Shriver,1
b9446,The Single Girl's To-Do List,book,Lindsey Kelk,1
b5535,Liar & Spy,book,Rebecca Stead,1
b2535,The Story of a New Name (The Neapolitan Novels #2),book,"Elena Ferrante, Ann Goldstein",1
b3047,Fox in Socks,book,Dr. Seuss,1
b7796,"The Dirty Girls Social Club (Dirty Girls, #1)",book,"Alisa Valdes, Alisa Valdes-Rodriguez",1
b7095,The Runelords (Runelords #1),book,David Farland,1
b1781,Don't Let the Pigeon Drive the Bus!,book,Mo Willems,1
b5261,"Deep Storm (Jeremy Logan, #1)",book,Lincoln Child,1
b9131,How to Fall in Love,book,Cecelia Ahern,1
b4374,Kitchens of the Great Midwest,book,J. Ryan Stradal,1
b4336,Labyrinths:  Selected Stories and Other Writings,book,"Jorge Luis Borges, Donald A. Yates, James E. Irby, André Maurois",1
b9142,The Christmas List,book,Richard Paul Evans,1
b9384,The Secret Scripture,book,Sebastian Barry,1
b6771,"Fairest (An Unfortunate Fairy Tale, #2)",book,Chanda Hahn,1
b6827,Vampires in the Lemon Grove,book,Karen Russell,1
b8756,"The Broken Window (Lincoln Rhyme, #8)",book,Jeffery Deaver,1
b1443,The Secret of the Nagas (Shiva Trilogy #2),book,Amish Tripathi,1
b8552,"Rejoice (Redemption, #4)",book,"Karen Kingsbury, Gary Smalley",1
b3190,"Extreme Measures (Mitch Rapp, #11)",book,Vince Flynn,1
b8650,"Justice, Volume 1",book,"Jim Krueger, Alex Ross, Doug Braithwaite",1
b1826,The General's Daughter,book,Nelson DeMille,1
b8338,"Hello, Cupcake",book,"Alan    Richardson, Karen Tack",1
b4919,"Even Now (Lost Love, #1)",book,Karen Kingsbury,1
b3276,"Skeleton Key (Alex Rider, #3)",book,Anthony Horowitz,1
b6177,The School of Essential Ingredients,book,Erica Bauermeister,1
b107,A Walk to Remember,book,Nicholas Sparks,1
b3997,Little Altars Everywhere,book,Rebecca Wells,1
b6759,"Indebted (The Premonition, #3)",book,Amy A. Bartol,1
b5716,"Collected Poems, 1909-1962",book,T.S. Eliot,1
b7625,"Bloodline (Sigma Force, #8)",book,James Rollins,1
b8824,"Mind Prey (Lucas Davenport, #7)",book,John Sandford,1
b8798,The Howling,book,Gary Brandner,1
b3392,Knowing God,book,J.I. Packer,1
b9086,"Luck in the Shadows (Nightrunner, #1)",book,Lynn Flewelling,1
b3603,The Checklist Manifesto: How to Get Things Right,book,Atul Gawande,1
b6061,King of the Wind: The Story of the Godolphin Arabian,book,"Marguerite Henry, Wesley Dennis",1
b1406,Winter Garden,book,Kristin Hannah,1
b9649,Ethics,book,"Baruch Spinoza, Edwin M. Curley, Stuart Hampshire, Edwin Curley",1
b5117,"Fallen (Will Trent, #5)",book,Karin Slaughter,1
b8541,"The Stone Monkey (Lincoln Rhyme, #4)",book,Jeffery Deaver,1
b9452,"The Big Nowhere (L.A. Quartet, #2)",book,James Ellroy,1
b8680,"Reunion (Redemption, #5)",book,"Karen Kingsbury, Gary Smalley",1
b786,Falling Up,book,Shel Silverstein,1
b5284,"Bad Blood (Virgil Flowers, #4)",book,John Sandford,1
b9918,"Trouble in Mudbug (Ghost-in-Law, #1)",book,Jana Deleon,1
b8875,What My Mother Doesn't Know (What My Mother Doesn't Know #1),book,Sonya Sones,1
b7721,"Savannah Blues (Weezie and Bebe Mysteries, #1)",book,Mary Kay Andrews,1
b4191,The Power of Your Subconscious Mind,book,"Joseph Murphy, Ian McMahan",1
b6670,When Rabbit Howls,book,"Truddi Chase, Robert A. Phillips Jr.",1
b7118,"White Gold Wielder (The Second Chronicles of Thomas Covenant, #3)",book,Stephen R. Donaldson,1
b9594,Don't Breathe a Word,book,Jennifer McMahon,1
b5929,Nature Girl,book,Carl Hiaasen,1
b9617,"Fame (Firstborn, #1)",book,Karen Kingsbury,1
b6147,The Onion Field,book,Joseph Wambaugh,1
b3520,"Amphigorey (Amphigorey, #1)",book,Edward Gorey,1
b7169,Pnin,book,"Vladimir Nabokov, David Lodge",1
b8889,"Beautiful Burn (The Maddox Brothers, #4)",book,Jamie McGuire,1
b8086,"Someone to Love (Someone to Love, #1)",book,Addison Moore,1
b5654,"Criminal (Will Trent, #6)",book,Karin Slaughter,1
b9511,Dune Road,book,Jane Green,1
b8917,"Her Daughter's Dream (Marta's Legacy, #2)",book,Francine Rivers,1
b5771,"Faithless (Grant County, #5)",book,Karin Slaughter,1
b9439,The Beatles: The Biography,book,Bob Spitz,1
b2812,"On the Bright Side, I'm Now the Girlfriend of a Sex God (Confessions of Georgia Nicolson, #2)",book,Louise Rennison,1
b3518,"The Secret Diary of Adrian Mole, Aged 13 3/4  (Adrian Mole, #1)",book,Sue Townsend,1
b6727,Burmese Days,book,George Orwell,1
b7707,"L.A. Requiem (Elvis Cole, #8)",book,Robert Crais,1
b9623,"Look Homeward, Angel",book,Thomas Wolfe,1
b1819,The Last Anniversary,book,Liane Moriarty,1
b7849,Gifted Hands: The Ben Carson Story,book,"Ben Carson, Cecil Murphey",1
b5501,The Postcard Killers,book,"James Patterson, Liza Marklund",1
b7822,Riptide,book,"Douglas Preston, Lincoln Child",1
b2842,"Divine Justice (Camel Club, #4)",book,David Baldacci,1
b9968,The Story of the Trapp Family Singers,book,Maria Augusta von Trapp,1
b9801,Zoya,book,Danielle Steel,1
b7342,"Desires of the Dead (The Body Finder, #2)",book,Kimberly Derting,1
b5215,Plan B: Further Thoughts on Faith,book,Anne Lamott,1
b7200,Making Ideas Happen: Overcoming the Obstacles Between Vision and Reality,book,Scott Belsky,1
b2559,Portnoy's Complaint,book,"Philip Roth, Luca Marinelli",1
b3786,"Protect and Defend (Mitch Rapp, #10)",book,Vince Flynn,1
b9913,A Thousand Boy Kisses,book,Tillie Cole,1
b8967,"Promised (One Night, #1)",book,Jodi Ellen Malpas,1
b1599,Night Road,book,Kristin Hannah,1
b4834,How to Build a Girl,book,Caitlin Moran,1
b8760,The Three Sisters,book,Anton Chekhov,1
b4975,"11 Birthdays (Willow Falls, #1)",book,Wendy Mass,1
b2098,"God Bless You, Mr. Rosewater",book,Kurt Vonnegut Jr.,1
b6832,The Judgment of Paris: The Revolutionary Decade That Gave the World Impressionism,book,Ross King,1
b6872,"Flaskepost fra P (Afdeling Q, #3)",book,Jussi Adler-Olsen,1
b3353,Sylvester and the Magic Pebble,book,William Steig,1
b3062,"Nudge: Improving Decisions About Health, Wealth, and Happiness",book,"Richard H. Thaler, Cass R. Sunstein",1
b8333,"The Secret Race: Inside the Hidden World of the Tour de France: Doping, Cover-ups, and Winning at All Costs",book,"Tyler Hamilton, Daniel Coyle",1
b7738,The Johnstown Flood,book,David McCullough,1
b1441,My Life in France,book,"Julia Child, Alex Prud'Homme",1
b2419,Of Love and Other Demons,book,Gabriel García Márquez,1
b8624,"Rough Country (Virgil Flowers, #3)",book,John Sandford,1
b8099,"A Ring of Endless Light (Austin Family, #4)",book,Madeleine L'Engle,1
b5285,"Jesus Freaks: Stories of Those Who Stood for Jesus, the Ultimate Jesus Freaks (Jesus Freaks, #1)",book,"D.C. Talk, The Voice of the Martyrs",1
b4536,"Losing My Virginity: How I've Survived, Had Fun, and Made a Fortune Doing Business My Way",book,Richard Branson,1
b7720,Grandfather's Journey,book,Allen Say,1
b7332,Wicca: A Guide for the Solitary Practitioner,book,Scott Cunningham,1
b5845,The Proper Care and Feeding of Husbands,book,Laura C. Schlessinger,1
b2903,The Power of Myth,book,"Joseph Campbell, Bill Moyers",1
b3455,"The Lake House (When the Wind Blows, #2)",book,James Patterson,1
b7099,"The Sentry (Elvis Cole, #14; Joe Pike, #3)",book,Robert Crais,1
b3623,Zoo,book,"James Patterson, Michael Ledwidge",1
b5876,"The Teeth of the Tiger (Jack Ryan Universe, #12)",book,Tom Clancy,1
b8068,The Face of Fear,book,"Brian Coffey, Dean Koontz",1
b9503,"Out of Egypt (Christ the Lord, #1)",book,Anne Rice,1
b3312,Pretty Baby,book,Mary Kubica,1
b6437,Unveiled: Tamar (Lineage of Grace #1),book,Francine Rivers,1
b60,The Curious Incident of the Dog in the Night-Time,book,Mark Haddon,1
b438,What Alice Forgot,book,Liane Moriarty,1
b9138,"Blue is for Nightmares (Blue is for Nightmares, #1)",book,Laurie Faria Stolarz,1
b1742,"Shiloh (Shiloh, #1)",book,Phyllis Reynolds Naylor,1
b8418,"The Sleeping Doll (Kathryn Dance, #1)",book,Jeffery Deaver,1
b2473,Radical: Taking Back Your Faith from the American Dream,book,David Platt,1
b8784,"Showdown (Paradise, #1)",book,Ted Dekker,1
b8575,"Leven Thumps and the Eyes of the Want (Leven Thumps, #3)",book,Obert Skye,1
b3477,"Pandora (New Tales of the Vampires, #1)",book,Anne Rice,1
b3371,"The Last Town (Wayward Pines, #3)",book,Blake Crouch,1
b9374,"Dream Team: How Michael, Magic, Larry, Charles, and the Greatest Team of All Time Conquered the World and Changed the Game of Basketball Forever",book,Jack McCallum,1
b8537,Almost French: Love and a New Life in Paris,book,Sarah Turnbull,1
b2786,"Julie of the Wolves (Julie of the Wolves, #1)",book,"Jean Craighead George, John Schoenherr",1
b484,Choke,book,Chuck Palahniuk,1
b7297,All But My Life: A Memoir,book,Gerda Weissmann Klein,1
b7089,"Goldfinger (James Bond, #7)",book,Ian Fleming,1
b6531,"The Initiation / The Captive Part I (The Secret Circle, #1-2)",book,L.J. Smith,1
b8921,"Meg (MEG, #1)",book,Steve Alten,1
b8533,The Cake Bible,book,"Rose Levy Beranbaum, Maria Guarnaschelli, Vincent Lee, Manuela Paul, Dean G. Bornstein",1
b7211,Void Moon,book,Michael Connelly,1
b6764,Waiting to Be Heard: A Memoir,book,Amanda Knox,1
b9713,"The Wild Ones (The Wild Ones, #1)",book,M. Leighton,1
b8956,"One Day at Horrorland (Goosebumps, #16)",book,R.L. Stine,1
b3490,"The Escape (John Puller, #3)",book,David Baldacci,1
b9656,"Vampire, Interrupted (Argeneau #9)",book,Lynsay Sands,1
b6969,"The Mind Readers (Mind Readers, #1)",book,Lori Brighton,1
b3784,"The Target (Will Robie, #3)",book,David Baldacci,1
b1843,Prep,book,Curtis Sittenfeld,1
b6539,One Door Away from Heaven,book,Dean Koontz,1
b7236,"All-of-a-Kind Family (All-of-a-Kind Family, #1)",book,Sydney Taylor,1
b6393,"Chicken Soup for the Teenage Soul: 101 Stories of Life, Love and Learning (Chicken Soup for the Soul)",book,"Jack Canfield, Mark Victor Hansen, Kimberly Kirberger",1
b2865,"The Gashlycrumb Tinies (The Vinegar Works, #1)",book,Edward Gorey,1
b8654,Gentlemen of the Road,book,"Michael Chabon, Gary Gianni",1
b3713,Beach Road,book,"James Patterson, Peter de Jonge",1
b3581,Gravity's Rainbow,book,Thomas Pynchon,1
b7162,The Ice Limit (Ice Limit #1),book,"Douglas Preston, Lincoln Child",1
b8848,Kaleidoscope,book,Danielle Steel,1
b6573,How to Talk to Anyone: 92 Little Tricks for Big Success in Relationships,book,Leil Lowndes,1
b5294,The Lone Ranger and Tonto Fistfight in Heaven,book,Sherman Alexie,1
b9910,The Discoverers: A History of Man's Search to Know His World and Himself,book,Daniel J. Boorstin,1
b3203,Good Faeries/Bad Faeries,book,"Brian Froud, Terry Windling",1
b8266,"Bloodlust (The Vampire Diaries: Stefan's Diaries, #2)",book,"L.J. Smith, Kevin Williamson, Julie Plec",1
b6615,Herzog,book,"Saul Bellow, Philip Roth",1
b9348,Promise Not to Tell,book,Jennifer McMahon,1
b8596,"Chasing Darkness (Elvis Cole, #12)",book,Robert Crais,1
b4796,Be Here Now,book,"Ram Dass, Richard Alpert",1
b8576,Killing Reagan: The Violent Assault That Changed a Presidency,book,"Bill O'Reilly, Martin Dugard",1
b306,She's Come Undone,book,Wally Lamb,1
b4558,He Chose the Nails,book,Max Lucado,1
b2789,The Matarese Circle (Matarese #1),book,Robert Ludlum,1
b9111,Maximum City: Bombay Lost and Found,book,Suketu Mehta,1
b905,Cloudy With a Chance of Meatballs,book,"Judi Barrett, Ron Barrett",1
b8334,"Doctor No (James Bond, #6)",book,Ian Fleming,1
b7592,The Unabridged Journals of Sylvia Plath,book,"Sylvia Plath, Karen V. Kukil",1
b9437,The Obituary Writer,book,Ann Hood,1
b4342,The Oath,book,Frank E. Peretti,1
b1444,Ham on Rye,book,Charles Bukowski,1
b4333,The Red Badge of Courage and Selected Short Fiction  ,book,"Stephen Crane, George Stade, Richard Fusco",1
b9825,Trouble,book,Samantha Towle,1
b9405,The Promise,book,Danielle Steel,1
b9223,La vida del Lazarillo de Tormes,book,Anonymous,1
b8309,Fences (The Century Cycle #6),book,August Wilson,1
b3089,"Eagle Strike (Alex Rider, #4)",book,Anthony Horowitz,1
b4126,"Fallout (Crank, #3)",book,Ellen Hopkins,1
b8962,"Twelfth Grade Kills (The Chronicles of Vladimir Tod, #5)",book,Heather Brewer,1
b2729,Twenty Love Poems and a Song of Despair,book,"Pablo Neruda, W.S. Merwin, Cristina García",1
b7015,"The Little Sisters of Eluria (The Dark Tower, #0.5)",book,"Stephen King, Michael Whelan",1
b8446,Basket Case,book,Carl Hiaasen,1
b2953,Super Sad True Love Story,book,Gary Shteyngart,1
b8137,F*ck Love,book,Tarryn Fisher,1
b2539,Last Man Standing,book,David Baldacci,1
b9375,Influencer: The Power to Change Anything,book,"Kerry Patterson, Joseph Grenny, David Maxfield, Ron McMillan, Al Switzler",1
b8171,Altar of Eden,book,James Rollins,1
b4785,"The Art Spirit: Notes, Articles, Fragments of Letters and Talks to Students, Bearing on the Concept and Technique of Picture Making, the Study of Art (Icon Editions)",book,"Robert Henri, Forbes Watson, Margery A. Ryerson",1
b7441,Lucky Us,book,Amy Bloom,1
b8490,Halo: The Flood,book,William C. Dietz,1
b6584,"The One You Love (Emma Holden Suspense Mystery, #1)",book,Paul Pilkington,1
b9115,"Gideon's Sword (Gideon Crew, #1)",book,"Douglas Preston, Lincoln Child",1
b2223,"The Eagle Has Landed (Liam Devlin, #1)",book,Jack Higgins,1
b3175,"Odd Hours (Odd Thomas, #4)",book,Dean Koontz,1
b9815,Martha Stewart's Cupcakes: 175 Inspired Ideas for Everyone's Favorite Treat,book,Martha Stewart,1
b7962,"The Submissive (Submissive, #1)",book,Tara Sue Me,1
b6506,The Gift,book,Cecelia Ahern,1
b6112,Gorillas in the Mist,book,Dian Fossey,1
b7059,Grace (Eventually): Thoughts on Faith,book,Anne Lamott,1
b5314,"Run for Your Life (Michael Bennett, #2)",book,"James Patterson, Michael Ledwidge",1
b9484,"The Abduction (Theodore Boone, #2)",book,John Grisham,1
b2389,"Scorpia (Alex Rider, #5)",book,Anthony Horowitz,1
b9540,In the Penal Colony,book,Franz Kafka,1
b6791,A Complicated Kindness,book,Miriam Toews,1
b8879,Wiseguy,book,Nicholas Pileggi,1
b2531,"The Black Circle (The 39 Clues, #5)",book,Patrick Carman,1
b8470,"The Ghost Road (Regeneration, #3)",book,Pat Barker,1
b8361,A Bend in the River,book,V.S. Naipaul,1
b111,The Memory Keeper's Daughter,book,Kim Edwards,1
b4134,"The Killing Game (Eve Duncan, #2)",book,Iris Johansen,1
b1491,"The Strain (The Strain Trilogy, #1)",book,"Guillermo del Toro, Chuck Hogan",1
b4088,"The Twilight Saga: The Official Illustrated Guide (Twilight, #4.5)",book,Stephenie Meyer,1
b8225,"Princess on the Brink (The Princess Diaries, #8)",book,Meg Cabot,1
b6185,"Secret Prey (Lucas Davenport, #9)",book,John Sandford,1
b3836,"The Magic Faraway Tree (The Faraway Tree, #2)",book,Enid Blyton,1
b3511,Eva Luna,book,"Isabel Allende, Margaret Sayers Peden",1
b8671,"The Rainbow Comes and Goes: A Mother and Son On Life, Love, and Loss",book,"Anderson Cooper, Gloria Vanderbilt",1
b7604,"The Quantum Thief (Jean le Flambeur, #1)",book,Hannu Rajaniemi,1
b557,The Virgin Suicides,book,Jeffrey Eugenides,1
b4005,Good Grief,book,Lolly Winston,1
b2111,Batman: Arkham Asylum - A Serious House on Serious Earth,book,"Grant Morrison, Dave McKean",1
b8992,I Am Not Myself These Days,book,Josh Kilmer-Purcell,1
b8991,"Fallen Crest Public (Fallen Crest High, #3)",book,Tijan,1
b5732,"The Ring of Solomon (Bartimaeus, #0.5)",book,"Jonathan Stroud, Simon  Jones",1
b7331,Pretty in Plaid,book,Jen Lancaster,1
b5168,"Siege of Darkness (Forgotten Realms: Legacy of the Drow, #3; Legend of Drizzt, #9)",book,R.A. Salvatore,1
b7727,"Living Buddha, Living Christ",book,Thich Nhat Hanh,1
b1999,Tropic of Cancer,book,Henry Miller,1
b7351,"Trojan Odyssey (Dirk Pitt, #17)",book,Clive Cussler,1
b4154,"Book of Mormon, Doctrine and Covenants, Pearl of Great Price",book,The Church of Jesus Christ of Latter-day Saints,1
b3214,"Pursuit of Honor (Mitch Rapp, #12)",book,Vince Flynn,1
b3895,Willow,book,Julia Hoban,1
b8800,Scat,book,Carl Hiaasen,1
b5454,Merle's Door: Lessons from a Freethinking Dog,book,Ted Kerasote,1
b8972,"The Cold Moon (Lincoln Rhyme, #7)",book,Jeffery Deaver,1
b5692,"Alex Cross, Run (Alex Cross, #20)",book,James Patterson,1
b8397,Ice Hunt,book,James Rollins,1
b3058,"Gone (Quincy & Rainie, #5)",book,Lisa Gardner,1
b5241,Silk,book,Alessandro Baricco,1
b888,Harold and the Purple Crayon,book,Crockett Johnson,1
b9849,"The Wolves of Willoughby Chase (The Wolves Chronicles, #1)",book,"Joan Aiken, Pat Marriott",1
b7765,"Ex-Heroes (Ex-Heroes, #1)",book,Peter Clines,1
b4606,Paula,book,Isabel Allende,1
b6525,"Avoiding Responsibility (Avoiding, #2)",book,K.A. Linde,1
b5569,The Monkey's Paw (Oxford Bookworms),book,"Diane Mowat, W.W. Jacobs",1
b7956,"Always You (Best Friend, #1)",book,Kirsty Moseley,1
b9908,Homo Faber,book,Max Frisch,1
b2368,Gap Creek,book,Robert Morgan,1
b5060,"Bite Club (The Morganville Vampires, #10)",book,Rachel Caine,1
b3914,"Best Kept Secret (The Clifton Chronicles, #3)",book,Jeffrey Archer,1
b8528,Oogy: The Dog Only a Family Could Love,book,Larry Levin,1
b4052,"Seeds of Yesterday (Dollanganger, #4)",book,V.C. Andrews,1
b4260,Eat That Frog!: 21 Great Ways to Stop Procrastinating and Get More Done in Less Time,book,Brian Tracy,1
b7711,Fahrenheit 451: The Authorized Adaptation,book,"Tim Hamilton, Ray Bradbury",1
b4382,The Murder House,book,"James Patterson, David Ellis",1
b6581,"Passage to Dawn (Forgotten Realms: Legacy of the Drow, #4; Legend of Drizzt, #10)",book,R.A. Salvatore,1
b1198,A Little Life,book,Hanya Yanagihara,1
b3049,The Teachings of Don Juan: A Yaqui Way of Knowledge ,book,Carlos Castaneda,1
b7953,Sleepwalk With Me and Other Painfully True Stories,book,Mike Birbiglia,1
b9388,"Night Prey (Lucas Davenport, #6)",book,John Sandford,1
b4049,"Earth Unaware (The First Formic War, #1)",book,"Orson Scott Card, Aaron Johnston",1
b8289,The Confessions of Nat Turner,book,William Styron,1
b6402,"You Know You Love Me (Gossip Girl, #2)",book,Cecily von Ziegesar,1
b1603,The Story of Ferdinand,book,"Munro Leaf, Robert Lawson",1
b6718,Be Careful What You Wish For,book,Alexandra Potter,1
b7746,When the Game Was Ours,book,"Larry Bird, Earvin Johnson, Jackie MacMullan",1
b1746,Hide and Seek,book,James Patterson,1
b3398,The Ugly Duckling,book,"Hans Christian Andersen, Jerry Pinkney",1
b4201,Officer Buckle & Gloria,book,Peggy Rathmann,1
b9396,The Wicked Girls,book,Alex Marwood,1
b2119,"The Magicians' Guild (Black Magician Trilogy, #1)",book,Trudi Canavan,1
b8237,"Blue Labyrinth (Pendergast, #14)",book,"Douglas Preston, Lincoln Child",1
b4884,Lethal,book,Sandra Brown,1
b4307,We Are Not Ourselves,book,Matthew  Thomas,1
b1755,"If Tomorrow Comes (Tracy Whitney Series, #1)",book,Sidney Sheldon,1
b3945,Total Control,book,David Baldacci,1
b5554,"To Green Angel Tower, Part 2 (Memory, Sorrow, and Thorn, #3; Part 2)",book,Tad Williams,1
b5109,"Chosen Prey (Lucas Davenport, #12)",book,John Sandford,1
b9670,Trump: The Art of the Deal,book,"Donald J. Trump, Tony Schwartz",1
b2909,"In Too Deep (The 39 Clues, #6)",book,Jude Watson,1
b9935,"Broken Prey (Lucas Davenport, #16)",book,John Sandford,1
b3369,"Ark Angel (Alex Rider, #6)",book,Anthony Horowitz,1
b3886,"The Cay (The Cay, #1)",book,Theodore Taylor,1
b8318,"The Secret Speech (Leo Demidov, #2)",book,Tom Rob Smith,1
b2162,An Object of Beauty,book,Steve Martin,1
b6439,The Third Twin,book,Ken Follett,1
b9890,The Vision,book,Dean Koontz,1
b7317,Private Peaceful,book,Michael Morpurgo,1
b5206,Sick Puppy,book,Carl Hiaasen,1
b1573,A Painted House,book,John Grisham,1
b9615,Snowflake Bentley,book,"Jacqueline Briggs Martin, Mary Azarian",1
b2690,"The Short Drop (Gibson Vaughn, #1)",book,Matthew FitzSimmons,1
b9237,"The Interpretation of Murder (Freud, #1)",book,Jed Rubenfeld,1
b2058,My Grandmother Asked Me to Tell You She's Sorry,book,"Fredrik Backman, Henning Koch",1
b8540,"Summer and the City (The Carrie Diaries, #2)",book,Candace Bushnell,1
b1389,Diary,book,Chuck Palahniuk,1
b8177,Halo: First Strike,book,Eric S. Nylund,1
b4618,"Hell's Corner (Camel Club, #5)",book,David Baldacci,1
b7601,"Sweetheart (Archie Sheridan & Gretchen Lowell, #2)",book,Chelsea Cain,1
b5551,The Feast of the Goat,book,"Mario Vargas Llosa, Edith Grossman",1
b3664,"Snakehead (Alex Rider, #7)",book,Anthony Horowitz,1
b3348,The Little House,book,Virginia Lee Burton,1
b1635,"Click, Clack, Moo: Cows That Type",book,"Doreen Cronin, Betsy Lewin",1
b9489,"Rainbow Boys (Rainbow Trilogy, #1)",book,Alex   Sanchez,1
b6586,Figure Drawing for All It's Worth (How to draw and paint),book,Andrew Loomis,1
b9735,"Lines of Departure (Frontlines, #2)",book,Marko Kloos,1
b8408,Kiss of Snow (Psy-Changeling #10),book,Nalini Singh,1
b8270,Percy Jackson & the Olympians:  The Ultimate Guide,book,"Mary-Jane Knight, Rick Riordan",1
b4274,A Piece of Cake,book,Cupcake Brown,1
b4628,Er ist wieder da,book,Timur Vermes,1
b9407,The Haj,book,Leon Uris,1
b8279,Peak (Peak #1),book,Roland Smith,1
b6535,Equus,book,Peter Shaffer,1
b3028,Sarum: The Novel of England,book,Edward Rutherfurd,1
b8855,"Screw It, Let's Do It: Lessons In Life",book,Richard Branson,1
b3196,Chicken Soup for the Soul,book,"Jack Canfield, Mark Victor Hansen",1
b5378,Under the Volcano,book,Malcolm Lowry,1
b2495,Rules,book,Cynthia Lord,1
b3370,Momo,book,Michael Ende,1
b989,The Day of the Jackal,book,Frederick Forsyth,1
b8371,"The Green Mile, Part 4: The Bad Death of Eduard Delacroix",book,Stephen King,1
b3749,"Sweet Peril (Sweet, #2)",book,Wendy Higgins,1
b8951,"The Ear, the Eye, and the Arm",book,Nancy Farmer,1
b5995,The Dance Of Anger: A Woman's Guide to Changing the Patterns of Intimate Relationships,book,Harriet Lerner,1
b6094,Ghost Boy,book,"Martin Pistorius, Megan Lloyd Davies",1
b8877,The Lady & Sons Savannah Country Cookbook,book,"Paula H. Deen, John Berendt",1
b8264,"Flood Tide (Dirk Pitt, #14)",book,Clive Cussler,1
b9980,The Measure of a Lady,book,Deeanne Gist,1
b7830,"Shock Wave (Dirk Pitt, #13)",book,Clive Cussler,1
b8884,"Evil at Heart (Archie Sheridan & Gretchen Lowell, #3)",book,Chelsea Cain,1
b4086,"Crazy Little Thing (Bell Harbor, #1)",book,Tracy Brogan,1
b8133,"Certain Prey (Lucas Davenport, #10)",book,John Sandford,1
b7017,"The First Rule (Elvis Cole, #13; Joe Pike, #2)",book,Robert Crais,1
b6957,Bridge to Haven,book,Francine Rivers,1
b9518,"Counterfeit Gods: The Empty Promises of Money, Sex, and Power, and the Only Hope that Matters",book,Timothy J. Keller,1
b9871,"Black Cherry Blues (Dave Robicheaux, #3)",book,James Lee Burke,1
b8968,Bruiser,book,Neal Shusterman,1
b5731,Pete the Cat: I Love My White Shoes,book,"Eric Litwin, James Dean",1
b5986,Avatar: The Last Airbender: The Lost Adventures,book,"Bryan Konietzko, Michael Dante DiMartino, Aaron Ehasz, Alison Wilgus, Amy Kim Ganter, Brian Ralph, Corey Lewis, Dave Roman, Elsa Garagarza, Ethan Spaulding, Frank Pittarese, Gurihiru, J. Torres, Joaquim Dos Santos, Johane Matte, John O'Bryan, Joshua Hamilton, Justin Ridge, Kaite Mattila, May Chan, Rawles Marie Lumumba, Reagan Lodge, Tim Hedrick, Tom McWeeney",1
b1909,Someone Knows My Name,book,Lawrence Hill,1
b6377,"The Confessor (Gabriel Allon, #3)",book,Daniel Silva,1
b6549,"Secrets to the Grave (Oak Knoll, #2)",book,Tami Hoag,1
b9049,Zami: A New Spelling of My Name,book,Audre Lorde,1
b2354,Judge & Jury,book,"James Patterson, Andrew Gross",1
b1237,The Shell Seekers,book,Rosamunde Pilcher,1
b7304,"Among the Barons (Shadow Children, #4)",book,Margaret Peterson Haddix,1
b5212,The Creative License: Giving Yourself Permission to Be The Artist You Truly Are,book,Danny Gregory,1
b6151,"Beyond Reach (Grant County, #6)",book,Karin Slaughter,1
b4116,Billy Lynn's Long Halftime Walk,book,Ben Fountain,1
b5011,Delicious!,book,Ruth Reichl,1
b5275,The Power of Art,book,Simon Schama,1
b8067,Mount Dragon,book,"Douglas Preston, Lincoln Child",1
b7146,"The Google Story: Inside the Hottest Business, Media, and Technology Success of Our Time",book,David A. Vise,1
b4721,The Prodigal God: Recovering the Heart of the Christian Faith,book,Timothy J. Keller,1
b8385,Tigers in Red Weather,book,Liza Klaussmann,1
b1754,"The Mortal Instruments Boxed Set: City of Bones; City of Ashes; City of Glass (The Mortal Instruments, #1-3)",book,Cassandra Clare,1
b5743,The Key to Rebecca,book,Ken Follett,1
b3501,Angry Housewives Eating Bon Bons,book,Lorna Landvik,1
b7080,Icebound,book,"David Axton, Dean Koontz",1
b4715,Velvet Elvis: Repainting the Christian Faith,book,Rob Bell,1
b7880,"Princess Mia (The Princess Diaries, #9)",book,Meg Cabot,1
b4888,"Garden of Shadows (Dollanganger, #5)",book,V.C. Andrews,1
b1661,Secret Daughter,book,Shilpi Somaya Gowda,1
b8296,Awakening the Buddha Within: Tibetan Wisdom for the Western World,book,Lama Surya Das,1
b1916,"The Mouse and the Motorcycle (Ralph S. Mouse, #1)",book,"Beverly Cleary, Louis Darling, Tracy Dockray",1
b967,The Dark Half,book,Stephen King,1
b5164,"14th Deadly Sin (Women’s Murder Club, #14)",book,"James Patterson, Maxine Paetro",1
b7985,The Art of Seduction,book,Robert Greene,1
b8337,Fifth Business,book,Robertson Davies,1
b1421,A Long Way Down,book,Nick Hornby,1
b4663,The Irresistible Revolution: Living as an Ordinary Radical,book,Shane Claiborne,1
b8477,"The Worst Witch (Worst Witch, #1)",book,Jill Murphy,1
b7577,Presentation Zen: Simple Ideas on Presentation Design and Delivery,book,Garr Reynolds,1
b2496,Swamplandia!,book,Karen Russell,1
b3851,"The Lion's Game (John Corey, #2)",book,Nelson DeMille,1
b8715,The Eye of God (Sigma Force #9),book,James Rollins,1
b9147,"The Green Mile, Part 3: Coffey's Hands",book,Stephen King,1
b9878,The Honest Truth About Dishonesty: How We Lie to Everyone - Especially Ourselves,book,Dan Ariely,1
b8072,Wait Till Helen Comes,book,Mary Downing Hahn,1
b5578,The Nix,book,Nathan  Hill,1
b1500,"A Wild Sheep Chase (The Rat, #3)",book,"Haruki Murakami, Alfred Birnbaum",1
b3669,A Course in Miracles,book,Foundation for Inner Peace,1
b6953,"Avatar: The Last Airbender (The Rift, #1)",book,"Gene Luen Yang, Michael Dante DiMartino, Bryan Konietzko, Gurihiru",1
b9638,"Day 21 (The 100, #2)",book,Kass Morgan,1
b7674,"Requiem (Providence, #2)",book,Jamie McGuire,1
b8807,What I Know for Sure,book,Oprah Winfrey,1
b9203,"Batman: No Man's Land, Vol. 1",book,"Bob Gale, Devin Grayson, Alex Maleev, Dale Eaglesham",1
b6518,"Food Inc.: A Participant Guide: How Industrial Food is Making Us Sicker, Fatter, and Poorer-And What You Can Do About It",book,Karl Weber,1
b6213,Disclaimer,book,Renée Knight,1
b2195,"Inkdeath (Inkworld, #3)",book,Cornelia Funke,1
b1537,"The Boleyn Inheritance (The Plantagenet and Tudor Novels, #10)",book,Philippa Gregory,1
b8529,"American Tabloid (Underworld USA, #1)",book,James Ellroy,1
b8386,Hornet Flight,book,Ken Follett,1
b5962,"If You're Reading This, It's Too Late (Secret, #2)",book,"Pseudonymous Bosch, Gilbert Ford",1
b7466,Tyrannosaur Canyon (Wyman Ford #1),book,Douglas Preston,1
b2756,"The Viper's Nest (39 Clues, #7)",book,Peter Lerangis,1
b5678,Our Man in Havana,book,Graham Greene,1
b1458,Corelli's Mandolin,book,Louis de Bernières,1
b7684,The Gift,book,Danielle Steel,1
b5816,Why Mosquitoes Buzz in People's Ears,book,"Verna Aardema, Leo Dillon, Diane Dillon",1
b876,Curious George,book,H.A. Rey,1
b8777,"The Dangerous Days of Daniel X (Daniel X, #1)",book,"James Patterson, Michael Ledwidge",1
b9420,"Knight & Stay (Knight, #2)",book,Kitty French,1
b6263,"The Compound (The Compound, #1)",book,S.A. Bodeen,1
b1279,Hoot,book,Carl Hiaasen,1
b6051,"United We Spy (Gallagher Girls, #6)",book,Ally Carter,1
b8831,Assata: An Autobiography,book,"Assata Shakur, Angela Y. Davis, Lennox S. Hinds",1
b1299,Still Life with Woodpecker,book,Tom Robbins,1
b5169,"Perfect (Impulse, #2)",book,Ellen Hopkins,1
b1596,Gray Mountain,book,John Grisham,1
b4528,The Key to Midnight,book,"Leigh Nichols, Dean Koontz",1
b3951,The Cost of Discipleship,book,Dietrich Bonhoeffer,1
b6415,"The Game Changer (The Perfect Game, #2)",book,J. Sterling,1
b8189,Fear of Flying,book,Erica Jong,1
b5320,Please Ignore Vera Dietz,book,A.S. King,1
b6888,The Codex,book,Douglas Preston,1
b7644,Chesapeake,book,James A. Michener,1
b8356,The Second Assistant: A Tale from the Bottom of the Hollywood Ladder,book,"Clare Naylor, Mimi Hare",1
b6815,"The Fate of Ten (Lorien Legacies, #6)",book,Pittacus Lore,1
b9100,A Walk Across America,book,Peter Jenkins,1
b9688,The Places That Scare You: A Guide to Fearlessness in Difficult Times,book,Pema Chödrön,1
b8829,"The Green Mile, Part 2: The Mouse on the Mile",book,Stephen King,1
b665,"The Passage (The Passage, #1)",book,Justin Cronin,1
b9731,Double Whammy,book,Carl Hiaasen,1
b4755,Winter's Tale,book,Mark Helprin,1
b8467,"Silken Prey (Lucas Davenport, #23)",book,John Sandford,1
b7054,"Sons of Destiny (Cirque Du Freak, #12)",book,Darren Shan,1
b7928,Rapunzel,book,Paul O. Zelinsky,1
b9256,"Sometimes Never (Sometimes Never, #1)",book,Cheryl McIntyre,1
b299,Heaven is for Real: A Little Boy's Astounding Story of His Trip to Heaven and Back,book,"Todd Burpo, Lynn Vincent",1
b9466,"Independence (Significance, #4)",book,Shelly Crane,1
b8402,"Archangel's Blade (Guild Hunter, #4)",book,Nalini Singh,1
b4420,Natchez Burning,book,Greg Iles,1
b7722,Excavation,book,James Rollins,1
b8443,"The Lost Saint (The Dark Divine, #2)",book,Bree Despain,1
b3929,"The Crossing (The Border Trilogy, #2)",book,Cormac McCarthy,1
b4344,The Day the Crayons Quit,book,"Drew Daywalt, Oliver Jeffers",1
b8759,"Dust (Kay Scarpetta, #21)",book,Patricia Cornwell,1
b4861,Searching for God Knows What,book,Donald Miller,1
b4056,"The Last Man (Mitch Rapp, #13)",book,Vince Flynn,1
b8258,Cop Town,book,Karin Slaughter,1
b2439,Way of the Peaceful Warrior: A Book That Changes Lives,book,Dan Millman,1
b9413,Anti-Stepbrother,book,Tijan,1
b924,The Marriage Plot,book,Jeffrey Eugenides,1
b9430,Fine Things,book,Danielle Steel,1
b6334,The Cat in the Hat Comes Back,book,Dr. Seuss,1
b6824,Van Gogh: The Life,book,"Steven Naifeh, Gregory White Smith",1
b1247,Rosemary's Baby,book,Ira Levin,1
b8483,"Conquer Your Love (Surrender Your Love, #2)",book,J.C. Reed,1
b7426,"Skin Tight (Mick Stranahan, #1)",book,Carl Hiaasen,1
b1125,2 States: The Story of My Marriage,book,Chetan Bhagat,1
b7683,What to Expect the First Year (What to Expect),book,"Heidi Murkoff, Sharon Mazel, Heidi Murkoff, Arlene Eisenberg, Sandee Hathaway, Mark D. Widome",1
b8937,Lady Cottington's Pressed Fairy Book,book,"Terry Jones, Brian Froud",1
b7763,The Nanny,book,Melissa Nathan,1
b5391,"The Boyfriend List: 15 Guys, 11 Shrink Appointments, 4 Ceramic Frogs and Me, Ruby Oliver (Ruby Oliver, #1)",book,E. Lockhart,1
b919,The Shipping News,book,Annie Proulx,1
b9336,"Final Jeopardy (Alexandra Cooper, #1)",book,Linda Fairstein,1
b4810,The Naked and the Dead,book,Norman Mailer,1
b5440,"Things Not Seen (Things, #1)",book,Andrew Clements,1
b9310,"Saint (Paradise, #2)",book,Ted Dekker,1
b7760,"Damaged 2 (Damaged, #2)",book,H.M. Ward,1
b7698,Ladies' Night,book,Mary Kay Andrews,1
b9329,"The Lewis Man (The Lewis Trilogy, #2)",book,Peter  May,1
b9497,See Jane Date,book,Melissa Senate,1
b3067,True Colors,book,Kristin Hannah,1
b3499,The Natural Way to Draw,book,"Kimon Nicolaides, Mamie Harmon",1
b8442,"Convicted (Consequences, #3)",book,Aleatha Romig,1
b6045,The Day of the Locust,book,"Nathanael West, Alfred Kazin",1
b8104,"The Tail of Emily Windsnap (Emily Windsnap, #1)",book,"Liz Kessler, Sarah Gibb",1
b5448,Family Matters,book,Rohinton Mistry,1
b7825,"The Charlemagne Pursuit (Cotton Malone, #4)",book,Steve Berry,1
b9394,Sophie & Carter,book,Chelsea Fine,1
b9760,"The Covenant (Abram's Daughters, #1)",book,Beverly  Lewis,1
b6119,The Seagull,book,"Anton Chekhov, Michael Frayn",1
b2328,Junky,book,"William S. Burroughs, Oliver  Harris, Allen Ginsberg",1
b1686,Belgarath the Sorcerer,book,"David Eddings, Leigh Eddings",1
b5988,Five Little Peppers and How They Grew,book,Margaret Sidney,1
b2096,"Polar Bear, Polar Bear, What Do You Hear?",book,"Bill Martin Jr., Eric Carle",1
b9477,The One I Left Behind,book,Jennifer McMahon,1
b9959,"Proper Gauge (Wool, #2)",book,Hugh Howey,1
b220,Twilight: The Complete Illustrated Movie Companion,book,Mark Cotta Vaz,1
b7605,"Shock Wave (Virgil Flowers, #5)",book,John Sandford,1
b7751,Another Piece of My Heart,book,Jane Green,1
b9923,"The Green Mile, Part 5: Night Journey",book,Stephen King,1
b1649,Tara Road,book,Maeve Binchy,1
b9739,Halo: Ghosts of Onyx,book,Eric S. Nylund,1
b7333,All My Sons,book,"Arthur Miller, Christopher Bigsby",1
b8284,Envy,book,Sandra Brown,1
b4907,Heat,book,Mike Lupica,1
b9777,Half Way Home,book,Hugh Howey,1
b4881,"Preacher, Volume 3: Proud Americans",book,"Garth Ennis, Steve Dillon, Penn Jillette",1
b5824,"Hardpressed (Hacker, #2)",book,Meredith Wild,1
b8032,Girls' Night In,book,"Lauren Henderson, Chris Manby, Sarah Mlynowski, Jill A. Davis, Stella Duffy, Lisa Jewell, Marian Keyes, Sophie Kinsella, Adèle Lang, Carole Matthews, Anna Maxted, Megan McCafferty, Alisa Valdes, Isabel Wolff, Meg Cabot, Jessica Adams, Louise Bagshawe, Emily Barr, Jenny Colgan, Lynda Curnyn, Jennifer Weiner",1
b8519,The House of God,book,"Samuel Shem, John Updike",1
b7029,I Want My Hat Back,book,Jon Klassen,1
b6024,Three Day Road,book,Joseph Boyden,1
b3390,Caddie Woodlawn  (Caddie Woodlawn #1),book,Carol Ryrie Brink,1
b6662,Selected Stories,book,"O. Henry, Victoria Blake",1
b5539,"Being Nikki (Airhead, #2)",book,Meg Cabot,1
b4582,The Return of the Native  ,book,"Thomas Hardy, Alexander Theroux",1
b7941,"The Last Detective (Elvis Cole, #9)",book,Robert Crais,1
b2108,The Letters of Vincent van Gogh,book,"Vincent van Gogh, Ronald de Leeuw, Mark Roskill, Arnold J. Pomerans",1
b5397,The Starter Wife,book,Gigi Levangie Grazer,1
b8564,Mary Barton,book,"Elizabeth Gaskell, Shirley Foster",1
b2607,The Appeal,book,John Grisham,1
b1283,Ishmael:A Novel,book,Daniel Quinn,1
b8684,"The Billionaire's Obsession ~ Simon (The Billionaire's Obsession, #1)",book,J.S. Scott,1
b5257,The Edible Woman,book,Margaret Atwood,1
b7399,Getting Over It,book,Anna Maxted,1
b7451,Ten Things We Did (and Probably Shouldn't Have),book,Sarah Mlynowski,1
b8140,Brave New World Revisited ,book,Aldous Huxley,1
b2597,Wayside School Is Falling Down (Wayside School #2),book,"Louis Sachar, Joel Schick",1
b3285,"The World of Divergent: The Path to Allegiant (Divergent, #2.5)",book,Veronica Roth,1
b3294,Those Who Leave and Those Who Stay (The Neapolitan Novels #3),book,"Elena Ferrante, Ann Goldstein",1
b4205,Chess Story,book,"Stefan Zweig, Joel Rotenberg, Hans Hausmann, Dirk Muller, Peter Gay, Willy Trenk-Trebitsch, Mario Adorf, Gert Westphal",1
b5727,"His Needs, Her Needs: Building an Affair-Proof Marriage",book,Willard F. Harley Jr.,1
b8613,Happy Accidents: A Memoir,book,"Jane Lynch, Lisa Dickey",1
b4989,"Beauty's Punishment (Sleeping Beauty, #2)",book,"A.N. Roquelaure, Anne Rice",1
b8770,"The Keeping (Law of the Lycans, #3)",book,Nicky Charles,1
b7610,Spring Fever,book,Mary Kay Andrews,1
b9199,The Third Secret,book,Steve Berry,1
b9785,La Mécanique du cœur,book,Mathias Malzieu,1
b9931,"Blue Monday (Frieda Klein, #1)",book,Nicci French,1
b7134,"Blood Rites (The Grey Wolves, #2)",book,Quinn Loftis,1
b7283,"Betsy-Tacy (Betsy-Tacy, #1)",book,"Maud Hart Lovelace, Lois Lenski",1
b3794,"Tales of the City (Tales of the City, #1)",book,Armistead Maupin,1
b6410,Boy Meets Girl: Say Hello to Courtship,book,Joshua Harris,1
b7932,"Area 7 (Shane Schofield, #2)",book,Matthew Reilly,1
b3837,The Robber Bride,book,Margaret Atwood,1
b326,White Oleander,book,Janet Fitch,1
b4963,The Analyst,book,John Katzenbach,1
b8026,"Deep Six (Dirk Pitt, #7)",book,Clive Cussler,1
b3256,Confessions,book,"Augustine of Hippo, Henry Chadwick, Albert Cook Outler",1
b8689,"Twenty Wishes (Blossom Street, #5)",book,Debbie Macomber,1
b3690,"Second Son (Jack Reacher, #15.5)",book,Lee Child,1
b8148,How to Be Popular,book,Meg Cabot,1
b4476,Sounder,book,"William H. Armstrong, James Barkley",1
b6031,Jasper Jones,book,Craig Silvey,1
b9360,"The Green Mile, Part 6: Coffey on the Mile",book,Stephen King,1
b6335,Oscar and Lucinda,book,Peter Carey,1
b6137,"Winter Street (Winter, #1)",book,Elin Hilderbrand,1
b9009,My Life with the Walter Boys (My Life with the Walter Boys #1),book,"Ali Novak, Fallzswimmer",1
b4616,"The Third Victim (Quincy & Rainie, #2)",book,Lisa Gardner,1
b8894,"The Paris Vendetta (Cotton Malone, #5)",book,"Steve Berry, Scott Brick",1
b3038,Girl in Translation,book,Jean Kwok,1
b7672,"The Traitor (Divergent, #0.4)",book,Veronica Roth,1
b8445,"Taliesin (The Pendragon Cycle, #1)",book,Stephen R. Lawhead,1
b9235,"Second Shift: Order (Shift, #2)",book,Hugh Howey,1
b7139,"The Jefferson Key (Cotton Malone, #7)",book,Steve Berry,1
b2028,"Son of a Witch (The Wicked Years, #2)",book,"Gregory Maguire, Douglas Smith",1
b407,Bel Canto,book,Ann Patchett,1
b7514,"Among the Brave (Shadow Children, #5)",book,Margaret Peterson Haddix,1
b9664,"The Secret of the Unicorn (Tintin, #11)",book,Hergé,1
b6222,"Leaving (Bailey Flanigan, #1)",book,Karen Kingsbury,1
b4414,"Assholes Finish First (Tucker Max, #2)",book,Tucker Max,1
b9642,Keep the Aspidistra Flying,book,George Orwell,1
b5362,Waiting For You,book,Susane Colasanti,1
b8511,"Incendiary (The Premonition, #4)",book,Amy A. Bartol,1
b9737,Better than Life (Red Dwarf #2),book,Grant Naylor,1
b4774,"Dances with Wolves (Dances with Wolves, #1)",book,Michael Blake,1
b3034,Cocktails for Three,book,Madeleine Wickham,1
b948,Empire Falls,book,Richard Russo,1
b8555,"Tintin in Tibet (Tintin, #20)",book,"Hergé, Leslie Lonsdale-Cooper, Michael Turner",1
b2022,Concerning the Spiritual in Art,book,Wassily Kandinsky,1
b8235,Some Assembly Required: A Journal of My Son's First Son,book,"Anne Lamott, Sam Lamott",1
b9655,"Treasure (Dirk Pitt, #9)",book,Clive Cussler,1
b8864,"On Her Majesty's Secret Service (James Bond, #11)",book,Ian Fleming,1
b7474,"Unseen (Will Trent, #7)",book,Karin Slaughter,1
b2815,Playing for Pizza,book,John Grisham,1
b8260,Lon Po Po: A Red-Riding Hood Story from China,book,Ed Young,1
b5939,The Impossible Knife of Memory,book,Laurie Halse Anderson,1
b3311,The Hundred Secret Senses,book,Amy Tan,1
b9002,The Cake Mix Doctor,book,"Anne Byrn, Anthony Loew",1
b7433,Looking for Alibrandi,book,Melina Marchetta,1
b4100,Tinkers,book,Paul Harding,1
b4286,Smiley's People,book,John le Carré,1
b6434,"The Last Little Blue Envelope (Little Blue Envelope, #2)",book,Maureen Johnson,1
b8730,"The Burning Wire (Lincoln Rhyme, #9)",book,Jeffery Deaver,1
b2966,"Hard Luck (Diary of a Wimpy Kid, #8)",book,Jeff Kinney,1
b6364,When We Were Orphans,book,Kazuo Ishiguro,1
b9059,"The Tin Roof Blowdown (Dave Robicheaux, #16)",book,James Lee Burke,1
b7265,"Saint Odd (Odd Thomas, #7)",book,Dean Koontz,1
b9654,"The Midnight Palace (Niebla, #2)",book,"Carlos Ruiz Zafón, Lucia Graves",1
b7546,"All I Want is Everything (Gossip Girl, #3)",book,Cecily von Ziegesar,1
b6893,SEAL Team Six: Memoirs of an Elite Navy SEAL Sniper,book,"Howard E. Wasdin, Stephen Templin",1
b8603,"Accidentally on Purpose (Accidentally on Purpose, #1)",book,L.D. Davis,1
b8391,"Endure (Need, #4)",book,Carrie Jones,1
b5313,A Simple Plan,book,Scott B. Smith,1
b2671,Circle of Friends,book,Maeve Binchy,1
b9070,The Ice Queen,book,Alice Hoffman,1
b6903,"A Death in Vienna (Gabriel Allon, #4)",book,Daniel Silva,1
b6698,"Field of Prey (Lucas Davenport, #24)",book,John Sandford,1
b7583,"No Mercy (Dark-Hunter #18, Were-Hunter, #5)",book,Sherrilyn Kenyon,1
b8672,Underground Airlines,book,Ben H. Winters,1
b1986,The Innocent Man: Murder and Injustice in a Small Town,book,John Grisham,1
b5873,Principle-Centered Leadership,book,Stephen R. Covey,1
b1990,The Art of Hearing Heartbeats,book,"Jan-Philipp Sendker, Kevin Wiliarty",1
b2670,Where Eagles Dare ,book,"Alistair MacLean, Clint Willis",1
b3976,The Whistler,book,John Grisham,1
b3195,"Juliet, Naked",book,Nick Hornby,1
b3724,The Postmistress,book,"Sarah Blake, Orlagh Cassidy",1
b3857,The Boys from Brazil,book,Ira Levin,1
b8638,"Revenge of the Spellmans (The Spellmans, #3)",book,Lisa Lutz,1
b8473,If You Find Me,book,Emily Murdoch,1
b7950,"Hot, Flat, and Crowded: Why We Need a Green Revolution--and How It Can Renew America",book,Thomas L. Friedman,1
b9335,Abandon,book,Blake Crouch,1
b5950,Ella Minnow Pea: A Novel in Letters,book,Mark Dunn,1
b7774,"Lunch in Paris: A Love Story, with Recipes",book,Elizabeth Bard,1
b8843,The Invisible Wall: A Love Story That Broke Barriers,book,Harry Bernstein,1
b8739,One Hundred Names,book,Cecelia Ahern,1
b9468,"Mortal Prey (Lucas Davenport, #13)",book,John Sandford,1
b3523,Go Tell It on the Mountain,book,James     Baldwin,1
b4873,The Sellout,book,Paul Beatty,1
b7647,"Devil in a Blue Dress (Easy Rawlins, #1)",book,Walter Mosley,1
b9576,The Medium is the Massage,book,"Marshall McLuhan, Quentin Fiore, Jerome Agel",1
b6043,"Get Shorty (Chili Palmer, #1)",book,Elmore Leonard,1
b5158,"Tears of the Moon (Gallaghers of Ardmore / Irish Trilogy, #2)",book,Nora Roberts,1
b2745,"From Potter's Field (Kay Scarpetta, #6)",book,Patricia Cornwell,1
b2864,"Knuffle Bunny: A Cautionary Tale (Knuffle Bunny, #1)",book,Mo Willems,1
b937,His Dark Materials (His Dark Materials #1-3),book,Philip Pullman,1
b9789,"Night Probe! (Dirk Pitt, #6)",book,Clive Cussler,1
b9032,The Pragmatic Programmer: From Journeyman to Master,book,"Andrew Hunt, Dave Thomas",1
b8126,"Point of Impact (Bob Lee Swagger, #1)",book,Stephen Hunter,1
b4945,In His Steps,book,Charles M. Sheldon,1
b9782,"The Remaining (The Remaining, #1)",book,D.J. Molles,1
b8360,Tales of the South Pacific,book,James A. Michener,1
b4766,"The Adventures of Captain Underpants (Captain Underpants, #1)",book,Dav Pilkey,1
b3517,"The 8th Confession (Women's Murder Club, #8)",book,"James Patterson, Maxine Paetro",1
b9625,"Healthy Sleep Habits, Happy Child",book,Marc Weissbluth,1
b4903,"The Atlantis Plague (The Origin Mystery, #2)",book,A.G. Riddle,1
b8707,The Case for a Creator: A Journalist Investigates Scientific Evidence That Points Toward God,book,Lee Strobel,1
b7542,The Woman Who Stole My Life,book,Marian Keyes,1
b9605,Essays and Poems,book,"Ralph Waldo Emerson, Peter Norberg",1
b8985,Never Look Away,book,Linwood Barclay,1
b1503,Jitterbug Perfume,book,Tom Robbins,1
b7696,"Now We Are Six (Winnie-the-Pooh, #4)",book,"A.A. Milne, Ernest H. Shepard",1
b8772,"Flesh and Blood (Kay Scarpetta, #22)",book,Patricia Cornwell,1
b5838,"Zoe's Tale (Old Man's War, #4)",book,John Scalzi,1
b4428,"The Night Eternal (The Strain Trilogy, #3)",book,"Guillermo del Toro, Chuck Hogan",1
b4626,"NYPD Red (NYPD Red, #1)",book,"James Patterson, Marshall Karp",1
b4252,Anatomy of the Spirit: The Seven Stages of Power and Healing,book,Caroline Myss,1
b9053,"The Royal Ranger (Ranger's Apprentice, #12)",book,John Flanagan,1
b8271,Alif the Unseen,book,G. Willow Wilson,1
b4825,"The Rembrandt Affair (Gabriel Allon, #10)",book,Daniel Silva,1
b8525,Commencement ,book,J. Courtney Sullivan,1
b5941,"Deliver Us from Evil (A. Shaw, #2)",book,David Baldacci,1
b6280,The Other,book,Thomas Tryon,1
b9599,Z for Zachariah,book,Robert C. O'Brien,1
b7477,"A Perfect Evil (Maggie O'Dell, #1)",book,Alex Kava,1
b7768,She Said Yes: The Unlikely Martyrdom of Cassie Bernall,book,Misty Bernall,1
b2459,Mastering the Art of French Cooking,book,"Julia Child, Simone Beck, Louisette Bertholle",1
b6221,"A Castle of Sand (A Shade of Vampire, #3)",book,Bella Forrest,1
b7544,Night Over Water,book,Ken Follett,1
b6825,Care of the Soul: A Guide for Cultivating Depth and Sacredness in Everyday Life,book,Thomas  Moore,1
b8509,"Eden (Providence, #3)",book,Jamie McGuire,1
b1043,"Rodrick Rules (Diary of a Wimpy Kid, #2)",book,Jeff Kinney,1
b2088,The Silver Star,book,Jeannette Walls,1
b8845,Last Words,book,"George Carlin, Tony Hendra",1
b579,Are You My Mother?,book,P.D. Eastman,1
b1246,"Assassin's Quest (Farseer Trilogy, #3)",book,Robin Hobb,1
b2070,"The Third Wheel (Diary of a Wimpy Kid, #7)",book,Jeff Kinney,1
b3273,Bleachers,book,John Grisham,1
b8781,Strip Tease,book,Carl Hiaasen,1
b8816,"Knit Two (Friday Night Knitting Club, #2)",book,Kate Jacobs,1
b3156,Snow,book,"Orhan Pamuk, Maureen Freely",1
b8990,"The Blood Gospel (The Order of the Sanguines, #1)",book,"James Rollins, Rebecca Cantrell",1
b6182,"Heaven (Casteel, #1)",book,V.C. Andrews,1
b9541,"The Second Ship (The Rho Agenda, #1)",book,Richard   Phillips,1
b5669,"King and Maxwell (Sean King & Michelle Maxwell, #6)",book,David Baldacci,1
b7827,Kaffir Boy: An Autobiography,book,Mark Mathabane,1
b7675,"The Emperor's Tomb (Cotton Malone, #6)",book,Steve Berry,1
b6255,Belly Laughs: The Naked Truth About Pregnancy and Childbirth,book,Jenny McCarthy,1
b608,Love You Forever,book,"Robert Munsch, Sheila McGraw",1
b7958,"Taken (Elvis Cole, #15; Joe Pike, #4)",book,Robert Crais,1
b9197,Trouble Is My Business,book,Raymond Chandler,1
b3709,"The Bourne Legacy (Jason Bourne, #4)",book,Eric Van Lustbader,1
b9317,Islands in the Stream,book,Ernest Hemingway,1
b9416,I Do -- But I Don't,book,Cara Lockwood,1
b9744,"Little House on Rocky Ridge (Little House: The Rocky Ridge Years, #1)",book,"Roger Lea MacBride, David Gilleece",1
b6014,"My Sweet Audrina (Audrina, #1)",book,V.C. Andrews,1
b8158,"Death Note, Vol. 8: Target (Death Note, #8)",book,"Tsugumi Ohba, Takeshi Obata",1
b8602,Mouse Paint,book,Ellen Stoll Walsh,1
b8558,"Mutiny on the Bounty (The Bounty Trilogy, #1)",book,"Charles Bernard Nordhoff, James Norman Hall",1
b8510,"Among the Enemy (Shadow Children, #6)",book,Margaret Peterson Haddix,1
b7703,Good as Gone,book,Amy Gentry,1
b2079,"American Pastoral (The American Trilogy, #1)",book,Philip Roth,1
b4040,The Simple Truth,book,David Baldacci,1
b8928,The Freedom Writers Diary,book,"Erin Gruwell, Zlata Filipović, The Freedom Writers",1
b6663,The Taste of Home Cookbook,book,"Janet Briggs, Beth Wittlinger",1
b9572,Love Left Behind,book,S.H. Kolee,1
b6044,"One Tiny Lie (Ten Tiny Breaths, #2)",book,K.A. Tucker,1
b822,The Sense of an Ending,book,Julian Barnes,1
b5471,What Got You Here Won't Get You There: How Successful People Become Even More Successful,book,"Marshall Goldsmith, Mark Reiter",1
b7463,Saving Faith,book,David Baldacci,1
b6207,"Acceptance (Southern Reach, #3)",book,Jeff VanderMeer,1
b2200,"Into the Gauntlet (The 39 Clues, #10)",book,Margaret Peterson Haddix,1
b1632,The Mitten,book,Jan Brett,1
b5335,The Palace of Illusions,book,Chitra Banerjee Divakaruni,1
b7664,The Final Solution,book,"Michael Chabon, Jay Ryan",1
b5029,"Knocked Out by My Nunga-Nungas (Confessions of Georgia Nicolson, #3)",book,Louise Rennison,1
b7239,Personal History,book,Katharine Graham,1
b9205,Half Blood Blues,book,Esi Edugyan,1
b5327,The Second Sex,book,"Simone de Beauvoir, H.M. Parshley, Deirdre Bair",1
b6237,"Worst Case (Michael Bennett, #3)",book,"James Patterson, Michael Ledwidge",1
b5500,Jacob Have I Loved,book,Katherine Paterson,1
b7371,"Deception (Alex Delaware, #25)",book,Jonathan Kellerman,1
b6429,Nancy Drew: #1-64,book,Carolyn Keene,1
b4675,"Crocodile Tears (Alex Rider, #8)",book,Anthony Horowitz,1
b4018,Chaos: Making a New Science,book,James Gleick,1
b9076,Preach My Gospel: A Guide To Missionary Service,book,The Church of Jesus Christ of Latter-day Saints,1
b1558,Out of My Mind,book,Sharon M. Draper,1
b8023,A Year in the Merde,book,Stephen Clarke,1
b7871,Second Life,book,S.J. Watson,1
b1052,Handle with Care,book,Jodi Picoult,1
b6329,Please Look After Mom,book,"Kyung-Sook Shin, 신경숙, Chi-Young Kim",1
b6839,Suicide Notes,book,Michael Thomas Ford,1
b3587,The Girl Who Saved the King of Sweden,book,"Jonas Jonasson, Rachel Willson-Broyles",1
b5024,Written on the Body,book,Jeanette Winterson,1
b9168,"Back on Blossom Street (Blossom Street, #4)",book,Debbie Macomber,1
b8180,First Love,book,"James Patterson, Emily Raymond",1
b6637,sTORI Telling,book,Tori Spelling,1
b8505,The Christmas Wedding,book,"James Patterson, Richard DiLallo",1
b8475,The Persian Pickle Club,book,Sandra Dallas,1
b5643,Through Gates of Splendor,book,Elisabeth Elliot,1
b3671,The Charm School,book,Nelson DeMille,1
b2630,American Wife,book,Curtis Sittenfeld,1
b6936,"Stolen Prey (Lucas Davenport, #22)",book,John Sandford,1
b8577,The Girl Who Was on Fire: Your Favorite Authors on Suzanne Collins' Hunger Games Trilogy,book,"Leah Wilson, Jennifer Lynn Barnes, Mary Borsellino, Sarah Rees Brennan, Terri  Clark, Bree Despain, Adrienne Kress, Sarah Darer Littman, Cara Lockwood, Elizabeth M. Rees, Carrie Ryan, Ned Vizzini, Lili Wilkinson, Blythe Woolston",1
b1739,The Bonfire of the Vanities,book,Tom Wolfe,1
b5542,"Thirst No. 3: The Eternal Dawn (Thirst, #3)",book,Christopher Pike,1
b7500,When Bad Things Happen to Good People,book,Harold S. Kushner,1
b1206,By the River Piedra I Sat Down and Wept,book,"Paulo Coelho, Alan R. Clarke",1
b9001,Going Rogue: An American Life,book,"Sarah Palin, Lynn Vincent, Dewey Whetsell",1
b3220,"Percy Jackson and the Olympians (Percy Jackson and the Olympians, #1-3)",book,Rick Riordan,1
b5602,"After We Collided (After, #2)",book,Anna Todd,1
b9250,"Still Foolin' 'Em: Where I've Been, Where I'm Going, and Where the Hell Are My Keys",book,Billy Crystal,1
b5724,"Endless Summer (The Boys Next Door, #1-2)",book,Jennifer Echols,1
b7884,Stephen King's N.,book,"Marc Guggenheim, Alex Maleev, Stephen King",1
b4937,"The Egypt Game (Game, #1)",book,Zilpha Keatley Snyder,1
b5642,Swimsuit,book,"James Patterson, Maxine Paetro",1
b5006,Blue Smoke,book,Nora Roberts,1
b9305,Wife 22,book,Melanie Gideon,1
b8986,Your Heart Belongs to Me,book,Dean Koontz,1
b2122,Cut,book,Patricia McCormick,1
b2057,The Litigators,book,John Grisham,1
b2572,Color: A Natural History of the Palette,book,Victoria Finlay,1
b4877,Horton Hatches the Egg,book,Dr. Seuss,1
b8522,Wreck This Journal,book,Keri Smith,1
b9041,"Unattainable (Undeniable, #3)",book,Madeline Sheehan,1
b1702,"Rule (Marked Men, #1)",book,"Jay Crownover, Charlotte Connan de vries",1
b9991,The Famished Road,book,Ben Okri,1
b9024,Angels in America,book,Tony Kushner,1
b9211,"Beyond Exile (Day by Day Armageddon,# 2)",book,J.L. Bourne,1
b4518,"The Power (The Secret, #2)",book,Rhonda Byrne,1
b9273,"My Fair Lazy: One Reality Television Addict's Attempt to Discover If Not Being A Dumb Ass Is the New Black, or, a Culture-Up Manifesto",book,Jen Lancaster,1
b8319,"Star Island (Skink, #6)",book,Carl Hiaasen,1
b3029,Rage of Angels,book,Sidney Sheldon,1
b2483,"Rush (Breathless, #1)",book,Maya Banks,1
b5834,"Tick Tock (Michael Bennett, #4)",book,"James Patterson, Michael Ledwidge",1
b4133,On Mystic Lake,book,Kristin Hannah,1
b4227,The Last Summer (of You and Me),book,Ann Brashares,1
b2147,The 19th Wife,book,David Ebershoff,1
b3692,Crossing to Safety,book,Wallace Stegner,1
b6064,The Rape of Nanking,book,Iris Chang,1
b6908,The Aquitaine Progression,book,Robert Ludlum,1
b6344,"Say Goodbye (Quincy & Rainie, #6)",book,Lisa Gardner,1
b8147,Nikola Tesla: Imagination and the Man That Invented the 20th Century,book,Sean Patrick,1
b2427,"Storm Warning (The 39 Clues, #9)",book,Linda Sue Park,1
b4747,The Wedding Dress,book,Rachel Hauck,1
b8326,The Enchanted,book,Rene Denfeld,1
b9582,Ruby,book,Cynthia Bond,1
b9363,Belinda,book,"Anne Rice, Anne Rampling",1
b7457,Jaya: An Illustrated Retelling of the Mahabharata,book,Devdutt Pattanaik,1
b1316,The Story of Edgar Sawtelle,book,David Wroblewski,1
b8131,"The Mediterranean Caper (Dirk Pitt, #2)",book,Clive Cussler,1
b7935,"A Leaf on the Wind of All Hallows (Outlander, #8.5)",book,Diana Gabaldon,1
b4426,Inherent Vice,book,Thomas Pynchon,1
b8395,Mud Vein,book,Tarryn Fisher,1
b3823,Now You See Her,book,"James Patterson, Michael Ledwidge",1
b5480,Monster,book,Frank E. Peretti,1
b6748,Uganda Be Kidding Me,book,Chelsea Handler,1
b8452,In the Skin of a Lion,book,Michael Ondaatje,1
b9449,Skin,book,Ted Dekker,1
b6349,Temple,book,Matthew Reilly,1
b6007,"Cities of the Plain (The Border Trilogy, #3)",book,Cormac McCarthy,1
b3723,The Disreputable History of Frankie Landau-Banks,book,E. Lockhart,1
b9569,The Hate U Give,book,Angie Thomas,1
b8628,"Orphan X (Orphan X, #1)",book,Gregg Hurwitz,1
b8861,"Sunset Express (Elvis Cole, #6)",book,Robert Crais,1
b4953,The Hard Thing About Hard Things: Building a Business When There Are No Easy Answers,book,Ben Horowitz,1
b7361,"Chibi Vampire, Vol. 01",book,Yuna Kagesaki,1
b3655,Second Chance Summer,book,Morgan Matson,1
b4886,Madeline's Rescue,book,Ludwig Bemelmans,1
b6613,The Heavenly Man: The Remarkable True Story of Chinese Christian Brother Yun,book,"Paul Hattaway, Brother Yun",1
b8468,"Mad River (Virgil Flowers, #6)",book,John Sandford,1
b9072,City on Fire,book,Garth Risk Hallberg,1
b8696,Glengarry Glen Ross,book,David Mamet,1
b4696,"The Defector (Gabriel Allon, #9)",book,Daniel Silva,1
b6473,The Glassblower,book,"Petra Durst-Benning, Samuel Willcocks",1
b2397,The Further Adventures of Sherlock Holmes: After Sir Arthur Conan Doyle (Classic Crime),book,"Richard Lancelyn Green, Ronald Knox, Julian Symons, Various",1
b6328,The Violets of March,book,Sarah Jio,1
b9102,All Souls: A Family Story from Southie,book,Michael Patrick MacDonald,1
b5992,Ball Four,book,Jim Bouton,1
b3068,"Slapstick, or Lonesome No More!",book,Kurt Vonnegut Jr.,1
b2575,Home Front,book,Kristin Hannah,1
b6141,"Harry Potter and the Order of the Phoenix (Harry Potter, #5, Part 1)",book,J.K. Rowling,1
b1442,"The Rosie Effect (Don Tillman, #2)",book,Graeme Simsion,1
b8727,"Dead or Alive (Jack Ryan Universe, #13)",book,"Tom Clancy, Grant Blackwood",1
b2025,Even Cowgirls Get the Blues,book,Tom Robbins,1
b4702,Unlimited Power : The New Science Of Personal Achievement,book,"Anthony Robbins, Kenneth H. Blanchard, Jason Winters",1
b6638,"Cross My Heart (Alex Cross, #21)",book,James Patterson,1
b7676,"Fear Nothing (Detective D.D. Warren, #7)",book,Lisa Gardner,1
b5084,The Sheltering Sky,book,Paul Bowles,1
b6675,Surfacing,book,Margaret Atwood,1
b7656,Georgiana: Duchess of Devonshire,book,Amanda Foreman,1
b6134,True Blue,book,David Baldacci,1
b4441,The Aleph and Other Stories ,book,"Jorge Luis Borges, Andrew Hurley",1
b7284,Sweethearts,book,Sara Zarr,1
b3889,The Stone Diaries,book,Carol Shields,1
b9748,Lucky You,book,Carl Hiaasen,1
b3845,Guilty Wives,book,"James Patterson, David Ellis",1
b1532,Sing You Home,book,Jodi Picoult,1
b2893,"The Drop (Harry Bosch, #17; Harry Bosch Universe, #21)",book,Michael Connelly,1
b6621,Descent,book,Tim Johnston,1
b2505,The Greatest Salesman in the World,book,Og Mandino,1
b9145,Stella Bain,book,Anita Shreve,1
b3779,The Fourth Protocol,book,Frederick Forsyth,1
b9752,Belzhar,book,Meg Wolitzer,1
b8764,Beat the Reaper (Peter Brown #1),book,Josh Bazell,1
b9431,"The Chase (Isaac Bell, #1)",book,Clive Cussler,1
b5039,Every Fifteen Minutes,book,Lisa Scottoline,1
b5425,Darkness at Noon,book,"Arthur Koestler, Daphne Hardy",1
b9537,Plenty,book,Yotam Ottolenghi,1
b1747,The Love Dare,book,"Stephen Kendrick, Alex Kendrick",1
b8710,"Victims (Alex Delaware, #27)",book,Jonathan Kellerman,1
b3163,"Step on a Crack (Michael Bennett, #1)",book,"James Patterson, Michael Ledwidge",1
b5636,Living Dead Girl,book,Elizabeth Scott,1
b9204,The End of Poverty,book,"Jeffrey D. Sachs, Bono",1
b6945,Having a Mary Heart in a Martha World: Finding Intimacy With God in the Busyness of Life,book,Joanna Weaver,1
b3722,"The Story of the Lost Child (The Neapolitan Novels, #4)",book,"Elena Ferrante, Ann Goldstein",1
b7410,"Dark Angel (Casteel, #2)",book,V.C. Andrews,1
b6382,The Painted Bird,book,Jerzy Kosiński,1
b7852,The Holiness of God,book,R.C. Sproul,1
b8593,How to Read Literature Like a Professor: A Lively and Entertaining Guide to Reading Between the Lines,book,Thomas C. Foster,1
b6987,Harvest,book,Tess Gerritsen,1
b3973,Deliverance,book,James Dickey,1
b6414,For the Love: Fighting for Grace in a World of Impossible Standards,book,Jen Hatmaker,1
b5128,Lunar Park,book,Bret Easton Ellis,1
b9792,The Knockoff,book,"Lucy Sykes, Jo Piazza",1
b9927,Thank You for Smoking,book,Christopher Buckley,1
b6588,The Water is Wide: A Memoir,book,Pat Conroy,1
b6470,"Burn for Burn (Burn for Burn, #1)",book,"Jenny Han, Siobhan Vivian",1
b1149,Vanishing Acts,book,Jodi Picoult,1
b4930,Pandora Hearts 1巻,book,"Jun Mochizuki, 望月淳",1
b7201,"Sweet Little Lies (L.A. Candy, #2)",book,Lauren Conrad,1
b7809,"Prince of Fire (Gabriel Allon, #5)",book,Daniel Silva,1
b9687,"Forsaken (The Demon Trappers, #1)",book,Jana Oliver,1
b2566,Simple Abundance:  A Daybook of Comfort and Joy,book,Sarah Ban Breathnach,1
b9454,Code to Zero,book,Ken Follett,1
b6710,The Running Dream,book,Wendelin Van Draanen,1
b6600,Pilgrim at Tinker Creek,book,Annie Dillard,1
b2929,"Wanted (Pretty Little Liars, #8)",book,Sara Shepard,1
b1590,"Beezus and Ramona (Ramona, #1)",book,Beverly Cleary,1
b5685,The Abyss,book,"Orson Scott Card, James Cameron",1
b6809,The Power of the Dog,book,Don Winslow,1
b7527,"Blood on Snow (Blood on Snow, #1)",book,"Jo Nesbø, Neil Smith",1
b1547,The Mermaid Chair,book,Sue Monk Kidd,1
b8938,That Night,book,Chevy Stevens,1
b6226,"Winger (Winger, #1)",book,Andrew  Smith,1
b6358,The Sisterhood,book,Helen Bryan,1
b4667,Scorpia Rising (Alex Rider #9),book,Anthony Horowitz,1
b4771,"The Doomsday Key (Sigma Force, #6)",book,James Rollins,1
b6608,"The Capture (Guardians of Ga'Hoole, #1)",book,Kathryn Lasky,1
b3958,"When Will There Be Good News? (Jackson Brodie, #3)",book,Kate Atkinson,1
b7856,"What Remains: A Memoir of Fate, Friendship, and Love",book,Carole Radziwill,1
b9693,"Forever You (Forever, #2)",book,Sandi Lynn,1
b6749,"This Book Is Not Good for You (Secret, #3)",book,"Pseudonymous Bosch, Gilbert Ford",1
b3442,Bringing Up Bébé: One American Mother Discovers the Wisdom of French Parenting,book,"Pamela Druckerman, Abby Craden",1
b210,"Vampire Academy (Vampire Academy, #1)",book,Richelle Mead,1
b7843,The Returned,book,Jason Mott,1
b6694,15th Affair (Women's Murder Club #15),book,"James Patterson, Maxine Paetro",1
b9767,Ox-Cart Man (Picture Puffin),book,"Donald Hall, Barbara Cooney",1
b5882,Mortality,book,Christopher Hitchens,1
b9932,Bread and   Wine: A Love Letter to Life Around the Table with Recipes,book,Shauna Niequist,1
b4986,Sail,book,"James Patterson, Howard Roughan",1
b908,The Tenth Circle,book,Jodi Picoult,1
b7741,Deep Fathom,book,James Rollins,1
b8501,The Life List,book,Lori Nelson Spielman,1
b6342,"A Light in the Window (Mitford Years, #2)",book,Jan Karon,1
b4187,Suffer the Children,book,John Saul,1
b8836,True Compass: A Memoir,book,Edward M. Kennedy,1
b6052,"The Morganville Vampires, Volume 1 (The Morganville Vampires, #1-2)",book,Rachel Caine,1
b9827,"Summer on Blossom Street (Blossom Street, #6)",book,Debbie Macomber,1
b7990,An Essay Concerning Human Understanding,book,John Locke,1
b7219,"Deep Down (Jack Reacher, #16.5)",book,Lee Child,1
b9047,"The Search (Eve Duncan, #3)",book,Iris Johansen,1
b4535,National Velvet,book,Enid Bagnold,1
b6242,Love Medicine,book,Louise Erdrich,1
b9502,The Secret Art of Dr. Seuss,book,"Dr. Seuss, Maurice Sendak, Audrey Geisel",1
b9819,Two Years Before the Mast: A Sailor's Life at Sea,book,Richard Henry Dana Jr.,1
b6311,"Stormy, Misty's Foal (Misty, #3)",book,Marguerite Henry,1
b7785,"Dawn (Cutler, #1)",book,V.C. Andrews,1
b5683,If You Take a Mouse to the Movies,book,"Laura Joffe Numeroff, Felicia Bond",1
b5748,"Heart of the Sea (Gallaghers of Ardmore / Irish Trilogy, #3)",book,Nora Roberts,1
b8344,"Dominic (Slater Brothers, #1)",book,L.A. Casey,1
b9788,Hope: A Memoir of Survival in Cleveland,book,"Amanda Berry, Gina DeJesus, Mary Jordan, Kevin Sullivan",1
b8775,Cocky Bastard,book,"Penelope Ward, Vi Keeland",1
b7977,Where Is God When It Hurts?,book,Philip Yancey,1
b6565,Where Things Come Back,book,John Corey Whaley,1
b4969,Min kamp 1 (Min kamp #1),book,Karl Ove Knausgård,1
b8923,Appointment in Samarra,book,John O'Hara,1
b6939,Damaged: The Heartbreaking True Story of a Forgotten Child,book,Cathy Glass,1
b4159,"Plum Spooky (Stephanie Plum, #14.5)",book,Janet Evanovich,1
b9592,The Survivors Club,book,Lisa Gardner,1
b7724,"Scarecrow (Shane Schofield, #3)",book,Matthew Reilly,1
b3925,The Icarus Agenda,book,Robert Ludlum,1
b6122,"Dancing in My Nuddy-Pants (Confessions of Georgia Nicolson, #4)",book,Louise Rennison,1
b8192,The Giraffe and the Pelly and Me,book,"Roald Dahl, Quentin Blake",1
b8823,"Women's Bodies, Women's Wisdom: Creating Physical and Emotional Health and Healing",book,Christiane Northrup,1
b6338,"The Secret Servant (Gabriel Allon, #7)",book,Daniel Silva,1
b9165,"Wicked (A Wicked Saga, #1)",book,Jennifer L. Armentrout,1
b9094,Mrs. Kennedy and Me: An Intimate Memoir,book,"Clint Hill, Lisa McCubbin",1
b4453,More Than a Carpenter,book,Josh McDowell,1
b2994,"Big Stone Gap (Big Stone Gap, #1)",book,Adriana Trigiani,1
b9143,How to Make Love Like a Porn Star: A Cautionary Tale,book,"Jenna Jameson, Neil Strauss",1
b5673,The Visitation,book,Frank E. Peretti,1
b1884,Wicked: The Grimmerie,book,"David Cote, Stephen Schwartz, Joan Marcus, Winnie Holzman",1
b1180,The Forty Rules of Love,book,"Elif Shafak, إليف شافاق, ارسلان فصیحی, محمد درويش",1
b9155,The Other Daughter,book,Lisa Gardner,1
b3481,The Vegetarian,book,"Han Kang, Deborah     Smith",1
b6430,Pygmalion and Three Other Plays,book,"George Bernard Shaw, John A. Bertolini",1
b4242,"My Friend Flicka (Flicka, #1)",book,"Mary O'Hara, Dave Blossom",1
b7388,"Secrets of a Shoe Addict (Shoe Addict, #2)",book,Beth Harbison,1
b8481,Tilt,book,Ellen Hopkins,1
b5083,"The Messenger (Gabriel Allon, #6)",book,Daniel Silva,1
b9301,"Ever After (Lost Love, #2)",book,Karen Kingsbury,1
b9428,Johnny Mnemonic,book,"William Gibson, Terry Bisson",1
b9793,Strangers on a Train,book,Patricia Highsmith,1
b6826,"Moonlight Mile (Kenzie & Gennaro,#6)",book,Dennis Lehane,1
b4567,The Hundred Dresses,book,"Eleanor Estes, Louis Slobodkin",1
b5855,"Charlie Bone and the Castle of Mirrors (The Children of the Red King, #4)",book,Jenny Nimmo,1
b5435,Diane Arbus: Monograph,book,"Diane Arbus, Stan Grossfeld, Doon Arbus, Marvin Israel",1
b9614,"The Faithful Spy (John Wells, #1)",book,Alex Berenson,1
b9754,Invitation to a Beheading,book,Vladimir Nabokov,1
b3903,Pedro Páramo,book,"Juan Rulfo, Margaret Sayers Peden, Susan Sontag",1
b7260,The Feast of All Saints,book,Anne Rice,1
b5196,"Find Her (Detective D.D. Warren, #8)",book,Lisa Gardner,1
b7478,Help Thanks Wow: The Three Essential Prayers,book,Anne Lamott,1
b8814,Carter Beats the Devil,book,Glen David Gold,1
b6678,"The Wheel of Time: Boxed Set #1 (Wheel of Time, #1-3)",book,Robert Jordan,1
b2073,Master of the Game,book,Sidney Sheldon,1
b8859,The Weight of Glory,book,C.S. Lewis,1
b4943,Kürk Mantolu Madonna,book,Sabahattin Ali,1
b7004,Departure,book,A.G. Riddle,1
b8795,"Because I'm Worth It (Gossip Girl, #4)",book,Cecily von Ziegesar,1
b4915,"Night Fall (John Corey, #3)",book,Nelson DeMille,1
b4495,Do-It-Yourself Book (Diary of a Wimpy Kid),book,Jeff Kinney,1
b3282,"A Game of Thrones: The Graphic Novel, Vol. 1",book,"Daniel Abraham, George R.R. Martin, Tommy Patterson",1
b4947,"Knuffle Bunny Too: A Case of Mistaken Identity (Knuffle Bunny, #2)",book,Mo Willems,1
b1317,Drowning Ruth,book,Christina Schwarz,1
b5557,Invisible,book,"James Patterson, David Ellis",1
b2124,A Thousand Acres,book,Jane Smiley,1
b1382,Anne Rice's The Vampire Lestat: A Graphic Novel,book,"Faye Perozich, Anne Rice, John Bolton, Daerick Gröss",1
b7290,From Here to Eternity,book,James  Jones,1
b9215,Fugitive Pieces,book,Anne Michaels,1
b4664,"Brain Rules: 12 Principles for Surviving and Thriving at Work, Home, and School",book,John Medina,1
b2520,"1Q84 BOOK 1 (1Q84, #1)",book,"Haruki Murakami, 村上 春樹",1
b5966,You've Been Warned,book,"James Patterson, Howard Roughan",1
b7492,Chill Factor,book,Sandra Brown,1
b7470,"The Dresden Files:  Storm Front, Volume 1-  The Gathering Storm",book,"Jim Butcher, Mark Powers, Ardian Syaf",1
b5610,The 8th Habit: From Effectiveness to Greatness,book,Stephen R. Covey,1
b1874,The Aviator's Wife,book,Melanie Benjamin,1
b6057,The Heart of a Woman,book,Maya Angelou,1
b6760,The Man From St. Petersburg,book,Ken Follett,1
b5846,"Green: The Beginning and the End (The Circle, #0)",book,Ted Dekker,1
b8349,Stormy Weather,book,Carl Hiaasen,1
b7821,Low Pressure,book,"Sandra Brown, Stephen Lang",1
b9088,"The Knight at Dawn (Magic Tree House, #2)",book,"Mary Pope Osborne, Salvatore Murdocca",1
b1831,"The Innocent (Will Robie, #1)",book,David Baldacci,1
b3204,The Island,book,Elin Hilderbrand,1
b4263,"The Last Oracle (Sigma Force, #5)",book,James Rollins,1
b4337,Fortune's Rocks,book,Anita Shreve,1
b9018,August: Osage County,book,Tracy Letts,1
b6695,The Constant Gardener,book,John le Carré,1
b9343,"The Wheel of Time: Boxed Set  (Wheel of Time, #1-8)",book,Robert Jordan,1
b999,"Tales of a Fourth Grade Nothing (Fudge, #1)",book,Judy Blume,1
b2741,Danny the Champion of the World,book,"Roald Dahl, Quentin Blake",1
b5932,Sister of My Heart,book,Chitra Banerjee Divakaruni,1
b4269,"The Guilty (Will Robie, #4)",book,David Baldacci,1
b5904,"Seducing Cinderella (Fighting for Love, #1)",book,Gina L. Maxwell,1
b944,Desperation,book,Stephen King,1
b5798,Not Without My Daughter,book,Betty Mahmoody,1
b3760,Are You Afraid of the Dark?,book,Sidney Sheldon,1
b8520,Last Train to Istanbul,book,"Ayşe Kulin, John W. Baker",1
b4813,Lifeguard,book,"James Patterson, Andrew Gross",1
b9082,Contest,book,Matthew Reilly,1
b9492,"The Nightmare (Joona Linna, #2)",book,"Lars Kepler, Laura A. Wideburg",1
b5439,Don't Panic: The Official Hitchhiker's Guide to the Galaxy Companion,book,Neil Gaiman,1
b1644,Peace Like a River,book,Leif Enger,1
b4972,Straight Man,book,Richard Russo,1
b932,Good to Great: Why Some Companies Make the Leap... and Others Don't,book,James C. Collins,1
b8796,"Deadline (Virgil Flowers, #8)",book,John Sandford,1
b2765,Hinds' Feet on High Places,book,Hannah Hurnard,1
b8898,Blood Memory,book,Greg Iles,1
b3172,The Essential Rumi,book,"Jalaluddin Rumi, Coleman Barks",1
b2249,Rogue Lawyer,book,John Grisham,1
b8803,Afterwards,book,Rosamund Lupton,1
b4276,"Brimstone (Pendergast, #5; Diogenes, #1)",book,"Douglas Preston, Lincoln Child",1
b8352,The Devil All the Time,book,Donald Ray Pollock,1
b8675,Having Our Say: The Delany Sisters' First 100 Years,book,"Sarah L. Delany, A. Elizabeth Delany, Amy Hill Hearth",1
b2906,As You Wish: Inconceivable Tales from the Making of The Princess Bride,book,"Cary Elwes, Joe Layden, Various, Rob Reiner",1
b6672,"Path of the Assassin (Scot Harvath, #2)",book,Brad Thor,1
b6755,"The River (Brian's Saga, #2)",book,Gary Paulsen,1
b9520,Red Sparrow (Red Sparrow Trilogy #1),book,Jason  Matthews,1
b8242,Keys to Drawing,book,Bert Dodson,1
b1101,Change of Heart,book,Jodi Picoult,1
b2001,Harry Potter: Film Wizardry,book,Brian Sibley,1
b6359,"Five on a Treasure Island (Famous Five, #1)",book,Enid Blyton,1
b8014,"Psycho-Cybernetics, A New Way to Get More Living Out of Life",book,Maxwell Maltz,1
b2981,"Double Cross (Alex Cross, #13)",book,James Patterson,1
b8290,Please Stop Laughing at Me... One Woman's Inspirational Story,book,Jodee Blanco,1
b6646,"Silent Scream (D.I. Kim Stone, #1)",book,Angela Marsons,1
b7515,"Marching Powder: A True Story of Friendship, Cocaine, and South America's Strangest Jail",book,"Rusty Young, Thomas McFadden",1
b3164,Counting by 7s,book,Holly Goldberg Sloan,1
b2595,The Other Side of Midnight (Midnight #1),book,Sidney Sheldon,1
b3292,The Exploits of Sherlock Holmes,book,"Adrian Conan Doyle, John Dickson Carr",1
b2945,The Leftovers,book,Tom Perrotta,1
b1311,The Pilot's Wife,book,Anita Shreve,1
b8195,French Women Don't Get Fat: The Secret of Eating for Pleasure,book,Mireille Guiliano,1
b5433,"The Burning Land (The Saxon Stories, #5)",book,Bernard Cornwell,1
b9196,Blackberry Winter,book,Sarah Jio,1
b3296,Then We Came to the End,book,Joshua Ferris,1
b6978,Foxe's Book of Martyrs,book,"John Foxe, W. Grinton Berry",1
b704,The Cider House Rules,book,John Irving,1
b9247,Palace Walk (The Cairo Trilogy #1),book,"Naguib Mahfouz, William M. Hutchins, Olive E. Kenny",1
b3969,Planet of the Apes,book,"Pierre Boulle, Xan Fielding",1
b8964,A. Lincoln,book,Ronald C. White Jr.,1
b9436,Wonderful Tonight,book,"Pattie Boyd, Penny Junor",1
b7933,"A Better World (Brilliance Saga, #2)",book,Marcus Sakey,1
b3674,The Power of Intention: Learning to Co-create Your World Your Way,book,Wayne W. Dyer,1
b4792,The Scrapbook of Frankie Pratt,book,Caroline Preston,1
b6426,Loving What Is: Four Questions That Can Change Your Life,book,"Byron Katie, Stephen Mitchell",1
b8155,"The Hedge Knight (The Tales of Dunk and Egg, #1)",book,George R.R. Martin,1
b1721,My Utmost for His Highest,book,Oswald Chambers,1
b9233,The Honourable Schoolboy,book,John le Carré,1
b6935,The Twenty-One Balloons,book,William Pène du Bois,1
b4998,"The Son of Sobek (Percy Jackson & Kane Chronicles Crossover, #1)",book,Rick Riordan,1
b5628,The Time in Between,book,"María Dueñas, Daniel Hahn",1
b311,The Thorn Birds,book,Colleen McCullough,1
b6668,The Dogs of War,book,Frederick Forsyth,1
b6560,"Hardline (Hacker, #3)",book,Meredith Wild,1
b8690,Through Black Spruce,book,Joseph Boyden,1
b3226,"The Ripper (The Vampire Diaries: Stefan's Diaries, #4)",book,"L.J. Smith, Kevin Williamson, Julie Plec",1
b4157,"Conversations With God: An Uncommon Dialogue, Book 2",book,Neale Donald Walsch,1
b2127,Olivia,book,Ian Falconer,1
b4093,"Forgive Me, Leonard Peacock",book,Matthew Quick,1
b5722,"Night of the Soul Stealer (The Last Apprentice / Wardstone Chronicles, #3)",book,"Joseph Delaney, Patrick  Arrasmith",1
b5675,Leadership and Self-Deception: Getting Out of the Box,book,The Arbinger Institute,1
b707,Walk Two Moons,book,Sharon Creech,1
b661,"Alexander and the Terrible, Horrible, No Good, Very Bad Day",book,"Judith Viorst, Ray Cruz",1
b4756,The Doomsday Conspiracy,book,Sidney Sheldon,1
b5449,The Happiest Baby on the Block: The New Way to Calm Crying and Help Your Newborn Baby Sleep Longer,book,Harvey Karp,1
b3260,"UnEnchanted (An Unfortunate Fairy Tale, #1)",book,Chanda Hahn,1
b8945,"The Next Accident (Quincy & Rainie, #3)",book,Lisa Gardner,1
b2625,"You Are Special (Wemmicksville, #1)",book,Max Lucado,1
b4152,La catedral del mar,book,Ildefonso Falcones,1
b3327,The Shock of the Fall,book,Nathan Filer,1
b1173,"The Girl in the Spider's Web (Millennium, #4)",book,"David Lagercrantz, Stieg Larsson, George Goulding",1
b971,The Rainbow Fish,book,"Marcus Pfister, J. Alison James",1
b5222,"Be Careful What You Wish For (The Clifton Chronicles, #4)",book,Jeffrey Archer,1
b9875,The Next Big Thing,book,Johanna Edwards,1
b8203,"Away Laughing on a Fast Camel (Confessions of Georgia Nicolson, #5)",book,Louise Rennison,1
b1103,Sam's Letters to Jennifer,book,James Patterson,1
b4090,Celebration of Discipline: The Path to Spiritual Growth,book,Richard J. Foster,1
b6438,"Angels in America, Part Two: Perestroika",book,Tony Kushner,1
b6696,Wish You Well,book,David Baldacci,1
b6367,The Last Nude,book,Ellis Avery,1
b9707,Wit,book,Margaret Edson,1
b2557,"Boundaries: When to Say Yes, How to Say No to Take Control of Your Life",book,"Henry Cloud, John Townsend",1
b7126,"Guilty as Sin  (Deer Lake, #2)",book,Tami Hoag,1
b5116,Hopscotch,book,"Julio Cortázar, Gregory Rabassa",1
b8073,Very Valentine,book,Adriana Trigiani,1
b4437,"The Crossing (Harry Bosch, #20; Mickey Haller, #7; Harry Bosch Universe, #25)",book,Michael Connelly,1
b5700,Waiting for the Barbarians,book,J.M. Coetzee,1
b4622,Franz Kafka's The Castle (Dramatization),book,"David Fishelson, Aaron Leichter, Max Brod, Franz Kafka",1
b5233,China Rich Girlfriend (Crazy Rich Asians #2),book,Kevin Kwan,1
b4711,Death With Interruptions,book,"José Saramago, Margaret Jull Costa",1
b8368,Deep and Dark and Dangerous (A Ghost Story),book,Mary Downing Hahn,1
b8474,"Native Tongue (Skink, #2)",book,Carl Hiaasen,1
b8415,"Yotsuba&!, Vol. 01 (Yotsuba&! #1)",book,"Kiyohiko Azuma, あずま きよひこ",1
b6398,The Millionaire Mind,book,Thomas J. Stanley,1
b7733,True Evil,book,Greg Iles,1
b7315,"The Soulkeepers (The Soulkeepers, #1)",book,G.P. Ching,1
b5841,The New Best Recipe,book,"Cook's Illustrated Magazine, John Burgoyne, Carl Tremblay",1
b8021,"The Breadwinner (The Breadwinner, #1)",book,Deborah Ellis,1
b9328,"The Boyfriend Thief (Stolen Kiss, #1)",book,Shana Norris,1
b4851,"Electric Daisy, Vol. 1 (Dengeki Daisy, #1)",book,Kyousuke Motomi,1
b7232,Crash,book,J.G. Ballard,1
b9254,"Vagabond (The Grail Quest, #2)",book,Bernard Cornwell,1
b2534,Push,book,Sapphire,1
b5485,Innocence,book,Dean Koontz,1
b7417,Giraffes Can't Dance,book,"Giles Andreae, Guy Parker-Rees",1
b9771,Those Girls,book,Chevy Stevens,1
b4646,Chicken Soup with Rice: A Book of Months (The Nutshell Library),book,Maurice Sendak,1
b7403,"A Dog's Journey (A Dog's Purpose, #2)",book,W. Bruce Cameron,1
b7177,"Gathering Prey (Lucas Davenport, #25)",book,John Sandford,1
b4615,The Liar,book,Nora Roberts,1
b7285,The Monsters of Templeton,book,Lauren Groff,1
b8622,"Just One Drop (The Grey Wolves, #3)",book,Quinn Loftis,1
b6469,Passion and Purity: Learning to Bring Your Love Life Under Christ's Control,book,Elisabeth Elliot,1
b5614,Eight Hundred Grapes,book,Laura Dave,1
b8018,Ceremony,book,Leslie Marmon Silko,1
b9573,Keep Holding On,book,Susane Colasanti,1
b4384,Funny Girl,book,Nick Hornby,1
b3328,"Asylum (Asylum, #1)",book,Madeleine Roux,1
b5022,Marina,book,Carlos Ruiz Zafón,1
b6433,"Storm (Elemental, #1)",book,Brigid Kemmerer,1
b7456,"Blowback (Scot Harvath, #4)",book,Brad Thor,1
b3719,El túnel,book,Ernesto Sabato,1
b2869,What We Talk About When We Talk About Love,book,Raymond Carver,1
b6055,Three Comrades,book,Erich Maria Remarque,1
b6955,"The Last Patriot (Scot Harvath, #7)",book,Brad Thor,1
b3548,The Miracle Worker,book,William  Gibson,1
b2035,Squirrel Seeks Chipmunk: A Modest Bestiary,book,"David Sedaris, Ian Falconer",1
b9700,"The First 90 Days, Updated and Expanded: Critical Success Strategies for New Leaders at All Levels",book,Michael D. Watkins,1
b7697,"The Captive Part II / The Power (The Secret Circle, #2-3)",book,L.J. Smith,1
b8738,Dear Theo,book,"Vincent van Gogh, Irving Stone, Jean   Stone",1
b5619,The Alibi,book,Sandra Brown,1
b1208,Four Past Midnight ,book,Stephen King,1
b7262,Proof,book,David Auburn,1
b2037,Commonwealth,book,Ann Patchett,1
b9921,A Coney Island of the Mind,book,Lawrence Ferlinghetti,1
b2379,My Friend Leonard,book,James Frey,1
b9475,Adam,book,Ted Dekker,1
b9257,"The Mystery Knight (The Tales of Dunk and Egg, #3)",book,George R.R. Martin,1
b7091,"Rise of the Elgen (Michael Vey, #2)",book,Richard Paul Evans,1
b5925,The Vanishing Act of Esme Lennox,book,Maggie O'Farrell,1
b9678,"Tempting the Player (Gamble Brothers, #2)",book,"J. Lynn, Jennifer L. Armentrout",1
b1685,Salem Falls,book,Jodi Picoult,1
b7829,King Arthur and His Knights: Selected Tales,book,"Thomas Malory, Eugène Vinaver",1
b9219,The Hole in Our Gospel: What does God expect of Us? The Answer that Changed my Life and Might Just Change the World,book,Richard Stearns,1
b7218,"The Lost Stories (Ranger's Apprentice, #11)",book,John Flanagan,1
b3065,The Door to December,book,"Richard Paige, Dean Koontz",1
b6796,"Deeper Than the Dead (Oak Knoll, #1)",book,Tami Hoag,1
b5455,"Brian's Winter (Brian's Saga, #3)",book,Gary Paulsen,1
b4271,The Complete Stories and Poems,book,Lewis Carroll,1
b788,Trainspotting,book,"Irvine Welsh, Eric Lindor Fall",1
b6102,"The Enchanted Wood (The Faraway Tree, #1)",book,Enid Blyton,1
b7761,The Witness,book,Sandra Brown,1
b7692,"These High, Green Hills (Mitford Years, #3)",book,Jan Karon,1
b5102,The Harbinger: The Ancient Mystery that Holds the Secret of America's Future,book,Jonathan Cahn,1
b2095,The Sneetches and Other Stories,book,Dr. Seuss,1
b5069,Lassie Come-Home,book,"Eric Knight, Marguerite Kirmse",1
b8384,Heartburn,book,Nora Ephron,1
b4612,Tangerine,book,"Edward Bloor, Danny De Vito",1
b6889,A Home at the End of the World,book,Michael Cunningham,1
b5446,Yertle the Turtle and Other Stories,book,Dr. Seuss,1
b3994,The Basketball Diaries,book,Jim Carroll,1
b5260,"The Pigman (The Pigman, #1)",book,Paul Zindel,1
b4666,The Hundred-Foot Journey,book,Richard C. Morais,1
b8207,The Professor,book,Charlotte Brontë,1
b8120,"A Severe Mercy: A Story of Faith, Tragedy and Triumph",book,"Sheldon Vanauken, C.S. Lewis",1
b1107,Little Earthquakes,book,Jennifer Weiner,1
b6737,Vinegar Girl,book,Anne Tyler,1
b3225,Wings of Fire: An Autobiography,book,"A.P.J. Abdul Kalam, Arun Tiwari",1
b3155,Missing You,book,Harlan Coben,1
b6787,Tropic of Capricorn,book,Henry Miller,1
b4708,BookRags Summary:  A Storm of Swords,book,BookRags,1
b9743,Going After Cacciato,book,Tim O'Brien,1
b7861,The 20th Century Art Book,book,Phaidon Press,1
b1949,Howards End,book,E.M. Forster,1
b9850,The Egg,book,Andy Weir,1
b6308,"Wolf Brother (Chronicles of Ancient Darkness, #1)",book,"Michelle Paver, Geoff Taylor",1
b9894,"Inversions (Culture, #6)",book,Iain M. Banks,1
b4144,Follow You Home,book,Mark  Edwards,1
b4984,"The Long Haul (Diary of a Wimpy Kid, #9)",book,Jeff Kinney,1
b1426,Keeping Faith,book,Jodi Picoult,1
b6186,The Complete Clive Barker's The Great And Secret Show,book,"Chris Ryall, Gabriel Rodríguez, Clive Barker",1
b6120,"1Q84 BOOK 3 (1Q84, #3)",book,"Haruki Murakami, 村上 春樹",1
b9338,"The Haunted (The Hollow, #2)",book,Jessica Verday,1
b2039,Blueberries for Sal,book,Robert McCloskey,1
b3972,"Experiencing God: Knowing and Doing the Will of God, Workbook",book,"Henry T. Blackaby, Claude V. King, Richard Blackaby",1
b7491,"44 Scotland Street (44 Scotland Street, #1)",book,Alexander McCall Smith,1
b8513,Financial Peace Revisited,book,Dave Ramsey,1
b9373,Wishin' and Hopin',book,Wally Lamb,1
b5185,"Sand Omnibus (Sand, #1-5)",book,Hugh Howey,1
b9633,"The Calling (Endgame, #1)",book,"James Frey, Nils Johnson-Shelton",1
b1461,The Memoirs of Sherlock Holmes,book,Arthur Conan Doyle,1
b4145,"Love, Stargirl (Stargirl, #2)",book,Jerry Spinelli,1
b7525,"Spider Bones (Temperance Brennan, #13)",book,Kathy Reichs,1
b4515,The Three Stigmata of Palmer Eldritch,book,Philip K. Dick,1
b6915,"The Dead of Night (Tomorrow, #2)",book,John Marsden,1
b5244,The Baron in the Trees,book,"Italo Calvino, Archibald Colquhoun",1
b7327,Samarkand,book,"Amin Maalouf, Russell Harris",1
b8224,How to Be Both,book,Ali Smith,1
b7253,"The One Tree (The Second Chronicles of Thomas Covenant, #2)",book,Stephen R. Donaldson,1
b2964,"Kill Shot (Mitch Rapp, #2)",book,Vince Flynn,1
b3290,"Fly Away (Firefly Lane, #2)",book,Kristin Hannah,1
b6113,A Case of Need,book,"Jeffery Hudson, Michael Crichton",1
b5267,"The Recruit (Cherub, #1)",book,Robert Muchamore,1
b8804,Autumn in Paris,book,Ilana Tan,1
b5235,"State of the Union (Scot Harvath, #3)",book,Brad Thor,1
b6432,Miramont's Ghost,book,Elizabeth  Hall,1
b9914,"Eve (Eve Duncan, #12; Eve, Quinn and Bonnie #1)",book,Iris Johansen,1
b9217,The Cobra Event,book,Richard   Preston,1
b8331,A Dog's Life: The Autobiography of a Stray,book,Ann M. Martin,1
b1835,"The Devil and Miss Prym (On the Seventh Day, #3)",book,"Paulo Coelho, Amanda Hopkinson, Nick Caistor",1
b1189,The Monk Who Sold His Ferrari: A Fable About Fulfilling Your Dreams  Reaching Your Destiny,book,Robin S. Sharma,1
b1085,Five Point Someone,book,Chetan Bhagat,1
b5231,Ape House,book,Sara Gruen,1
b1706,The Fall of the House of Usher and Other Tales ,book,"Edgar Allan Poe, Stephen Marlowe",1
b5894,"Red Mist (Kay Scarpetta, #19)",book,Patricia Cornwell,1
b1129,"The History of the Hobbit, Part One: Mr. Baggins",book,"John D. Rateliff, J.R.R. Tolkien",1
b8217,The Sacred Romance Drawing Closer To The Heart Of God,book,"John Eldredge, Brent Curtis",1
b5577,Audrey Rose,book,Frank De Felitta,1
b6770,Lullabies for Little Criminals,book,Heather O'Neill,1
b2023,"Forrest Gump (Forrest Gump, #1)",book,Winston Groom,1
b8275,"The Black Unicorn (Magic Kingdom of Landover, #2)",book,Terry Brooks,1
b8545,"Prior Bad Acts (Kovac and Liska, #3)",book,Tami Hoag,1
b3237,Bastard Out of Carolina,book,Dorothy Allison,1
b5558,Mr. Murder,book,Dean Koontz,1
b3279,"Inside the Human Body (The Magic School Bus, #3)",book,"Joanna Cole, Bruce Degen",1
b2551,"The Silent Sister (Riley MacPherson, #1)",book,Diane Chamberlain,1
b8934,The Automatic Millionaire: A Powerful One-Step Plan to Live and Finish Rich,book,David Bach,1
b7036,"A Shadow of Light (A Shade of Vampire, #4)",book,Bella Forrest,1
b5478,The Line of Beauty,book,Alan Hollinghurst,1
b8310,Tortured for Christ N/E,book,Richard Wurmbrand,1
b5549,It Chooses You,book,"Miranda July, Brigitte Sire",1
b7386,Doubt,book,John Patrick Shanley,1
b8815,Story of the Eye,book,"Georges Bataille, Joachim Neugroschel, Dovid Bergelson",1
b8649,"Crash & Burn (Tessa Leoni, #3)",book,Lisa Gardner,1
b3344,The Road Not Taken and Other Poems,book,Robert Frost,1
b7155,In the Lake of the Woods,book,Tim O'Brien,1
b8297,Long Time Coming,book,Edie Claire,1
b9856,"Mummies in the Morning (Magic Tree House, #3)",book,"Mary Pope Osborne, Salvatore Murdocca",1
b3539,Rudolph the Red-Nosed Reindeer,book,"Barbara Shook Hazen, Robert Lewis May, Richard Scarry",1
b1836,The Kissing Hand,book,"Audrey Penn, Ruth E. Harper, Nancy M. Leak",1
b5804,Sometimes a Great Notion,book,Ken Kesey,1
b8605,Art in Theory 1900 - 2000: An Anthology of Changing Ideas,book,"Charles Harrison, Paul Wood",1
b5451,Perahu Kertas,book,Dee Lestari,1
b7376,"Black List (Scot Harvath, #11)",book,Brad Thor,1
b8538,Stupeur et tremblements,book,Amélie Nothomb,1
b7154,Lily and the Octopus,book,Steven  Rowley,1
b3620,Bloodline,book,Sidney Sheldon,1
b2484,The Picture of Dorian Gray: A Graphic Novel,book,"Ian Edginton, Oscar Wilde, I.N.J. Culbard",1
b6258,I'm OK - You're OK,book,Thomas A. Harris,1
b4778,The Holy Bible: English Standard Version,book,Anonymous,1
b8035,"Black Sun Rising (The Coldfire Trilogy, #1)",book,C.S. Friedman,1
b1853,Memories of My Melancholy Whores,book,"Gabriel García Márquez, Edith Grossman",1
b6831,"The Heist (Gabriel Allon, #14)",book,Daniel Silva,1
b8317,"Dragons of Summer Flame (Dragonlance: The Second Generation, #2)",book,"Margaret Weis, Tracy Hickman",1
b2777,The End of Your Life Book Club,book,Will Schwalbe,1
b5891,"Hope to Die (Alex Cross, #22)",book,James Patterson,1
b658,The Corrections,book,Jonathan Franzen,1
b5521,"The Six Sacred Stones (Jack West Jr, #2)",book,Matthew Reilly,1
b9090,Winter in Tokyo,book,Ilana Tan,1
b7905,Chomp,book,Carl Hiaasen,1
b4968,The Pursuit of Happyness,book,Chris Gardner,1
b7699,Family Pictures ,book,Jane Green,1
b4894,Creative Visualization: Use the Power of Your Imagination to Create What You Want in Your Life,book,Shakti Gawain,1
b4202,The Savage Detectives,book,"Roberto Bolaño, Natasha Wimmer",1
b3039,"Panic (Panic, #1)",book,Lauren Oliver,1
b9915,The Accident,book,Linwood Barclay,1
b5740,Safe Harbour,book,Danielle Steel,1
b629,Veronika Decides to Die,book,"Paulo Coelho, Margaret Jull Costa",1
b8299,High Heat (Jack Reacher #17.5),book,Lee Child,1
b9698,I Can Read With My Eyes Shut!,book,Dr. Seuss,1
b5268,Anatomy for the Artist,book,Sarah Simblet,1
b6265,L'Écume des jours,book,Boris Vian,1
b3066,"Four Blind Mice (Alex Cross, #8)",book,James Patterson,1
b9753,The Story of Ruby Bridges,book,"Robert Coles, George Ford",1
b7708,A Grown-Up Kind of Pretty,book,Joshilyn Jackson,1
b9720,The Invention of Morel,book,"Adolfo Bioy Casares, Suzanne Jill Levine, Jorge Luis Borges, Ruth L.C. Simms, Norah Borges de Torre",1
b5682,Tramp for the Lord,book,Corrie ten Boom,1
b6015,"The Atlantis World (The Origin Mystery, #3)",book,A.G. Riddle,1
b1645,Rant,book,Chuck Palahniuk,1
b4609,Behind the Scenes at the Museum,book,Kate Atkinson,1
b9989,"Out of the Dark (The Grey Wolves, #4)",book,Quinn Loftis,1
b4178,Today Will Be Different,book,Maria Semple,1
b8574,"Girl, Stolen (Girl, Stolen #1)",book,April Henry,1
b3730,Labor Day,book,Joyce Maynard,1
b7620,Ethan Frome and Other Short Fiction,book,"Edith Wharton, Mary Gordon",1
b8304,Save the Date,book,Mary Kay Andrews,1
b2749,I Too Had a Love Story,book,Ravinder Singh,1
b8376,"Pani Jeziora (Saga o Wiedźminie, #7)",book,Andrzej Sapkowski,1
b5183,"Silence (Silence, #1)",book,Natasha Preston,1
b9356,"Gut gegen Nordwind (Gut gegen Nordwind, #1)",book,Daniel Glattauer,1
b9864,Austerlitz,book,"W.G. Sebald, Anthea Bell",1
b777,Jemima J,book,Jane Green,1
b6543,The Jordan Rules,book,"Sam Smith, Doug Grud",1
b6795,"A New Song (Mitford Years, #5)",book,Jan Karon,1
b4186,Anatomy for the Artist,book,Jenő Barcsay,1
b2332,"Everything We Keep (Everything We Keep, #1)",book,Kerry Lonsdale,1
b2980,Sold,book,Patricia McCormick,1
b2029,On Chesil Beach,book,Ian McEwan,1
b6940,"Her Final Breath (Tracy Crosswhite, #2)",book,Robert Dugoni,1
b3569,Nothing Lasts Forever,book,Sidney Sheldon,1
b7661,Dom Casmurro,book,Machado de Assis,1
b2090,"The Laughing Corpse (Anita Blake, Vampire Hunter, #2)",book,Laurell K. Hamilton,1
b7424,The Cartel,book,Don Winslow,1
b697,State of Wonder,book,Ann Patchett,1
b4600,The Castaways,book,Elin Hilderbrand,1
b8776,"Out to Canaan (Mitford Years, #4)",book,Jan Karon,1
b8600,Train Dreams,book,"Denis Johnson, Bettina Abarbanell",1
b7298,Rikki-Tikki-Tavi,book,"Rudyard Kipling, Jerry Pinkney",1
b2926,The Book of Laughter and Forgetting,book,"Milan Kundera, Aaron Asher",1
b8181,"The Batman Chronicles, Vol. 1",book,"Bill Finger, Gardner F. Fox, Bob Kane, Jerry Robinson, Sheldon Moldoff",1
b6632,Swimmy,book,Leo Lionni,1
b2856,The Secret Life of CeeCee Wilkes,book,Diane Chamberlain,1
b2956,Vampire Academy: The Ultimate Guide (Vampire Academy),book,"Michelle Rowen, Richelle Mead",1
b1078,Getting Things Done: The Art of Stress-Free Productivity,book,David    Allen,1
b9545,And Ladies of the Club,book,Helen Hooven Santmyer,1
b4319,Child of God,book,Cormac McCarthy,1
b2731,"No, David!",book,David Shannon,1
b7271,The Raw Shark Texts,book,Steven Hall,1
b7791,Come Home,book,Lisa Scottoline,1
b1838,"Worth Dying For (Jack Reacher, #15)",book,Lee Child,1
b6843,Friction,book,Sandra Brown,1
b5526,Flush,book,Carl Hiaasen,1
b6354,The Wall,book,Jean-Paul Sartre,1
b3685,Empty Mansions: The Mysterious Life of Huguette Clark and the Spending of a Great American Fortune,book,"Bill Dedman, Paul Clark Newell Jr.",1
b2446,The Story of Babar,book,"Jean de Brunhoff, Merle S. Haas",1
b7184,"Second Honeymoon (Honeymoon, #2)",book,"James Patterson, Howard Roughan",1
b2193,How to Be Good,book,Nick Hornby,1
b3399,The Mastery of Love: A Practical Guide to the Art of Relationship --Toltec Wisdom Book,book,Miguel Ruiz,1
b7954,"Happy, Happy, Happy",book,"Phil Robertson, Mark Schlabach",1
b342,The Casual Vacancy,book,J.K. Rowling,1
b6139,Captains and the Kings,book,Taylor Caldwell,1
b3209,The Rumor,book,Elin Hilderbrand,1
b8963,Ice Station Zebra,book,Alistair MacLean,1
b7140,All My Puny Sorrows,book,Miriam Toews,1
b6454,Breathing Lessons,book,Anne Tyler,1
b2907,"Good Night, Gorilla",book,Peggy Rathmann,1
b4114,"The Clique (The Clique, #1)",book,Lisi Harrison,1
b8720,"The Underworld (Fallen Star, #2)",book,Jessica Sorensen,1
b7831,رباعيات صلاح جاهين,book,"صلاح جاهين, يحيى حقي",1
b8064,The Smartest Guys in the Room: The Amazing Rise and Scandalous Fall of Enron,book,"Bethany McLean, Peter Elkind",1
b1921,If You Give a Moose a Muffin,book,"Laura Joffe Numeroff, Felicia Bond",1
b7256,CyberStorm,book,Matthew Mather,1
b7571,Ricochet,book,Sandra Brown,1
b7025,Sisters,book,Danielle Steel,1
b9820,"Think Twice (Rosato & Associates, #11)",book,Lisa Scottoline,1
b827,"To All the Boys I've Loved Before (To All the Boys I've Loved Before, #1)",book,Jenny Han,1
b3847,The Midwife's Confession,book,Diane Chamberlain,1
b6030,Train to Pakistan,book,Khushwant Singh,1
b4217,Roadside Picnic,book,"Arkady Strugatsky, Boris Strugatsky, Antonina W. Bouis, Antonina W. Bouis, Theodore Sturgeon",1
b7851,"The Apostle (Scot Harvath, #8)",book,Brad Thor,1
b2967,The Bookseller of Kabul,book,"Åsne Seierstad, Ingrid Christopherson",1
b8054,"Then He Ate My Boy Entrancers (Confessions of Georgia Nicolson, #6)",book,Louise Rennison,1
b5607,"Seven Deadly Wonders (Jack West Jr, #1)",book,Matthew Reilly,1
b6160,عقاید یک دلقک,book,"Heinrich Böll, محمد اسماعیل‌زاده",1
b9057,Don't Blink,book,"James Patterson, Howard Roughan",1
b5219,Two By Two,book,Nicholas Sparks,1
b2653,Us,book,David Nicholls,1
b2292,ساق البامبو,book,"سعود السنعوسي, Saud Alsanousi",1
b3474,"Tower Lord (Raven's Shadow, #2)",book,Anthony  Ryan,1
b9005,"Depraved Heart (Kay Scarpetta, #23)",book,Patricia Cornwell,1
b4762,"The 4-Hour Body: An Uncommon Guide to Rapid Fat-Loss, Incredible Sex, and Becoming Superhuman",book,Timothy Ferriss,1
b7862,The Magic Mirror of M.C. Escher,book,"Bruno Ernst, M.C. Escher, John E. Brigham",1
b9624,Cradle to Cradle: Remaking the Way We Make Things,book,"William McDonough, Michael Braungart",1
b5556,The Sea,book,John Banville,1
b9533,Reservation Blues,book,Sherman Alexie,1
b5103,"The English Girl (Gabriel Allon, #13)",book,Daniel Silva,1
b6499,"Silver Blaze (The Memoirs of Sherlock Holmes, #1)",book,Arthur Conan Doyle,1
b4469,Whistling Past the Graveyard,book,Susan Crandall,1
b9986,Night Light (Restoration #2),book,Terri Blackstock,1
b5924,The First Wives Club,book,Olivia Goldsmith,1
b6391,"You're the One That I Want (Gossip Girl, #6)",book,Cecily von Ziegesar,1
b6316,The Anti-Christ,book,"Friedrich Nietzsche, H.L. Mencken",1
b7805,"A Killing Frost (Tomorrow, #3)",book,John Marsden,1
b8754,Does the Noise in My Head Bother You?,book,Steven Tyler,1
b9227,Smoke Screen,book,Sandra Brown,1
b8508,"The Sea, the Sea",book,"Iris Murdoch, Mary Kinzie",1
b8913,Extra Yarn (E. B. White Read-Aloud Award. Picture Books),book,"Mac Barnett, Jon Klassen",1
b1057,The Testament,book,John Grisham,1
b9958,The Pacific,book,Hugh Ambrose,1
b9195,"For Love of Evil (Incarnations of Immortality, #6)",book,Piers Anthony,1
b2148,Monster,book,Walter Dean Myers,1
b8455,The Missing Piece Meets the Big O ,book,Shel Silverstein,1
b9988,A Theory of Justice,book,John Rawls,1
b6938,Running Out of Time,book,Margaret Peterson Haddix,1
b844,Chicka Chicka Boom Boom,book,"Bill Martin Jr., John Archambault, Lois Ehlert",1
b3202,Bluebeard,book,Kurt Vonnegut Jr.,1
b9596,"Sugar and Spice (L.A. Candy, #3)",book,Lauren Conrad,1
b3640,Windmills of the Gods,book,Sidney Sheldon,1
b4769,The Bastard of Istanbul,book,Elif Shafak,1
b8108,"The Last Girl (The Dominion Trilogy, #1)",book,Joe Hart,1
b3624,"Vespers Rising (The 39 Clues, #11)",book,"Rick Riordan, Gordon Korman, Peter Lerangis, Jude Watson",1
b9260,"The Magic (The Secret, #3)",book,Rhonda Byrne,1
b2490,The Legend of Sleepy Hollow and Other Stories,book,"Geoffrey Crayon, Washington Irving, William L. Hedges",1
b6180,Paddy Clarke Ha Ha Ha,book,Roddy Doyle,1
b9055,The Lord of the Rings Sketchbook,book,"Alan Lee, Ian McKellen",1
b9629,The Man Who Listens to Horses,book,"Monty Roberts, Lucy Grealy, Lawrence Scanlan",1
b3766,Silver Girl,book,Elin Hilderbrand,1
b2710,"The Virgin's Lover (The Plantagenet and Tudor Novels, #13)",book,Philippa Gregory,1
b5456,How the García Girls Lost Their Accents ,book,Julia Alvarez,1
b8980,"Ghostgirl (Ghostgirl, #1)",book,Tonya Hurley,1
b8912,Galveston,book,Nic Pizzolatto,1
b9141,"The Way of Kings, Part 1 (The Stormlight Archive #1.1)",book,Brandon Sanderson,1
b4604,"Burn (Breathless, #3)",book,Maya Banks,1
b3853,Walden & Civil Disobedience,book,"Henry David Thoreau, W.S. Merwin",1
b9658,"The Prefect (Prefect Dreyfus Emergency, #1)",book,Alastair Reynolds,1
b1955,The Rum Diary,book,Hunter S. Thompson,1
b9176,Sex God: Exploring the Endless Connections between Sexuality and Spirituality,book,Rob Bell,1
b3552,Leviathan,book,"Thomas Hobbes, C.B. Macpherson",1
b8370,Marcelo in the Real World,book,Francisco X. Stork,1
b4531,The Joke,book,Milan Kundera,1
b9810,The Afghan,book,Frederick Forsyth,1
b6154,V.,book,Thomas Pynchon,1
b6785,Anne Frank : The Biography,book,"Melissa Müller, Rita Kimber, Robert Kimber",1
b5342,"The Gift (Witch & Wizard, #2)",book,"James Patterson, Ned Rust",1
b2833,"The Prisoner of Heaven (The Cemetery of Forgotten Books, #3)",book,Carlos Ruiz Zafón,1
b9137,"Tennis Shoes Among the Nephites (Tennis Shoes, #1)",book,Chris Heimerdinger,1
b8019,Home,book,Toni Morrison,1
b7485,سینوهه,book,"Mika Waltari, ذبیح‌الله منصوری",1
b986,The Girl Who Loved Tom Gordon,book,Stephen King,1
b4209,"The Lion (John Corey, #5)",book,Nelson DeMille,1
b6420,"The Rising: Antichrist is Born  (Before They Were Left Behind, #1)",book,"Tim LaHaye, Jerry B. Jenkins",1
b6723,Girls of Riyadh,book,Rajaa Alsanea,1
b2912,The Seat of the Soul,book,Gary Zukav,1
b2433,Picture Perfect,book,Jodi Picoult,1
b8066,Beneath a Marble Sky,book,John Shors,1
b2274,Skinny Legs and All,book,Tom Robbins,1
b4486,"Miecz przeznaczenia (Saga o Wiedźminie, #2)",book,Andrzej Sapkowski,1
b9751,How Should We Then Live? The Rise and Decline of Western Thought and Culture,book,Francis A. Schaeffer,1
b4575,Bear Snores On,book,"Karma Wilson, Jane Chapman",1
b9837,Grasshopper Jungle,book,Andrew  Smith,1
b4631,Beautiful Day,book,Elin Hilderbrand,1
b1328,"I Am Pilgrim (Pilgrim, #1)",book,Terry Hayes,1
b9352,Double Identity,book,Margaret Peterson Haddix,1
b6636,The Gathering,book,Anne Enright,1
b4965,"That Was Then, This Is Now",book,S.E. Hinton,1
b4654,The Book of Strange New Things,book,Michel Faber,1
b6782,Facing Your Giants: A David and Goliath Story for Everyday People,book,Max Lucado,1
b3299,A Week in Winter,book,Maeve Binchy,1
b8589,Memórias Póstumas de Brás Cubas,book,Machado de Assis,1
b1648,The Poky Little Puppy (A Little Golden Book),book,"Janette Sebring Lowrey, Gustaf Tenggren",1
b6860,Frédéric,book,Leo Lionni,1
b7948,"Wired (Wired, #1)",book,Douglas E. Richards,1
b8249,The Third Policeman,book,Flann O'Brien,1
b4465,Feel the Fear and Do It Anyway,book,Susan  Jeffers,1
b8478,The Relatives Came,book,"Cynthia Rylant, Stephen Gammell",1
b7356,Coming Clean,book,Kimberly Rae Miller,1
b9568,Helmet for My Pillow,book,Robert Leckie,1
b5790,The Blue Bistro,book,Elin Hilderbrand,1
b8092,Savages,book,Don Winslow,1
b5947,number9dream,book,David Mitchell,1
b9453,"In This Mountain (Mitford Years, #7)",book,Jan Karon,1
b4160,Warrior of the Light,book,Paulo Coelho,1
b9460,Too Loud a Solitude,book,Bohumil Hrabal,1
b7055,Amadeus,book,Peter Shaffer,1
b3240,The Burden of Proof,book,Scott Turow,1
b9232,Libra,book,Don DeLillo,1
b9279,"Hidden Order (Scot Harvath, #12)",book,Brad Thor,1
b4509,2666,book,Roberto Bolaño,1
b2694,"Practicing the Power of Now: Essential Teachings, Meditations, and Exercises from the Power of Now",book,Eckhart Tolle,1
b7755,The General in His Labyrinth,book,"Gabriel García Márquez, Edith Grossman",1
b6729,Ordinary People,book,Judith Guest,1
b7182,"Fresh Wind, Fresh Fire: What Happens When God's Spirit Invades the Heart of His People",book,"Jim Cymbala, Dean Merrill",1
b7193,The Secret Life of Violet Grant,book,Beatriz Williams,1
b2973,Airport,book,Arthur Hailey,1
b9901,"Innocent (Kindle County Legal Thriller, #8)",book,Scott Turow,1
b5493,Totto-chan: The Little Girl at the Window,book,"Tetsuko Kuroyanagi, Chihiro Iwasaki, Dorothy Britton",1
b3678,"Laskar Pelangi (Tetralogi Laskar Pelangi, #1)",book,Andrea Hirata,1
b7056,"The Icewind Dale Trilogy Collector's Edition (Forgotten Realms: Icewind Dale, #1-3; Legend of Drizzt, #4-6)",book,R.A. Salvatore,1
b9790,The Story of B: An Adventure of the Mind and Spirit,book,Daniel Quinn,1
b1428,"Cabin Fever (Diary of a Wimpy Kid, #6)",book,Jeff Kinney,1
b6105,Arcadia,book,Lauren Groff,1
b9669,"The Three (The Three, #1)",book,Sarah Lotz,1
b9332,"The Vision (Fallen Star, #3)",book,Jessica Sorensen,1
b7728,The Earthsea Trilogy,book,Ursula K. Le Guin,1
b4828,Ghostwritten,book,David Mitchell,1
b6142,"One Tuesday Morning (9/11, #1)",book,Karen Kingsbury,1
b3060,Beyond the Grave (The 39 Clues #4),book,Jude Watson,1
b5754,Collected Fictions,book,"Jorge Luis Borges, Andrew Hurley",1
b8426,"A Blaze of Sun (A Shade of Vampire, #5)",book,Bella Forrest,1
b9315,The King's Agent,book,Donna Russo Morin,1
b8581,Gonzo: The Life of Hunter S. Thompson,book,"Jann S. Wenner, Corey Seymour",1
b8854,Mark of the Lion Trilogy,book,Francine Rivers,1
b2243,The Good Neighbor,book,A.J. Banner,1
b6486,"Merry Christmas, Alex Cross (Alex Cross, #19)",book,James Patterson,1
b9794,Unless,book,Carol Shields,1
b8849,A Perfect Spy,book,John le Carré,1
b5756,The Russia House,book,John le Carré,1
b9479,Manga Classics: Les Misérables,book,"Stacy King, SunNeko Lee, Crystal S. Chan, Victor Hugo",1
b9249,How I Raised Myself from Failure to Success in Selling,book,Frank Bettger,1
b9682,"H.I.V.E. Higher Institute of Villainous Education (H.I.V.E., #1)",book,Mark Walden,1
b4074,"Fool's Assassin (The Fitz and the Fool, #1)",book,Robin Hobb,1
b4934,Mockingbird,book,Kathryn Erskine,1
b8588,"City of Glass (The New York Trilogy, #1)",book,Paul Auster,1
b8429,Ungifted,book,Gordon Korman,1
b6294,Private Games (Private #3),book,"James Patterson, Mark T. Sullivan",1
b9951,"The Girl with No Shadow (Chocolat, #2)",book,Joanne Harris,1
b5177,Salvage the Bones,book,Jesmyn Ward,1
b5645,The Darkest Part of the Forest,book,Holly Black,1
b4501,Ask and It Is Given: Learning to Manifest Your Desires,book,"Esther Hicks, Jerry Hicks, Wayne W. Dyer",1
b4262,The Science of Getting Rich,book,Wallace D. Wattles,1
b4714,Britt-Marie Was Here,book,"Fredrik Backman, Henning Koch, سمانه پرهیزکاری",1
b4523,"The Lions of Lucerne (Scot Harvath, #1)",book,Brad Thor,1
b9822,Owl Babies,book,"Martin Waddell, Patrick Benson",1
b3042,Between Sisters,book,Kristin Hannah,1
b1240,"A Scandal in Bohemia (The Adventures of Sherlock Holmes, #1)",book,"Ronald Holt, Arthur Conan Doyle",1
b7215,The Forgetting Time,book,Sharon Guskin,1
b7381,"Beautiful Beginning (Beautiful Bastard, #3.5)",book,Christina Lauren,1
b6679,"Pure (Pure, #1)",book,Julianna Baggott,1
b2021,"The Twilight Collection (Twilight, #1-3)",book,Stephenie Meyer,1
b5999,Marathon Man,book,William Goldman,1
b8863,The Guns of Navarone,book,Alistair MacLean,1
b3769,"Midnight for Charlie Bone (The Children of the Red King, #1)",book,Jenny Nimmo,1
b6685,"Foreign Influence (Scot Harvath, #9)",book,Brad Thor,1
b7389,"After We Fell (After, #3)",book,Anna Todd,1
b7379,The Pleasure of My Company,book,Steve Martin,1
b3841,A Prisoner of Birth,book,Jeffrey Archer,1
b3433,The Solitude of Prime Numbers,book,"Paolo Giordano, Shaun Whiteside",1
b8188,Henderson the Rain King,book,"Saul Bellow, Luciano Bianciardi",1
b6821,"Takedown (Scot Harvath, #5)",book,Brad Thor,1
b5413,Zen of Seeing: Seeing/Drawing as Meditation,book,Frederick Franck,1
b8828,Most Talkative: Stories from the Front Lines of Pop Culture,book,Andy Cohen,1
b3940,"Ice Cold (Rizzoli & Isles, #8)",book,Tess Gerritsen,1
b8040,"Envy (Fallen Angels, #3)",book,J.R. Ward,1
b2449,The Imperfectionists,book,Tom Rachman,1
b2620,Boy: Tales of Childhood,book,"Roald Dahl, Quentin Blake",1
b1409,The 3 Mistakes of My Life,book,Chetan Bhagat,1
b5315,Play It as It Lays,book,"Joan Didion, David Thomson",1
b8422,The Devil's Punchbowl,book,Greg Iles,1
b2655,"Ender's Game, Volume 1: Battle School (Ender's Saga)",book,"Christopher Yost, Orson Scott Card, Pasqual Ferry, Frank D'Armata",1
b4438,Dear Life: Stories,book,Alice Munro,1
b6962,"The Black Widow (Gabriel Allon, #16)",book,Daniel Silva,1
b4838,The Double Bind,book,Chris Bohjalian,1
b2222,Fireproof,book,Eric Wilson,1
b9404,"Five Run Away Together (Famous Five, #3)",book,Enid Blyton,1
b7007,"Private #1 Suspect (Private, #2)",book,"James Patterson, Maxine Paetro",1
b5627,A River Runs Through It and Other Stories,book,Norman Maclean,1
b3894,The Smoke Jumper,book,Nicholas Evans,1
b6859,"Maximum Security (Cherub, #3)",book,Robert Muchamore,1
b4089,Summer Island,book,Kristin Hannah,1
b3828,After the Quake,book,"Haruki Murakami, Jay Rubin",1
b5943,"By the Time You Read This, I'll Be Dead",book,"Julie Anne Peters, C.J. Bott",1
b2234,Still Life with Bread Crumbs,book,Anna Quindlen,1
b1076,The Nest,book,Cynthia D'Aprix Sweeney,1
b2750,"Mrs. Piggle-Wiggle (Mrs. Piggle Wiggle, #1)",book,"Betty MacDonald, Alexandra Boiger",1
b5571,The Pursuit of Holiness,book,"Jerry Bridges, Foster W. Cline, Jim Fay",1
b854,Invisible Monsters,book,Chuck Palahniuk,1
b7590,Choosing to SEE,book,"Mary Beth Chapman, Steven Curtis Chapman",1
b4411,"The Art of the Start: The Time-Tested, Battle-Hardened Guide for Anyone Starting Anything",book,Guy Kawasaki,1
b7643,"NYPD Red 2 (NYPD Red, #2)",book,"James Patterson, Marshall Karp",1
b8773,Breaking Free: Discover the Victory of Total Surrender,book,Beth Moore,1
b4362,Summerland,book,Elin Hilderbrand,1
b1506,The Zahir,book,"Paulo Coelho, Margaret Jull Costa",1
b6500,Sellevision,book,Augusten Burroughs,1
b7141,Bittersweet,book,Miranda Beverly-Whittemore,1
b1212,We Are All Completely Beside Ourselves,book,Karen Joy Fowler,1
b6215,The Prague Cemetery,book,"Umberto Eco, Richard Dixon",1
b6853,The Unexpected Mrs. Pollifax  (Mrs. Pollifax #1),book,Dorothy Gilman,1
b9600,Await Your Reply,book,Dan Chaon,1
b3566,Black Swan Green,book,David Mitchell,1
b8255,Eileen,book,Ottessa Moshfegh,1
b7063,Bumi Manusia,book,Pramoedya Ananta Toer,1
b3423,Secrets of the Millionaire Mind: Mastering the Inner Game of Wealth,book,T. Harv Eker,1
b8358,"Darkness, Be My Friend (Tomorrow, #4)",book,John Marsden,1
b7686,Self Matters: Creating Your Life from the Inside Out,book,Phillip C. McGraw,1
b9858,هشت کتاب,book,سهراب سپهری,1
b5361,Angel Falls,book,Kristin Hannah,1
b8307,One Lavender Ribbon,book,Heather Burch,1
b1193,Frindle,book,"Andrew Clements, Brian Selznick",1
b8950,Restless,book,William  Boyd,1
b6794,"Class A (Cherub, #2)",book,Robert Muchamore,1
b7228,In the Shadow of the Banyan,book,Vaddey Ratner,1
b5234,A Woman After God's Own Heart,book,Elizabeth George,1
b1455,Flight Behavior,book,Barbara Kingsolver,1
b8407,"The Survivor (Mitch Rapp, #14)",book,"Vince Flynn, Kyle Mills, Armand Schultz",1
b9228,Bone: Tall Tales,book,"Jeff Smith, Thomas E. Sniegoski, Steve Hamaker",1
b6697,Barnyard Dance,book,Sandra Boynton,1
b8144,Hidden (Bone Secrets. #1),book,Kendra Elliot,1
b4353,The Sands of Time,book,Sidney Sheldon,1
b7889,Paths of Glory,book,Jeffrey Archer,1
b6159,"Cross Justice (Alex Cross, #23)",book,James Patterson,1
b7444,Phenomenology of Spirit,book,"Georg Wilhelm Friedrich Hegel, A.V. Miller, John Niemeyer Findlay",1
b1875,A Bad Case of Stripes,book,David Shannon,1
b4610,Sweetbitter,book,Stephanie Danler,1
b8101,"The 5 Greatest Warriors (Jack West Jr, #3)",book,Matthew Reilly,1
b7468,Wayside School Gets A Little Stranger (Wayside School #3),book,Louis Sachar,1
b1469,Amelia Bedelia  (Amelia Bedelia #1),book,"Peggy Parish, Fritz Siebel",1
b9750,"Deep Down Dark: The Untold Stories of 33 Men Buried in a Chilean Mine, and the Miracle That Set Them Free",book,Héctor Tobar,1
b3136,Evening Class,book,Maeve Binchy,1
b515,The Prince of Tides,book,Pat Conroy,1
b1281,This Is How You Lose Her,book,Junot Díaz,1
b8454,Jack: Straight from the Gut,book,"Jack Welch, John A. Byrne, Mike Barnicle",1
b2891,"The Emperor's Code (The 39 Clues, #8)",book,Gordon Korman,1
b9895,"Dirty English (English, #1)",book,Ilsa Madden-Mills,1
b8790,"Chromosome 6 (Jack Stapleton & Laurie Montgomery, #3)",book,Robin Cook,1
b5028,The Going-To-Bed Book,book,Sandra Boynton,1
b4171,Stolen Lives: Twenty Years in a Desert Jail,book,"Malika Oufkir, Michèle Fitoussi",1
b5927,"Mightier Than the Sword (The Clifton Chronicles, #5)",book,Jeffrey Archer,1
b1984,The Runaway Bunny,book,"Margaret Wise Brown, Clement Hurd",1
b8464,Coming Home,book,Rosamunde Pilcher,1
b9616,The Book of Luke,book,Jenny O'Connell,1
b3003,A Woman of Substance (Emma Harte Saga #1),book,Barbara Taylor Bradford,1
b6200,The Naked Face,book,Sidney Sheldon,1
b5133,Save Me,book,Lisa Scottoline,1
b9333,The Gemini Contenders,book,Robert Ludlum,1
b951,Survivor,book,Chuck Palahniuk,1
b4208,"The Penderwicks: A Summer Tale of Four Sisters, Two Rabbits, and a Very Interesting Boy (The Penderwicks #1)",book,Jeanne Birdsall,1
b5708,"Touching Spirit Bear (Spirit Bear, #1)",book,Ben Mikaelsen,1
b6736,Collected Poems,book,Dylan Thomas,1
b1775,Strega Nona,book,Tomie dePaola,1
b2827,"Not a Penny More, Not a Penny Less",book,Jeffrey Archer,1
b4207,"The Medusa Plot (39 Clues: Cahills vs. Vespers, #1)",book,Gordon Korman,1
b8607,"The Killing (Cherub, #4)",book,Robert Muchamore,1
b7659,The Weekenders,book,Mary Kay Andrews,1
b9123,The Complete Short Novels,book,"Anton Chekhov, Richard Pevear, Larissa Volokhonsky",1
b6986,"Don't Die, My Love",book,Lurlene McDaniel,1
b6507,"Deeply Odd (Odd Thomas, #6)",book,Dean Koontz,1
b9663,Ya Yas in Bloom,book,Rebecca Wells,1
b4657,The Manchurian Candidate (Movie Tie-In Edition),book,Richard Condon,1
b1548,"Frog and Toad Are Friends (Frog and Toad, #1)",book,Arnold Lobel,1
b4221,Big Sur,book,"Jack Kerouac, Aram Saroyan",1
b6545,"If You Want to Walk on Water, You've Got to Get Out of the Boat",book,John Ortberg,1
b954,Twilight Director's Notebook : The Story of How We Made the Movie Based on the Novel by Stephenie Meyer,book,Catherine Hardwicke,1
b9821,The Art of Amy Brown,book,"Amy Brown, Charles  de Lint",1
b2232,The First Phone Call from Heaven,book,Mitch Albom,1
b9278,"In the Clearing (Tracy Crosswhite, #3)",book,Robert Dugoni,1
b4490,Kill Alex Cross (Alex Cross #18),book,James Patterson,1
b5447,The Rent Collector,book,Camron Wright,1
b5418,"The Social Animal: The Hidden Sources of Love, Character, and Achievement",book,David  Brooks,1
b5005,Feeling Good: The New Mood Therapy,book,David D. Burns,1
b7938,"I, Michael Bennett (Michael Bennett, #5)",book,"James Patterson, Michael Ledwidge",1
b2862,Strangers,book,Dean Koontz,1
b4164,Maine,book,J. Courtney Sullivan,1
b4512,"Simple Genius (Sean King & Michelle Maxwell, #3)",book,David Baldacci,1
b8661,Through My Eyes,book,"Tim Tebow, Nathan Whitaker",1
b2717,Wreckage,book,Emily Bleeker,1
b9483,Any Human Heart,book,William  Boyd,1
b4607,"Lila (Gilead, #3)",book,Marilynne Robinson,1
b3303,The Very Busy Spider,book,Eric Carle,1
b7494,The Magpies,book,Mark  Edwards,1
b8016,Crow Lake,book,Mary Lawson,1
b3133,Timequake,book,Kurt Vonnegut Jr.,1
b4797,"Trace (Kay Scarpetta, #13)",book,Patricia Cornwell,1
b8563,"The Shepherd's Crown (Discworld, #41; Tiffany Aching, #5)",book,Terry Pratchett,1
b8604,Edvard Munch: 1863-1944 (Basic Art),book,Ulrich Bischoff,1
b1529,The Witch Of Portobello,book,Paulo Coelho,1
b8179,In Search of Excellence: Lessons from America's Best-Run Companies,book,"Tom Peters, Robert H. Waterman Jr.",1
b9646,"Blood Defense (Samantha Brinkman, #1)",book,Marcia Clark,1
b1330,Don't Sweat the Small Stuff ... and it's all small stuff: Simple Ways to Keep the Little Things from Taking Over Your Life,book,Richard Carlson,1
b8516,My Year of Meats,book,Ruth Ozeki,1
b5534,A Summer Affair,book,Elin Hilderbrand,1
b9897,"Divine Madness (Cherub, #5)",book,Robert Muchamore,1
b8840,Passing,book,"Nella Larsen, Ntozake Shange, Thadious M. Davis",1
b8865,Women Who Love Too Much: When You Keep Wishing and Hoping He'll Change,book,Robin Norwood,1
b9231,Peace Child: An Unforgettable Story of Primitive Jungle Treachery in the 20th Century,book,Don Richardson,1
b5550,Last Exit to Brooklyn,book,"Hubert Selby Jr., Gilbert Sorrentino",1
b7431,Mosquitoland,book,David  Arnold,1
b5097,Scarlet Feather,book,Maeve Binchy,1
b3607,"Opposition (Lux, #5)",book,Jennifer L. Armentrout,1
b1655,"The Friday Night Knitting Club (Friday Night Knitting Club, #1)",book,Kate Jacobs,1
b7092,Cabal,book,Clive Barker,1
b7899,Rumpelstiltskin,book,Paul O. Zelinsky,1
b9440,Lie Down with Lions,book,Ken Follett,1
b4744,Games People Play,book,Eric Berne,1
b676,"Entwined with You (Crossfire, #3)",book,Sylvia Day,1
b7482,My Sunshine Away,book,M.O. Walsh,1
b7631,Three Fates,book,Nora Roberts,1
b6851,"The Panther  (John Corey, #6)",book,Nelson DeMille,1
b3861,The Sandcastle Girls,book,Chris Bohjalian,1
b1842,Perfect Match,book,Jodi Picoult,1
b5220,Sea Glass,book,Anita Shreve,1
b9987,"Chasing The Night (Eve Duncan, #11; Catherine Ling, #1)",book,Iris Johansen,1
b7673,Nora Webster,book,Colm Tóibín,1
b8644,Private London (Private #4),book,"James Patterson, Mark Pearson",1
b7867,Summer Secrets,book,Jane Green,1
b7734,Tobacco Road (Brown Thrasher Books),book,"Erskine Caldwell, Lewis Nordan",1
b9043,Close Encounters Of The Third Kind,book,Steven Spielberg,1
b1939,If You Give a Pig a Pancake ,book,"Laura Joffe Numeroff, Felicia Bond",1
b1419,The Stand: Captain Trips,book,"Roberto Aguirre-Sacasa, Stephen King, Mike Perkins, Laura       Martin",1
b3386,Magic Hour,book,Kristin Hannah,1
b8532,Baltasar and Blimunda,book,"José Saramago, Giovanni Pontiero",1
b3274,Hop On Pop,book,Dr. Seuss,1
b5741,The Things We Do for Love,book,Kristin Hannah,1
b8197,"The Uglies Trilogy (Uglies, #1-3)",book,Scott Westerfeld,1
b8755,"The Sworn Sword (The Tales of Dunk and Egg, #2)",book,George R.R. Martin,1
b5532,This Is Where It Ends,book,Marieke Nijkamp,1
b5242,A Secret Kept,book,Tatiana de Rosnay,1
b9641,The Girl in the Red Coat,book,Kate Hamer,1
b9686,"Five Go Adventuring Again (Famous Five, #2)",book,Enid Blyton,1
b9427,Ashley Bell,book,Dean Koontz,1
b4878,"A Shade of Blood (A Shade of Vampire, #2)",book,Bella Forrest,1
b3913,Immortality,book,Milan Kundera,1
b9283,Harry Potter and Philosophy: If Aristotle Ran Hogwarts,book,"David Baggett, Shawn E. Klein",1
b3987,The Things We Wish Were True,book,Marybeth Mayhew Whalen,1
b4369,Stranger than Fiction,book,Chuck Palahniuk,1
b6409,From Head to Toe,book,Eric Carle,1
b5623,Five Days at Memorial: Life and Death in a Storm-Ravaged Hospital,book,Sheri  Fink,1
b1144,Prodigal Summer,book,Barbara Kingsolver,1
b9307,Travel Team,book,Mike Lupica,1
b4960,Love Is a Dog from Hell,book,Charles Bukowski,1
b8847,Rocket Boys (Coalwood #1),book,Homer Hickam,1
b4547,The Matchmaker,book,Elin Hilderbrand,1
b2650,It's Not About the Bike: My Journey Back to Life,book,"Lance Armstrong, Sally Jenkins",1
b3509,"The Little Mouse, the Red Ripe Strawberry, and the Big Hungry Bear",book,"Don    Wood, Audrey Wood",1
b8728,"Fallen Hearts (Casteel, #3)",book,V.C. Andrews,1
b8631,The Matlock Paper,book,Robert Ludlum,1
b3971,Evergreen,book,Belva Plain,1
b8079,Cosmicomics,book,"Italo Calvino, William Weaver, Ανταίος Χρυσοστομίδης, Ελευθερία Κοψιδά",1
b2438,There Was an Old Lady Who Swallowed a Fly,book,Simms Taback,1
b1475,الأسود يليق بك,book,"أحلام مستغانمي, Ahlam Mosteghanemi",1
b6389,Jazz,book,Toni Morrison,1
b8620,The Snowman,book,Raymond Briggs,1
b9690,Frida Kahlo: 1907-1954 Pain and Passion,book,Andrea Kettenmann,1
b7430,"Rose in Bloom (Eight Cousins, #2)",book,Louisa May Alcott,1
b6463,Founders at Work: Stories of Startups' Early Days,book,Jessica Livingston,1
b6140,"The Fallen Angel (Gabriel Allon, #12)",book,Daniel Silva,1
b8380,Legally Blonde,book,Amanda Brown,1
b6655,"The Candymakers (The Candymakers, #1)",book,Wendy Mass,1
b7094,"No Man's Land (John Puller, #4)",book,David Baldacci,1
b1866,The Vacationers,book,Emma Straub,1
b5162,The Gold Coast,book,Nelson DeMille,1
b9719,Silver Bay,book,Jojo Moyes,1
b3600,Hocus Pocus,book,Kurt Vonnegut Jr.,1
b8281,The Devil's Alternative,book,Frederick Forsyth,1
b1372,الفيل الأزرق,book,أحمد مراد,1
b9510,"Among the Mad (Maisie Dobbs, #6)",book,"Jacqueline Winspear, Orlagh Cassidy",1
b8056,"1Q84 #1-2 (1Q84, #1-2)",book,"Haruki Murakami, Jay Rubin",1
b6456,The Strange Case of Dr. Jekyll and Mr. Hyde and Other Stories ,book,"Robert Louis Stevenson, Jenny Davidson",1
b6867,Malgudi Days,book,"R.K. Narayan, Jhumpa Lahiri",1
b1478,"Caps for Sale: A Tale of a Peddler, Some Monkeys and Their Monkey Business",book,Esphyr Slobodkina,1
b1929,Battlefield of the Mind: Winning the Battle in Your Mind,book,Joyce Meyer,1
b8461,Most Wanted,book,Lisa Scottoline,1
b5680,Kill Me If You Can,book,"James Patterson, Marshall Karp",1
b5423,The Sky is Falling,book,Sidney Sheldon,1
b2725,Hate List,book,Jennifer Brown,1
b8993,Sometimes It Happens,book,Lauren Barnholdt,1
b8246,The Fannie Farmer Cookbook: Anniversary,book,"Marion Cunningham, Fannie Merritt Farmer, Archibald Candy Corporation",1
b4478,Slash,book,"Slash, Anthony Bozza",1
b7874,"Hateship, Friendship, Courtship, Loveship, Marriage: Stories",book,Alice Munro,1
b3967,"Vampire Kisses: The Beginning (Vampire Kisses, #1-3)",book,Ellen Schreiber,1
b7428,Two Treatises of Government,book,"John Locke, Peter Laslett, Raymond Geuss",1
b9764,The Negotiator,book,Frederick Forsyth,1
b1177,"Warm Bodies (Warm Bodies, #1)",book,Isaac Marion,1
b6238,The Unlikely Spy,book,Daniel Silva,1
b5387,The Tibetan Book of Living and Dying,book,"Sogyal Rinpoche, Andrew Harvey",1
b7726,The House by the Lake,book,Ella Carey,1
b8410,Breath,book,Tim Winton,1
b5914,Quentins,book,Maeve Binchy,1
b7839,The Hidden Messages in Water,book,"Masaru Emoto, David A. Thayne",1
b964,J.R.R. Tolkien 4-Book Boxed Set: The Hobbit and The Lord of the Rings,book,J.R.R. Tolkien,1
b6050,Winter Solstice,book,Rosamunde Pilcher,1
b9979,"When the Lion Feeds (Courtney, #1)",book,Wilbur Smith,1
b6259,The Sicilian,book,Mario Puzo,1
b9740,"Percy Jackson and the Sword of Hades (Percy Jackson and the Olympians, #4.5)",book,Rick Riordan,1
b7245,A Bridge Too Far,book,Cornelius Ryan,1
b8927,The Chronicles of Harris Burdick: 14 Amazing Authors Tell the Tales,book,"Chris Van Allsburg, Lois Lowry, Kate DiCamillo, M.T. Anderson, Louis Sachar, Stephen King, Tabitha King, Jon Scieszka, Sherman Alexie, Gregory Maguire, Cory Doctorow, Jules Feiffer, Linda Sue Park, Walter Dean Myers, Lemony Snicket",1
b3027,Another Roadside Attraction,book,Tom Robbins,1
b998,The Monster at the End of this Book,book,"Jon Stone, Michael J. Smollin",1
b3251,حوار مع صديقي الملحد,book,مصطفى محمود,1
b7626,"Best Friends for Never (The Clique, #2)",book,Lisi Harrison,1
b6125,Runaway,book,Alice Munro,1
b8839,"Hidden Bodies (You, #2)",book,Caroline Kepnes,1
b4520,Out Stealing Horses,book,"Per Petterson, Anne Born",1
b7161,Apple Tree Yard,book,Louise Doughty,1
b7117,Life Together: The Classic Exploration of Christian Community,book,Dietrich Bonhoeffer,1
b2991,Second Glance,book,Jodi Picoult,1
b6801,"Runaway (Airhead, #3)",book,Meg Cabot,1
b8213,The Tale of Three Trees,book,"Angela Elwell Hunt, Tim Jonke",1
b9763,The Chosen One,book,Carol Lynch Williams,1
b7908,"Extreme Prey (Lucas Davenport, #26)",book,John Sandford,1
b9879,"Locked On (Jack Ryan Universe, #14)",book,"Tom Clancy, Mark Greaney",1
b8998,Sleepers,book,Lorenzo Carcaterra,1
b8471,Pudd'nhead Wilson,book,Mark Twain,1
b8083,The Return of the Prodigal Son: A Story of Homecoming,book,Henri J.M. Nouwen,1
b9341,"The It Girl (It Girl, #1)",book,Cecily von Ziegesar,1
b9025,Anil's Ghost,book,Michael Ondaatje,1
b8981,"I've Got You Under My Skin (Under Suspicion, #1)",book,"Mary Higgins Clark, Alafair Burke",1
b9061,"Flat Stanley (Flat Stanley, #1)",book,"Jeff Brown, Scott Nash, Macky Pamintuan",1
b8768,The Annotated Sherlock Holmes: The Four Novels and the Fifty-Six Short Stories Complete (2 Volume Set),book,"Arthur Conan Doyle, William S. Baring-Gould",1
b9703,"Hard Limit (Hacker, #4)",book,Meredith Wild,1
b8070,"Gone (Michael Bennett, #6)",book,"James Patterson, Michael Ledwidge",1
b7291,Change Your Thoughts - Change Your Life: Living the Wisdom of the Tao,book,Wayne W. Dyer,1
b5762,Abducted (Lizzy Gardner #1),book,T.R. Ragan,1
b9734,"Mad Dogs (Cherub, #8)",book,Robert Muchamore,1
b2989,"Plum Island (John Corey, #1)",book,Nelson DeMille,1
b9010,"Burning For Revenge (Tomorrow, #5)",book,John Marsden,1
b5013,"Wild Fire (John Corey, #4)",book,Nelson DeMille,1
b9691,The Mistress of Spices,book,Chitra Banerjee Divakaruni,1
b2000,The Hour I First Believed,book,Wally Lamb,1
b1793,One Night at the Call Center,book,Chetan Bhagat,1
b3434,"Clash (Crash, #2)",book,Nicole  Williams,1
b8888,An Old-Fashioned Girl,book,Louisa May Alcott,1
b2215,"Superfudge (Fudge, #3)",book,Judy Blume,1
b8723,Before We Met,book,Lucie Whitehouse,1
b6092,Little Red Riding Hood,book,"Trina Schart Hyman, Johann Grimm, Wilhelm Grimm",1
b6913,The Orange Girl,book,"Jostein Gaarder, James Anderson",1
b4924,The Best Laid Plans,book,Sidney Sheldon,1
b8753,"The Castle in the Attic (The Castle in the Attic, #1)",book,Elizabeth Winthrop,1
b7767,The Faraway Tree Stories (The Faraway Tree #1-3),book,Enid Blyton,1
b9369,Beach Town,book,Mary Kay Andrews,1
b7719,Mistress,book,"James Patterson, David Ellis",1
b5249,"Czas pogardy (Saga o Wiedźminie, #4)",book,Andrzej Sapkowski,1
b9672,"The Night Is for Hunting (Tomorrow, #6)",book,John Marsden,1
b3275,"Harry Potter Boxed Set, Books 1-5 (Harry Potter, #1-5)",book,"J.K. Rowling, Mary GrandPré",1
b4519,"Ancestors of Avalon (Avalon, #5)",book,"Diana L. Paxson, Marion Zimmer Bradley",1
b9647,I Am the Cheese,book,Robert Cormier,1
b8999,"The Work of Art in the Age of Its Technological Reproducibility, and Other Writings on Media",book,"Walter Benjamin, Michael W. Jennings, Brigid Doherty, Edmund F.N. Jephcott, Rodney Livingstone, Howard Eiland, Thomas Y. Levin",1
b9236,"The Tenth Insight: Holding the Vision (Celestine Prophecy, #2)",book,James Redfield,1
b9293,"After Ever Happy (After, #4)",book,Anna Todd,1
b4331,Heavier Than Heaven: A Biography of Kurt Cobain,book,Charles R. Cross,1
b7652,"Lucia, Lucia",book,Adriana Trigiani,1
b5983,The Gospel According to Jesus Christ,book,José Saramago,1
b9516,The Way the Crow Flies,book,Ann-Marie MacDonald,1
b5620,A Land More Kind Than Home,book,Wiley Cash,1
b2100,Batman: The Dark Knight Returns #1,book,Frank Miller,1
b4229,The Lord of the Rings: Weapons and Warfare,book,"Chris   Smith, Christopher Lee, Richard Taylor",1
b3919,Twisted,book,Laurie Halse Anderson,1
b3743,The Grouchy Ladybug,book,Eric Carle,1
b8437,Courageous,book,"Randy Alcorn, Alex Kendrick, Stephen Kendrick",1
b2158,The Time Machine/The Invisible Man,book,"H.G. Wells, Alfred MacAdam",1
b9675,House Corrino (Prelude to Dune #3),book,"Brian Herbert, Kevin J. Anderson",1
b7316,Up Country,book,Nelson DeMille,1
b5438,A Color of His Own,book,Leo Lionni,1
b7067,"Hostile Witness (Witness Series, #1)",book,Rebecca Forster,1
b2746,"Mary, Mary (Alex Cross, #11)",book,James Patterson,1
b9291,Me: Stories of My Life,book,Katharine Hepburn,1
b1765,Clifford the Big Red Dog,book,Norman Bridwell,1
b3157,"Halt's Peril (Ranger's Apprentice, #9)",book,John Flanagan,1
b8100,How to Save a Life,book,Sara Zarr,1
b853,Maniac Magee,book,Jerry Spinelli,1
b7495,Season of Migration to the North,book,"Tayeb Salih, Denys Johnson-Davies",1
b6625,The Yacoubian Building,book,"Alaa Al Aswany, علاء الأسواني",1
b7104,"Clementine (Clementine, #1)",book,"Sara Pennypacker, Marla Frazee",1
b1663,Brida,book,"Paulo Coelho, Montserrat Mira",1
b8245,"The Ipcress File (Secret File, #1)",book,Len Deighton,1
b3093,ثلاثية غرناطة,book,"Radwa Ashour, رضوى عاشور",1
b1538,A Spool of Blue Thread,book,Anne Tyler,1
b7858,Sheep in a Jeep,book,"Nancy E. Shaw, Margot Apple",1
b5851,The Museum of Innocence,book,"Orhan Pamuk, Maureen Freely",1
b6503,"The Year of Secret Assignments (Ashbury/Brookfield, #2)",book,Jaclyn Moriarty,1
b2521,The Pilgrimage,book,"Paulo Coelho, Alan R. Clarke",1
b6593,A Separate Reality,book,Carlos Castaneda,1
b1960,Women,book,Charles Bukowski,1
b5452,Schooled,book,Gordon Korman,1
b5802,Arsenic and Old Lace,book,Joseph Kesselring,1
b2093,The Stand: Soul Survivors,book,"Roberto Aguirre-Sacasa, Mike Perkins, Laura       Martin, Stephen King",1
b5807,The Mill River Recluse,book,Darcie Chan,1
b5056,How I Became a Pirate,book,"Melinda Long, David Shannon",1
b3250,Shopgirl,book,Steve Martin,1
b8308,Run Baby Run,book,"Nicky Cruz, Jamie Buckingham",1
b8751,"Threat Vector (Jack Ryan Universe, #15)",book,"Tom Clancy, Mark Greaney",1
b5828,The Elephant Tree,book,R.D. Ronald,1
b3716,"Dean Koontz's Frankenstein, Volume 1: Prodigal Son",book,"Dean Koontz, Kevin J. Anderson, Chuck Dixon, Brett Booth",1
b5379,Sleep Tight,book,Rachel Abbott,1
b4228,"Preacher, Volume 2: Until the End of the World",book,"Garth Ennis, Steve Dillon",1
b6833,Darkfall,book,Dean Koontz,1
b668,Everything I Never Told You,book,Celeste Ng,1
b8692,Sexing the Cherry,book,Jeanette Winterson,1
b1009,The Interestings,book,Meg Wolitzer,1
b8198,The Bone Tree,book,Greg Iles,1
b8389,Flight,book,Sherman Alexie,1
b5286,Cooked: A Natural History of Transformation,book,Michael Pollan,1
b3141,Amsterdam,book,Ian McEwan,1
b4043,Anne Frank: Beyond the Diary - A Photographic Remembrance,book,"Ruud van der Rol, Rian Verhoeven, Anna Quindlen, Anne Frank, Tony Langham, Plym Peters",1
b8088,Such a Pretty Girl,book,Laura Wiess,1
b9419,"The Boy Who Came Back from Heaven: A Remarkable Account of Miracles, Angels, and Life beyond This World",book,"Kevin Malarkey, Alex Malarkey",1
b2582,Harry the Dirty Dog,book,"Gene Zion, Margaret Bloy Graham",1
b8059,Fish in a Tree,book,Lynda Mullaly Hunt,1
b9843,"The Other Side of Dawn (Tomorrow, #7)",book,John Marsden,1
b5344,"A Game of Thrones: Comic Book, Issue 1",book,"Daniel Abraham, George R.R. Martin, Tommy Patterson",1
b5416,"Boy, Snow, Bird",book,Helen Oyeyemi,1
b6240,"Conversations With God: An Uncommon Dialogue, Book 3",book,Neale Donald Walsch,1
b3596,Llama Llama Red Pajama,book,Anna Dewdney,1
b5436,"The Earth, My Butt, and Other Big Round Things",book,Carolyn Mackler,1
b6404,A Chair for My Mother,book,Vera B. Williams,1
b4058,Love Anthony,book,Lisa Genova,1
b2479,Requiem for a Dream,book,"Hubert Selby Jr., Darren Aronofsky, Richard Price",1
b9170,"Between, Georgia",book,Joshilyn Jackson,1
b8989,"Knife Edge (Noughts & Crosses, #2)",book,Malorie Blackman,1
b4057,Saving Fish from Drowning,book,Amy Tan,1
b863,Guess How Much I Love You,book,"Sam McBratney, Anita Jeram",1
b6954,Independence Day,book,Richard Ford,1
b7370,Ironweed,book,William  Kennedy,1
b9006,The Education of Little Tree,book,Forrest Carter,1
b5519,The Guest Room,book,Chris Bohjalian,1
b9372,Babe: The Gallant Pig,book,"Dick King-Smith, Maggie Kneen",1
b709,Nine Stories,book,J.D. Salinger,1
b2633,Mercy,book,Jodi Picoult,1
b7366,Too Much Happiness,book,Alice Munro,1
b9564,"SilverFin (Young Bond, #1)",book,Charlie Higson,1
b7075,"Go Away, Big Green Monster!",book,Ed Emberley,1
b6018,"Angels in America, Part One: Millennium Approaches",book,Tony Kushner,1
b4779,"A Morbid Taste for Bones (Chronicles of Brother Cadfael, #1)",book,Ellis Peters,1
b8430,Noises Off,book,Michael Frayn,1
b9063,Freight Train,book,Donald Crews,1
b6894,Sacred Contracts: Awakening Your Divine Potential,book,Caroline Myss,1
b7565,Scars,book,Cheryl Rainfield,1
b4045,Half Girlfriend,book,Chetan Bhagat,1
b7216,Dear Zoo: A Lift-the-Flap Book,book,Rod Campbell,1
b9193,"Lost & Found (Rocky Pelligrino, #1)",book,Jacqueline Sheehan,1
b5061,A Matter of Honor,book,Jeffrey Archer,1
b6948,"Sense & Sensibility (The Austen Project, #1)",book,Joanna Trollope,1
b1688,My Name Is Lucy Barton,book,"Elizabeth Strout, Goran Skrobonja",1
b3890,The Power of a Praying Woman,book,Stormie Omartian,1
b4829,The One That Got Away,book,Simon Wood,1
b8150,Omerta,book,Mario Puzo,1
b4346,Kisses from Katie: A Story of Relentless Love and Redemption,book,"Katie J. Davis, Beth Clark",1
b6702,Animalia,book,Graeme Base,1
b9381,Rain Reign,book,Ann M. Martin,1
b5629,Paradise,book,Toni Morrison,1
b4473,Brick Lane,book,Monica Ali,1
b3122,Gift from the Sea,book,Anne Morrow Lindbergh,1
b4962,The Zombie Room,book,R.D. Ronald,1
b6399,The Stars Shine Down,book,Sidney Sheldon,1
b6324,"Morning, Noon & Night",book,Sidney Sheldon,1
b654,Freedom,book,Jonathan Franzen,1
b5198,Of Love and Shadows,book,"Isabel Allende, Margaret Sayers Peden",1
b8175,Shalimar the Clown,book,Salman Rushdie,1
b8355,Istanbul: Memories and the City,book,Orhan Pamuk,1
b9156,Amazing Grace,book,"Mary Hoffman, Caroline Binch",1
b3638,Housekeeping,book,Marilynne Robinson,1
b3998," Angels (Walsh Family, #3)",book,Marian Keyes,1
b7147,Every Man Dies Alone,book,"Hans Fallada, Michael Hofmann, Geoff Wilkes",1
b3450,"Crooked Letter, Crooked Letter",book,Tom Franklin,1
b4364,The Success Principles: How to Get from Where You Are to Where You Want to Be,book,"Jack Canfield, Janet Switzer",1
b9410,Rogues,book,"George R.R. Martin, Gardner R. Dozois, Joe Abercrombie, Gillian Flynn, Matthew Hughes, Joe R. Lansdale, Michael Swanwick, David  Ball, Carrie Vaughn, Scott Lynch, Bradley Denton, Cherie Priest, Daniel Abraham, Paul Cornell, Steven Saylor, Garth Nix, Walter Jon Williams, Phyllis Eisenstein, Lisa Tuttle, Neil Gaiman, Connie Willis, Patrick Rothfuss",1
b6012,Skippy Dies,book,Paul Murray,1
b8506,"The Lost Years (The Lost Years of Merlin, #1)",book,T.A. Barron,1
b7048,"Moscow Rules (Gabriel Allon, #8)",book,Daniel Silva,1
b7384,Mister Pip,book,Lloyd Jones,1
b8259,Graffiti World: Street Art from Five Continents,book,"Nicholas Ganz, Tristan Manco",1
b9323,Under the Net,book,Iris Murdoch,1
b2883,Harvesting the Heart,book,Jodi Picoult,1
b5699,El coronel no tiene quien le escriba,book,Gabriel García Márquez,1
b8199,False Impression,book,Jeffrey Archer,1
b7947,ESV Study Bible,book,"Anonymous, Lane T. Dennis, Wayne A. Grudem",1
b3194,Sisterland,book,Curtis Sittenfeld,1
b7668,The Secret Agent,book,Joseph Conrad,1
b6537,"The Enchantress Returns (The Land of Stories, #2)",book,"Chris Colfer, Brandon Dorman",1
b1486,"Through the Looking-Glass, and What Alice Found There",book,"Lewis Carroll, John Tenniel, Peter Glassman",1
b8973,The Moor's Last Sigh,book,Salman Rushdie,1
b6869,Six Days of the Condor,book,James Grady,1
b2794,The Four Loves,book,C.S. Lewis,1
b5400,Don't Let the Pigeon Stay Up Late!,book,Mo Willems,1
b4563,Modern Lovers,book,Emma Straub,1
b4855,Batman: A Death in the Family,book,"Jim Starlin, Jim Aparo, Mike DeCarlo",1
b2049,"Ramona the Pest (Ramona, #2)",book,Beverly Cleary,1
b9627,The Hand That First Held Mine,book,Maggie O'Farrell,1
b7665,Beachcombers,book,Nancy Thayer,1
b9862,Nocturnes: Five Stories of Music and Nightfall,book,Kazuo Ishiguro,1
b5601,Is Your Mama a Llama?,book,"Deborah Guarino, Steven Kellogg",1
b9482,Succulent Wild Woman,book,S.A.R.K.,1
b7648,Shakespeare's Romeo and Juliet,book,"Michael Rosen, Jane Ray",1
b9657,"Invisible Prey (Lucas Davenport, #17)",book,John Sandford,1
b6041,Summer House with Swimming Pool,book,Herman Koch,1
b9134,Streams in the Desert,book,"Lettie B. Cowman, James Reimann",1
b9498,"The Gods of War (Emperor, #4)",book,Conn Iggulden,1
b5633,"A King's Ransom (The 39 Clues: Cahills vs. Vespers, #2)",book,Jude Watson,1
b2982,Eugene Onegin,book,"Alexander Pushkin, James E. Falen",1
b567,The Language of Flowers,book,Vanessa Diffenbaugh,1
b5525,A Stranger In The Mirror,book,Sidney Sheldon,1
b2042,Proof of Heaven: A Neurosurgeon's Journey into the Afterlife,book,Eben Alexander,1
b1098,The Longest Ride,book,Nicholas Sparks,1
b7572,Can't Wait to Get to Heaven,book,Fannie Flagg,1
b9154,Private Berlin (Private #5),book,"James Patterson, Mark T. Sullivan",1
b804,The Tempest,book,William Shakespeare,1
b8167,"The Great Shark Hunt: Strange Tales from a Strange Time (The Gonzo Papers, #1)",book,Hunter S. Thompson,1
b2316,Tenth of December,book,George Saunders,1
b6383,The Glass Lake,book,Maeve Binchy,1
b9085,The Minority Report,book,Philip K. Dick,1
b7293,The Last Don,book,Mario Puzo,1
b7840,Rumble Fish,book,S.E. Hinton,1
b8449,Wench,book,Dolen Perkins-Valdez,1
b9089,"The Arrangement: The Ferro Family (The Arrangement, #1)",book,H.M. Ward,1
b6019,My Best Friend's Girl,book,Dorothy Koomson,1
b1864,"Outbreak (Dr. Marissa Blumenthal, #1)",book,Robin Cook,1
b6777,The Dogs of Babel,book,Carolyn  Parkhurst,1
b6068,Keep Quiet,book,Lisa Scottoline,1
b6958,The Engagements,book,J. Courtney Sullivan,1
b6084,The Pigeon Finds a Hot Dog!,book,Mo Willems,1
b5127,The Girl Who Fell from the Sky,book,Heidi W. Durrow,1
b7338,"God Bless You, Dr. Kevorkian",book,Kurt Vonnegut Jr.,1
b7040,Don't Go,book,Lisa Scottoline,1
b1220,Fates and Furies,book,Lauren Groff,1
b8186,September,book,Rosamunde Pilcher,1
b8712,"Old School (Diary of a Wimpy Kid, #10)",book,Jeff Kinney,1
b2155,From a Buick 8,book,Stephen King,1
b5964,The Wednesday Letters,book,Jason F. Wright,1
b6034,Hold Still,book,Nina LaCour,1
b3792,A Spot of Bother,book,Mark Haddon,1
b836,"The Unlikely Pilgrimage of Harold Fry (Harold Fry, #1)",book,Rachel Joyce,1
b4967,The Family Fang,book,Kevin    Wilson,1
b860,"The Bean Trees (Greer Family, #1)",book,Barbara Kingsolver,1
b9588,The Keep,book,Jennifer Egan,1
b6405,The Crow Road,book,Iain Banks,1
b5467,"Portrait of a Spy (Gabriel Allon, #11)",book,Daniel Silva,1
b8127,Life and Times of Michael K,book,J.M. Coetzee,1
b9852,The Scarlatti Inheritance,book,Robert Ludlum,1
b5543,Addicted,book,Zane,1
b2272,"The Millennium Trilogy (Millennium Trilogy, #1-3)",book,"Stieg Larsson, Reg Keeland",1
b7582,The Last Original Wife,book,Dorothea Benton Frank,1
b8610,"Revenge of the Wannabes (The Clique, #3)",book,Lisi Harrison,1
b1377,"Janet Evanovich Three and Four Two-Book Set (Stephanie Plum, #3-4)",book,Janet Evanovich,1
b4462,"A Return to Love: Reflections on the Principles of ""A Course in Miracles""",book,Marianne Williamson,1
b9353,Si-cology 1: Tales and Wisdom from Duck Dynasty’s Favorite Uncle,book,"Si Robertson, Mark Schlabach",1
b7952,Sentimental Education,book,"Gustave Flaubert, Robert Baldick, Geoffrey Wall",1
b8873,The Commitments,book,Roddy Doyle,1
b3759,"Sookie Stackhouse 7-copy Boxed Set (Sookie Stackhouse, #1-7)",book,Charlaine Harris,1
b8585,Duck On A Bike,book,David Shannon,1
b9952,Sherlock Holmes of Baker Street: A Life of the World's First Consulting Detective,book,William S. Baring-Gould,1
b6482,An Innocent Client,book,Scott Pratt,1
b9791,A Window Opens,book,Elisabeth Egan,1
b2087,Open House,book,Elizabeth Berg,1
b3983,"Fire and Ice (Warriors, #2)",book,Erin Hunter,1
b6934,Tar Baby,book,Toni Morrison,1
b7188,"Swindle (Swindle, #1)",book,Gordon Korman,1
b4526,"Ask the Dust (Arturo Bandini, #3)",book,"John Fante, Charles Bukowski",1
b8732,Lies Women Believe: And the Truth that Sets Them Free,book,"Nancy Leigh DeMoss, Elisabeth Elliot",1
b5374,Laughable Loves,book,"Milan Kundera, Suzanne Rappaport",1
b1815,Anne Frank Remembered: The Story of the Woman Who Helped to Hide the Frank Family,book,"Miep Gies, Alison Leslie Gold",1
b3954,Hunger,book,"Knut Hamsun, George Egerton",1
b7530,"The Cellar (The Cellar, #1)",book,Natasha Preston,1
b7883,The Sandman: King of Dreams,book,"Alisa Kwitney, Neil Gaiman",1
b3230,The Lord of the Rings: The Art of The Fellowship of the Ring,book,Gary Russell,1
b9264,Open City,book,Teju Cole,1
b9708,"Dial L for Loser (The Clique, #6)",book,Lisi Harrison,1
b1647,تراب الماس,book,أحمد مراد,1
b8227,Tempting Fate,book,Jane Green,1
b9704,"The Pretty Committee Strikes Back (The Clique, #5)",book,Lisi Harrison,1
b3149,Skinny Bitch,book,"Rory Freedman, Kim Barnouin",1
b1619,"The Twilight Saga Complete Collection  (Twilight, #1-4 + 3.5)",book,Stephenie Meyer,1
b9831,White Girl Problems,book,Babe Walker,1
b6028,One Summer,book,David Baldacci,1
b8583,The Sister,book,Louise Jensen,1
b2409,Chrysanthemum,book,Kevin Henkes,1
b6306,Memories of Midnight,book,Sidney Sheldon,1
b7425,A Mother's Reckoning: Living in the Aftermath of Tragedy,book,Sue Klebold,1
b2467,Little Bear,book,"Else Holmelund Minarik, Maurice Sendak",1
b9570,المانيفستو,book,مصطفى إبراهيم,1
b8223,"1Q84 BOOK 2 (1Q84, #2)",book,Haruki Murakami,1
b1488,"Go, Dog. Go!",book,P.D. Eastman,1
b9872,The Versions of Us,book,Laura  Barnett,1
b4653,The Complete Novels,book,Jane Austen,1
b6965,A Dark Lure,book,Loreth Anne White,1
b1899,Lone Wolf,book,Jodi Picoult,1
b4835,"Sang Pemimpi (Tetralogi Laskar Pelangi, #2)",book,Andrea Hirata,1
b7023,"Private (Private, #1)",book,Kate Brian,1
b8543,"The First Part Last (Heaven, #2)",book,Angela Johnson,1
b8129,Vanished (Callahan & McLane #1),book,Kendra Elliot,1
b8626,Lemony Snicket: The Unauthorized Autobiography (A Series of Unfortunate Events companion),book,Lemony Snicket,1
b9181,The Girl from Krakow,book,Alex Rosenberg,1
b4956,My Booky Wook,book,Russell Brand,1
b5057,"The Monkey Wrench Gang (Monkey Wrench Gang, #1)",book,Edward Abbey,1
b6166,The I Ching or Book of Changes,book,"Anonymous, Richard Wilhelm, Cary F. Baynes, C.G. Jung",1
b3869,Vernon God Little,book,D.B.C. Pierre,1
b9044,"Vampire Chronicles: Interview with the Vampire, The Vampire Lestat, The Queen of the Damned (Anne Rice)",book,"Anne Rice, Robert O'Keefe, F. Murray Abraham, Michael York, Kate Nelligan, David Purdham",1
b9648,Soul on Ice,book,Eldridge Cleaver,1
b3428,Fierce Invalids Home from Hot Climates,book,Tom Robbins,1
b6975,Honor Among Thieves,book,Jeffrey Archer,1
b8765,Nantucket Nights,book,Elin Hilderbrand,1
b2716,Dead Poets Society,book,N.H. Kleinbaum,1
b9096,When Crickets Cry,book,Charles Martin,1
b7916,Live from New York: An Uncensored History of Saturday Night Live,book,"James Andrew Miller, Tom Shales",1
b9826,Animal-Speak: The Spiritual & Magical Powers of Creatures Great & Small,book,"Ted Andrews, Winston Allen, Margaret K. Andrews",1
b5910,Not My Daughter,book,Barbara Delinsky,1
b7753,The Pigeon Wants a Puppy!,book,Mo Willems,1
b5053,Drawing from Memory,book,Allen Say,1
b6922,Leading Change,book,John P. Kotter,1
b6460,God Help the Child,book,Toni Morrison,1
b5311,Esio Trot,book,"Roald Dahl, Quentin Blake",1
b7335,Mufaro's Beautiful Daughters: An African Tale,book,John Steptoe,1
b7972,Distant Shores,book,Kristin Hannah,1
b9539,"The First Confessor (The Legend of Magda Searus, #1)",book,Terry Goodkind,1
b9544,The Wave,book,"Morton Rhue, Todd Strasser",1
b2176,The Cat in the Hat and Other Dr. Seuss Favorites,book,"Dr. Seuss, Various",1
b5709,The Flamethrowers,book,Rachel Kushner,1
b5839,"The First Commandment (Scot Harvath, #6)",book,Brad Thor,1
b4517,Deadeye Dick,book,Kurt Vonnegut Jr.,1
b7083,Snowmen at Night,book,"Caralyn Buehner, Mark Buehner",1
b6436,Minding Frankie,book,Maeve Binchy,1
b7408,The Princess and the Pea,book,"Janet Stevens, Hans Christian Andersen",1
b2171,"The Oath of the Vayuputras (Shiva Trilogy, #3)",book,Amish Tripathi,1
b3239,"Daemon (Daemon, #1)",book,Daniel Suarez,1
b6054,Wolf in White Van,book,John Darnielle,1
b2512,Mr. Brown Can Moo! Can You?,book,Dr. Seuss,1
b8075,Light a Penny Candle,book,Maeve Binchy,1
b7717,Millions of Cats,book,Wanda Gág,1
b6262,Frosty the Snow Man,book,"Jane Werner Watson, Corinne Malvern",1
b9350,The Traveler's Gift: Seven Decisions that Determine Personal Success,book,Andy Andrews,1
b6959,"Runaway Ralph (Ralph S. Mouse, #2)",book,Beverly Cleary,1
b6917,Absurdistan,book,Gary Shteyngart,1
b2961,"Freak the Mighty (Freak The Mighty, #1)",book,Rodman Philbrick,1
b4763,The Elementary Particles,book,"Michel Houellebecq, Frank Wynne",1
b4668,"Big Nate: In a Class by Himself (Big Nate Novels, #1)",book,Lincoln Peirce,1
b9990,The Mambo Kings Play Songs of Love,book,Oscar Hijuelos,1
b8641,"Kings Rising (Captive Prince, #3)",book,C.S. Pacat,1
b8706,"Storm Prey (Lucas Davenport, #20)",book,John Sandford,1
b6607,The Rainbow,book,"D.H. Lawrence, Daphne Merkin",1
b7622,On the Genealogy of Morals/Ecce Homo,book,"Friedrich Nietzsche, Walter Kaufmann, R.J. Hollingdale",1
b4690,"Giggle, Giggle, Quack",book,"Doreen Cronin, Betsy Lewin",1
b4786,"Brilliance (Brilliance Saga, #1)",book,Marcus Sakey,1
b7034,A Walk Across the Sun,book,Corban Addison,1
b8700,A Charlie Brown Christmas,book,Charles M. Schulz,1
b8149,Pygmalion & My Fair Lady,book,"George Bernard Shaw, Alan Jay Lerner",1
b7930,Only the Innocent (DCI Tom Douglas #1),book,Rachel Abbott,1
b7079,Rabbit at Rest (Rabbit Angstrom #4),book,John Updike,1
b5852,The Mothers,book,Brit Bennett,1
b2344,Factotum,book,Charles Bukowski,1
b6977,The Mortal Instruments (The Mortal Instruments #1-4),book,Cassandra Clare,1
b5487,The Law of Attraction: The Basics of the Teachings of Abraham,book,"Esther Hicks, Jerry Hicks",1
b3159,Betty Crocker's Cookbook,book,Betty Crocker,1
b9275,See You at the Top,book,"Zig Ziglar, Al Mayton",1
b4936,I Kissed Dating Goodbye,book,Joshua Harris,1
b3094,We're Going on a Bear Hunt,book,"Michael Rosen, Helen Oxenbury",1
b9762,Rich Dad's Guide to Investing: What the Rich Invest in That the Poor and Middle Class Do Not!,book,"Robert T. Kiyosaki, Sharon L. Lechter",1
b8838,Lost Horizon,book,James Hilton,1
b8459,"Six's Legacy (Lorien Legacies: The Lost Files, #1)",book,Pittacus Lore,1
b504,Redeeming Love,book,Francine Rivers,1
b8817,In the Night Kitchen,book,Maurice Sendak,1
b6093,"Captain Underpants and the Attack of the Talking Toilets (Captain Underpants, #2)",book,Dav Pilkey,1
b7343,The Littles,book,"John Lawrence Peterson, Roberta Carter Clark",1
b9507,Tough Customer (Mitchell & Associates #2),book,Sandra Brown,1
b3479,The Coldest Winter Ever,book,Sister Souljah,1
b7133,Under the Wide and Starry Sky,book,Nancy Horan,1
b4685,Canada,book,Richard Ford,1
b9757,"Stand Tall, Molly Lou Melon",book,"Patty Lovell, David Catrow",1
b7401,The Brothers K,book,David James Duncan,1
b8434,The Sound of Glass,book,Karen   White,1
b8090,Scruples,book,Judith Krantz,1
b2603,Here on Earth,book,Alice Hoffman,1
b4697,In One Person,book,John Irving,1
b8825,The Color of Secrets,book,Lindsay Ashford,1
b6562,"The Dead of Night (The 39 Clues: Cahills vs. Vespers, #3)",book,Peter Lerangis,1
b7052,The Saving Graces,book,Patricia Gaffney,1
b7740,"Tales from a Not-So-Happy Heartbreaker (Dork Diaries, #6)",book,Rachel Renée Russell,1
b5615,"Welcome to the World, Baby Girl! (Elmwood Springs, #1)",book,Fannie Flagg,1
b3257,Our Souls at Night,book,Kent Haruf,1
b7556,"Big Cherry Holler (Big Stone Gap, #2)",book,Adriana Trigiani,1
b6288,The Descendants,book,Kaui Hart Hemmings,1
b5407,Telegraph Avenue,book,Michael Chabon,1
b7071,A Death in Sweden,book,Kevin Wignall,1
b8676,Lush Life,book,Richard Price,1
b9139,Carrie / 'Salem's Lot / The Shining,book,Stephen King,1
b8734,"Invasion of the Boy Snatchers (The Clique, #4)",book,Lisi Harrison,1
b1814,Left Neglected,book,Lisa Genova,1
b869,The Elegance of the Hedgehog,book,"Muriel Barbery, Alison Anderson",1
b5330,Jailbird,book,Kurt Vonnegut Jr.,1
b3100,How to Eat Fried Worms,book,Thomas Rockwell,1
b3012,Maude,book,Donna Mabry,1
b9746,In a People House,book,"Dr. Seuss, Theo LeSieg, Roy McKie",1
b8870,The Great Brain (Great Brain #1),book,"John D. Fitzgerald, Mercer Mayer",1
b9590,Apathy and Other Small Victories,book,Paul Neilan,1
b4853,The Einstein Prophecy,book,Robert Masello,1
b4168,These Things Hidden,book,Heather Gudenkauf,1
b7108,The Pecan Man,book,Cassie Dandridge Selleck,1
b4671,"Breath, Eyes, Memory",book,Edwidge Danticat,1
b4238,Generation X: Tales for an Accelerated Culture,book,Douglas Coupland,1
b5987,Hidden,book,Catherine McKenzie,1
b2525,"A Wanted Man (Jack Reacher, #17)",book,"Lee Child, Dick Hill",1
b8466,ليتها تقرأ,book,خالد الباتلي,1
b6039,Eloise ,book,"Kay Thompson, Hilary Knight",1
b4991,Can Love Happen Twice?,book,Ravinder Singh,1
b7795,Supernova: Akar,book,Dee Lestari,1
b8007,The Finkler Question,book,Howard Jacobson,1
b6101,Meditations on First Philosophy,book,"René Descartes, Donald A. Cress",1
b7641,The Whistling Season,book,Ivan Doig,1
b7885,The Light of the Fireflies,book,"Paul Pen, Simon Bruni",1
b4427,Songs of the Humpback Whale,book,Jodi Picoult,1
b2880,"Divergent Series Complete Box Set (Divergent, #1-3)",book,Veronica Roth,1
b1822,"Revolution 2020: Love, Corruption, Ambition",book,Chetan Bhagat,1
b9580,Egomaniac,book,Vi Keeland,1
b9297,One Flew Over the Cuckoo's Nest,book,Dale Wasserman,1
b2168,"A Christmas Carol, The Chimes and The Cricket on the Hearth",book,"Charles Dickens, Katharine Kroeber Wiley",1
b3820,The Call of Cthulhu and Other Weird Stories,book,"H.P. Lovecraft, S.T. Joshi",1
b8027,Secrets of the Vine: Breaking Through to Abundance,book,"Bruce H. Wilkinson, David Kopp",1
b9461,A Series of Unfortunate Events Box: The Complete Wreck (Books 1-13),book,"Lemony Snicket, Brett Helquist",1
b5477,"Edensor (Tetralogi Laskar Pelangi, #3)",book,Andrea Hirata,1
b5303,There's a Wocket in My Pocket!,book,Dr. Seuss,1
b9262,Too Busy Not to Pray: Slowing Down to Be With God,book,"Bill Hybels, Lavonne Neff",1
b717,The Hunger Games: Official Illustrated Movie Companion,book,Kate Egan,1
b7955,Kambing Jantan: Sebuah Catatan Harian Pelajar Bodoh ,book,Raditya Dika,1
b2641,"Never Go Back (Jack Reacher, #18)",book,Lee Child,1
b2411,"The Winds of War (The Henry Family, #1)",book,Herman Wouk,1
b7907,The Stories of John Cheever,book,John Cheever,1
b5823,Driving Miss Daisy,book,Alfred Uhry,1
b8115,Aunt Julia and the Scriptwriter,book,"Mario Vargas Llosa, Helen R. Lane",1
b8536,Summer House,book,Nancy Thayer,1
b9884,Горе от ума,book,"Aleksandr Griboyedov, Александр Сергеевич Грибоедов",1
b8239,Mutant Message Down Under,book,Marlo Morgan,1
b9981,"The Twelfth Card (Lincoln Rhyme, #6)",book,Jeffery Deaver,1
b5130,Ayat-Ayat Cinta,book,Habiburrahman El-Shirazy,1
b5701,The Last Seven Months of Anne Frank,book,Willy Lindwer,1
b7144,"Middle School: The Worst Years of My Life (Midde School, #1)",book,"James Patterson, Chris Tebbetts, Laura Park",1
b8146,"Eye of the Storm (Sean Dillon, #1)",book,Jack Higgins,1
b7123,The Eyes of Darkness,book,"Leigh Nichols, Dean Koontz",1
b6261,The Copper Beech,book,Maeve Binchy,1
b4510,Microserfs,book,Douglas Coupland,1
b6081,"The Fixed Trilogy (Fixed, #1-3)",book,Laurelin Paige,1
b8619,Every Thing on It,book,Shel Silverstein,1
b7363,Jeremy Fink and the Meaning of Life,book,Wendy Mass,1
b5778,5 cm,book,Donny Dhirgantoro,1
b4899,A Short History of Tractors in Ukrainian,book,Marina Lewycka,1
b2132,The Goal: A Process of Ongoing Improvement,book,"Eliyahu M. Goldratt, Jeff Cox",1
b3533,"The Prodigal Daughter (Kane & Abel, #2)",book,Jeffrey Archer,1
b2588,يوتوبيا,book,أحمد خالد توفيق,1
b4533,Flight of the Intruder (Jake Grafton #1),book,Stephen Coonts,1
b4948,"The Whole Truth (A. Shaw, #1)",book,David Baldacci,1
b7925,Time for Bed,book,"Mem Fox, Jane Dyer",1
b1211,The Little Engine That Could,book,"Watty Piper, Doris Hauman, George Hauman",1
b8119,Falling into Place,book,Amy Zhang,1
b6570,You Can Win: A Step by Step Tool for Top Achievers,book,Shiv Khera,1
b2985,The View from Saturday,book,E.L. Konigsburg,1
b8212,The Subterraneans,book,Jack Kerouac,1
b7611,And to Think That I Saw it on Mulberry Street,book,Dr. Seuss,1
b9167,"Where I Belong (Alabama Summer, #1)",book,J.  Daniels,1
b9248,"First to Kill (Nathan McBride, #1)",book,Andrew  Peterson,1
b8974,"The Dressmaker of Khair Khana: Five Sisters, One Remarkable Family, and the Woman Who Risked Everything to Keep Them Safe",book,Gayle Tzemach Lemmon,1
b8601,The Art of Thinking Clearly,book,Rolf Dobelli,1
b6495,"Big Red (Big Red, #1)",book,"Jim Kjelgaard, Carl Pfeuffer",1
b4902,"Le Petit Nicolas (Le petit Nicolas, #1)",book,"René Goscinny, Jean-Jacques Sempé",1
b6467,The Women of Brewster Place,book,Gloria Naylor,1
b7732,"Absolute Fear (New Orleans, #4)",book,Lisa Jackson,1
b4258,Skippyjon Jones,book,Judy Schachner,1
b3848,"Tales from a Not-So-Talented Pop Star (Dork Diaries, #3)",book,Rachel Renée Russell,1
b7531,"The Gentlemen's Alliance †, Vol. 1",book,Arina Tanemura,1
b3232,The Story About Ping,book,"Marjorie Flack, Kurt Wiese",1
b8006,"NYPD Red 3 (NYPD Red, #3)",book,"James Patterson, Marshall Karp",1
b9327,"Artemis Fowl Boxed Set, Bks 1-5 (Artemis Fowl, #1-5)",book,Eoin Colfer,1
b6276,As the Crow Flies,book,Jeffrey Archer,1
b8153,The Tiger Rising,book,Kate DiCamillo,1
b6227,The Magic Strings of Frankie Presto,book,Mitch Albom,1
b8340,Nights of Rain and Stars,book,Maeve Binchy,1
b1287,"Miss Nelson Is Missing! (Miss Nelson, #1)",book,"Harry Allard, James  Marshall",1
b1996,Pinocchio,book,"Carlo Collodi, John Boyne, Monteiro Lobato, Unknown",1
b6991,Diary of a Wimpy Kid: #1-4,book,Jeff Kinney,1
b4649,Diary of a Worm,book,"Doreen Cronin, Harry Bliss",1
b2679,Three Junes,book,Julia Glass,1
b625,Midwives,book,Chris Bohjalian,1
b4316,Half Asleep in Frog Pajamas,book,Tom Robbins,1
b2527,"A Song of Ice and Fire (A Song of Ice and Fire, #1-5)",book,George R.R. Martin,1
b4640,Cathedral,book,Raymond Carver,1
b5935,JPod,book,Douglas Coupland,1
b7563,Rabbit Is Rich (Rabbit Angstrom #3),book,John Updike,1
b9312,"Crimson Shore (Pendergast, #15)",book,"Douglas Preston, Lincoln Child",1
b8691,One Good Dog,book,Susan  Wilson,1
b8202,"Naruto, Vol. 05: Exam Hell (Naruto, #5)",book,Masashi Kishimoto,1
b7520,The Year of Fog,book,Michelle Richmond,1
b5670,Love's Executioner and Other Tales of Psychotherapy,book,Irvin D. Yalom,1
b2580,See Me,book,Nicholas Sparks,1
b3145,"Falling into You (Falling, #1)",book,Jasinda Wilder,1
b4236,"Dear Mr. Henshaw (Leigh Botts, #1)",book,"Beverly Cleary, Paul O. Zelinsky",1
b5919,Life Application Study Bible: NIV,book,"Anonymous, Ronald A. Beers, Ronald A. Beers",1
b7454,The Last Time They Met,book,Anita Shreve,1
b6355,The House We Grew Up In,book,Lisa Jewell,1
b3922,How Do Dinosaurs Say Good Night?,book,"Jane Yolen, Mark Teague",1
b8597,"ttyl (Internet Girls, #1)",book,Lauren Myracle,1
b9425,The Sound of Things Falling,book,"Juan Gabriel Vásquez, Anne McLean",1
b3216,South of Broad,book,Pat Conroy,1
b9640,"Against All Enemies (Max Moore, #1)",book,"Tom Clancy, Peter Telep",1
b5373,بيكاسو وستاربكس,book,ياسر حارب,1
b1787,هيبتا,book,محمد صادق,1
b5859,"Tales from a Not-So-Smart Miss Know-It-All (Dork Diaries, #5)",book,Rachel Renée Russell,1
b9501,The Last Time We Say Goodbye,book,Cynthia Hand,1
b7570,Daddy's Little Girl,book,Mary Higgins Clark,1
b8717,Night Train to Lisbon,book,"Pascal Mercier, Barbara Harshav",1
b304,I Know This Much Is True,book,Wally Lamb,1
b3095,"Vampire Academy Collection (Vampire Academy, #1-3)",book,Richelle Mead,1
b6360,Summer People,book,Elin Hilderbrand,1
b9069,A Corner of the Universe,book,Ann M. Martin,1
b9127,La casa de Bernarda Alba,book,"Federico García Lorca, Antonio Sobejano-Moran, Paola Bianco",1
b4788,The Fortress of Solitude,book,Jonathan Lethem,1
b6837,Someone,book,Alice McDermott,1
b8028,Anne Frank's Tales from the Secret Annex,book,"Anne Frank, Susan Massotty",1
b1109,"New Moon: The Complete Illustrated Movie Companion (The Twilight Saga: The Official Illustrated Movie Companion, #2)",book,Mark Cotta Vaz,1
b9251,"Lucky (Lucky Santangelo, #2)",book,Jackie Collins,1
b4800,The Thief of Always,book,Clive Barker,1
b1933,أحببتك أكثر مما ينبغي,book,أثير عبدالله النشمي,1
b7397,How to Get Filthy Rich in Rising Asia,book,Mohsin Hamid,1
b6443,Nutshell,book,Ian McEwan,1
b9212,Braveheart,book,Randall Wallace,1
b5612,Cold Fire / Hideaway / The Key to Midnight,book,"Dean Koontz, Leigh Nichols",1
b9144,The Tenth Justice,book,Brad Meltzer,1
b8681,"More Tales of the City (Tales of the City, #2)",book,Armistead Maupin,1
b9347,Who Will Cry When You Die? Life Lessons from the Monk Who Sold His Ferrari,book,Robin S. Sharma,1
b6216,Beatrice and Virgil,book,Yann Martel,1
b6793,Glory over Everything: Beyond The Kitchen House,book,Kathleen Grissom,1
b6724,The Mixed-Up Chameleon,book,Eric Carle,1
b9058,Shadows over Innsmouth,book,"Stephen Jones, H.P. Lovecraft, Kim Newman, Brian Mooney, Nicholas Royle, David Langford, Michael Marshall Smith, Brian Lumley, Neil Gaiman, Basil Copper, Jack Yeovil, Guy N. Smith, Adrian Cole, D.F. Lewis, Ramsey Campbell, David Sutton, Peter Tremayne",1
b8625,Rabbit Redux (Rabbit Angstrom #2),book,John Updike,1
b7640,Stone Mattress: Nine Tales,book,Margaret Atwood,1
b5071,The Gruffalo,book,"Julia Donaldson, Axel Scheffler",1
b6116,We're All Damaged,book,Matthew Norman,1
b5132,Manuscript Found in Accra,book,"Paulo Coelho, Margaret Jull Costa",1
b8024,The Hurricane Sisters,book,Dorothea Benton Frank,1
b4261,"Moo, Baa, La La La!",book,Sandra Boynton,1
b7008,Pastoralia,book,George Saunders,1
b8209,رجال في الشمس,book,غسان كنفاني,1
b2713,The Road to the Dark Tower: Exploring Stephen King's Magnum Opus,book,Bev Vincent,1
b9709,The Hunger Pains: A Parody,book,The Harvard Lampoon,1
b8295,The Stories of Eva Luna,book,Isabel Allende,1
b8191,Stay Hungry Stay Foolish,book,Rashmi Bansal,1
b6643,Every Soul a Star,book,Wendy Mass,1
b635,Sophie's World,book,"Jostein Gaarder, Paulette Møller",1
b6413,"Home (Gilead, #2)",book,Marilynne Robinson,1
b6307,The Bone People,book,Keri Hulme,1
b5865,Tales of Ordinary Madness,book,Charles Bukowski,1
b3740,"Panda Bear, Panda Bear, What Do You See?",book,"Bill Martin Jr., Eric Carle",1
b8853,"Sudden Prey (Lucas Davenport, #8)",book,John Sandford,1
b3930,The Nicomachean Ethics,book,"Aristotle, J.A.K. Thomson, Jonathan Barnes, Hugh Tredennick",1
b8606,Press Here,book,"Hervé Tullet, Christopher Franceschelli",1
b1005,White Teeth,book,Zadie Smith,1
b6634,Suttree,book,Cormac McCarthy,1
b5808,Hey Nostradamus!,book,Douglas Coupland,1
b4814,Because of Mr. Terupt,book,Rob Buyea,1
b8658,The Death of Bees,book,Lisa O'Donnell,1
b5788,ABNKKBSNPLAKo?! (Mga Kwentong Chalk ni Bob Ong),book,Bob Ong,1
b7587,Your Best Life Now: 7 Steps to Living at Your Full Potential,book,Joel Osteen,1
b9966,The Ground Beneath Her Feet,book,Salman Rushdie,1
b8976,Rita Hayworth and Shawshank Redemption: A Story from Different Seasons,book,Stephen King,1
b8984,Red Phoenix (Red Phoenix #1),book,"Larry Bond, Patrick Larkin",1
b8539,Pandora / Vittorio the Vampire (New Tales of the Vampires),book,Anne Rice,1
b9345,Diary ng Panget,book,"HaveYouSeenThisGirL, Jan Irene Villar",1
b8052,FRUiTS,book,"Shoichi Aoki, Mark Sanders, Shoich Aoki",1
b6184,Money,book,Martin Amis,1
b6310,The Universe Versus Alex Woods,book,Gavin Extence,1
b4917,"The Bourne Objective (Jason Bourne, #8)",book,"Eric Van Lustbader, Robert Ludlum",1
b5472,"The Walk (The Walk, #1)",book,Richard Paul Evans,1
b2714,"Starcrossed (Starcrossed, #1)",book,Josephine Angelini,1
b9841,Blackberry Wine,book,Joanne Harris,1
b8123,"Trust No One (The 39 Clues: Cahills vs. Vespers, #5)",book,Linda Sue Park,1
b4390,To Have and to Hold,book,Jane Green,1
b7971,Sweeney Todd: The Demon Barber of Fleet Street,book,"Stephen Sondheim, Hugh Wheeler, Christopher Godfrey Bond",1
b8163,Outer Dark,book,Cormac McCarthy,1
b9354,"Darth Paper Strikes Back (Origami Yoda, #2)",book,Tom Angleberger,1
b8444,Relentless,book,Dean Koontz,1
b3051,Stone Soup,book,Marcia Brown,1
b3146,Adultery,book,Paulo Coelho,1
b5916,Here's to Us,book,Elin Hilderbrand,1
b2689,The Napping House,book,"Audrey Wood, Don    Wood",1
b7277,The Autumn of the Patriarch,book,"Gabriel García Márquez, Gregory Rabassa",1
b6552,Body Surfing,book,Anita Shreve,1
b4809,Chanakya's Chant,book,Ashwin Sanghi,1
b5616,Filth,book,Irvine Welsh,1
b6250,Soumission,book,Michel Houellebecq,1
b7853,Wemberly Worried,book,Kevin Henkes,1
b2902,The Fifth Mountain,book,Paulo Coelho,1
b4220,Underworld,book,Don DeLillo,1
b847,"The Deep End of the Ocean (Cappadora Family, #1)",book,Jacquelyn Mitchard,1
b8178,"Broken Silence (Silence, #2)",book,Natasha Preston,1
b1825,"Ramona Quimby, Age 8 (Ramona, #6)",book,Beverly Cleary,1
b8906,A Modest Proposal and Other Satirical Works,book,Jonathan Swift,1
b2181,Tikki Tikki Tembo,book,"Arlene Mosel, Blair Lent",1
b8722,LaRose,book,Louise Erdrich,1
b8469,Hotel du Lac,book,Anita Brookner,1
b9900,Guts,book,Chuck Palahniuk,1
b4309,Reviving Ophelia: Saving the Selves of Adolescent Girls,book,Mary Pipher,1
b6870,Digging to America,book,Anne Tyler,1
b8779,Waiting to Exhale (Waiting To Exhale #1),book,Terry McMillan,1
b9659,Daughter,book,Jane Shemilt,1
b5351,Snow White and the Seven Dwarfs (Little Golden Book),book,Walt Disney Company,1
b9267,All He Ever Wanted,book,Anita Shreve,1
b5911,The Book of Illusions,book,Paul Auster,1
b9718,"Happier at Home: Kiss More, Jump More, Abandon a Project, Read Samuel Johnson, and My Other Experiments in the Practice of Everyday Life",book,"Gretchen Rubin, Käthe Mazur",1
b8835,The Moonlit Garden,book,"Corina Bomann, Alison Layland",1
b6717,"The Morganville Vampires, Volume 3 (The Morganville Vampires, #5-6)",book,Rachel Caine,1
b7970,Close Range,book,Annie Proulx,1
b7359,Swing Time,book,Zadie Smith,1
b7313,"Sullivan's Island (Lowcountry Tales, #1)",book,Dorothea Benton Frank,1
b9589,Scaredy Squirrel (Scaredy Squirrel),book,Mélanie Watt,1
b8745,"Girls in Love (Girls, #1)",book,Jacqueline Wilson,1
b9857,Desolation Angels,book,"Jack Kerouac, Joyce Johnson",1
b5990,الطنطورية,book,"Radwa Ashour, رضوى عاشور",1
b9107,Growing Up Amish,book,Ira Wagler,1
b5799,"The Killing Hour (Quincy & Rainie, #4)",book,Lisa Gardner,1
b4291,Alice's Adventures in Wonderland: A Pop-Up Adaptation,book,"Robert Sabuda, Lewis Carroll",1
b7234,Fiddler on the Roof,book,"Joseph Stein, Jerry Bock, Sheldon Harnick",1
b7324,"Darkest Powers Trilogy (Darkest Powers, #1-3)",book,Kelley Armstrong,1
b9169,Hector and the Search for Happiness,book,"François Lelord, Lorenza García",1
b7115,The Complete Phantom of the Opera,book,"George C. Perry, Clive Barda, Jane Rice, Andrew Lloyd Webber",1
b2128,"Plainsong (Plainsong, #1)",book,Kent Haruf,1
b9936,The Bridge Across Forever: A True Love Story,book,Richard Bach,1
b8080,Possessing the Secret of Joy,book,Alice Walker,1
b9645,Time's Arrow,book,Martin Amis,1
b5460,Notes of a Dirty Old Man,book,Charles Bukowski,1
b9033,Supernova: Petir,book,Dee Lestari,1
b7181,One for the Murphys,book,Lynda Mullaly Hunt,1
b2414,The E-Myth Revisited: Why Most Small Businesses Don't Work and What to Do About It,book,Michael E. Gerber,1
b6877,A House for Mr Biswas,book,V.S. Naipaul,1
b9224,Broken Grace,book,E.C. Diskin,1
b4658,"Fudge-a-Mania (Fudge, #4)",book,Judy Blume,1
b6840,Starter for Ten,book,David Nicholls,1
b2943,The Weird Sisters,book,Eleanor Brown,1
b9929,زغازيغ,book,أحمد خالد توفيق,1
b4429,"Bright Lights, Big City",book,Jay McInerney,1
b3574,Last Night at Chateau Marmont,book,Lauren Weisberger,1
b7540,Our Band Could Be Your Life: Scenes from the American Indie Underground 1981-1991,book,Michael Azerrad,1
b6381,Miller's Valley,book,Anna Quindlen,1
b3911,Drown,book,Junot Díaz,1
b9886,"13 Gifts (Willow Falls, #3)",book,Wendy Mass,1
b5866,"Before Jamaica Lane (On Dublin Street, #3)",book,Samantha Young,1
b2992,"Frog and Toad Together (Frog and Toad, #2)",book,Arnold Lobel,1
b9773,"The Voyages of Doctor Dolittle (Doctor Dolittle, #2)",book,"Hugh Lofting, Michael Hague",1
b4935,28 حرف,book,أحمد حلمي,1
b885,House of Sand and Fog,book,Andre Dubus III,1
b8182,Fearless: The Heroic Story of One Navy SEAL's Sacrifice in the Hunt for Osama Bin Laden and the Unwavering Devotion of the Woman Who Loved Him,book,Eric Blehm,1
b5718,Beauty and the Beast,book,"Walt Disney Company, Ellen Titlebaum",1
b7742,The Gate House,book,Nelson DeMille,1
b7242,The Broken Wings,book,"Kahlil Gibran, Anthony R. Ferris",1
b8118,The Prettiest One,book,James  Hankins,1
b8453,Where There's Smoke,book,Jodi Picoult,1
b8560,What the Bleep Do We Know!?: Discovering the Endless Possibilities for Altering Your Everyday Reality,book,"William Arntz, Betsy Chasse, Mark Vicente",1
b8547,A Fraction of the Whole,book,Steve Toltz,1
b4793,Bee Season,book,Myla Goldberg,1
b5948,Girlfriend in a Coma,book,Douglas Coupland,1
b4872,Villa Incognito,book,Tom Robbins,1
b4677,For Women Only: What You Need to Know about the Inner Lives of Men,book,Shaunti Feldhahn,1
b8929,The Post-American World,book,Fareed Zakaria,1
b5126,Travesuras de la niña mala,book,Mario Vargas Llosa,1
b7269,Arch of Triumph: A Novel of a Man Without a Country,book,Erich Maria Remarque,1
b7945,"Ender's Game, Volume 2: Command School",book,"Christopher Yost, Pasqual Ferry, Orson Scott Card",1
b5265,The Foot Book: Dr. Seuss's Wacky Book of Opposites (Bright and Early Board Books),book,Dr. Seuss,1
b8697,The Island of the Day Before,book,Umberto Eco,1
b9724,"Captain Underpants and the Perilous Plot of Professor Poopypants (Captain Underpants, #4)",book,Dav Pilkey,1
b1499,Small Great Things,book,Jodi Picoult,1
b7400,The List,book,Siobhan Vivian,1
b8111,"Dicey's Song (Tillerman Cycle, #2)",book,Cynthia Voigt,1
b7909,The Odd Couple,book,Neil Simon,1
b3449,Term Limits,book,Vince Flynn,1
b4468,"Haroun and the Sea of Stories (Khalifa Brothers, #1)",book,"Salman Rushdie, Paul Birkbeck",1
b8039,The Temple of My Familiar,book,Alice Walker,1
b1202,The Accidental Tourist,book,"Anne Tyler, Jennifer Bassett",1
b9190,"City of Bones / City of Ashes / City of Glass / City of Fallen Angels / City of Lost Souls (The Mortal Instruments, #1-5)",book,Cassandra Clare,1
b8856,"Mrs. Piggle-Wiggle's Magic (Mrs. Piggle Wiggle, #2)",book,"Betty MacDonald, Alexandra Boiger",1
b4787,Life and Other Near-Death Experiences,book,Camille Pagán,1
b9639,Daisy Fay and the Miracle Man ,book,Fannie Flagg,1
b8161,Pippi in the South Seas,book,"Astrid Lindgren, Gerry Bothmer",1
b1908,Less Than Zero,book,Bret Easton Ellis,1
b6757,Home Again,book,Kristin Hannah,1
b5187,Nobody's Fool,book,Richard Russo,1
b5002,في ديسمبر تنتهي كل الأحلام,book,أثير عبدالله النشمي,1
b3224,لا تحزن,book,عائض القرني,1
b7651,All the Names,book,"José Saramago, Margaret Jull Costa",1
b1258,The Twits,book,"Roald Dahl, Quentin Blake",1
b5792,Identity,book,"Milan Kundera, Linda Asher",1
b2209,The Complete Works,book,William Shakespeare,1
b5737,Mother of Pearl,book,Melinda Haynes,1
b8805,Hot Water Music,book,Charles Bukowski,1
b8305,Oracle Night,book,Paul Auster,1
b2892,The Complete Adventures of Curious George,book,"Margret Rey, H.A. Rey",1
b5994,Aura,book,Carlos Fuentes,1
b9471,Staying Fat for Sarah Byrnes,book,Chris Crutcher,1
b6089,الرحيق المختوم,book,Safiy al-Rahman al-Mubarakfuri,1
b6027,"Naruto, Vol. 11: Impassioned Efforts (Naruto, #11)",book,"Masashi Kishimoto, Frances Wall",1
b7579,"Goodbye, Columbus and Five Short Stories",book,Philip Roth,1
b9321,キスよりも早く1 [Kisu Yorimo Hayaku 1] (Faster than a Kiss #1),book,"Meca Tanaka, 田中メカ",1
b6514,The Hat,book,Jan Brett,1
b9736,Be Frank With Me,book,Julia Claiborne Johnson,1
b958,"The Complete Anne of Green Gables Boxed Set (Anne of Green Gables, #1-8)",book,L.M. Montgomery,1
b9705,The Lake (The Lake Trilogy #1),book,AnnaLisa Grant,1
b8812,Maitreyi,book,Mircea Eliade,1
b9456,Dibs in Search of Self,book,Virginia M. Axline,1
b2204,The Burgess Boys,book,Elizabeth Strout,1
b5971,"The Adventures of Ook and Gluk, Kung-Fu Cavemen from the Future",book,"Dav Pilkey, George Beard, Harold Hutchins",1
b5114,"Ramona and Her Father (Ramona, #4)",book,"Beverly Cleary, Alan Tiegreen",1
b4591,أنت لي,book,منى المرشود,1
b4760,رحلتي من الشك إلى الإيمان,book,مصطفى محمود,1
b4890,Joni: An Unforgettable Story,book,"Joni Eareckson Tada, Joe Musser",1
b8709,Instructions for a Heatwave,book,Maggie O'Farrell,1
b7276,"Junie B. Jones and the  Stupid Smelly Bus (Junie B. Jones, #1)",book,"Barbara Park, Denise Brunkus",1
b2976,"Ramona the Brave (Ramona, #3)",book,"Beverly Cleary, Alan Tiegreen",1
b4603,"Eragon & Eldest (Inheritance, #1-2)",book,Christopher Paolini,1
b7022,Ignorance,book,"Milan Kundera, Linda Asher",1
b8878,No One Writes to the Colonel and Other Stories,book,"Gabriel García Márquez, J.S. Bernstein",1
b8298,Story of a Girl,book,Sara Zarr,1
b7484,Filosofi Kopi: Kumpulan Cerita dan Prosa Satu Dekade,book,Dee Lestari,1
b8230,Gold,book,Chris Cleave,1
b6566,A Wedding in December,book,Anita Shreve,1
b8811,"Standing in the Rainbow (Elmwood Springs, #2)",book,Fannie Flagg,1
b9828,Whitethorn Woods,book,Maeve Binchy,1
b9943,Sherlock Holmes and the Case of the Hound of the Baskervilles (Illustrated Classic Editions),book,"Malvina G. Vogel, Arthur Conan Doyle",1
b7504,Homer Price (A Puffin Book),book,Robert McCloskey,1
b5318,The Valkyries,book,"Paulo Coelho, Alan R. Clarke",1
b2137,The Children Act,book,Ian McEwan,1
b3465,"Rich Man, Poor Man",book,Irwin Shaw,1
b4376,شيكاجو,book,"Alaa Al Aswany, علاء الأسواني",1
b8632,Breakfast with Buddha,book,Roland Merullo,1
b5837,"Shattered (The Iron Druid Chronicles, #7)",book,Kevin Hearne,1
b2824,The Physick Book of Deliverance Dane,book,Katherine Howe,1
b5617,The Girls,book,Lori Lansens,1
b4561,The Tortilla Curtain,book,T.C. Boyle,1
b9509,"Joey Pigza Swallowed the Key (Joey Pigza, #1)",book,Jack Gantos,1
b9306,Before I Go,book,Colleen Oakley,1
b9661,"Hello, Mrs. Piggle-Wiggle (Mrs. Piggle Wiggle, #4)",book,"Betty MacDonald, Alexandra Boiger",1
b8409,An Untamed State,book,Roxane Gay,1
b6961,Blink,book,Ted Dekker,1
b4938,Ellen Foster,book,Kaye Gibbons,1
b7175,Ford County,book,John Grisham,1
b4055,Jesus' Son,book,Denis Johnson,1
b9765,"The Power of Full Engagement: Managing Energy, Not Time, Is the Key to High Performance and Personal Renewal",book,"Jim Loehr, Tony Schwartz",1
b8421,One Breath Away,book,Heather Gudenkauf,1
b9112,Bambi,book,Bob Grant,1
b6322,A Son of the Circus,book,John Irving,1
b9152,"Lyra's Oxford (His Dark Materials, #3.5)",book,"Philip Pullman, John Lawrence",1
b9314,"Burn (Michael Bennett, #7)",book,"James Patterson, Michael Ledwidge",1
b7701,Os Maias,book,"José Maria de Eça de Queirós, Ester de Lemos",1
b7323,Jamberry,book,Bruce Degen,1
b4300,The Ladies' Room,book,Carolyn Brown,1
b8782,Strange Pilgrims,book,Gabriel García Márquez,1
b7000,كخه يا بابا,book,عبدالله المغلوث,1
b6914,The House of Thunder,book,"Leigh Nichols, Dean Koontz",1
b5827,"The First Four Years  (Little House, #9)",book,"Laura Ingalls Wilder, Garth Williams",1
b9490,"The Penderwicks on Gardam Street (The Penderwicks, #2)",book,Jeanne Birdsall,1
b7409,The Short Stories,book,"F. Scott Fitzgerald, Matthew J. Bruccoli",1
b7440,100 Love Sonnets,book,"Pablo Neruda, Stephen Tapscott",1
b5459,Home (Myron Bolitar #11),book,Harlan Coben,1
b9823,The Turner House,book,Angela Flournoy,1
b8714,The Skin I'm In,book,Sharon G. Flake,1
b6786,The Krishna Key,book,Ashwin Sanghi,1
b9311,Groundwork of the Metaphysics of Morals,book,"Immanuel Kant, Mary J. Gregor, Christine M. Korsgaard",1
b5474,Slam,book,Nick Hornby,1
b4139,The Mysteries of Pittsburgh,book,Michael Chabon,1
b8398,"Strange Candy (Anita Blake, Vampire Hunter #0.5)",book,Laurell K. Hamilton,1
b8669,If You Give a Cat a Cupcake,book,"Laura Joffe Numeroff, Felicia Bond",1
b8456,Life is Elsewhere,book,"Milan Kundera, Aaron Asher",1
b4123,When I'm Gone,book,"Emily Bleeker, Dan John Miller",1
b9853,Bad Kitty,book,Nick Bruel,1
b2089,The Hotel New Hampshire,book,John Irving,1
b4847,Lilly's Purple Plastic Purse,book,Kevin Henkes,1
b1928,On Beauty,book,Zadie Smith,1
b9967,الحرافيش,book,"Naguib Mahfouz, نجيب محفوظ",1
b3173,Inside the O'Briens,book,Lisa Genova,1
b7756,La ciudad y los perros,book,Mario Vargas Llosa,1
b4642,The Body,book,"Stephen King, Robin A.H. Waterfield",1
b7749,All Families are Psychotic,book,Douglas Coupland,1
b3304,Freckle Juice,book,Judy Blume,1
b4410,The Lord of the Rings: The Return of the King: Visual Companion,book,Jude Fisher,1
b2975,Kurt Vonnegut's Cat's Cradle (Modern Critical Interpretations),book,"Harold Bloom, Terry Southern, David H. Goldsmith, James Lundquist, Lawrence R. Broer, Peter J. Reed, Loree Rackstraw, William S. Doxey, Jerome Klinkowitz, Richard Giannone, John L. Simons, Leonard Mustazza, Zoltan Ab di-Nagy, Peter Freese, Wendy B. Faris",1
b3272,com نسيان,book,"أحلام مستغانمي, Ahlam Mosteghanemi",1
b7823,عائد إلى حيفا,book,غسان كنفاني,1
b5161,Did You Ever Have a Family,book,Bill Clegg,1
b4020,A Hologram for the King,book,Dave Eggers,1
b3187,No One Belongs Here More Than You,book,Miranda July,1
b8983,The Secret Between Us,book,Barbara Delinsky,1
b9975,"The King Beyond the Gate (The Drenai Saga, #2)",book,David Gemmell,1
b9565,Winter Stroll (Winter #2),book,Elin Hilderbrand,1
b5353,The Wimpy Kid Movie Diary (Diary of a Wimpy Kid),book,Jeff Kinney,1
b8954,The Girl You Lost,book,Kathryn Croft,1
b8731,"River, Cross My Heart",book,Breena Clarke,1
b9542,The Beet Queen,book,Louise Erdrich,1
b8914,We the Animals,book,Justin Torres,1
b5552,"Drums, Girls & Dangerous Pie (Drums, Girls & Dangerous Pie, #1)",book,Jordan Sonnenblick,1
b8550,"Radiant Angel (John Corey, #7)",book,Nelson DeMille,1
b9543,"Disastrous (Disastrous, #1)",book,E.L. Montes,1
b7093,The Abstinence Teacher,book,Tom Perrotta,1
b6483,West Side Story,book,Irving Shulman,1
b5958,Maya's Notebook,book,"Isabel Allende, Anne McLean",1
b8451,Praying God's Word: Breaking Free From Spiritual Strongholds,book,Beth Moore,1
b2323,Tell Me Your Dreams,book,Sidney Sheldon,1
b3349,Survival in Auschwitz,book,"Primo Levi, Stuart J. Woolf, Philip Roth",1
b3955,The Book of Unknown Americans,book,Cristina Henriquez,1
b6281,"The English Spy (Gabriel Allon, #15)",book,Daniel Silva,1
b8257,Llama Llama Mad at Mama,book,Anna Dewdney,1
b6980,A Yellow Raft in Blue Water,book,Michael Dorris,1
b5419,Solar,book,Ian McEwan,1
b8919,Tampa,book,Alissa Nutting,1
b8699,The Complete Adventures of Peter Rabbit,book,Beatrix Potter,1
b8003,"Day of Doom (The 39 Clues: Cahills vs. Vespers, #6)",book,David Baldacci,1
b6728,The Jester,book,"James Patterson, Andrew Gross",1
b1355,The Hunger Games Tribute Guide,book,Emily Seife,1
b6772,رباعيات خيام,book,"Omar Khayyám, محمدعلی فروغی, قاسم غنی",1
b6069,Sons of Fortune,book,Jeffrey Archer,1
b616,Plain Truth,book,Jodi Picoult,1
b3253,The Woman Upstairs,book,Claire Messud,1
b8031,"Into the Land of the Unicorns (Unicorn Chronicles, #1)",book,Bruce Coville,1
b9840,Crooked Little Lies,book,Barbara Taylor Sissel,1
b8218,There's a Boy in the Girls' Bathroom,book,Louis Sachar,1
b4297,"Piano/Vocal/Guitar Sheet Music: The Chronicles of Narnia: The Lion, the Witch and The Wardrobe",book,Harry Gregson-Williams,1
b5076,Brief Interviews with Hideous Men,book,David Foster Wallace,1
b8905,I Still Dream About You,book,Fannie Flagg,1
b3637,"Thirst No. 1: The Last Vampire, Black Blood, and Red Dice (Thirst, #1)",book,Christopher Pike,1
b7567,"Negeri 5 Menara (Negeri 5 Menara, #1)",book,Ahmad Fuadi,1
b4815,Blubber,book,Judy Blume,1
b4513,Light on Snow,book,Anita Shreve,1
b5346,Where I'm Calling From: New and Selected Stories,book,Raymond Carver,1
b6716,"Double Fudge (Fudge, #5)",book,Judy Blume,1
b7580,"Bone: Quest for the Spark, Vol. 1",book,"Tom Sniegoski, Jeff Smith, Thomas E. Sniegoski, Steve Hamaker",1
b8247,واحة الغروب,book,بهاء طاهر,1
b6892,CivilWarLand in Bad Decline,book,George Saunders,1
b9800,Cinderella,book,"Loek Koopmans, Charles Perrault, Anthea Bell",1
b3468,The Rapture of Canaan,book,Sheri Reynolds,1
b4282,Pygmy,book,Chuck Palahniuk,1
b3030,"Vampire Academy Box Set (Vampire Academy, #1-4)",book,Richelle Mead,1
b1145,We Were the Mulvaneys,book,Joyce Carol Oates,1
b6790,"Flight of the Old Dog (Patrick McLanahan, #1)",book,Dale Brown,1
b7354,The Mask,book,"Owen  West, Dean Koontz",1
b9628,The Fourth Estate,book,Jeffrey Archer,1
b4351,Pictures of Hollis Woods,book,Patricia Reilly Giff,1
b3991,So B. It,book,Sarah Weeks,1
b9524,"The Locket (The Locket, #1)",book,Richard Paul Evans,1
b6474,Seating Arrangements,book,Maggie Shipstead,1
b9630,Oblivion,book,David Foster Wallace,1
b7033,"Cometh the Hour (The Clifton Chronicles, #6)",book,Jeffrey Archer,1
b2260,A Pocket for Corduroy,book,Don Freeman,1
b3288,في قلبي أنثى عبرية,book,خولة حمدي,1
b1675,The Book of Ruth,book,Jane Hamilton,1
b8987,Shadow Fires,book,"Leigh Nichols, Dean Koontz",1
b8713,"Evelyn, After",book,Victoria Helen Stone,1
b8009,Beaches,book,Iris Rainer Dart,1
b4467,Memoirs of an Imaginary Friend,book,Matthew Dicks,1
b8095,Nothing,book,"Janne Teller, Martin Aitken",1
b3456,Run,book,Ann Patchett,1
b7842,Seeing,book,"José Saramago, Margaret Jull Costa",1
b9365,"Miles to Go (The Walk, #2)",book,Richard Paul Evans,1
b5058,Last Night in Twisted River,book,John Irving,1
b3383,Aleph,book,Paulo Coelho,1
b8057,Absent In The Spring,book,"Mary Westmacott, Agatha Christie",1
b9071,"The Folk of the Faraway Tree (The Faraway Tree, #3)",book,Enid Blyton,1
b9685,Cape Fear,book,John D. MacDonald,1
b7695,The Time of My Life,book,Cecelia Ahern,1
b9606,Innocent Erendira and Other Stories,book,"Gabriel García Márquez, Gregory Rabassa",1
b9401,Avatar Volume 1: The Last Airbender (Avatar #1),book,"Michael Dante DiMartino, Bryan Konietzko",1
b9905,Timbuktu,book,Paul Auster,1
b1762,While I Was Gone,book,Sue Miller,1
b7499,Oscar et la dame rose,book,Éric-Emmanuel Schmitt,1
b5461,"The Absent One (Department Q, #2)",book,"Jussi Adler-Olsen, K.E. Semmel",1
b8480,"Maryamah Karpov: Mimpi-mimpi Lintang (Tetralogi Laskar Pelangi, #4)",book,Andrea Hirata,1
b3092,You Shall Know Our Velocity!,book,Dave Eggers,1
b4038,"Marked / Betrayed / Chosen / Untamed (House of Night, #1-4)",book,"P.C. Cast, Kristin Cast",1
b7777,The Pale King,book,"David Foster Wallace, Michael Pietsch",1
b8015,The Hungry Tide,book,Amitav Ghosh,1
b3762,Ten Apples Up On Top!,book,"Theo LeSieg, Roy McKie",1
b8152,One,book,Richard Bach,1
b9459,Hands Of Light,book,"Barbara Ann Brennan, Jos. A. Smith",1
b7419,Heal Your Body: The Mental Causes for Physical Illness and the Metaphysical Way to Overcome Them,book,Louise L. Hay,1
b3550,The Almost Moon,book,Alice Sebold,1
b8693,The Murderer's Daughters,book,Randy Susan Meyers,1
b2820,Icy Sparks,book,Gwyn Hyman Rubio,1
b2011,Snuff,book,Chuck Palahniuk,1
b9797,"Command Authority (Jack Ryan Universe, #16)",book,"Tom Clancy, Mark Greaney",1
b9191,The Double,book,"José Saramago, Margaret Jull Costa",1
b5812,Like the Flowing River ,book,Paulo Coelho,1
b6806,The Honk and Holler Opening Soon,book,Billie Letts,1
b3936,The Berenstain Bears and the Messy Room,book,"Stan Berenstain, Jan Berenstain",1
b5860,"Ramona and Her Mother (Ramona, #5)",book,Beverly Cleary,1
b2188,Pigs in Heaven,book,Barbara Kingsolver,1
b5191,The Cat's Table,book,Michael Ondaatje,1
b6579,Gods in Alabama,book,Joshilyn Jackson,1
b6036,The Middlesteins,book,Jami Attenberg,1
b3130,Trail of Broken Wings,book,Sejal Badani,1
b3409,The Winner Stands Alone,book,Paulo Coelho,1
b5211,Pay It Forward,book,Catherine Ryan Hyde,1
b6114,The Love Affairs of Nathaniel P.,book,Adelle Waldman,1
b7810,Slowness,book,"Milan Kundera, Linda Asher",1
b7913,La tregua,book,Mario Benedetti,1
b4042,"Ramona Forever (Ramona, #7)",book,Beverly Cleary,1
b4363,The Patron Saint of Liars,book,Ann Patchett,1
b1386,Black and Blue,book,Anna Quindlen,1
b3438,فلتغفري,book,أثير عبدالله النشمي,1
b7771,Birds of America,book,Lorrie Moore,1
b9150,Perfect,book,Rachel Joyce,1
b6475,The Broom of the System,book,David Foster Wallace,1
b5490,"Lucinda's Secret (The Spiderwick Chronicles, #3)",book,"Holly Black, Tony DiTerlizzi",1
b8399,First Among Equals,book,Jeffrey Archer,1
b7432,The Perfect Son,book,Barbara Claypole White,1
b5590,If You Give a Pig a Party,book,"Laura Joffe Numeroff, Felicia Bond",1
b9512,شكلها باظت,book,عمر طاهر,1
b5667,"What Looks Like Crazy on an Ordinary Day (Idlewild, #1)",book,Pearl Cleage,1
b9117,Accident,book,Danielle Steel,1
b5491,"Henry Huggins (Henry Huggins, #1)",book,"Beverly Cleary, Tracy Dockray",1
b8821,The Story of a Shipwrecked Sailor,book,"Gabriel García Márquez, Randolph Hogan",1
b3252,The Adventures of Tom Sawyer & Adventures of Huckleberry Finn,book,Mark Twain,1
b636,"The Twilight Saga Breaking Dawn Part 1: The Official Illustrated Movie Companion (The Twilight Saga: The Official Illustrated Movie Companion, #4)",book,Mark Cotta Vaz,1
b3538,ڤيرتيجو,book,أحمد مراد,1
b9635,"Mystery (Alex Delaware, #26)",book,Jonathan Kellerman,1
b9671,"First Term at Malory Towers (Malory Towers, #1)",book,Enid Blyton,1
b6557,The Talisman (Volume 1): The Road of Trials,book,"Robin Furth, Stephen King, Peter Straub, Tony Shasteen, Nei Ruffino",1
b9665,"Judy Moody (Judy Moody, # 1)",book,"Megan McDonald, Peter H. Reynolds",1
b9679,The Upanishads: Translations from the Sanskrit,book,"Anonymous, Juan Mascaró",1
b9065,Faith,book,Jennifer Haigh,1
b4672,Journey to the End of the Night,book,"Louis-Ferdinand Céline, Ralph Manheim, William T. Vollmann",1
b6217,"Shaman King, Vol. 1: A Shaman in Tokyo",book,Hiroyuki Takei,1
b8648,I Love You Through and Through,book,"Bernadette Rossetti-Shustak, Caroline Jayne Church",1
b5942,One Last Thing Before I Go,book,Jonathan Tropper,1
b7965,Disappearing Acts,book,Terry McMillan,1
b7326,Doctors,book,Erich Segal,1
b3446,When God Was a Rabbit,book,Sarah Winman,1
b8441,قمر على سمرقند,book,"محمد المنسي قنديل, Mohamed Mansi Qandil",1
b9045,The Berenstain Bears Forget Their Manners,book,"Stan Berenstain, Jan Berenstain",1
b9786,The Good Father,book,Diane Chamberlain,1
b7545,I Am Having So Much Fun Here Without You,book,Courtney Maum,1
b2462,The Reluctant Fundamentalist,book,Mohsin Hamid,1
b8228,While My Sister Sleeps,book,Barbara Delinsky,1
b9742,"Mates, Dates, and Inflatable Bras (Mates, Dates, #1)",book,Cathy Hopkins,1
b3425,Wonder Boys,book,"Michael Chabon, Hans Hermann",1
b5953,"Supernova: Ksatria, Puteri, dan Bintang Jatuh",book,Dee Lestari,1
b9478,Tao of Pooh and Te of Piglet Boxed Set,book,Benjamin Hoff,1
b7963,Platform,book,Michel Houellebecq,1
b9933,"Parts (Parts, #1)",book,Tedd Arnold,1
b3284,Jewel,book,Bret Lott,1
b9683,صانع الظلام,book,تامر إبراهيم,1
b6850,The Day Jimmy's Boa Ate the Wash,book,"Trinka Hakes Noble, Steven Kellogg",1
b7891,Owen,book,Kevin Henkes,1
b7850,The Little Old Lady Who Was Not Afraid of Anything,book,"Linda Williams, Megan Lloyd",1
b9487,La Carte et le territoire,book,Michel Houellebecq,1
b7634,"Close Your Eyes, Hold Hands",book,Chris Bohjalian,1
b5606,Dali: The Paintings,book,"Robert Descharnes, Gilles Néret",1
b7828,The Beginner's Goodbye,book,Anne Tyler,1
b6674,After,book,Amy Efaw,1
b8813,The Misremembered Man (Tailorstown #1),book,Christina McKenna,1
b8975,Girl With Curious Hair,book,David Foster Wallace,1
b6533,"Shall We Tell the President? (Kane & Abel, #3)",book,Jeffrey Archer,1
b7358,"The Emerald Atlas (The Books of Beginning, #1)",book,John  Stephens,1
b2939,Beach Music,book,Pat Conroy,1
b8348,The Lonely Polygamist,book,Brady Udall,1
b6406,The Book of Joe,book,Jonathan Tropper,1
b9770,مخطوطة بن إسحاق: مدينة الموتى,book,حسن الجندي,1
b4315,Bread and Jam for Frances,book,"Russell Hoban, Lillian Hoban",1
b6206,The Girl With No Past,book,Kathryn Croft,1
b4765,Dracula (Marvel Illustrated),book,"Roy Thomas, Dick Giordano, Mark D. Beazley, Bram Stoker",1
b5385,The Dive From Clausen's Pier,book,Ann Packer,1
b4639,Back Roads,book,Tawni O'Dell,1
b9040,"Alert (Michael Bennett, #8)",book,"James Patterson, Michael Ledwidge",1
b2281,We Are Water,book,Wally Lamb,1
b7645,The List,book,Steve Martini,1
b7597,The Sweet Potato Queens' Book of Love,book,Jill Conner Browne,1
b3787,Songs in Ordinary Time,book,Mary McGarry Morris,1
b8372,Daun Yang Jatuh Tak Pernah Membenci Angin,book,Tere Liye,1
b7879,Double Act,book,"Jacqueline Wilson, Nick Sharratt, Sue Heap",1
b7087,The Good Luck of Right Now,book,Matthew Quick,1
b5157,A Virtuous Woman,book,Kaye Gibbons,1
b7526,No Talking,book,Andrew Clements,1
b5647,تاكسي: حواديت المشاوير,book,"خالد الخميسي, Khaled Al Khamissi",1
b1567,A Map of the World,book,"Jane Hamilton, Frank  Muller, C.J. Critt",1
b3961,Dept. of Speculation,book,Jenny Offill,1
b9559,Riding the Bullet,book,"Stephen King, Josh Hamilton",1
b4265,Vinegar Hill,book,A. Manette Ansay,1
b9674,After Anna,book,Alex Lake,1
b9444,"Journal 64 (Afdeling Q, #4)",book,Jussi Adler-Olsen,1
b7078,Steel Magnolias (DPS Acting Edition),book,Robert Harling,1
b4549,Belong to Me,book,Marisa de los Santos,1
b7943,Hope Was Here,book,Joan Bauer,1
b2548,"Awaken the Giant Within: How to Take Immediate Control of Your Mental, Emotional, Physical and Financial Destiny!",book,"Anthony Robbins, Tony Robbins, Frederick L. Covan",1
b9854,The Last Days of Dogtown,book,Anita Diamant,1
b6198,النبطي,book,"يوسف زيدان, Youssef Ziedan",1
b5430,Me & Emma,book,Elizabeth Flock,1
b9860,The Last Picture Show,book,Larry McMurtry,1
b6106,Pat the Bunny,book,Dorothy Kunhardt,1
b1609,"Eclipse: The Complete Illustrated Movie Companion (The Twilight Saga: The Official Illustrated Movie Companion, #3)",book,Mark Cotta Vaz,1
b3812,Every Last One,book,Anna Quindlen,1
b9265,"My Story: ""A Child Called It"", ""The Lost Boy"", ""A Man Named Dave""",book,Dave Pelzer,1
b9523,Beautiful You,book,Chuck Palahniuk,1
b6357,"Full Black (Scot Harvath, #10)",book,Brad Thor,1
b8774,Where's Spot?,book,Eric Hill,1
b7130,Let's Pretend This Never Happened (Dear Dumb Diary #1),book,Jim Benton,1
b9322,"The Noticer: Sometimes, All a Person Needs Is a Little Perspective",book,Andy Andrews,1
b6395,The Very Quiet Cricket,book,Eric Carle,1
b7043,نادي السيارات,book,"Alaa Al Aswany, علاء الأسواني",1
b7798,The Dice Man,book,Luke Rhinehart,1
b8748,رأيت رام الله,book,"Mourid Barghouti, مريد البرغوثي",1
b9803,The Berenstain Bears and Too Much TV,book,"Stan Berenstain, Jan Berenstain",1
b7294,محال,book,"يوسف زيدان, Youssef Ziedan",1
b9042,The Painter,book,Peter Heller,1
b9263,Indignation,book,Philip Roth,1
b9080,Friends and Lovers,book,Eric Jerome Dickey,1
b3658,Beauty and the Beast (Disney),book,"Teddy Slater, Ron Dias, Ric González",1
b5622,"Shatterproof (The 39 Clues: Cahills vs. Vespers, #4)",book,Roland Smith,1
b6664,"The Metamorphosis, In the Penal Colony, and Other Stories: The Great Short Works of Franz Kafka",book,Franz Kafka,1
b5583,Saving Francesca,book,Melina Marchetta,1
b9320,Naïve. Super,book,"Erlend Loe, Tor Ketil Solberg",1
b7114,عابر سرير,book,"أحلام مستغانمي, Ahlam Mosteghanemi",1
b5293,Anne Rice's The Tale of the Body Thief (A Graphic Novel),book,"Faye Perozich, Travis Moore, Michael Halbleib, Daerick Gröss, Anne Rice",1
b9361,Catalyst,book,Laurie Halse Anderson,1
b7562,The Story of an Hour,book,Kate Chopin,1
b7345,"Homecoming (Tillerman Cycle, #1)",book,Cynthia Voigt,1
b1752,Animal Dreams,book,Barbara Kingsolver,1
b5878,Frosty the Snowman (Frosty the Snowman),book,Diane Muldrow,1
b4439,Five Little Monkeys Jumping on the Bed,book,Eileen Christelow,1
b6618,David Gets In Trouble,book,David Shannon,1
b9054,The Submission,book,Amy Waldman,1
b4235,1919,book,أحمد مراد,1
b2806,The Rules of Attraction,book,Bret Easton Ellis,1
b5236,The Good House,book,Ann Leary,1
b5066,"Ida B. . . and Her Plans to Maximize Fun, Avoid Disaster, and (Possibly) Save the World",book,Katherine Hannigan,1
b5730,The Blind Owl,book,"Sadegh Hedayat, D.P. Costello",1
b2013,Saturday,book,Ian McEwan,1
b9881,The Illustrated Mum,book,"Jacqueline Wilson, Nick Sharratt",1
b9557,The Carrot Seed,book,"Ruth Krauss, Crockett Johnson",1
b3014,If You Take a Mouse to School,book,"Laura Joffe Numeroff, Felicia Bond",1
b9194,The Tale of Mrs. Tiggy-Winkle,book,Beatrix Potter,1
b6006,"Days with Frog and Toad (Frog and Toad, #4)",book,Arnold Lobel,1
b8881,"Benediction (Plainsong, #3)",book,Kent Haruf,1
b9907,Rescue,book,Anita Shreve,1
b6003,The Five Chinese Brothers,book,"Claire Huchet Bishop, Kurt Wiese",1
b4544,The Lords of Discipline,book,Pat Conroy,1
b7045,The Story of Tracy Beaker,book,"Jacqueline Wilson, Nick Sharratt",1
b9039,حول العالم في 200 يوم,book,أنيس منصور,1
b8801,Life After God,book,Douglas Coupland,1
b8939,Salmon Fishing in the Yemen,book,Paul Torday,1
b3988,"Frog and Toad All Year (Frog and Toad, #3)",book,Arnold Lobel,1
b4555,Terms of Endearment,book,Larry McMurtry,1
b6373,David Goes To School,book,David Shannon,1
b8193,Shotgun Lovesongs,book,Nickolas Butler,1
b9865,"Money, and the Law of Attraction: Learning to Attract Wealth, Health, and Happiness",book,"Esther Hicks, Jerry Hicks",1
b8282,Faithful,book,Alice Hoffman,1
b7024,استمتع بحياتك,book,محمد عبد الرحمن العريفي,1
b9866,A Twist in the Tale,book,Jeffrey Archer,1
b6556,The Berenstain Bears' Trouble at School,book,"Stan Berenstain, Jan Berenstain",1
b4920,Testimony,book,Anita Shreve,1
b9124,The Berenstain Bears Go to School,book,"Stan Berenstain, Jan Berenstain",1
b5492,Bedtime for Frances,book,"Russell Hoban, Garth Williams",1
b8818,"Will You Please Be Quiet, Please?",book,Raymond Carver,1
b7129,"The Lost Child of Philomena Lee: A Mother, Her Son and a 50 Year Search",book,Martin Sixsmith,1
b7261,To Rise Again at a Decent Hour,book,Joshua Ferris,1
b9534,Become a Better You: 7 Keys to Improving Your Life Every Day,book,Joel Osteen,1
b5149,Mile 81,book,Stephen King,1
b7951,The Saggy Baggy Elephant (A Little Golden Book),book,"Kathryn Jackson, Byron Jackson, Gustav Tenggren",1
b7450,ظل الأفعى,book,يوسف زيدان,1
b9613,Little Mercies,book,Heather Gudenkauf,1
b9985,"Breaking Point (Tom Clancy's Net Force, #4)",book,"Steve Perry, Tom Clancy, Steve Pieczenik",1
b9555,شاب كشك في رحلة البحث عن الجادون,book,عمرو سلامة,1
b7350,The Great Gilly Hopkins,book,Katherine Paterson,1
b3054,Harry Potter and the Chamber of Secrets: Sheet Music for Flute with C.D,book,John   Williams,1
b3900,"Hand, Hand, Fingers, Thumb",book,"Al Perkins, Eric Gurney",1
b5913,A Mango-Shaped Space,book,Wendy Mass,1
b9610,"""حكايات فرغلي المستكاوي ""حكايتى مع كفر السحلاوية",book,حسن الجندي,1
b5991,Miss Rumphius,book,Barbara Cooney,1
b6656,Winnie the Pooh and Tigger Too (Disney's Wonderful World of Reading),book,Walt Disney Company,1
b8634,حوجن [Ḥawjan],book,"Ibraheem Abbas, إبراهيم عباس, Yasser Bahjatt",1
b9180,The Voice of the Night,book,"Brian Coffey, Dean Koontz",1
b4081,I am Charlotte Simmons,book,Tom Wolfe,1
b6707,Astonish Me,book,Maggie Shipstead,1
b4237,The Magician's Assistant,book,Ann Patchett,1
b7710,"Eventide (Plainsong, #2)",book,Kent Haruf,1
b7769,Scoop,book,Evelyn Waugh,1
b8969,Stone Soup,book,Jon J. Muth,1
b7472,السنجة,book,أحمد خالد توفيق,1
b8677,What's Eating Gilbert Grape,book,Peter Hedges,1
b9087,"The Lemonade War (The Lemonade War, #1)",book,Jacqueline Davies,1
b4496,"Angels and Demons / The Da Vinci Code (Robert Langdon, #1-2)",book,Dan Brown,1
b7937,باب الخروج: رسالة علي المفعمة ببهجة غير متوقعة,book,عزالدين شكري فشير,1
b9972,Bagombo Snuff Box,book,Kurt Vonnegut Jr.,1
b9188,The Post-Birthday World,book,Lionel Shriver,1
b9813,Perfect,book,Natasha Friend,1
b1873,The Yiddish Policemen's Union,book,Michael Chabon,1
b5095,The Weight of Water,book,Anita Shreve,1
b3856,Little Children,book,Tom Perrotta,1
b4869,Disney's the Lion King,book,Don Ferguson,1
b4264,ذاكرة الجسد,book,"أحلام مستغانمي, Ahlam Mosteghanemi",1
b7790,الجزار,book,حسن الجندي,1
b5238,Glamorama,book,Bret Easton Ellis,1
b3703,"The Human Stain (The American Trilogy, #3)",book,Philip Roth,1
b6214,"The Divergent Series 2-Book Collection (Divergent, #1-2)",book,Veronica Roth,1
b5653,"Reborn! Vol. 01: Reborn Arrives! (Reborn!, #1)",book,"Akira Amano, JN Productions, Frances E. Wall",1
b8701,"Sin City: Una Dura Despedida, #1 de 3",book,Frank Miller,1
b9818,The Lion King (Disney's Wonderful World of Reading),book,Justine Korman Fontes,1
b9246,"Women, Food and God: An Unexpected Path to Almost Everything",book,Geneen Roth,1
b4421,Pulp,book,Charles Bukowski,1
b8063,"Stranger Child (DCI Tom Douglas, #4)",book,Rachel Abbott,1
b9036,Drop City,book,"T.C. Boyle, Richard Poe",1
b9395,"Small Steps (Holes, #2)",book,Louis Sachar,1
b7011,Curious George Rides a Bike,book,H.A. Rey,1
b4434,Danny and the Dinosaur (An I Can Read Book),book,Syd Hoff,1
b4883,The Little Red Hen (Little Golden Book),book,"Diane Muldrow, J.P. Miller",1
b4375,Stone Soup,book,"Ann McGovern, Winslow Pinney Pels, Winslow Pinn, Ey Pels",1
b9714,The River Why,book,David James Duncan,1
b9941,Novecento. Un monologo,book,Alessandro Baricco,1
b1587,Saving CeeCee Honeycutt,book,"Beth Hoffman, Jenna Lamia",1
b8170,"Tears of a Tiger (Hazelwood High, #1)",book,Sharon M. Draper,1
b2033,عزازيل,book,يوسف زيدان,1
b3871,Otherwise Known as Sheila the Great (Fudge #2),book,Judy Blume,1
b8924,Each Peach Pear Plum,book,"Janet Ahlberg, Allan Ahlberg",1
b3963,The Great Santini,book,Pat Conroy,1
b7364,"Thank You, Mr. Falker",book,Patricia Polacco,1
b4354,NW,book,Zadie Smith,1
b5637,The Dhammapada,book,"Anonymous, Ananda Maitreya, Thich Nhat Hanh, Balangoda Ananda Maitreya Maitreya",1
b9846,The Tiger Who Came to Tea,book,Judith Kerr,1
b6528,"A Good Yarn (Blossom Street, #2)",book,Debbie Macomber,1
b8946,The Divan,book,Hafez,1
b4982,Fancy Nancy,book,"Jane O'Connor, Robin Preiss Glasser",1
b3412,Enduring Love,book,Ian McEwan,1
b6224,The World of the Hunger Games (Hunger Games Trilogy),book,Kate Egan,1
b4180,"Miss Nelson Is Back (Miss Nelson, #2)",book,"Harry Allard, James  Marshall",1
b8055,The Frog and Toad Treasury: Frog and Toad are Friends/Frog and Toad Together/Frog and Toad All Year  (Frog and Toad #1-3),book,Arnold Lobel,1
b8653,The End of Mr. Y,book,Scarlett Thomas,1
b6283,The Cement Garden,book,Ian McEwan,1
b7066,A Gate at the Stairs,book,Lorrie Moore,1
b8616,أقوم قيلا,book,سلطان موسى الموسى,1
b2879,Mike Mulligan and His Steam Shovel,book,Virginia Lee Burton,1
b8457,Blessings,book,Anna Quindlen,1
b7602,Caim,book,José Saramago,1
b6191,Netherland,book,Joseph O'Neill,1
b9272,Ruby Holler,book,Sharon Creech,1
b4529,Fairy Tales from the Brothers Grimm: A New English Version,book,"Philip Pullman, Jacob Grimm, Wilhelm Grimm",1
b8405,How to Talk to a Widower,book,Jonathan Tropper,1
b7989,The Julian Chapter (Wonder Story),book,R.J. Palacio,1
b406,The New Drawing on the Right Side of the Brain,book,Betty Edwards,1
b4206,The Lion King: A little Golden Book,book,"Justine Korman Fontes, Don Williams, Walt Disney Company",1
b5725,"Big Nate Strikes Again (Big Nate Novels, #2)",book,Lincoln Peirce,1
b6403,Night World: The Ultimate Fan Guide,book,"Annette Pollert, L.J. Smith",1
b2541,Peter Pan (A Little Golden Book),book,"Eugene Bradley Coco, Ron Dias, Walt Disney Company",1
b6264,The Covenant,book,James A. Michener,1
b4245,Dumbo: A Little Golden Book,book,Walt Disney Company,1
b9961,The Comfort of Strangers,book,Ian McEwan,1
b4614,The Emperor's Children,book,Claire Messud,1
b6181,Dinner at the Homesick Restaurant,book,Anne Tyler,1
b9519,Amy and Isabelle ,book,Elizabeth Strout,1
b8094,What We Keep ,book,Elizabeth Berg,1
b4676,1/4 جرام,book,Essam Youssef,1
b4709,"Lyle, Lyle, Crocodile",book,Bernard Waber,1
b7486,Great House,book,Nicole Krauss,1
b5553,The First Bad Man,book,Miranda July,1
b8965,Four Great Tragedies: Hamlet / Othello / King Lear / Macbeth,book,"William Shakespeare, Sylvan Barnet, Alvin Kernan, Russell Fraser",1
b5969,Turning Angel,book,Greg Iles,1
b4107,Harry Potter: A Pop-Up Book: Based on the Film Phenomenon,book,"Andrew Williamson, Andrew Williamson",1
b9051,Hafalan Shalat Delisa,book,Tere Liye,1
b1936,A Widow for One Year,book,John Irving,1
b9473,Maktub,book,Paulo Coelho,1
b4010,There Was An Old Lady Who Swallowed A Fly (Classic Books),book,Pam Adams,1
b3698,The Real Mother Goose,book,Blanche Fisher Wright,1
b7487,"The Kept Woman (Will Trent, #8)",book,Karin Slaughter,1
b3656,Bergdorf Blondes,book,Plum Sykes,1
b9891,Las batallas en el desierto,book,José Emilio Pacheco,1
b6234,Porno,book,Irvine Welsh,1
b8833,The Three Billy Goats Gruff,book,"Paul Galdone, Peter Christen Asbjørnsen",1
b9239,Curious George Visits the Library,book,"Margret Rey, H.A. Rey, Martha Weston",1
b4053,The Three Little Pigs (Disney Classic),book,"Al Dempster, Milt Banta, Golden Books, Walt Disney Company",1
b9402,"Five Go to Smuggler's Top (Famous Five, #4)",book,Enid Blyton,1
b3151,Curious George Goes to the Hospital,book,"Margret Rey, H.A. Rey",1
b3662,Lady and the Tramp,book,"Teddy Slater, Bill Langley, Ron Dias, Walt Disney Company",1
b6844,Moon Palace,book,Paul Auster,1
b7311,What Was She Thinking? [Notes on a Scandal],book,Zoë Heller,1
b7246,Loser,book,Jerry Spinelli,1
b4784,The Slap,book,Christos Tsiolkas,1
b8071,Cosmopolis,book,Don DeLillo,1
b6297,Pinkalicious,book,"Victoria Kann, Elizabeth Kann",1
b7866,The 22 Immutable Laws of Marketing: Violate Them at Your Own Risk,book,"Al Ries, Jack Trout",1
b8341,"Big Nate on a Roll (Big Nate Novels, #3)",book,Lincoln Peirce,1
b9838,"The Chronicles of Narnia - The Lion, the Witch, and the Wardrobe Official Illustrated Movie Companion",book,"Perry Moore, Andrew Adamson, C.S. Lewis",1
b6243,"The Inner Circle (Culper Ring, #1)",book,Brad Meltzer,1
b7639,درخت زیبای من,book,"José Mauro de Vasconcelos, قاسم صنعوی",1
b9252,Wicked - Piano/Vocal Arrangement,book,"Stephen Schwartz, Gregory Maguire",1
b3691,Take Me with You,book,Catherine Ryan Hyde,1
b9221,رغم الفراق,book,نور عبدالمجيد,1
b6345,Scuffy the Tugboat (Big Little Golden Book),book,Gertrude Crampton,1
b9178,The Buddha of Suburbia,book,Hanif Kureishi,1
b7800,Imperial Bedrooms ,book,Bret Easton Ellis,1
b8428,Babar the King,book,Jean de Brunhoff,1
b9230,Tawny Scrawny Lion,book,"Kathryn Jackson, Gustav Tenggren",1
b6049,Bridge of Sighs,book,Richard Russo,1
b3293,One True Thing,book,Anna Quindlen,1
b7914,We Never Asked for Wings,book,Vanessa Diffenbaugh,1
b9435,Hairy Maclary from Donaldson's Dairy,book,Lynley Dodd,1
b5621,"Kristy's Great Idea (The Baby-Sitters Club, #1)",book,Ann M. Martin,1
b9162,On the Night You Were Born,book,Nancy Tillman,1
b8263,2 ضباط,book,Essam Youssef,1
b2696,Put Me in the Zoo,book,Robert Lopshire,1
b8447,المرحوم,book,حسن كمال,1
b9417,"Skippyjon Jones in Mummy Trouble (Skippyjon Jones, #3)",book,Judy Schachner,1
b4248,Marked / Betrayed / Chosen / Untamed / Hunted (House of Night #1-5),book,"P.C. Cast, Kristin Cast",1
b9930,Big Brother,book,Lionel Shriver,1
b9974,"Anastasia Krupnik (Anastasia Krupnik, #1)",book,Lois Lowry,1
b8971,"If I Stay Collection (If I Stay, #1-2)",book,Gayle Forman,1
b8012,I Heard That Song Before,book,Mary Higgins Clark,1
b4911,"Percy Jackson and the Olympians Boxed Set (Percy Jackson and the Olympians, #1-5)",book,"Rick Riordan, Tk",1
b4743,"Twilight and Philosophy: Vampires, Vegetarians, and the Pursuit of Immortality",book,"Rebecca Housel, J. Jeremy Wisnewski, William Irwin",1
b7794,Everyman,book,Philip Roth,1
b8771,There's a Nightmare in My Closet,book,Mercer Mayer,1
b9060,The Death of Bunny Munro,book,Nick Cave,1
b5046,أولاد حارتنا,book,"Naguib Mahfouz, نجيب محفوظ",1
b8096,Sleeping Beauty Box Set,book,"A.N. Roquelaure, Anne Rice",1
b9632,Falling Man,book,"Don DeLillo, محمدصادق رئیسی",1
b3575,"Sleeping Beauty (Disney Princess, 5)",book,"A.L. Singer, Walt Disney Company",1
b9696,"Perfect Shadow (Night Angel, #0.5)",book,Brent Weeks,1
b7872,The Acid House,book,Irvine Welsh,1
b7191,Pretty Little Liars (TV Series),book,Lambert M. Surhone,1
b5864,Three Little Kittens,book,"Masha, Marie Simchow Stern",1
b8017,Don't Let Me Go,book,Catherine Ryan Hyde,1
b9830,Broken for You,book,Stephanie Kallos,1
b8184,"The Love Song of Miss Queenie Hennessy (Harold Fry, #2)",book,Rachel Joyce,1
b9796,"A Kiss for Little Bear (An I Can Read Book) by Minarik, Else Holmelund [1984]",book,"Else Holmelund Minarik, Maurice Sendak",1
b7137,"Man and Boy (Harry Silver, #1)",book,Tony Parsons,1
b9772,The Amateur Marriage,book,Anne Tyler,1
b8489,Downtown Owl,book,Chuck Klosterman,1
b7731,Fourth of July Creek,book,Smith Henderson,1
b9008,In Watermelon Sugar,book,Richard Brautigan,1
b6447,The Sportswriter,book,Richard Ford,1
b7896,The Curious Charms of Arthur Pepper,book,Phaedra Patrick,1
b8379,Hausfrau,book,Jill Alexander Essbaum,1
b9011,Love You to Death: The Unofficial Companion to the Vampire Diaries,book,Crissy Calhoun,1
b9206,The Kindness of Strangers,book,Katrina Kittle,1
b4812,The Little Mermaid,book,"Michael Teitelbaum, Sue DiCicco",1
b4980,فوضى الحواس,book,"أحلام مستغانمي, Ahlam Mosteghanemi",1
b6320,Hollywood,book,Charles Bukowski,1
b2771,When I Found You,book,Catherine Ryan Hyde,1
b6778,Madeline and the Bad Hat,book,Ludwig Bemelmans,1
b4177,Just Go to Bed,book,Mercer Mayer,1
b7837,Twilight and History,book,Nancy Reagin,1
b6253,"Scion of Ikshvaku (RamChandra, #1)",book,Amish Tripathi,1
b7646,Ralph S. Mouse by Beverly Cleary: Teacher Guide (Novel Units),book,Gloria Levine,1
b5706,حبيبتي بكماء,book,محمد السالم,1
b6819,"Life is What You Make It: A Story of Love, Hope and How Determination Can Overcome Even Destiny",book,Preeti Shenoy,1
b8960,The Red House,book,Mark Haddon,1
b8439,Back When We Were Grownups,book,Anne Tyler,1
b6841,The Three Little Pigs,book,"Elizabeth Ross, ROFry",1
b6944,A Man in Full,book,Tom Wolfe,1
b6230,Smack,book,Melvin Burgess,1
b8874,Tell-All,book,Chuck Palahniuk,1
b7266,The Wonderful Story of Henry Sugar and Six More,book,Roald Dahl,1
b9722,The Water-Method Man,book,John Irving,1
b7689,Finding Nemo,book,"Andrew Stanton, Walt Disney Company",1
b5573,Low Country,book,Anne Rivers Siddons,1
b6895,How We Are Hungry,book,Dave Eggers,1
b8350,That Old Cape Magic,book,"Richard Russo, Arthur Morey",1
b5973,The Informers,book,Bret Easton Ellis,1
b9302,Last Orders,book,Graham Swift,1
b6708,A Fish Out of Water,book,"Helen Marion Palmer, P.D. Eastman",1
b7462,Leviathan,book,Paul Auster,1
b5377,Gustav Klimt: 1862-1918,book,Gilles Néret,1
b8578,A Bargain for Frances,book,"Russell Hoban, Lillian Hoban",1
b9120,Pinocchio,book,"Eugene Bradley Coco, Ron Dias",1
b5898,Sleeping Beauty: a Little Golden Book (Disney Princess),book,"Michael Teitelbaum, Walt Disney Company",1
b8166,Among the Ten Thousand Things,book,Julia Pierpont,1
b7016,"Inside, Outside, Upside Down (Berenstain Bears Bright and Early Board Book)",book,"Stan Berenstain, Jan Berenstain",1
b7174,"Finally (Willow Falls, #2)",book,Wendy Mass,1
b6347,Just Me and My Dad (Little Critter),book,Mercer Mayer,1
b3064,Purity,book,Jonathan Franzen,1
b4174,The Vow: The Kim & Krickitt Carpenter Story,book,"Kim Carpenter, John R. Perry, Krickitt Carpenter",1
b9486,"Fifty Shades Duo: Fifty Shades Darker / Fifty Shades Freed (Fifty Shades, #2-3)",book,E.L. James,1
b4400,Swapping Lives,book,Jane Green,1
b8920,The Fuck-Up,book,Arthur Nersesian,1
b9125,Curious George Takes a Job,book,H.A. Rey,1
b9787,We Are Called to Rise,book,Laura  McBride,1
b5764,"Valhalla Rising (Dirk Pitt, #16)",book,Clive Cussler,1
b7636,Of Course I Love You...! Till I Find Someone Better...,book,"Durjoy Datta, Maanvi Ahuja",1
b5150,The Brooklyn Follies,book,Paul Auster,1
b9324,Capital,book,John Lanchester,1
b9268,The Fifth Dominion (Imajica Part #1/2),book,Clive Barker,1
b6498,I Was So Mad,book,Mercer Mayer,1
b9129,Glue,book,Irvine Welsh,1
b7382,Heft,book,Liz Moore,1
b9210,The Best Nest,book,P.D. Eastman,1
b4130,The Fourth Hand,book,John Irving,1
b7344,Amelia Bedelia and the Surprise Shower,book,"Peggy Parish, Barbara Siebel Thomas",1
b7944,May We Be Forgiven,book,A.M. Homes,1
b8746,Little Bear's Friend,book,"Else Holmelund Minarik, Maurice Sendak",1
b9300,Paint it Black,book,Janet Fitch,1
b6511,"The Immortals Boxed Set (The Immortals, #1-3)",book,Alyson Noel,1
b4392,Until I Find You,book,John Irving,1
b9769,The Summer I Turned Pretty Trilogy: The Summer I Turned Pretty; It's Not Summer Without You; We'll Always Have Summer,book,Jenny Han,1
b7330,The Little Red Caboose (Little Golden Book),book,Marian Potter,1
b8902,Hunting and Gathering,book,"Anna Gavalda, Alison Anderson",1
b7171,"The Inkheart Trilogy: Inkheart, Inkspell, Inkdeath (Inkworld, #1-3)",book,Cornelia Funke,1
b9445,بضع ساعات في يوم ما,book,محمد صادق,1
b9977,Ladder of Years,book,Anne Tyler,1
b8366,Saint Maybe,book,Anne Tyler,1
b7959,"Savannah Breeze (Weezie and Bebe Mysteries, #2)",book,Mary Kay Andrews,1
b9829,طه الغريب,book,محمد صادق,1
b9715,Incendiary,book,Chris Cleave,1
b7561,Bright Shiny Morning,book,James Frey,1
b7387,"Book of Shadows (Sweep, #1)",book,Cate Tiernan,1
b9151,Clifford's Halloween,book,Norman Bridwell,1
b976,"Dr. Seuss's Green Eggs and Ham: For Soprano, Boy Soprano, and Orchestra",book,"Robert Kapilow, Dr. Seuss",1
b8479,What I Loved,book,Siri Hustvedt,1
b6247,"Tales from a Not-So-Graceful Ice Princess (Dork Diaries, #4)",book,Rachel Renée Russell,1
b9919,Nothing's Fair in Fifth Grade,book,Barthe DeClements,1
b5003,Just for You (Little Critter),book,Mercer Mayer,1
b7395,"Come Back, Amelia Bedelia",book,"Peggy Parish, Wallace Tripp",1
b7690,Calling Doctor Amelia Bedelia,book,"Herman Parish, Lynn Sweat",1
b7881,"Flyy Girl (Flyy Girl, #1)",book,Omar Tyree,1
b8336,ماهی سیاه کوچولو,book,Samad Behrangi,1
b8665,The Country Mouse and the City Mouse; The Fox and the Crow; The Dog and His Bone,book,"Patricia M. Scarry, Richard Scarry",1
b5767,Just Me in the Tub (Mercer Mayer's Little Critter),book,"Gina Mayer, Mercer Mayer",1
b9608,Henry & Ramona,book,Cynthia J. McGean,1
b8343,"The New Bedside, Bathtub and Armchair Companion to Agatha Christie",book,"Dick Riley, Pam McAllister, Bruce Cassiday",1
b9579,The Autograph Man,book,Zadie Smith,1
t_1,1,tag,,7
t_16th-century,16th-century,tag,,5
t_17th-century,17th-century,tag,,10
t_18th-century,18th-century,tag,,17
t_19th-century,19th-century,tag,,132
t_20th-century,20th-century,tag,,126
t_21st-century,21st-century,tag,,18
t_a-series-of-unfortunate-events,a-series-of-unfortunate-events,tag,,15
t_a-song-of-ice-and-fire,a-song-of-ice-and-fire,tag,,14
t_abuse,abuse,tag,,99
t_action,action,tag,,145
t_action-adventure,action-adventure,tag,,55
t_addiction,addiction,tag,,19
t_adoption,adoption,tag,,16
t_adventure,adventure,tag,,1041
t_afghanistan,afghanistan,tag,,9
t_africa,africa,tag,,73
t_african,african,tag,,6
t_african-american,african-american,tag,,80
t_african-american-fiction,african-american-fiction,tag,,6
t_african-american-literature,african-american-literature,tag,,5
t_african-literature,african-literature,tag,,8
t_alex-cross,alex-cross,tag,,21
t_alex-cross-series,alex-cross-series,tag,,18
t_alex-rider,alex-rider,tag,,8
t_aliens,aliens,tag,,33
t_alpha-male,alpha-male,tag,,161
t_alpha-males,alpha-males,tag,,5
t_alternate-history,alternate-history,tag,,25
t_american-civil-war,american-civil-war,tag,,5
t_american-history,american-history,tag,,70
t_american-revolution,american-revolution,tag,,6
t_americana,americana,tag,,8
t_amish,amish,tag,,6
t_ancient-egypt,ancient-egypt,tag,,7
t_ancient-history,ancient-history,tag,,5
t_ancient-rome,ancient-rome,tag,,6
t_angels,angels,tag,,71
t_angst,angst,tag,,15
t_animal,animal,tag,,5
t_animal-stories,animal-stories,tag,,10
t_animals,animals,tag,,295
t_anime,anime,tag,,9
t_anita-blake,anita-blake,tag,,20
t_anthropology,anthropology,tag,,12
t_apocalypse,apocalypse,tag,,8
t_apocalyptic,apocalyptic,tag,,30
t_apologetics,apologetics,tag,,5
t_appalachia,appalachia,tag,,8
t_arabic,arabic,tag,,59
t_arabic-books,arabic-books,tag,,23
t_arabic-novels,arabic-novels,tag,,19
t_architecture,architecture,tag,,5
t_argentina,argentina,tag,,6
t_art,art,tag,,143
t_art-books,art-books,tag,,38
t_art-history,art-history,tag,,30
t_art-instruction,art-instruction,tag,,5
t_arte,arte,tag,,7
t_artemis-fowl,artemis-fowl,tag,,6
t_arthur-c-clarke,arthur-c-clarke,tag,,7
t_arthurian,arthurian,tag,,27
t_arts,arts,tag,,8
t_asia,asia,tag,,92
t_asian,asian,tag,,27
t_asian-american,asian-american,tag,,5
t_asian-literature,asian-literature,tag,,5
t_assassins,assassins,tag,,12
t_astronomy,astronomy,tag,,16
t_atheism,atheism,tag,,13
t_aussie,aussie,tag,,6
t_australia,australia,tag,,41
t_australian,australian,tag,,33
t_autism,autism,tag,,11
t_autobiography,autobiography,tag,,117
t_avatar,avatar,tag,,6
t_baby,baby,tag,,9
t_baby-books,baby-books,tag,,9
t_bad-boy,bad-boy,tag,,29
t_bad-boys,bad-boys,tag,,30
t_baking,baking,tag,,5
t_baltimore,baltimore,tag,,5
t_baseball,baseball,tag,,8
t_basketball,basketball,tag,,5
t_batman,batman,tag,,23
t_battle-of-the-books,battle-of-the-books,tag,,7
t_bdsm,bdsm,tag,,50
t_beach-read,beach-read,tag,,8
t_beach-reads,beach-reads,tag,,59
t_bears,bears,tag,,13
t_beat,beat,tag,,10
t_beat-generation,beat-generation,tag,,8
t_beats,beats,tag,,6
t_bedtime,bedtime,tag,,12
t_berenstain-bears,berenstain-bears,tag,,6
t_biker,biker,tag,,11
t_bikers,bikers,tag,,13
t_billionaire,billionaire,tag,,10
t_biographies,biographies,tag,,111
t_biography,biography,tag,,594
t_biography-memoir,biography-memoir,tag,,73
t_biology,biology,tag,,14
t_black-dagger-brotherhood,black-dagger-brotherhood,tag,,13
t_blue-bloods,blue-bloods,tag,,7
t_board-book,board-book,tag,,8
t_board-books,board-books,tag,,26
t_boarding-school,boarding-school,tag,,15
t_bone,bone,tag,,5
t_bones,bones,tag,,15
t_book-boyfriend,book-boyfriend,tag,,6
t_book-boyfriends,book-boyfriends,tag,,26
t_book-to-movie,book-to-movie,tag,,5
t_booker,booker,tag,,15
t_booker-prize-winners,booker-prize-winners,tag,,8
t_books-about-books,books-about-books,tag,,40
t_books-from-my-childhood,books-from-my-childhood,tag,,12
t_books-to-read-in-your-20s,books-to-read-in-your-20s,tag,,7
t_boston,boston,tag,,11
t_botm,botm,tag,,17
t_botswana,botswana,tag,,10
t_brain,brain,tag,,5
t_buddhism,buddhism,tag,,15
t_bullying,bullying,tag,,32
t_business,business,tag,,194
t_business-books,business-books,tag,,14
t_c-s-lewis,c-s-lewis,tag,,12
t_caldecott,caldecott,tag,,53
t_caldecott-books,caldecott-books,tag,,5
t_caldecott-honor,caldecott-honor,tag,,13
t_caldecott-medal,caldecott-medal,tag,,19
t_caldecott-winners,caldecott-winners,tag,,11
t_california,california,tag,,18
t_calvin-and-hobbes,calvin-and-hobbes,tag,,5
t_can-lit,can-lit,tag,,7
t_canada,canada,tag,,63
t_canada-reads,canada-reads,tag,,6
t_canadian,canadian,tag,,84
t_canadian-authors,canadian-authors,tag,,9
t_canadian-literature,canadian-literature,tag,,10
t_canadiana,canadiana,tag,,5
t_cancer,cancer,tag,,13
t_canlit,canlit,tag,,11
t_caribbean,caribbean,tag,,9
t_cats,cats,tag,,31
t_celebrity,celebrity,tag,,7
t_chapter-book,chapter-book,tag,,5
t_charlie-bone,charlie-bone,tag,,7
t_cheating,cheating,tag,,9
t_cherub,cherub,tag,,6
t_chic-lit,chic-lit,tag,,128
t_chicago,chicago,tag,,7
t_chick-lit,chick-lit,tag,,929
t_chicklit,chicklit,tag,,166
t_childhood-faves,childhood-faves,tag,,5
t_childhood-favourites,childhood-favourites,tag,,40
t_childhood-memories,childhood-memories,tag,,7
t_children-s-classics,children-s-classics,tag,,17
t_children-young-adult,children-young-adult,tag,,5
t_childrens-classics,childrens-classics,tag,,9
t_childrens-picture-books,childrens-picture-books,tag,,11
t_chile,chile,tag,,5
t_china,china,tag,,47
t_christian,christian,tag,,219
t_christian-books,christian-books,tag,,7
t_christian-fiction,christian-fiction,tag,,107
t_christian-life,christian-life,tag,,12
t_christian-living,christian-living,tag,,47
t_christian-non-fiction,christian-non-fiction,tag,,7
t_christian-romance,christian-romance,tag,,17
t_christianity,christianity,tag,,106
t_christmas,christmas,tag,,41
t_christmas-books,christmas-books,tag,,11
t_cirque-du-freak,cirque-du-freak,tag,,12
t_civil-war,civil-war,tag,,24
t_classic,classic,tag,,802
t_classic-literature,classic-literature,tag,,81
t_classics,classics,tag,,1574
t_cliffhanger,cliffhanger,tag,,15
t_clique,clique,tag,,6
t_codex-alera,codex-alera,tag,,6
t_college-romance,college-romance,tag,,51
t_colombia,colombia,tag,,7
t_colorado,colorado,tag,,6
t_colors,colors,tag,,11
t_comedy,comedy,tag,,228
t_comic,comic,tag,,61
t_comic-books,comic-books,tag,,81
t_comics,comics,tag,,339
t_comics-graphic-novels,comics-graphic-novels,tag,,138
t_coming-of-age,coming-of-age,tag,,281
t_communication,communication,tag,,8
t_contemporary-romance,contemporary-romance,tag,,629
t_contemporary-ya,contemporary-ya,tag,,5
t_cook-books,cook-books,tag,,41
t_cookbook,cookbook,tag,,49
t_cookbooks,cookbooks,tag,,59
t_cookery,cookery,tag,,5
t_cooking,cooking,tag,,70
t_cosmology,cosmology,tag,,11
t_cotton-malone,cotton-malone,tag,,6
t_could-not-finish,could-not-finish,tag,,12
t_cover-love,cover-love,tag,,7
t_cowboys,cowboys,tag,,5
t_cozy-mysteries,cozy-mysteries,tag,,8
t_cozy-mystery,cozy-mystery,tag,,14
t_creativity,creativity,tag,,22
t_crime,crime,tag,,976
t_crime-fiction,crime-fiction,tag,,38
t_cultural,cultural,tag,,12
t_culture,culture,tag,,16
t_curious-george,curious-george,tag,,6
t_cute,cute,tag,,14
t_cyberpunk,cyberpunk,tag,,39
t_czech,czech,tag,,11
t_czech-literature,czech-literature,tag,,5
t_danielle-steele,danielle-steele,tag,,8
t_dark,dark,tag,,54
t_dark-fantasy,dark-fantasy,tag,,28
t_dark-hunter,dark-hunter,tag,,15
t_dark-romance,dark-romance,tag,,13
t_dark-tower,dark-tower,tag,,8
t_dc,dc,tag,,36
t_dc-comics,dc-comics,tag,,22
t_death,death,tag,,57
t_death-gate-cycle,death-gate-cycle,tag,,6
t_death-note,death-note,tag,,8
t_demons,demons,tag,,57
t_denmark,denmark,tag,,5
t_depression,depression,tag,,5
t_design,design,tag,,11
t_detective,detective,tag,,154
t_deutsch,deutsch,tag,,8
t_dfw,dfw,tag,,8
t_diary,diary,tag,,6
t_diary-of-a-wimpy-kid,diary-of-a-wimpy-kid,tag,,13
t_dirk-pitt,dirk-pitt,tag,,14
t_disabilities,disabilities,tag,,16
t_disability,disability,tag,,13
t_disney,disney,tag,,17
t_disturbing,disturbing,tag,,7
t_diversity,diversity,tag,,8
t_dog-books,dog-books,tag,,7
t_dogs,dogs,tag,,38
t_dominican-republic,dominican-republic,tag,,5
t_dork-diaries,dork-diaries,tag,,5
t_dr-seuss,dr-seuss,tag,,28
t_dragon,dragon,tag,,7
t_dragonlance,dragonlance,tag,,9
t_dragons,dragons,tag,,110
t_drama,drama,tag,,411
t_drawing,drawing,tag,,8
t_dresden-files,dresden-files,tag,,17
t_drizzt,drizzt,tag,,20
t_drugs,drugs,tag,,22
t_dual-pov,dual-pov,tag,,5
t_dystopia,dystopia,tag,,321
t_dystopian,dystopian,tag,,307
t_early-reader,early-reader,tag,,6
t_early-readers,early-readers,tag,,10
t_easy-reader,easy-reader,tag,,13
t_economics,economics,tag,,54
t_education,education,tag,,22
t_egypt,egypt,tag,,19
t_elementary,elementary,tag,,6
t_elementary-school,elementary-school,tag,,6
t_emotional,emotional,tag,,9
t_ender,ender,tag,,6
t_enemies-to-lovers,enemies-to-lovers,tag,,12
t_english-literature,english-literature,tag,,6
t_entrepreneurship,entrepreneurship,tag,,22
t_environment,environment,tag,,19
t_environmental,environmental,tag,,5
t_epic,epic,tag,,42
t_epic-fantasy,epic-fantasy,tag,,320
t_epistolary,epistolary,tag,,11
t_erotic,erotic,tag,,53
t_erotic-romance,erotic-romance,tag,,83
t_erotica,erotica,tag,,202
t_espionage,espionage,tag,,105
t_essays,essays,tag,,91
t_ethics,ethics,tag,,8
t_evolution,evolution,tag,,17
t_existentialism,existentialism,tag,,14
t_fablehaven,fablehaven,tag,,5
t_fables,fables,tag,,6
t_fae,fae,tag,,46
t_faeries,faeries,tag,,35
t_fairies,fairies,tag,,34
t_fairy-tale,fairy-tale,tag,,66
t_fairy-tales,fairy-tales,tag,,133
t_fairytale,fairytale,tag,,7
t_fairytales,fairytales,tag,,22
t_faith,faith,tag,,66
t_fallen,fallen,tag,,5
t_family,family,tag,,383
t_family-relationships,family-relationships,tag,,39
t_family-saga,family-saga,tag,,9
t_fantasia,fantasia,tag,,5
t_fantasy,fantasy,tag,,3079
t_fantasy-sci-fi,fantasy-sci-fi,tag,,187
t_fantasy-to-read,fantasy-to-read,tag,,6
t_fashion,fashion,tag,,5
t_favorite-children-s-books,favorite-children-s-books,tag,,8
t_favoritos,favoritos,tag,,5
t_feminism,feminism,tag,,77
t_feminist,feminist,tag,,16
t_fighter,fighter,tag,,9
t_fighters,fighters,tag,,8
t_fiksi,fiksi,tag,,14
t_film,film,tag,,7
t_finance,finance,tag,,30
t_fitness,fitness,tag,,5
t_flavia-de-luce,flavia-de-luce,tag,,6
t_florida,florida,tag,,21
t_fluff,fluff,tag,,9
t_folklore,folklore,tag,,12
t_food,food,tag,,128
t_foodie,foodie,tag,,6
t_football,football,tag,,8
t_forbidden-love,forbidden-love,tag,,8
t_forgotten-realms,forgotten-realms,tag,,20
t_format-picture-book,format-picture-book,tag,,6
t_freebies,freebies,tag,,12
t_french-lit,french-lit,tag,,5
t_french-literature,french-literature,tag,,36
t_friends-to-lovers,friends-to-lovers,tag,,44
t_friendship,friendship,tag,,221
t_fruits-basket,fruits-basket,tag,,6
t_funny,funny,tag,,310
t_gabriel-allon,gabriel-allon,tag,,13
t_gallagher-girls,gallagher-girls,tag,,6
t_gender,gender,tag,,6
t_george-r-r-martin,george-r-r-martin,tag,,9
t_german,german,tag,,55
t_german-literature,german-literature,tag,,28
t_germany,germany,tag,,25
t_ghosts,ghosts,tag,,57
t_gilmore-girls,gilmore-girls,tag,,16
t_giveaways,giveaways,tag,,6
t_glbt,glbt,tag,,34
t_gone,gone,tag,,6
t_goosebumps,goosebumps,tag,,6
t_gossip-girl,gossip-girl,tag,,5
t_gothic,gothic,tag,,86
t_graphic,graphic,tag,,17
t_graphic-novel,graphic-novel,tag,,331
t_graphic-novels,graphic-novels,tag,,428
t_graphic-novels-comics,graphic-novels-comics,tag,,29
t_greece,greece,tag,,6
t_greek,greek,tag,,15
t_greek-mythology,greek-mythology,tag,,31
t_grief,grief,tag,,30
t_grimdark,grimdark,tag,,8
t_guilty-pleasure,guilty-pleasure,tag,,8
t_guilty-pleasures,guilty-pleasures,tag,,15
t_halo,halo,tag,,7
t_happiness,happiness,tag,,7
t_harry-bosch,harry-bosch,tag,,21
t_harry-hole,harry-hole,tag,,6
t_hawaii,hawaii,tag,,5
t_health,health,tag,,47
t_hercule-poirot,hercule-poirot,tag,,18
t_high-fantasy,high-fantasy,tag,,415
t_highlander,highlander,tag,,9
t_highlanders,highlanders,tag,,5
t_hist,hist,tag,,5
t_historical,historical,tag,,995
t_historical-fantasy,historical-fantasy,tag,,8
t_historical-fiction,historical-fiction,tag,,1439
t_historical-mystery,historical-mystery,tag,,25
t_historical-romance,historical-romance,tag,,120
t_history,history,tag,,757
t_hockey,hockey,tag,,5
t_holidays,holidays,tag,,7
t_holocaust,holocaust,tag,,52
t_homeschool,homeschool,tag,,5
t_horror,horror,tag,,634
t_horror-thriller,horror-thriller,tag,,7
t_horse-books,horse-books,tag,,7
t_horses,horses,tag,,14
t_house-of-night,house-of-night,tag,,15
t_hugo-winners,hugo-winners,tag,,13
t_humor,humor,tag,,955
t_humorous,humorous,tag,,9
t_humour,humour,tag,,230
t_imagination,imagination,tag,,6
t_immigrants,immigrants,tag,,5
t_immortals-after-dark,immortals-after-dark,tag,,9
t_in-death,in-death,tag,,30
t_in-death-series,in-death-series,tag,,39
t_incarnations-of-immortality,incarnations-of-immortality,tag,,5
t_india,india,tag,,66
t_indian,indian,tag,,39
t_indian-author,indian-author,tag,,8
t_indian-authors,indian-authors,tag,,25
t_indian-fiction,indian-fiction,tag,,13
t_indonesia,indonesia,tag,,17
t_indonesian,indonesian,tag,,18
t_indonesian-literature,indonesian-literature,tag,,8
t_inspirational,inspirational,tag,,102
t_investing,investing,tag,,8
t_iran,iran,tag,,7
t_ireland,ireland,tag,,61
t_irish,irish,tag,,41
t_irish-literature,irish-literature,tag,,7
t_iron-druid,iron-druid,tag,,5
t_islam,islam,tag,,9
t_italian,italian,tag,,21
t_italian-literature,italian-literature,tag,,12
t_italy,italy,tag,,47
t_j-d-robb,j-d-robb,tag,,40
t_j-k-rowling,j-k-rowling,tag,,19
t_j-r-ward,j-r-ward,tag,,14
t_jack-reacher,jack-reacher,tag,,24
t_jack-ryan,jack-ryan,tag,,9
t_james-bond,james-bond,tag,,9
t_japan,japan,tag,,61
t_japanese,japanese,tag,,34
t_japanese-lit,japanese-lit,tag,,10
t_japanese-literature,japanese-literature,tag,,24
t_jd-robb,jd-robb,tag,,38
t_jennifer-l-armentrout,jennifer-l-armentrout,tag,,7
t_jewish,jewish,tag,,34
t_jk-rowling,jk-rowling,tag,,10
t_jo-nesbo,jo-nesbo,tag,,13
t_john-sanford,john-sanford,tag,,8
t_journalism,journalism,tag,,20
t_kay-scarpetta,kay-scarpetta,tag,,21
t_keys-to-the-kingdom,keys-to-the-kingdom,tag,,5
t_kidnapping,kidnapping,tag,,6
t_kindle-first,kindle-first,tag,,30
t_kinsey-millhone,kinsey-millhone,tag,,22
t_knitting,knitting,tag,,7
t_korea,korea,tag,,7
t_kristen-hannah,kristen-hannah,tag,,8
t_l-j-smith,l-j-smith,tag,,11
t_l-m-montgomery,l-m-montgomery,tag,,8
t_language,language,tag,,8
t_latin-america,latin-america,tag,,48
t_latin-american,latin-american,tag,,31
t_latin-american-literature,latin-american-literature,tag,,9
t_latino,latino,tag,,6
t_laurell-k-hamilton,laurell-k-hamilton,tag,,24
t_lds,lds,tag,,12
t_lds-fiction,lds-fiction,tag,,5
t_leadership,leadership,tag,,51
t_left-behind,left-behind,tag,,13
t_left-behind-series,left-behind-series,tag,,13
t_legal,legal,tag,,18
t_legal-thriller,legal-thriller,tag,,43
t_legend-of-drizzt,legend-of-drizzt,tag,,12
t_lesbian,lesbian,tag,,11
t_lgbt,lgbt,tag,,119
t_lgbtq,lgbtq,tag,,68
t_lgbtqia,lgbtqia,tag,,16
t_lincoln-rhyme,lincoln-rhyme,tag,,8
t_linguistics,linguistics,tag,,5
t_little-critter,little-critter,tag,,5
t_little-golden-books,little-golden-books,tag,,8
t_little-house,little-house,tag,,8
t_lords-of-the-underworld,lords-of-the-underworld,tag,,9
t_lorien-legacies,lorien-legacies,tag,,6
t_los-angeles,los-angeles,tag,,5
t_love,love,tag,,94
t_love-triangle,love-triangle,tag,,60
t_lucas-davenport,lucas-davenport,tag,,21
t_m-m,m-m,tag,,14
t_made-me-cry,made-me-cry,tag,,52
t_mafia,mafia,tag,,11
t_magic,magic,tag,,646
t_magic-realism,magic-realism,tag,,11
t_magical-realism,magical-realism,tag,,144
t_maisie-dobbs,maisie-dobbs,tag,,6
t_malazan-book-of-the-fallen,malazan-book-of-the-fallen,tag,,10
t_male-pov,male-pov,tag,,14
t_man-booker-prize,man-booker-prize,tag,,27
t_management,management,tag,,31
t_manga,manga,tag,,115
t_manga-read,manga-read,tag,,21
t_mangas,mangas,tag,,77
t_maria-v-snyder,maria-v-snyder,tag,,6
t_marketing,marketing,tag,,16
t_marriage,marriage,tag,,33
t_marvel,marvel,tag,,12
t_math,math,tag,,12
t_mathematics,mathematics,tag,,8
t_maximum-ride,maximum-ride,tag,,9
t_mc,mc,tag,,12
t_medical,medical,tag,,36
t_medicine,medicine,tag,,29
t_medieval,medieval,tag,,53
t_memoir,memoir,tag,,508
t_memoir-biography,memoir-biography,tag,,6
t_memoirs,memoirs,tag,,263
t_mental-health,mental-health,tag,,54
t_mental-illness,mental-illness,tag,,74
t_mermaids,mermaids,tag,,8
t_mexico,mexico,tag,,12
t_michael-bennett,michael-bennett,tag,,8
t_middle-east,middle-east,tag,,45
t_middle-grades,middle-grades,tag,,15
t_midnight-breed,midnight-breed,tag,,9
t_military,military,tag,,105
t_military-history,military-history,tag,,17
t_military-sci-fi,military-sci-fi,tag,,12
t_miss-marple,miss-marple,tag,,11
t_mitch-rapp,mitch-rapp,tag,,15
t_mitford,mitford,tag,,6
t_mitford-series,mitford-series,tag,,6
t_modern-classics,modern-classics,tag,,8
t_modernism,modernism,tag,,11
t_money,money,tag,,13
t_morganville-vampires,morganville-vampires,tag,,11
t_motherhood,motherhood,tag,,6
t_multicultural,multicultural,tag,,25
t_murder,murder,tag,,5
t_music,music,tag,,108
t_my-childhood,my-childhood,tag,,11
t_myron-bolitar,myron-bolitar,tag,,8
t_mysteries,mysteries,tag,,347
t_mystery,mystery,tag,,1999
t_mystery-suspense,mystery-suspense,tag,,101
t_mystery-thriller,mystery-thriller,tag,,559
t_mythology,mythology,tag,,138
t_na,na,tag,,57
t_nantucket,nantucket,tag,,6
t_narrativa,narrativa,tag,,7
t_national-book-award,national-book-award,tag,,25
t_native-american,native-american,tag,,26
t_nature,nature,tag,,32
t_nautical,nautical,tag,,6
t_neuroscience,neuroscience,tag,,13
t_new-age,new-age,tag,,10
t_new-england,new-england,tag,,12
t_new-york-city,new-york-city,tag,,13
t_newberry,newberry,tag,,19
t_newbery-award,newbery-award,tag,,9
t_newbery-winners,newbery-winners,tag,,20
t_nicholas-flamel,nicholas-flamel,tag,,6
t_nigeria,nigeria,tag,,6
t_nobel-prize,nobel-prize,tag,,15
t_noir,noir,tag,,25
t_non-fiction,non-fiction,tag,,1647
t_nonfiction,nonfiction,tag,,1365
t_nora,nora,tag,,16
t_norway,norway,tag,,6
t_novel-in-verse,novel-in-verse,tag,,5
t_novel-indonesia,novel-indonesia,tag,,12
t_novels-in-verse,novels-in-verse,tag,,10
t_nutrition,nutrition,tag,,14
t_nyc,nyc,tag,,21
t_oprah-book-club,oprah-book-club,tag,,30
t_oprahs-book-club,oprahs-book-club,tag,,25
t_orange-prize,orange-prize,tag,,5
t_our-shared-shelf,our-shared-shelf,tag,,9
t_owlcrate,owlcrate,tag,,5
t_own-kindle,own-kindle,tag,,5
t_p-c-cast,p-c-cast,tag,,7
t_pacific-northwest,pacific-northwest,tag,,5
t_paranormal,paranormal,tag,,1021
t_paranormal-romance,paranormal-romance,tag,,403
t_parenting,parenting,tag,,27
t_pdf,pdf,tag,,54
t_pendergast,pendergast,tag,,11
t_pendragon,pendragon,tag,,9
t_pendragon-series,pendragon-series,tag,,8
t_personal-development,personal-development,tag,,82
t_personal-finance,personal-finance,tag,,9
t_personal-mba,personal-mba,tag,,11
t_peru,peru,tag,,5
t_peter-f-hamilton,peter-f-hamilton,tag,,5
t_philosophy,philosophy,tag,,335
t_photography,photography,tag,,12
t_physics,physics,tag,,30
t_picture,picture,tag,,29
t_picturebooks,picturebooks,tag,,25
t_pirates,pirates,tag,,13
t_pll,pll,tag,,12
t_poesia,poesia,tag,,5
t_poetry,poetry,tag,,176
t_poetry-to-read,poetry-to-read,tag,,5
t_polish,polish,tag,,10
t_polish-literature,polish-literature,tag,,6
t_political,political,tag,,20
t_political-philosophy,political-philosophy,tag,,5
t_political-science,political-science,tag,,7
t_politics,politics,tag,,168
t_pop-culture,pop-culture,tag,,9
t_popular-science,popular-science,tag,,23
t_portugal,portugal,tag,,9
t_portuguese,portuguese,tag,,10
t_portuguese-literature,portuguese-literature,tag,,6
t_post-apocalyptic,post-apocalyptic,tag,,137
t_postmodern,postmodern,tag,,13
t_poverty,poverty,tag,,6
t_prayer,prayer,tag,,6
t_pregnancy,pregnancy,tag,,11
t_prehistoric,prehistoric,tag,,6
t_preschool,preschool,tag,,22
t_presidents,presidents,tag,,19
t_preston-child,preston-child,tag,,20
t_pretty-little-liars,pretty-little-liars,tag,,11
t_pretty-little-liars-series,pretty-little-liars-series,tag,,5
t_princess-diaries,princess-diaries,tag,,10
t_printz,printz,tag,,19
t_printz-award,printz-award,tag,,5
t_private,private,tag,,6
t_productivity,productivity,tag,,16
t_psych,psych,tag,,12
t_psychological-thriller,psychological-thriller,tag,,31
t_psychology,psychology,tag,,264
t_psychotherapy,psychotherapy,tag,,5
t_pulitzer-fiction,pulitzer-fiction,tag,,8
t_pulitzer-prize,pulitzer-prize,tag,,38
t_pulitzer-prize-winners,pulitzer-prize-winners,tag,,26
t_pulitzer-winners,pulitzer-winners,tag,,10
t_pulitzers,pulitzers,tag,,9
t_queer,queer,tag,,51
t_r-a-salvatore,r-a-salvatore,tag,,18
t_racconti,racconti,tag,,5
t_race,race,tag,,31
t_ranger-s-apprentice,ranger-s-apprentice,tag,,12
t_rangers-apprentice,rangers-apprentice,tag,,11
t_raymond-e-feist,raymond-e-feist,tag,,18
t_reacher,reacher,tag,,17
t_read-alouds,read-alouds,tag,,43
t_read-as-a-child,read-as-a-child,tag,,17
t_read-manga,read-manga,tag,,18
t_redwall,redwall,tag,,12
t_redwall-series,redwall-series,tag,,11
t_regency,regency,tag,,47
t_regency-romance,regency-romance,tag,,20
t_relationships,relationships,tag,,100
t_religion,religion,tag,,258
t_religious,religious,tag,,48
t_renaissance,renaissance,tag,,5
t_retelling,retelling,tag,,15
t_retellings,retellings,tag,,62
t_rhyming,rhyming,tag,,22
t_rizzoli-isles,rizzoli-isles,tag,,10
t_road-trip,road-trip,tag,,12
t_rock-star,rock-star,tag,,19
t_rock-stars,rock-stars,tag,,19
t_rockstar,rockstar,tag,,11
t_rockstars,rockstars,tag,,5
t_romance,romance,tag,,2741
t_romance-contemporary,romance-contemporary,tag,,30
t_romance-historical,romance-historical,tag,,27
t_romantic-comedy,romantic-comedy,tag,,5
t_romantic-suspense,romantic-suspense,tag,,96
t_rome,rome,tag,,14
t_rory-gilmore,rory-gilmore,tag,,37
t_rory-gilmore-challenge,rory-gilmore-challenge,tag,,54
t_rory-gilmore-reading-list,rory-gilmore-reading-list,tag,,9
t_rosemary-beach,rosemary-beach,tag,,6
t_royalty,royalty,tag,,16
t_running,running,tag,,6
t_russia,russia,tag,,52
t_russian,russian,tag,,40
t_russian-lit,russian-lit,tag,,24
t_russian-literature,russian-literature,tag,,34
t_sarah-j-maas,sarah-j-maas,tag,,6
t_satire,satire,tag,,53
t_scandinavian,scandinavian,tag,,42
t_scarpetta,scarpetta,tag,,14
t_sci-fi,sci-fi,tag,,892
t_sci-fi-fantasy,sci-fi-fantasy,tag,,680
t_science,science,tag,,245
t_science-fiction,science-fiction,tag,,995
t_science-fiction-fantasy,science-fiction-fantasy,tag,,7
t_scifi,scifi,tag,,385
t_scifi-fantasy,scifi-fantasy,tag,,31
t_scot-harvath,scot-harvath,tag,,11
t_scotland,scotland,tag,,29
t_scottish,scottish,tag,,8
t_sea-breeze,sea-breeze,tag,,7
t_second-chance,second-chance,tag,,11
t_second-chance-romance,second-chance-romance,tag,,6
t_self-development,self-development,tag,,18
t_self-esteem,self-esteem,tag,,6
t_self-help,self-help,tag,,250
t_self-improvement,self-improvement,tag,,108
t_septimus-heap,septimus-heap,tag,,6
t_series-of-unfortunate-events,series-of-unfortunate-events,tag,,13
t_sexuality,sexuality,tag,,5
t_sf,sf,tag,,233
t_sf-masterworks,sf-masterworks,tag,,14
t_shadow-children,shadow-children,tag,,6
t_shapeshifters,shapeshifters,tag,,13
t_sherlock,sherlock,tag,,12
t_sherlock-holmes,sherlock-holmes,tag,,24
t_shifters,shifters,tag,,32
t_short,short,tag,,9
t_short-fiction,short-fiction,tag,,29
t_short-story-collections,short-story-collections,tag,,36
t_shorts,shorts,tag,,5
t_shortstories,shortstories,tag,,9
t_shoujo,shoujo,tag,,24
t_shounen,shounen,tag,,5
t_sigma-force,sigma-force,tag,,7
t_sisters,sisters,tag,,12
t_sisters-grimm,sisters-grimm,tag,,6
t_slavery,slavery,tag,,20
t_small-town,small-town,tag,,8
t_social-justice,social-justice,tag,,8
t_sociology,sociology,tag,,54
t_soul-screamers,soul-screamers,tag,,5
t_south-africa,south-africa,tag,,8
t_south-america,south-america,tag,,8
t_southern-fiction,southern-fiction,tag,,42
t_southern-gothic,southern-gothic,tag,,16
t_southern-lit,southern-lit,tag,,27
t_space,space,tag,,25
t_space-opera,space-opera,tag,,88
t_spain,spain,tag,,17
t_spanish,spanish,tag,,41
t_speculative-fiction,speculative-fiction,tag,,6
t_spiderwick,spiderwick,tag,,5
t_spies,spies,tag,,15
t_spiritual,spiritual,tag,,129
t_spirituality,spirituality,tag,,128
t_sport,sport,tag,,19
t_sports,sports,tag,,106
t_sports-romance,sports-romance,tag,,31
t_spy,spy,tag,,79
t_spy-thriller,spy-thriller,tag,,5
t_stand-alones,stand-alones,tag,,19
t_star-wars,star-wars,tag,,24
t_star-wars-legends,star-wars-legends,tag,,6
t_startup,startup,tag,,8
t_startups,startups,tag,,6
t_starwars,starwars,tag,,13
t_steampunk,steampunk,tag,,47
t_stephanie-plum,stephanie-plum,tag,,26
t_stephen-r-donaldson,stephen-r-donaldson,tag,,5
t_storytime,storytime,tag,,52
t_strategy,strategy,tag,,5
t_sub,sub,tag,,14
t_suicide,suicide,tag,,20
t_summer-reads,summer-reads,tag,,54
t_superheroes,superheroes,tag,,30
t_superman,superman,tag,,7
t_supernatural,supernatural,tag,,357
t_survival,survival,tag,,46
t_suspense,suspense,tag,,776
t_suspense-thriller,suspense-thriller,tag,,5
t_sweden,sweden,tag,,25
t_swedish,swedish,tag,,8
t_sword-and-laser,sword-and-laser,tag,,10
t_sword-of-truth,sword-of-truth,tag,,14
t_tattoos,tattoos,tag,,5
t_teacher-student,teacher-student,tag,,7
t_tear-jerker,tear-jerker,tag,,7
t_tech,tech,tag,,9
t_techno-thriller,techno-thriller,tag,,5
t_technology,technology,tag,,28
t_teen-romance,teen-romance,tag,,13
t_teenlit,teenlit,tag,,6
t_temperance-brennan,temperance-brennan,tag,,10
t_terror,terror,tag,,7
t_texas,texas,tag,,9
t_the-39-clues,the-39-clues,tag,,17
t_the-clique,the-clique,tag,,6
t_the-clique-series,the-clique-series,tag,,5
t_the-expanse,the-expanse,tag,,5
t_the-immortals,the-immortals,tag,,6
t_the-princess-diaries,the-princess-diaries,tag,,9
t_the-selection,the-selection,tag,,10
t_the-vampire-diaries,the-vampire-diaries,tag,,5
t_the-walking-dead,the-walking-dead,tag,,15
t_the-wheel-of-time,the-wheel-of-time,tag,,6
t_the-witcher,the-witcher,tag,,5
t_theater,theater,tag,,22
t_theatre,theatre,tag,,66
t_theology,theology,tag,,50
t_theory,theory,tag,,12
t_thriller,thriller,tag,,1294
t_thrillers,thrillers,tag,,221
t_throne-of-glass,throne-of-glass,tag,,6
t_time-travel,time-travel,tag,,94
t_to-read-poetry,to-read-poetry,tag,,11
t_tortall,tortall,tag,,6
t_tournament-of-books,tournament-of-books,tag,,6
t_traditional-literature,traditional-literature,tag,,11
t_translation,translation,tag,,9
t_travel,travel,tag,,112
t_true-crime,true-crime,tag,,41
t_tudor-england,tudor-england,tag,,5
t_tudors,tudors,tag,,20
t_turkey,turkey,tag,,7
t_turkish,turkish,tag,,7
t_turkish-literature,turkish-literature,tag,,6
t_twins,twins,tag,,6
t_urban-fantasy,urban-fantasy,tag,,470
t_v-c-andrews,v-c-andrews,tag,,10
t_valdemar,valdemar,tag,,7
t_vampire,vampire,tag,,245
t_vampire-diaries,vampire-diaries,tag,,10
t_vampire-kisses,vampire-kisses,tag,,8
t_vampires,vampires,tag,,445
t_vc-andrews,vc-andrews,tag,,10
t_verse,verse,tag,,12
t_vertigo,vertigo,tag,,5
t_victorian,victorian,tag,,38
t_vietnam,vietnam,tag,,8
t_vietnam-war,vietnam-war,tag,,6
t_vikings,vikings,tag,,8
t_virgil-flowers,virgil-flowers,tag,,7
t_war,war,tag,,254
t_warrior-cats,warrior-cats,tag,,14
t_warriors,warriors,tag,,14
t_wattpad,wattpad,tag,,11
t_werewolf,werewolf,tag,,6
t_werewolves,werewolves,tag,,75
t_western,western,tag,,34
t_westerns,westerns,tag,,10
t_wimpy-kid,wimpy-kid,tag,,10
t_witches,witches,tag,,67
t_women-s-murder-club,women-s-murder-club,tag,,14
t_womens-fiction,womens-fiction,tag,,41
t_womens-murder-club,womens-murder-club,tag,,6
t_wordless,wordless,tag,,6
t_work,work,tag,,10
t_world-history,world-history,tag,,6
t_world-war-ii,world-war-ii,tag,,55
t_writing,writing,tag,,27
t_ww2,ww2,tag,,16
t_wwi,wwi,tag,,10
t_wwii,wwii,tag,,121
t_xanth,xanth,tag,,6
t_young-adult-lit,young-adult-lit,tag,,7
t_young-adult-romance,young-adult-romance,tag,,7
t_zombie,zombie,tag,,20
t_zombies,zombies,tag,,55
